episode_id,seat,player_name,won,reward,opponent_reward,day0_hires,total_hires,cows,sheep,geese,wheat_seeds,carrot_seeds,tomato_seeds,strawberry_seeds,melon_seeds,ne_unlock_day,sw_unlock_day,se_unlock_day,milk_sold,wool_sold,egg_sold,wheat_sold,carrot_sold,tomato_sold,strawberry_sold,melon_sold,fert_sold,pressure_wheat,pressure_carrot,pressure_tomato,pressure_strawberry,pressure_melon,pressure_egg,pressure_milk,pressure_wool,pressure_fert,cluster_id,shops_list
95554687,0,peikopon,0,97895.0,104855.0,5,277,10,4,0,127,6,2,32,20,6,11,-1,35,12,0,480,0,0,15,12,140,37,1,7,25,1,19,25,13,0,9,PIZZA_SHOP|ICE_CREAM_SHOP|SMOOTHIE_SHOP|BAKERY|BAKERY|YARN_STORE|ICE_CREAM_SHOP|BRUNCH_SPOT
95554687,1,Crop Dusta,1,104855.0,97895.0,4,295,11,3,0,147,0,0,35,13,5,8,-1,7,28,0,54,0,0,34,0,15,37,1,7,25,1,19,25,13,0,9,PIZZA_SHOP|ICE_CREAM_SHOP|SMOOTHIE_SHOP|BAKERY|BAKERY|YARN_STORE|ICE_CREAM_SHOP|BRUNCH_SPOT
95554694,0,Ryo Hasegawa,1,58793.0,50901.0,5,290,8,3,0,160,0,0,36,11,6,10,-1,36,31,0,182,0,0,61,0,53,31,19,7,31,1,13,25,1,0,1,PET_CAFE|BAKERY|SMOOTHIE_SHOP|ICE_CREAM_SHOP|BAKERY|FARMERS_MARKET|SMOOTHIE_SHOP|ICE_CREAM_SHOP
95554694,1,dunky su,0,50901.0,58793.0,5,277,10,4,0,125,5,0,42,12,6,11,-1,3,26,0,371,0,0,51,0,192,31,19,7,31,1,13,25,1,0,1,PET_CAFE|BAKERY|SMOOTHIE_SHOP|ICE_CREAM_SHOP|BAKERY|FARMERS_MARKET|SMOOTHIE_SHOP|ICE_CREAM_SHOP
95554748,0,Subramanya N,1,136899.0,126981.0,6,303,14,6,0,76,11,0,41,13,6,10,-1,24,4,0,70,6,0,81,6,22,25,13,7,31,1,7,31,13,0,8,ICE_CREAM_SHOP|YARN_STORE|ICE_CREAM_SHOP|SMOOTHIE_SHOP|PET_CAFE|BRUNCH_SPOT|PIZZA_SHOP|SMOOTHIE_SHOP
95554748,1,Izzoudine Mohamed KANTA,0,126981.0,136899.0,5,277,6,12,0,152,4,0,34,17,6,11,12,8,0,0,803,0,0,34,0,248,25,13,7,31,1,7,31,13,0,8,ICE_CREAM_SHOP|YARN_STORE|ICE_CREAM_SHOP|SMOOTHIE_SHOP|PET_CAFE|BRUNCH_SPOT|PIZZA_SHOP|SMOOTHIE_SHOP
95554751,0,Dmitry Larko,1,73944.0,73258.0,5,277,10,4,0,133,13,0,42,12,6,11,-1,1,15,0,365,0,0,44,0,192,37,25,13,31,1,19,7,13,0,3,ICE_CREAM_SHOP|PET_CAFE|BAKERY|YARN_STORE|BRUNCH_SPOT|BRUNCH_SPOT|FARMERS_MARKET|FARMERS_MARKET
95554751,1,Kostiantyn Isaienkov,0,73258.0,73944.0,5,277,10,4,0,131,12,0,42,12,6,11,-1,2,7,0,355,0,0,59,0,177,37,25,13,31,1,19,7,13,0,3,ICE_CREAM_SHOP|PET_CAFE|BAKERY|YARN_STORE|BRUNCH_SPOT|BRUNCH_SPOT|FARMERS_MARKET|FARMERS_MARKET
95556842,0,Michael Timbs,0,86351.0,96264.0,5,264,8,4,0,146,0,0,37,20,6,10,-1,46,34,0,168,0,0,61,6,59,31,25,19,25,1,13,13,13,0,13,YARN_STORE|FARMERS_MARKET|SMOOTHIE_SHOP|PET_CAFE|FARMERS_MARKET|BAKERY|BRUNCH_SPOT|PIZZA_SHOP
95556842,1,Rayk Kretzschmar,1,96264.0,86351.0,5,277,6,12,0,126,1,0,42,12,6,11,12,35,0,0,675,0,0,61,2,200,31,25,19,25,1,13,13,13,0,13,YARN_STORE|FARMERS_MARKET|SMOOTHIE_SHOP|PET_CAFE|FARMERS_MARKET|BAKERY|BRUNCH_SPOT|PIZZA_SHOP
95557003,0,DeeperNet,0,98800.0,101679.0,5,277,10,4,0,133,13,0,42,12,6,11,-1,14,11,0,371,0,0,66,0,192,19,37,1,25,1,7,19,13,0,12,ICE_CREAM_SHOP|SMOOTHIE_SHOP|PET_CAFE|YARN_STORE|BRUNCH_SPOT|PET_CAFE|ICE_CREAM_SHOP|PET_CAFE
95557003,1,James Holland,1,101679.0,98800.0,5,278,10,4,0,123,5,0,42,12,6,11,-1,3,22,0,304,0,0,26,0,123,19,37,1,25,1,7,19,13,0,12,ICE_CREAM_SHOP|SMOOTHIE_SHOP|PET_CAFE|YARN_STORE|BRUNCH_SPOT|PET_CAFE|ICE_CREAM_SHOP|PET_CAFE
95559209,0,Kostiantyn Isaienkov,0,72753.0,79692.0,5,277,10,4,0,135,14,0,34,20,6,11,-1,21,10,0,531,0,0,16,10,134,43,19,19,19,1,19,19,1,0,7,BRUNCH_SPOT|ICE_CREAM_SHOP|PET_CAFE|PIZZA_SHOP|PIZZA_SHOP|BAKERY|BAKERY|FARMERS_MARKET
95559209,1,ReCurSiON,1,79692.0,72753.0,4,262,9,4,0,143,0,0,37,20,6,10,-1,12,0,0,265,0,0,28,6,67,43,19,19,19,1,19,19,1,0,7,BRUNCH_SPOT|ICE_CREAM_SHOP|PET_CAFE|PIZZA_SHOP|PIZZA_SHOP|BAKERY|BAKERY|FARMERS_MARKET
95559233,0,Giulio Ravasio,1,143731.0,141553.0,5,278,10,4,0,123,5,0,42,12,6,11,-1,3,19,0,302,0,0,26,0,123,31,7,19,31,1,7,37,1,0,6,SMOOTHIE_SHOP|PIZZA_SHOP|SMOOTHIE_SHOP|SMOOTHIE_SHOP|ICE_CREAM_SHOP|FARMERS_MARKET|BAKERY|PIZZA_SHOP
95559233,1,Laplacenvmv,0,141553.0,143731.0,5,277,10,4,0,125,5,0,42,12,6,11,-1,5,17,0,371,0,0,33,0,195,31,7,19,31,1,7,37,1,0,6,SMOOTHIE_SHOP|PIZZA_SHOP|SMOOTHIE_SHOP|SMOOTHIE_SHOP|ICE_CREAM_SHOP|FARMERS_MARKET|BAKERY|PIZZA_SHOP
95559327,0,One-For-All,0,78202.0,88099.0,5,277,10,4,0,127,11,0,34,20,6,11,-1,28,10,0,534,0,0,20,12,133,19,13,1,19,1,7,13,49,0,11,ICE_CREAM_SHOP|BRUNCH_SPOT|PET_CAFE|YARN_STORE|YARN_STORE|YARN_STORE|ICE_CREAM_SHOP|YARN_STORE
95559327,1,JeremiahMannings,1,88099.0,78202.0,4,263,9,4,0,160,0,0,37,15,6,10,-1,18,2,0,200,0,0,47,0,117,19,13,1,19,1,7,13,49,0,11,ICE_CREAM_SHOP|BRUNCH_SPOT|PET_CAFE|YARN_STORE|YARN_STORE|YARN_STORE|ICE_CREAM_SHOP|YARN_STORE
95561632,0,Kostiantyn Isaienkov,0,70466.0,80681.0,5,277,8,4,2,135,14,0,34,20,6,11,-1,13,13,12,524,0,0,14,10,141,31,1,1,25,1,19,19,25,0,14,BRUNCH_SPOT|BAKERY|ICE_CREAM_SHOP|BAKERY|YARN_STORE|SMOOTHIE_SHOP|ICE_CREAM_SHOP|YARN_STORE
95561632,1,Ryo Hasegawa,1,80681.0,70466.0,5,290,8,4,0,156,0,0,36,11,6,10,-1,71,22,0,200,0,0,42,0,56,31,1,1,25,1,19,19,25,0,14,BRUNCH_SPOT|BAKERY|ICE_CREAM_SHOP|BAKERY|YARN_STORE|SMOOTHIE_SHOP|ICE_CREAM_SHOP|YARN_STORE
95563783,0,Alexander Shahramanyan,0,75051.0,76352.0,5,277,10,4,0,125,5,0,42,12,6,11,-1,5,17,0,371,0,0,31,0,192,49,13,19,31,1,19,19,1,0,7,BAKERY|ICE_CREAM_SHOP|FARMERS_MARKET|PIZZA_SHOP|ICE_CREAM_SHOP|FARMERS_MARKET|BRUNCH_SPOT|BAKERY
95563783,1,lucaskna,1,76352.0,75051.0,5,277,10,4,0,125,5,0,42,12,6,11,-1,0,12,0,373,0,0,62,0,57,49,13,19,31,1,19,19,1,0,7,BAKERY|ICE_CREAM_SHOP|FARMERS_MARKET|PIZZA_SHOP|ICE_CREAM_SHOP|FARMERS_MARKET|BRUNCH_SPOT|BAKERY
95563798,0,SaiKushal185,1,91411.0,91059.0,5,277,10,4,0,129,5,0,42,12,6,11,-1,3,14,0,279,0,0,106,0,57,37,1,13,19,1,19,25,13,0,7,SMOOTHIE_SHOP|PIZZA_SHOP|BAKERY|ICE_CREAM_SHOP|BAKERY|YARN_STORE|BRUNCH_SPOT|PIZZA_SHOP
95563798,1,Luan Kunyu,0,91059.0,91411.0,5,277,10,4,0,125,5,0,42,12,6,11,-1,9,17,0,359,0,0,40,0,192,37,1,13,19,1,19,25,13,0,7,SMOOTHIE_SHOP|PIZZA_SHOP|BAKERY|ICE_CREAM_SHOP|BAKERY|YARN_STORE|BRUNCH_SPOT|PIZZA_SHOP
95563800,0,ReCurSiON,0,139120.0,142888.0,4,262,9,4,0,143,0,0,37,15,6,10,-1,12,0,0,265,0,0,28,6,67,31,1,13,37,1,13,37,1,0,8,SMOOTHIE_SHOP|PIZZA_SHOP|SMOOTHIE_SHOP|ICE_CREAM_SHOP|SMOOTHIE_SHOP|BRUNCH_SPOT|PIZZA_SHOP|BRUNCH_SPOT
95563800,1,Suneeth reddy,1,142888.0,139120.0,5,277,10,4,0,129,5,0,42,12,6,11,-1,3,17,0,307,0,0,28,0,48,31,1,13,37,1,13,37,1,0,8,SMOOTHIE_SHOP|PIZZA_SHOP|SMOOTHIE_SHOP|ICE_CREAM_SHOP|SMOOTHIE_SHOP|BRUNCH_SPOT|PIZZA_SHOP|BRUNCH_SPOT
95563802,0,feel the borov,0,54021.0,55159.0,5,277,10,4,0,125,5,0,42,12,6,11,-1,8,12,0,364,0,0,66,0,192,19,37,19,7,1,1,25,13,0,10,PET_CAFE|PET_CAFE|PIZZA_SHOP|YARN_STORE|SMOOTHIE_SHOP|PET_CAFE|PIZZA_SHOP|PIZZA_SHOP
95563802,1,lucaskna,1,55159.0,54021.0,5,277,10,4,0,125,5,0,42,12,6,11,-1,3,39,0,362,0,0,54,0,58,19,37,19,7,1,1,25,13,0,10,PET_CAFE|PET_CAFE|PIZZA_SHOP|YARN_STORE|SMOOTHIE_SHOP|PET_CAFE|PIZZA_SHOP|PIZZA_SHOP
95563856,0,Suneeth reddy,1,115795.0,100857.0,5,277,6,12,0,150,3,0,34,20,6,11,12,6,0,0,572,0,0,38,0,100,19,25,13,25,1,7,13,25,0,13,SMOOTHIE_SHOP|YARN_STORE|BAKERY|SMOOTHIE_SHOP|FARMERS_MARKET|YARN_STORE|FARMERS_MARKET|PET_CAFE
95563856,1,Giulio Ravasio,0,100857.0,115795.0,5,278,10,4,0,123,5,0,42,12,6,11,-1,3,19,0,302,0,0,26,0,123,19,25,13,25,1,7,13,25,0,13,SMOOTHIE_SHOP|YARN_STORE|BAKERY|SMOOTHIE_SHOP|FARMERS_MARKET|YARN_STORE|FARMERS_MARKET|PET_CAFE
95563861,0,Victor @ Tufa Labs,1,109504.0,107045.0,5,277,10,4,0,125,5,0,42,12,6,11,-1,3,1,0,2064,0,0,37,0,135,49,19,31,31,1,7,25,1,0,6,PIZZA_SHOP|ICE_CREAM_SHOP|ICE_CREAM_SHOP|BAKERY|PIZZA_SHOP|FARMERS_MARKET|FARMERS_MARKET|FARMERS_MARKET
95563861,1,Eddy Despradel,0,107045.0,109504.0,5,277,10,4,0,133,13,0,42,12,6,11,-1,9,11,0,371,0,0,66,0,192,49,19,31,31,1,7,25,1,0,6,PIZZA_SHOP|ICE_CREAM_SHOP|ICE_CREAM_SHOP|BAKERY|PIZZA_SHOP|FARMERS_MARKET|FARMERS_MARKET|FARMERS_MARKET
95566014,0,Rayk Kretzschmar,0,107844.0,112659.0,5,277,10,4,0,125,5,0,42,12,6,11,-1,8,17,0,384,0,0,34,0,184,31,1,13,31,1,13,37,1,0,8,BRUNCH_SPOT|PIZZA_SHOP|PIZZA_SHOP|SMOOTHIE_SHOP|ICE_CREAM_SHOP|SMOOTHIE_SHOP|BAKERY|SMOOTHIE_SHOP
95566014,1,lucaskna,1,112659.0,107844.0,5,278,10,4,0,125,5,0,42,12,6,11,-1,9,12,0,294,0,0,64,0,57,31,1,13,31,1,13,37,1,0,8,BRUNCH_SPOT|PIZZA_SHOP|PIZZA_SHOP|SMOOTHIE_SHOP|ICE_CREAM_SHOP|SMOOTHIE_SHOP|BAKERY|SMOOTHIE_SHOP
95568301,0,Rayk Kretzschmar,0,94836.0,96338.0,5,277,6,12,0,145,3,0,34,17,6,11,12,8,0,0,748,0,0,31,0,251,19,19,13,13,1,7,13,37,0,11,PIZZA_SHOP|YARN_STORE|YARN_STORE|BAKERY|SMOOTHIE_SHOP|FARMERS_MARKET|PET_CAFE|YARN_STORE
95568301,1,Seb (allegedly),1,96338.0,94836.0,7,301,7,16,0,114,0,0,28,20,4,8,10,4,0,0,192,0,0,5,12,2,19,19,13,13,1,7,13,37,0,11,PIZZA_SHOP|YARN_STORE|YARN_STORE|BAKERY|SMOOTHIE_SHOP|FARMERS_MARKET|PET_CAFE|YARN_STORE
95568456,0,Izzoudine Mohamed KANTA,1,104259.0,101487.0,5,277,10,4,0,132,6,0,38,12,6,11,-1,2,16,0,435,0,0,48,0,189,31,13,13,37,1,13,19,13,0,9,FARMERS_MARKET|ICE_CREAM_SHOP|SMOOTHIE_SHOP|BAKERY|BRUNCH_SPOT|YARN_STORE|SMOOTHIE_SHOP|FARMERS_MARKET
95568456,1,Xiaowenhao404,0,101487.0,104259.0,5,277,10,4,0,127,15,0,42,12,6,11,-1,27,13,0,635,0,0,29,10,149,31,13,13,37,1,13,19,13,0,9,FARMERS_MARKET|ICE_CREAM_SHOP|SMOOTHIE_SHOP|BAKERY|BRUNCH_SPOT|YARN_STORE|SMOOTHIE_SHOP|FARMERS_MARKET
95568464,0,Seb (allegedly),0,72008.0,76890.0,7,301,10,3,0,90,0,0,30,17,4,8,-1,17,7,0,194,0,0,26,0,9,25,19,13,19,1,13,19,13,0,1,PET_CAFE|SMOOTHIE_SHOP|FARMERS_MARKET|YARN_STORE|SMOOTHIE_SHOP|BAKERY|PIZZA_SHOP|BAKERY
95568464,1,One-For-All,1,76890.0,72008.0,5,277,10,4,0,127,11,0,34,20,6,11,-1,31,11,0,473,0,0,16,1,158,25,19,13,19,1,13,19,13,0,1,PET_CAFE|SMOOTHIE_SHOP|FARMERS_MARKET|YARN_STORE|SMOOTHIE_SHOP|BAKERY|PIZZA_SHOP|BAKERY
95570587,0,Giulio Ravasio,1,62709.0,60552.0,5,278,10,4,0,123,5,0,42,12,6,11,-1,3,19,0,302,0,0,26,0,123,13,43,7,25,1,7,13,13,0,12,FARMERS_MARKET|PET_CAFE|SMOOTHIE_SHOP|PET_CAFE|BRUNCH_SPOT|PET_CAFE|SMOOTHIE_SHOP|YARN_STORE
95570587,1,Rayk Kretzschmar,0,60552.0,62709.0,5,277,10,4,0,125,5,0,42,12,6,11,-1,9,17,0,371,0,0,37,0,192,13,43,7,25,1,7,13,13,0,12,FARMERS_MARKET|PET_CAFE|SMOOTHIE_SHOP|PET_CAFE|BRUNCH_SPOT|PET_CAFE|SMOOTHIE_SHOP|YARN_STORE
95570654,0,James Holland,0,63651.0,71476.0,5,277,6,12,0,141,8,0,34,20,6,11,12,7,4,0,740,0,0,27,0,161,31,13,1,25,1,25,13,13,0,14,BRUNCH_SPOT|YARN_STORE|BAKERY|BAKERY|PET_CAFE|BRUNCH_SPOT|ICE_CREAM_SHOP|SMOOTHIE_SHOP
95570654,1,ReCurSiON,1,71476.0,63651.0,4,262,7,6,0,143,0,0,37,15,6,10,-1,12,30,0,261,0,0,28,6,67,31,13,1,25,1,25,13,13,0,14,BRUNCH_SPOT|YARN_STORE|BAKERY|BAKERY|PET_CAFE|BRUNCH_SPOT|ICE_CREAM_SHOP|SMOOTHIE_SHOP
95570655,0,lucaskna,0,63236.0,64492.0,5,278,10,4,0,125,5,0,42,12,6,11,-1,3,12,0,303,0,0,59,0,58,37,19,31,13,1,7,31,1,0,5,FARMERS_MARKET|PIZZA_SHOP|BAKERY|PIZZA_SHOP|PIZZA_SHOP|SMOOTHIE_SHOP|PIZZA_SHOP|PET_CAFE
95570655,1,Efe Can Celiksoy,1,64492.0,63236.0,5,277,10,4,0,126,16,0,42,12,6,11,-1,9,21,0,435,0,0,26,0,192,37,19,31,13,1,7,31,1,0,5,FARMERS_MARKET|PIZZA_SHOP|BAKERY|PIZZA_SHOP|PIZZA_SHOP|SMOOTHIE_SHOP|PIZZA_SHOP|PET_CAFE
95570768,0,Nat00,1,104886.0,104825.0,5,277,10,4,0,129,5,0,42,12,6,11,-1,8,16,0,364,0,0,36,0,188,37,19,25,37,1,7,19,13,0,4,PIZZA_SHOP|ICE_CREAM_SHOP|FARMERS_MARKET|BRUNCH_SPOT|FARMERS_MARKET|SMOOTHIE_SHOP|FARMERS_MARKET|YARN_STORE
95570768,1,DeeperNet,0,104825.0,104886.0,5,277,10,4,0,133,13,0,42,12,6,11,-1,12,9,0,371,0,0,66,0,192,37,19,25,37,1,7,19,13,0,4,PIZZA_SHOP|ICE_CREAM_SHOP|FARMERS_MARKET|BRUNCH_SPOT|FARMERS_MARKET|SMOOTHIE_SHOP|FARMERS_MARKET|YARN_STORE
95570769,0,Izzoudine Mohamed KANTA,1,131611.0,128622.0,5,277,10,4,0,132,6,0,38,12,6,11,-1,2,4,0,476,0,0,48,0,189,37,1,13,31,1,19,31,1,0,9,BRUNCH_SPOT|SMOOTHIE_SHOP|ICE_CREAM_SHOP|SMOOTHIE_SHOP|BRUNCH_SPOT|PIZZA_SHOP|PIZZA_SHOP|BAKERY
95570769,1,カワシギ,0,128622.0,131611.0,5,277,10,4,0,120,15,0,42,12,6,11,-1,14,2,0,463,0,0,21,10,139,37,1,13,31,1,19,31,1,0,9,BRUNCH_SPOT|SMOOTHIE_SHOP|ICE_CREAM_SHOP|SMOOTHIE_SHOP|BRUNCH_SPOT|PIZZA_SHOP|PIZZA_SHOP|BAKERY
95572922,0,Ryo Hasegawa,1,65607.0,63709.0,5,289,8,4,0,86,34,14,36,23,5,9,-1,84,22,0,76,0,0,68,6,53,19,37,19,25,1,1,19,13,0,10,FARMERS_MARKET|PET_CAFE|FARMERS_MARKET|PIZZA_SHOP|PET_CAFE|YARN_STORE|SMOOTHIE_SHOP|SMOOTHIE_SHOP
95572922,1,tetsuya,0,63709.0,65607.0,6,310,6,7,3,66,56,0,43,10,7,10,-1,6,9,0,51,0,0,33,0,139,19,37,19,25,1,1,19,13,0,10,FARMERS_MARKET|PET_CAFE|FARMERS_MARKET|PIZZA_SHOP|PET_CAFE|YARN_STORE|SMOOTHIE_SHOP|SMOOTHIE_SHOP
95572923,0,Crop Dusta,1,108364.0,88655.0,4,296,7,10,0,161,0,0,23,15,5,8,-1,45,0,0,38,0,0,36,0,19,31,19,25,19,1,7,25,13,0,5,YARN_STORE|PET_CAFE|PIZZA_SHOP|BRUNCH_SPOT|PIZZA_SHOP|PIZZA_SHOP|FARMERS_MARKET|SMOOTHIE_SHOP
95572923,1,Arman Tuganbaev,0,88655.0,108364.0,2,317,5,8,0,142,0,12,45,78,7,7,-1,12,40,0,192,0,21,2,76,137,31,19,25,19,1,7,25,13,0,5,YARN_STORE|PET_CAFE|PIZZA_SHOP|BRUNCH_SPOT|PIZZA_SHOP|PIZZA_SHOP|FARMERS_MARKET|SMOOTHIE_SHOP
95572925,0,Arman Tuganbaev,0,87546.0,93970.0,2,269,8,8,0,136,0,0,35,26,7,9,-1,24,57,0,180,0,0,71,9,129,31,1,1,25,1,25,13,25,0,14,SMOOTHIE_SHOP|BAKERY|BAKERY|YARN_STORE|ICE_CREAM_SHOP|YARN_STORE|BRUNCH_SPOT|BRUNCH_SPOT
95572925,1,Crop Dusta,1,93970.0,87546.0,4,294,8,8,4,153,0,0,24,16,5,8,-1,0,21,0,48,0,0,15,0,20,31,1,1,25,1,25,13,25,0,14,SMOOTHIE_SHOP|BAKERY|BAKERY|YARN_STORE|ICE_CREAM_SHOP|YARN_STORE|BRUNCH_SPOT|BRUNCH_SPOT
95572927,0,tetsuya,0,63558.0,78814.0,6,306,10,5,1,114,0,0,44,11,7,10,-1,45,4,0,62,0,0,9,0,130,25,25,1,13,1,19,13,13,0,0,PET_CAFE|SMOOTHIE_SHOP|ICE_CREAM_SHOP|YARN_STORE|BAKERY|PET_CAFE|BAKERY|BAKERY
95572927,1,Crop Dusta,1,78814.0,63558.0,4,294,9,10,0,76,59,0,36,21,5,8,-1,2,21,0,31,86,0,4,0,11,25,25,1,13,1,19,13,13,0,0,PET_CAFE|SMOOTHIE_SHOP|ICE_CREAM_SHOP|YARN_STORE|BAKERY|PET_CAFE|BAKERY|BAKERY
95572941,0,bplyc15,0,62579.0,73173.0,5,277,10,4,0,129,5,0,42,12,6,11,-1,3,26,0,323,0,0,56,0,189,43,19,31,25,1,13,19,1,0,4,BAKERY|SMOOTHIE_SHOP|FARMERS_MARKET|FARMERS_MARKET|PIZZA_SHOP|PIZZA_SHOP|FARMERS_MARKET|BAKERY
95572941,1,JeremiahMannings,1,73173.0,62579.0,4,263,9,4,0,140,0,0,37,20,6,10,-1,18,9,0,166,0,0,47,6,117,43,19,31,25,1,13,19,1,0,4,BAKERY|SMOOTHIE_SHOP|FARMERS_MARKET|FARMERS_MARKET|PIZZA_SHOP|PIZZA_SHOP|FARMERS_MARKET|BAKERY
95575168,0,JeremiahMannings,0,130691.0,134428.0,4,263,9,4,0,140,0,0,37,20,6,10,-1,18,2,0,166,0,0,47,6,117,25,13,13,19,1,1,31,25,0,2,ICE_CREAM_SHOP|ICE_CREAM_SHOP|PIZZA_SHOP|YARN_STORE|SMOOTHIE_SHOP|PET_CAFE|YARN_STORE|PIZZA_SHOP
95575168,1,Rayk Kretzschmar,1,134428.0,130691.0,5,277,10,4,0,125,8,0,42,12,6,11,-1,3,16,0,371,0,0,57,0,192,25,13,13,19,1,1,31,25,0,2,ICE_CREAM_SHOP|ICE_CREAM_SHOP|PIZZA_SHOP|YARN_STORE|SMOOTHIE_SHOP|PET_CAFE|YARN_STORE|PIZZA_SHOP
95575284,0,Xiaowenhao404,1,65843.0,49918.0,5,277,6,12,0,142,11,0,42,12,6,11,12,38,24,0,1118,0,0,42,10,126,31,25,7,13,1,19,13,13,0,0,BAKERY|YARN_STORE|BAKERY|ICE_CREAM_SHOP|PET_CAFE|PET_CAFE|BRUNCH_SPOT|PIZZA_SHOP
95575284,1,peikopon,0,49918.0,65843.0,5,278,10,4,0,113,20,0,38,12,6,11,-1,3,23,0,387,0,0,26,0,123,31,25,7,13,1,19,13,13,0,0,BAKERY|YARN_STORE|BAKERY|ICE_CREAM_SHOP|PET_CAFE|PET_CAFE|BRUNCH_SPOT|PIZZA_SHOP
95577452,0,feel the borov,1,66964.0,66930.0,5,277,10,4,0,125,5,0,42,12,6,11,-1,8,12,0,364,0,0,66,0,192,37,19,13,25,1,13,19,13,0,1,PET_CAFE|BRUNCH_SPOT|ICE_CREAM_SHOP|PIZZA_SHOP|YARN_STORE|FARMERS_MARKET|ICE_CREAM_SHOP|BAKERY
95577452,1,Rayk Kretzschmar,0,66930.0,66964.0,5,277,10,4,0,125,5,0,42,12,6,11,-1,9,17,0,371,0,0,37,0,192,37,19,13,25,1,13,19,13,0,1,PET_CAFE|BRUNCH_SPOT|ICE_CREAM_SHOP|PIZZA_SHOP|YARN_STORE|FARMERS_MARKET|ICE_CREAM_SHOP|BAKERY
95577544,0,Giulio Ravasio,0,48723.0,51168.0,5,278,10,4,0,123,5,0,42,12,6,11,-1,3,19,0,302,0,0,26,0,123,37,13,13,19,1,25,19,1,0,7,PIZZA_SHOP|BAKERY|BRUNCH_SPOT|BAKERY|PIZZA_SHOP|SMOOTHIE_SHOP|PET_CAFE|BRUNCH_SPOT
95577544,1,peikopon,1,51168.0,48723.0,5,278,10,4,0,125,5,2,36,12,6,11,-1,3,5,0,355,0,0,26,0,124,37,13,13,19,1,25,19,1,0,7,PIZZA_SHOP|BAKERY|BRUNCH_SPOT|BAKERY|PIZZA_SHOP|SMOOTHIE_SHOP|PET_CAFE|BRUNCH_SPOT
95577546,0,Xiaowenhao404,0,105256.0,106912.0,5,277,6,8,0,131,14,0,42,12,6,11,-1,28,8,0,816,1,0,105,0,169,31,19,7,31,1,19,7,25,0,14,FARMERS_MARKET|BRUNCH_SPOT|YARN_STORE|YARN_STORE|PET_CAFE|BRUNCH_SPOT|ICE_CREAM_SHOP|BRUNCH_SPOT
95577546,1,Crop Dusta,1,106912.0,105256.0,4,295,4,14,2,121,0,0,32,16,5,8,-1,1,0,0,52,0,0,25,0,6,31,19,7,31,1,19,7,25,0,14,FARMERS_MARKET|BRUNCH_SPOT|YARN_STORE|YARN_STORE|PET_CAFE|BRUNCH_SPOT|ICE_CREAM_SHOP|BRUNCH_SPOT
95577562,0,Egor Trushin,0,69867.0,73217.0,5,277,6,12,0,128,1,0,42,12,6,11,12,16,0,0,675,0,0,60,2,200,25,19,19,13,1,7,19,25,0,13,YARN_STORE|PIZZA_SHOP|PIZZA_SHOP|FARMERS_MARKET|BAKERY|PET_CAFE|SMOOTHIE_SHOP|YARN_STORE
95577562,1,Seb (allegedly),1,73217.0,69867.0,7,302,6,17,0,121,0,0,24,19,4,8,10,5,46,0,205,0,0,27,0,28,25,19,19,13,1,7,19,25,0,13,YARN_STORE|PIZZA_SHOP|PIZZA_SHOP|FARMERS_MARKET|BAKERY|PET_CAFE|SMOOTHIE_SHOP|YARN_STORE
95577599,0,lucaskna,0,107410.0,110335.0,5,277,6,12,0,128,1,0,42,12,6,11,12,19,0,0,475,0,0,75,2,72,31,7,13,31,1,7,31,13,0,8,YARN_STORE|ICE_CREAM_SHOP|ICE_CREAM_SHOP|PIZZA_SHOP|BAKERY|FARMERS_MARKET|SMOOTHIE_SHOP|SMOOTHIE_SHOP
95577599,1,Izzoudine Mohamed KANTA,1,110335.0,107410.0,5,277,6,12,0,135,3,0,42,12,6,11,12,15,0,0,715,0,0,44,0,195,31,7,13,31,1,7,31,13,0,8,YARN_STORE|ICE_CREAM_SHOP|ICE_CREAM_SHOP|PIZZA_SHOP|BAKERY|FARMERS_MARKET|SMOOTHIE_SHOP|SMOOTHIE_SHOP
95577601,0,Subramanya N,1,66904.0,47879.0,6,307,3,7,8,195,11,0,19,15,6,10,-1,9,11,27,196,6,0,2,12,33,31,25,1,13,1,25,7,13,0,0,BAKERY|BAKERY|BRUNCH_SPOT|YARN_STORE|BAKERY|PET_CAFE|ICE_CREAM_SHOP|PET_CAFE
95577601,1,Xiaowenhao404,0,47879.0,66904.0,5,277,8,6,0,129,14,0,42,12,6,11,-1,64,13,0,978,0,0,88,0,156,31,25,1,13,1,25,7,13,0,0,BAKERY|BAKERY|BRUNCH_SPOT|YARN_STORE|BAKERY|PET_CAFE|ICE_CREAM_SHOP|PET_CAFE
95577603,0,Suneeth reddy,0,83353.0,84908.0,5,277,10,4,0,129,5,0,42,12,6,11,-1,3,14,0,304,0,0,28,0,48,31,13,25,25,1,7,19,25,0,13,FARMERS_MARKET|FARMERS_MARKET|PIZZA_SHOP|SMOOTHIE_SHOP|PIZZA_SHOP|YARN_STORE|BRUNCH_SPOT|YARN_STORE
95577603,1,Dmitry Larko,1,84908.0,83353.0,5,277,10,4,0,133,13,0,42,12,6,11,-1,3,15,0,359,0,0,37,0,192,31,13,25,25,1,7,19,25,0,13,FARMERS_MARKET|FARMERS_MARKET|PIZZA_SHOP|SMOOTHIE_SHOP|PIZZA_SHOP|YARN_STORE|BRUNCH_SPOT|YARN_STORE
95579867,0,Kobe BRYANT,1,85433.0,80925.0,5,277,10,4,0,132,6,0,38,12,6,11,-1,2,18,0,421,0,0,48,0,189,25,25,13,13,1,7,19,25,0,13,BRUNCH_SPOT|PIZZA_SHOP|ICE_CREAM_SHOP|YARN_STORE|YARN_STORE|PIZZA_SHOP|PET_CAFE|PET_CAFE
95579867,1,Michael Timbs,0,80925.0,85433.0,5,277,10,4,0,125,15,0,42,12,6,11,-1,16,11,0,345,0,0,39,0,95,25,25,13,13,1,7,19,25,0,13,BRUNCH_SPOT|PIZZA_SHOP|ICE_CREAM_SHOP|YARN_STORE|YARN_STORE|PIZZA_SHOP|PET_CAFE|PET_CAFE
95584338,0,Kostiantyn Isaienkov,0,116761.0,121088.0,5,277,6,8,0,131,12,0,42,12,6,11,-1,0,95,0,344,0,0,59,0,177,31,13,7,19,1,7,25,25,0,2,YARN_STORE|ICE_CREAM_SHOP|ICE_CREAM_SHOP|BAKERY|PIZZA_SHOP|ICE_CREAM_SHOP|PET_CAFE|YARN_STORE
95584338,1,SaiKushal185,1,121088.0,116761.0,5,277,6,12,0,130,1,0,42,12,6,11,12,13,0,0,447,0,0,47,2,69,31,13,7,19,1,7,25,25,0,2,YARN_STORE|ICE_CREAM_SHOP|ICE_CREAM_SHOP|BAKERY|PIZZA_SHOP|ICE_CREAM_SHOP|PET_CAFE|YARN_STORE
95584339,0,ReCurSiON,0,95989.0,97516.0,4,262,9,4,0,143,0,0,37,20,6,10,-1,12,0,0,265,0,0,28,6,67,43,13,13,31,1,19,13,13,0,9,FARMERS_MARKET|ICE_CREAM_SHOP|YARN_STORE|FARMERS_MARKET|BAKERY|BAKERY|ICE_CREAM_SHOP|BRUNCH_SPOT
95584339,1,feel the borov,1,97516.0,95989.0,5,277,6,8,0,125,5,0,42,12,6,11,-1,1,80,0,366,0,0,57,0,192,43,13,13,31,1,19,13,13,0,9,FARMERS_MARKET|ICE_CREAM_SHOP|YARN_STORE|FARMERS_MARKET|BAKERY|BAKERY|ICE_CREAM_SHOP|BRUNCH_SPOT
95586691,0,Efe Can Celiksoy,0,36337.0,50749.0,5,277,10,4,0,138,16,0,34,20,6,11,-1,55,26,0,430,0,0,0,6,167,19,55,7,13,1,13,7,1,0,0,PET_CAFE|PET_CAFE|FARMERS_MARKET|BAKERY|BAKERY|PET_CAFE|SMOOTHIE_SHOP|PET_CAFE
95586691,1,Ryo Hasegawa,1,50749.0,36337.0,5,289,6,3,0,128,55,0,36,11,6,10,-1,28,19,0,122,12,0,106,0,38,19,55,7,13,1,13,7,1,0,0,PET_CAFE|PET_CAFE|FARMERS_MARKET|BAKERY|BAKERY|PET_CAFE|SMOOTHIE_SHOP|PET_CAFE
95586692,0,HKmgikao,1,97837.0,92150.0,5,277,6,12,0,136,9,0,42,12,6,11,12,16,0,0,675,0,0,60,2,200,7,19,7,25,1,1,19,37,0,11,YARN_STORE|YARN_STORE|FARMERS_MARKET|SMOOTHIE_SHOP|SMOOTHIE_SHOP|PET_CAFE|SMOOTHIE_SHOP|YARN_STORE
95586692,1,Kostiantyn Isaienkov,0,92150.0,97837.0,5,277,6,8,0,131,12,0,42,12,6,11,-1,0,95,0,355,0,0,59,0,177,7,19,7,25,1,1,19,37,0,11,YARN_STORE|YARN_STORE|FARMERS_MARKET|SMOOTHIE_SHOP|SMOOTHIE_SHOP|PET_CAFE|SMOOTHIE_SHOP|YARN_STORE
95588940,0,Alexander Shahramanyan,0,81859.0,87658.0,5,277,8,6,0,125,5,0,42,12,6,11,-1,1,44,0,371,0,0,54,0,192,43,13,19,31,1,19,13,13,0,7,BRUNCH_SPOT|FARMERS_MARKET|BAKERY|BRUNCH_SPOT|FARMERS_MARKET|YARN_STORE|ICE_CREAM_SHOP|PIZZA_SHOP
95588940,1,Kostiantyn Isaienkov,1,87658.0,81859.0,5,277,6,4,4,131,12,0,42,12,6,11,-1,0,9,18,349,0,0,59,0,177,43,13,19,31,1,19,13,13,0,7,BRUNCH_SPOT|FARMERS_MARKET|BAKERY|BRUNCH_SPOT|FARMERS_MARKET|YARN_STORE|ICE_CREAM_SHOP|PIZZA_SHOP
95588950,0,SaiKushal185,0,58046.0,59109.0,5,277,10,4,0,129,5,0,42,12,6,11,-1,3,14,0,279,0,0,106,0,57,25,37,19,31,1,1,25,1,0,10,PET_CAFE|PIZZA_SHOP|ICE_CREAM_SHOP|PET_CAFE|FARMERS_MARKET|FARMERS_MARKET|SMOOTHIE_SHOP|SMOOTHIE_SHOP
95588950,1,Efe Can Celiksoy,1,59109.0,58046.0,5,277,10,4,0,126,16,0,42,12,6,11,-1,9,21,0,419,0,0,26,0,192,25,37,19,31,1,1,25,1,0,10,PET_CAFE|PIZZA_SHOP|ICE_CREAM_SHOP|PET_CAFE|FARMERS_MARKET|FARMERS_MARKET|SMOOTHIE_SHOP|SMOOTHIE_SHOP
95588986,0,Victor @ Tufa Labs,0,117750.0,120105.0,5,277,10,4,0,125,5,0,42,12,6,11,-1,2,1,0,2095,0,0,36,0,128,31,1,13,19,1,7,25,37,0,2,ICE_CREAM_SHOP|PIZZA_SHOP|PIZZA_SHOP|YARN_STORE|BRUNCH_SPOT|ICE_CREAM_SHOP|YARN_STORE|YARN_STORE
95588986,1,Bruce,1,120105.0,117750.0,5,277,10,4,0,133,13,0,42,12,6,11,-1,2,13,0,371,0,0,54,0,192,31,1,13,19,1,7,25,37,0,2,ICE_CREAM_SHOP|PIZZA_SHOP|PIZZA_SHOP|YARN_STORE|BRUNCH_SPOT|ICE_CREAM_SHOP|YARN_STORE|YARN_STORE
95591198,0,lucaskna,0,110319.0,116500.0,5,277,10,4,0,118,15,0,42,12,6,11,-1,0,4,0,358,0,0,11,0,74,31,13,19,37,1,13,19,13,0,9,SMOOTHIE_SHOP|BRUNCH_SPOT|YARN_STORE|FARMERS_MARKET|PIZZA_SHOP|SMOOTHIE_SHOP|BRUNCH_SPOT|FARMERS_MARKET
95591198,1,Suneeth reddy,1,116500.0,110319.0,5,277,8,6,0,129,5,0,42,12,6,11,-1,1,51,0,307,0,0,28,0,48,31,13,19,37,1,13,19,13,0,9,SMOOTHIE_SHOP|BRUNCH_SPOT|YARN_STORE|FARMERS_MARKET|PIZZA_SHOP|SMOOTHIE_SHOP|BRUNCH_SPOT|FARMERS_MARKET
95591253,0,Efe Can Celiksoy,0,111436.0,125493.0,5,277,10,4,0,126,16,0,42,12,6,11,-1,21,21,0,430,0,0,33,0,192,31,19,25,31,1,1,19,25,0,13,ICE_CREAM_SHOP|FARMERS_MARKET|YARN_STORE|FARMERS_MARKET|PIZZA_SHOP|SMOOTHIE_SHOP|FARMERS_MARKET|YARN_STORE
95591253,1,Eddy Despradel,1,125493.0,111436.0,5,277,6,8,0,133,13,0,42,12,6,11,-1,1,73,0,371,0,0,54,0,192,31,19,25,31,1,1,19,25,0,13,ICE_CREAM_SHOP|FARMERS_MARKET|YARN_STORE|FARMERS_MARKET|PIZZA_SHOP|SMOOTHIE_SHOP|FARMERS_MARKET|YARN_STORE
95593555,0,peikopon,0,77616.0,78760.0,5,278,6,12,0,132,6,2,32,20,6,11,12,7,4,0,677,0,4,28,1,269,37,1,13,25,1,25,13,25,0,14,YARN_STORE|BRUNCH_SPOT|PIZZA_SHOP|PIZZA_SHOP|BRUNCH_SPOT|BRUNCH_SPOT|BRUNCH_SPOT|YARN_STORE
95593555,1,One-For-All,1,78760.0,77616.0,5,277,6,12,0,126,9,0,42,12,6,11,12,0,9,0,698,0,0,9,0,169,37,1,13,25,1,25,13,25,0,14,YARN_STORE|BRUNCH_SPOT|PIZZA_SHOP|PIZZA_SHOP|BRUNCH_SPOT|BRUNCH_SPOT|BRUNCH_SPOT|YARN_STORE
95595804,0,SaiKushal185,1,97309.0,95780.0,5,277,6,12,0,150,3,0,34,20,6,11,12,6,0,0,568,0,0,38,0,108,19,7,7,31,1,13,19,25,0,2,BRUNCH_SPOT|YARN_STORE|SMOOTHIE_SHOP|BAKERY|SMOOTHIE_SHOP|FARMERS_MARKET|YARN_STORE|SMOOTHIE_SHOP
95595804,1,James Holland,0,95780.0,97309.0,5,277,6,12,0,141,7,0,34,12,6,11,12,8,4,0,678,0,0,34,0,239,19,7,7,31,1,13,19,25,0,2,BRUNCH_SPOT|YARN_STORE|SMOOTHIE_SHOP|BAKERY|SMOOTHIE_SHOP|FARMERS_MARKET|YARN_STORE|SMOOTHIE_SHOP
95595808,0,ReCurSiON,0,76630.0,93393.0,4,262,6,7,0,143,0,0,37,15,6,10,-1,6,15,0,265,0,0,28,6,65,25,31,19,13,1,7,13,25,0,13,YARN_STORE|PET_CAFE|BRUNCH_SPOT|PIZZA_SHOP|PIZZA_SHOP|YARN_STORE|PET_CAFE|FARMERS_MARKET
95595808,1,lucaskna,1,93393.0,76630.0,5,277,6,12,0,145,3,0,34,20,6,11,12,16,0,0,576,0,0,34,0,113,25,31,19,13,1,7,13,25,0,13,YARN_STORE|PET_CAFE|BRUNCH_SPOT|PIZZA_SHOP|PIZZA_SHOP|YARN_STORE|PET_CAFE|FARMERS_MARKET
95597995,0,feel the borov,1,78264.0,77123.0,5,277,6,12,0,127,1,0,42,12,6,11,12,22,0,0,627,0,0,81,2,200,19,25,1,25,1,19,7,25,0,11,YARN_STORE|PET_CAFE|YARN_STORE|PET_CAFE|SMOOTHIE_SHOP|BRUNCH_SPOT|BRUNCH_SPOT|BRUNCH_SPOT
95597995,1,Nat00,0,77123.0,78264.0,5,277,6,12,0,130,2,0,42,12,6,11,12,22,0,0,629,0,0,68,2,198,19,25,1,25,1,19,7,25,0,11,YARN_STORE|PET_CAFE|YARN_STORE|PET_CAFE|SMOOTHIE_SHOP|BRUNCH_SPOT|BRUNCH_SPOT|BRUNCH_SPOT
95597996,0,Xiaowenhao404,0,94770.0,97119.0,5,277,8,6,0,129,14,0,42,12,6,11,-1,64,49,0,966,0,0,26,10,157,43,25,25,49,1,13,13,1,0,4,BRUNCH_SPOT|FARMERS_MARKET|FARMERS_MARKET|BRUNCH_SPOT|FARMERS_MARKET|ICE_CREAM_SHOP|FARMERS_MARKET|SMOOTHIE_SHOP
95597996,1,Izzoudine Mohamed KANTA,1,97119.0,94770.0,5,277,8,6,0,132,6,0,38,12,6,11,-1,0,10,0,573,0,0,48,0,189,43,25,25,49,1,13,13,1,0,4,BRUNCH_SPOT|FARMERS_MARKET|FARMERS_MARKET|BRUNCH_SPOT|FARMERS_MARKET|ICE_CREAM_SHOP|FARMERS_MARKET|SMOOTHIE_SHOP
95597998,0,カワシギ,0,65576.0,70537.0,5,277,10,4,0,120,14,0,42,12,6,11,-1,32,0,0,578,0,0,49,10,127,31,31,13,31,1,7,25,1,0,1,PIZZA_SHOP|PET_CAFE|FARMERS_MARKET|SMOOTHIE_SHOP|BRUNCH_SPOT|PET_CAFE|ICE_CREAM_SHOP|ICE_CREAM_SHOP
95597998,1,peikopon,1,70537.0,65576.0,5,278,10,4,0,96,35,4,32,12,6,11,-1,3,7,0,350,0,0,26,0,133,31,31,13,31,1,7,25,1,0,1,PIZZA_SHOP|PET_CAFE|FARMERS_MARKET|SMOOTHIE_SHOP|BRUNCH_SPOT|PET_CAFE|ICE_CREAM_SHOP|ICE_CREAM_SHOP
95598098,0,Crop Dusta,0,52550.0,54132.0,4,296,7,4,8,125,78,0,12,22,5,8,-1,16,0,0,31,71,0,4,0,77,31,37,19,1,1,13,19,1,0,0,BAKERY|PIZZA_SHOP|PET_CAFE|BAKERY|PET_CAFE|PET_CAFE|PIZZA_SHOP|PIZZA_SHOP
95598098,1,Ryo Hasegawa,1,54132.0,52550.0,5,289,8,2,0,193,86,0,16,11,5,10,-1,40,9,0,278,12,0,13,0,45,31,37,19,1,1,13,19,1,0,0,BAKERY|PIZZA_SHOP|PET_CAFE|BAKERY|PET_CAFE|PET_CAFE|PIZZA_SHOP|PIZZA_SHOP
95598099,0,Xiaowenhao404,0,108244.0,114589.0,5,277,6,8,0,131,14,0,42,12,6,11,-1,4,8,0,829,1,0,97,0,161,37,1,13,25,1,13,25,25,0,2,PIZZA_SHOP|BRUNCH_SPOT|YARN_STORE|ICE_CREAM_SHOP|YARN_STORE|PIZZA_SHOP|ICE_CREAM_SHOP|BRUNCH_SPOT
95598099,1,Arman Tuganbaev,1,114589.0,108244.0,2,286,9,10,0,130,8,0,41,9,6,10,-1,42,55,0,129,19,0,170,18,205,37,1,13,25,1,13,25,25,0,2,PIZZA_SHOP|BRUNCH_SPOT|YARN_STORE|ICE_CREAM_SHOP|YARN_STORE|PIZZA_SHOP|ICE_CREAM_SHOP|BRUNCH_SPOT
95598101,0,tetsuya,1,119914.0,107881.0,6,310,8,6,1,127,0,0,39,12,7,10,-1,20,9,0,112,0,0,24,6,100,43,7,13,37,1,19,19,13,0,9,BRUNCH_SPOT|FARMERS_MARKET|ICE_CREAM_SHOP|ICE_CREAM_SHOP|PIZZA_SHOP|YARN_STORE|BRUNCH_SPOT|BRUNCH_SPOT
95598101,1,Crop Dusta,0,107881.0,119914.0,4,295,6,3,3,93,0,14,41,18,5,8,-1,77,27,1,27,0,22,55,0,6,43,7,13,37,1,19,19,13,0,9,BRUNCH_SPOT|FARMERS_MARKET|ICE_CREAM_SHOP|ICE_CREAM_SHOP|PIZZA_SHOP|YARN_STORE|BRUNCH_SPOT|BRUNCH_SPOT
95598104,0,tetsuya,0,92175.0,105367.0,6,312,6,5,4,130,0,0,40,12,7,9,-1,15,17,14,95,0,0,26,6,102,31,13,25,31,1,7,25,13,0,5,BRUNCH_SPOT|PIZZA_SHOP|FARMERS_MARKET|FARMERS_MARKET|SMOOTHIE_SHOP|YARN_STORE|PIZZA_SHOP|SMOOTHIE_SHOP
95598104,1,Crop Dusta,1,105367.0,92175.0,4,296,7,4,1,133,0,18,36,15,5,8,-1,18,12,0,44,0,65,11,11,7,31,13,25,31,1,7,25,13,0,5,BRUNCH_SPOT|PIZZA_SHOP|FARMERS_MARKET|FARMERS_MARKET|SMOOTHIE_SHOP|YARN_STORE|PIZZA_SHOP|SMOOTHIE_SHOP
95600341,0,JeremiahMannings,1,128625.0,112455.0,4,263,7,6,0,160,0,0,37,15,6,10,-1,15,13,0,200,0,0,47,0,117,31,13,7,31,1,13,25,13,0,1,BRUNCH_SPOT|YARN_STORE|ICE_CREAM_SHOP|ICE_CREAM_SHOP|PET_CAFE|SMOOTHIE_SHOP|PIZZA_SHOP|BRUNCH_SPOT
95600341,1,peikopon,0,112455.0,128625.0,5,278,6,12,0,132,6,0,32,20,6,11,12,7,4,0,730,0,0,31,1,230,31,13,7,31,1,13,25,13,0,1,BRUNCH_SPOT|YARN_STORE|ICE_CREAM_SHOP|ICE_CREAM_SHOP|PET_CAFE|SMOOTHIE_SHOP|PIZZA_SHOP|BRUNCH_SPOT
95602648,0,Crop Dusta,1,106806.0,103620.0,4,292,7,13,0,151,0,0,25,11,5,10,-1,32,0,0,54,0,0,36,0,18,25,13,7,19,1,13,19,25,0,11,PIZZA_SHOP|YARN_STORE|BRUNCH_SPOT|YARN_STORE|BAKERY|SMOOTHIE_SHOP|ICE_CREAM_SHOP|PET_CAFE
95602648,1,lucaskna,0,103620.0,106806.0,5,277,6,12,0,145,3,0,34,20,6,11,12,20,0,0,565,0,0,34,0,113,25,13,7,19,1,13,19,25,0,11,PIZZA_SHOP|YARN_STORE|BRUNCH_SPOT|YARN_STORE|BAKERY|SMOOTHIE_SHOP|ICE_CREAM_SHOP|PET_CAFE
95602651,0,Kostiantyn Isaienkov,1,143275.0,140678.0,5,277,6,8,0,131,12,0,42,12,6,11,-1,0,95,0,344,0,0,59,0,177,31,1,1,31,1,19,19,25,0,14,ICE_CREAM_SHOP|YARN_STORE|SMOOTHIE_SHOP|BRUNCH_SPOT|BAKERY|YARN_STORE|ICE_CREAM_SHOP|BRUNCH_SPOT
95602651,1,DeeperNet,0,140678.0,143275.0,5,277,6,12,0,153,10,0,34,17,6,11,12,8,0,0,748,0,0,34,0,250,31,1,1,31,1,19,19,25,0,14,ICE_CREAM_SHOP|YARN_STORE|SMOOTHIE_SHOP|BRUNCH_SPOT|BAKERY|YARN_STORE|ICE_CREAM_SHOP|BRUNCH_SPOT
95602662,0,Ryo Hasegawa,0,64555.0,66864.0,5,289,5,7,0,145,0,0,40,23,6,9,-1,30,43,0,112,0,0,59,6,82,31,19,7,25,1,19,13,13,0,14,PET_CAFE|YARN_STORE|FARMERS_MARKET|ICE_CREAM_SHOP|BAKERY|BRUNCH_SPOT|BAKERY|SMOOTHIE_SHOP
95602662,1,Seb (allegedly),1,66864.0,64555.0,7,307,5,13,0,108,0,0,19,19,4,8,-1,9,41,0,241,0,0,12,12,28,31,19,7,25,1,19,13,13,0,14,PET_CAFE|YARN_STORE|FARMERS_MARKET|ICE_CREAM_SHOP|BAKERY|BRUNCH_SPOT|BAKERY|SMOOTHIE_SHOP
95604818,0,SaiKushal185,1,75793.0,74683.0,5,277,6,12,0,150,3,0,34,20,6,11,12,6,0,0,562,0,0,58,0,108,31,13,7,19,1,19,13,25,0,14,BRUNCH_SPOT|YARN_STORE|PIZZA_SHOP|BRUNCH_SPOT|BAKERY|PET_CAFE|YARN_STORE|ICE_CREAM_SHOP
95604818,1,Izzoudine Mohamed KANTA,0,74683.0,75793.0,5,277,6,12,0,152,4,0,34,17,6,11,12,3,0,0,857,0,0,43,0,233,31,13,7,19,1,19,13,25,0,14,BRUNCH_SPOT|YARN_STORE|PIZZA_SHOP|BRUNCH_SPOT|BAKERY|PET_CAFE|YARN_STORE|ICE_CREAM_SHOP
95604820,0,Subramanya N,1,76780.0,73263.0,6,304,3,8,0,120,51,0,37,11,6,11,-1,12,33,0,93,42,0,103,0,17,31,25,13,31,1,13,13,13,0,1,FARMERS_MARKET|PET_CAFE|YARN_STORE|ICE_CREAM_SHOP|BAKERY|FARMERS_MARKET|BRUNCH_SPOT|SMOOTHIE_SHOP
95604820,1,カワシギ,0,73263.0,76780.0,5,277,6,8,0,148,14,0,34,20,6,11,-1,18,10,0,438,0,0,12,33,210,31,25,13,31,1,13,13,13,0,1,FARMERS_MARKET|PET_CAFE|YARN_STORE|ICE_CREAM_SHOP|BAKERY|FARMERS_MARKET|BRUNCH_SPOT|SMOOTHIE_SHOP
95604821,0,SaiKushal185,1,44319.0,44137.0,5,277,8,6,0,129,5,0,42,12,6,11,-1,1,44,0,279,0,0,93,0,57,31,31,13,13,1,19,7,13,0,0,BAKERY|FARMERS_MARKET|BAKERY|BRUNCH_SPOT|PIZZA_SHOP|PET_CAFE|YARN_STORE|PET_CAFE
95604821,1,Dmitry Larko,0,44137.0,44319.0,5,277,8,6,0,133,13,0,42,12,6,11,-1,0,48,0,351,0,0,40,0,192,31,31,13,13,1,19,7,13,0,0,BAKERY|FARMERS_MARKET|BAKERY|BRUNCH_SPOT|PIZZA_SHOP|PET_CAFE|YARN_STORE|PET_CAFE
95604929,0,peikopon,0,78621.0,101557.0,5,278,6,12,0,129,6,0,31,20,6,11,12,7,4,0,742,0,0,22,0,216,43,7,19,19,1,19,19,13,0,7,YARN_STORE|ICE_CREAM_SHOP|BAKERY|PIZZA_SHOP|PIZZA_SHOP|BRUNCH_SPOT|BAKERY|FARMERS_MARKET
95604929,1,Kobe BRYANT,1,101557.0,78621.0,5,277,6,12,0,135,3,0,42,12,6,11,12,15,0,0,712,0,0,49,0,195,43,7,19,19,1,19,19,13,0,7,YARN_STORE|ICE_CREAM_SHOP|BAKERY|PIZZA_SHOP|PIZZA_SHOP|BRUNCH_SPOT|BAKERY|FARMERS_MARKET
95604950,0,Kostiantyn Isaienkov,0,83634.0,85621.0,5,277,10,4,0,131,12,0,42,12,6,11,-1,2,7,0,348,0,0,59,0,177,25,31,13,19,1,7,13,25,0,13,BRUNCH_SPOT|ICE_CREAM_SHOP|FARMERS_MARKET|PET_CAFE|YARN_STORE|YARN_STORE|PIZZA_SHOP|PET_CAFE
95604950,1,James Holland,1,85621.0,83634.0,5,278,10,4,0,123,5,0,42,12,6,11,-1,3,22,0,304,0,0,26,0,123,25,31,13,19,1,7,13,25,0,13,BRUNCH_SPOT|ICE_CREAM_SHOP|FARMERS_MARKET|PET_CAFE|YARN_STORE|YARN_STORE|PIZZA_SHOP|PET_CAFE
95609419,0,ReCurSiON,0,113836.0,116527.0,4,263,9,4,0,143,0,0,37,20,6,10,-1,12,0,0,265,0,0,47,6,67,25,19,13,25,1,7,25,13,0,1,SMOOTHIE_SHOP|FARMERS_MARKET|YARN_STORE|PIZZA_SHOP|SMOOTHIE_SHOP|BAKERY|PET_CAFE|ICE_CREAM_SHOP
95609419,1,Ryo Hasegawa,1,116527.0,113836.0,5,290,7,7,0,148,0,0,36,11,6,10,-1,0,0,0,146,0,0,97,0,92,25,19,13,25,1,7,25,13,0,1,SMOOTHIE_SHOP|FARMERS_MARKET|YARN_STORE|PIZZA_SHOP|SMOOTHIE_SHOP|BAKERY|PET_CAFE|ICE_CREAM_SHOP
95613826,0,peikopon,1,78580.0,74151.0,5,278,10,4,0,123,5,0,38,12,6,11,-1,3,5,0,353,0,0,26,0,123,37,1,13,25,1,19,31,1,0,7,BAKERY|BRUNCH_SPOT|SMOOTHIE_SHOP|SMOOTHIE_SHOP|PIZZA_SHOP|ICE_CREAM_SHOP|PIZZA_SHOP|BAKERY
95613826,1,Ozi,0,74151.0,78580.0,5,277,10,4,0,125,5,0,42,12,6,11,-1,9,17,0,371,0,0,40,0,199,37,1,13,25,1,19,31,1,0,7,BAKERY|BRUNCH_SPOT|SMOOTHIE_SHOP|SMOOTHIE_SHOP|PIZZA_SHOP|ICE_CREAM_SHOP|PIZZA_SHOP|BAKERY
95614014,0,One-For-All,0,78962.0,85200.0,5,277,6,8,0,121,12,0,42,12,6,11,-1,3,4,0,471,1,0,25,10,144,37,13,25,37,1,13,25,1,0,6,FARMERS_MARKET|BRUNCH_SPOT|PIZZA_SHOP|PIZZA_SHOP|BRUNCH_SPOT|SMOOTHIE_SHOP|FARMERS_MARKET|SMOOTHIE_SHOP
95614014,1,Rayk Kretzschmar,1,85200.0,78962.0,5,277,10,4,0,125,5,0,42,12,6,11,-1,3,12,0,371,0,0,54,0,192,37,13,25,37,1,13,25,1,0,6,FARMERS_MARKET|BRUNCH_SPOT|PIZZA_SHOP|PIZZA_SHOP|BRUNCH_SPOT|SMOOTHIE_SHOP|FARMERS_MARKET|SMOOTHIE_SHOP
95614071,0,Nat00,0,129904.0,130370.0,5,277,10,4,0,129,5,0,42,12,6,11,-1,8,16,0,364,0,0,36,0,188,31,13,19,37,1,7,31,1,0,6,ICE_CREAM_SHOP|SMOOTHIE_SHOP|BAKERY|PIZZA_SHOP|SMOOTHIE_SHOP|FARMERS_MARKET|SMOOTHIE_SHOP|FARMERS_MARKET
95614071,1,Suneeth reddy,1,130370.0,129904.0,5,277,10,4,0,129,5,0,42,12,6,11,-1,3,14,0,307,0,0,28,0,48,31,13,19,37,1,7,31,1,0,6,ICE_CREAM_SHOP|SMOOTHIE_SHOP|BAKERY|PIZZA_SHOP|SMOOTHIE_SHOP|FARMERS_MARKET|SMOOTHIE_SHOP|FARMERS_MARKET
95614072,0,Dmitry Larko,0,82339.0,86791.0,5,277,6,12,0,136,9,0,42,12,6,11,12,16,0,0,661,0,0,60,2,200,31,25,19,19,1,7,13,25,0,13,YARN_STORE|YARN_STORE|BAKERY|PIZZA_SHOP|FARMERS_MARKET|ICE_CREAM_SHOP|FARMERS_MARKET|PET_CAFE
95614072,1,lucaskna,1,86791.0,82339.0,5,277,6,12,0,145,3,0,34,17,6,11,12,0,0,0,610,0,0,37,0,116,31,25,19,19,1,7,13,25,0,13,YARN_STORE|YARN_STORE|BAKERY|PIZZA_SHOP|FARMERS_MARKET|ICE_CREAM_SHOP|FARMERS_MARKET|PET_CAFE
95616249,0,DeeperNet,1,67229.0,67157.0,5,277,10,4,0,133,13,0,42,12,6,11,-1,18,4,0,371,0,0,63,0,192,31,19,13,19,1,13,19,13,0,1,BAKERY|SMOOTHIE_SHOP|FARMERS_MARKET|ICE_CREAM_SHOP|PET_CAFE|PIZZA_SHOP|BAKERY|YARN_STORE
95616249,1,Efe Can Celiksoy,0,67157.0,67229.0,5,277,10,4,0,126,16,0,42,12,6,11,-1,9,21,0,435,0,0,26,0,192,31,19,13,19,1,13,19,13,0,1,BAKERY|SMOOTHIE_SHOP|FARMERS_MARKET|ICE_CREAM_SHOP|PET_CAFE|PIZZA_SHOP|BAKERY|YARN_STORE
95616250,0,Eddy Despradel,0,85354.0,86666.0,5,277,10,4,0,133,13,0,42,12,6,11,-1,3,11,0,371,0,0,69,0,192,43,13,25,31,1,19,19,1,0,4,BRUNCH_SPOT|SMOOTHIE_SHOP|FARMERS_MARKET|BAKERY|FARMERS_MARKET|PIZZA_SHOP|PIZZA_SHOP|BRUNCH_SPOT
95616250,1,Kostiantyn Isaienkov,1,86666.0,85354.0,5,277,10,4,0,131,12,0,42,12,6,11,-1,2,9,0,348,0,0,59,0,177,43,13,25,31,1,19,19,1,0,4,BRUNCH_SPOT|SMOOTHIE_SHOP|FARMERS_MARKET|BAKERY|FARMERS_MARKET|PIZZA_SHOP|PIZZA_SHOP|BRUNCH_SPOT
95618618,0,SaiKushal185,1,130877.0,130800.0,5,277,10,4,0,129,5,0,42,12,6,11,-1,2,14,0,279,0,0,46,0,57,43,13,25,37,1,7,31,1,0,6,SMOOTHIE_SHOP|PIZZA_SHOP|ICE_CREAM_SHOP|PIZZA_SHOP|BRUNCH_SPOT|ICE_CREAM_SHOP|FARMERS_MARKET|FARMERS_MARKET
95618618,1,James Holland,0,130800.0,130877.0,5,278,10,4,0,123,5,0,42,12,6,11,-1,3,28,0,306,0,0,26,0,123,43,13,25,37,1,7,31,1,0,6,SMOOTHIE_SHOP|PIZZA_SHOP|ICE_CREAM_SHOP|PIZZA_SHOP|BRUNCH_SPOT|ICE_CREAM_SHOP|FARMERS_MARKET|FARMERS_MARKET
95618621,0,ReCurSiON,0,105951.0,119431.0,4,262,6,7,0,143,0,0,37,15,6,10,-1,6,109,0,221,0,0,28,6,65,25,13,7,31,1,7,31,13,0,8,YARN_STORE|PIZZA_SHOP|SMOOTHIE_SHOP|SMOOTHIE_SHOP|BRUNCH_SPOT|PET_CAFE|ICE_CREAM_SHOP|ICE_CREAM_SHOP
95618621,1,SaiKushal185,1,119431.0,105951.0,5,277,6,12,0,130,1,0,42,12,6,11,12,26,0,0,449,0,0,121,2,68,25,13,7,31,1,7,31,13,0,8,YARN_STORE|PIZZA_SHOP|SMOOTHIE_SHOP|SMOOTHIE_SHOP|BRUNCH_SPOT|PET_CAFE|ICE_CREAM_SHOP|ICE_CREAM_SHOP
95620859,0,Michael Timbs,0,79790.0,95615.0,5,264,8,4,0,146,0,0,37,20,6,10,-1,46,34,0,169,0,0,61,6,34,37,7,25,13,1,13,19,25,0,5,PIZZA_SHOP|FARMERS_MARKET|YARN_STORE|BRUNCH_SPOT|BAKERY|YARN_STORE|PIZZA_SHOP|PIZZA_SHOP
95620859,1,feel the borov,1,95615.0,79790.0,5,277,6,8,0,137,8,0,34,20,6,11,-1,0,0,0,389,3,0,8,0,203,37,7,25,13,1,13,19,25,0,5,PIZZA_SHOP|FARMERS_MARKET|YARN_STORE|BRUNCH_SPOT|BAKERY|YARN_STORE|PIZZA_SHOP|PIZZA_SHOP
95620861,0,Arman Tuganbaev,1,84930.0,82677.0,2,249,8,10,0,148,0,2,27,11,6,11,-1,28,87,0,180,0,0,61,6,170,37,1,13,19,1,25,19,13,0,7,PIZZA_SHOP|YARN_STORE|BAKERY|PIZZA_SHOP|SMOOTHIE_SHOP|BRUNCH_SPOT|BAKERY|BRUNCH_SPOT
95620861,1,Izzoudine Mohamed KANTA,0,82677.0,84930.0,5,277,6,12,0,152,4,0,34,17,6,11,12,22,0,0,866,0,0,32,0,242,37,1,13,19,1,25,19,13,0,7,PIZZA_SHOP|YARN_STORE|BAKERY|PIZZA_SHOP|SMOOTHIE_SHOP|BRUNCH_SPOT|BAKERY|BRUNCH_SPOT
95620864,0,peikopon,1,145915.0,144010.0,5,278,10,4,0,123,5,0,38,12,6,11,-1,3,5,0,353,0,0,26,0,123,31,19,7,37,1,13,25,1,0,8,ICE_CREAM_SHOP|ICE_CREAM_SHOP|SMOOTHIE_SHOP|FARMERS_MARKET|SMOOTHIE_SHOP|PET_CAFE|BRUNCH_SPOT|BAKERY
95620864,1,SaiKushal185,0,144010.0,145915.0,5,277,10,4,0,129,5,0,42,12,6,11,-1,2,14,0,279,0,0,46,0,57,31,19,7,37,1,13,25,1,0,8,ICE_CREAM_SHOP|ICE_CREAM_SHOP|SMOOTHIE_SHOP|FARMERS_MARKET|SMOOTHIE_SHOP|PET_CAFE|BRUNCH_SPOT|BAKERY
95620890,0,Crop Dusta,1,90954.0,87935.0,4,295,7,2,0,95,0,11,49,13,5,8,-1,0,16,0,25,0,29,22,0,8,37,25,19,31,1,13,13,13,0,4,ICE_CREAM_SHOP|FARMERS_MARKET|BRUNCH_SPOT|PIZZA_SHOP|PET_CAFE|BRUNCH_SPOT|YARN_STORE|FARMERS_MARKET
95620890,1,Xiaowenhao404,0,87935.0,90954.0,5,277,10,4,0,127,15,0,42,12,6,11,-1,30,16,0,628,0,0,38,0,140,37,25,19,31,1,13,13,13,0,4,ICE_CREAM_SHOP|FARMERS_MARKET|BRUNCH_SPOT|PIZZA_SHOP|PET_CAFE|BRUNCH_SPOT|YARN_STORE|FARMERS_MARKET
95620892,0,Arman Tuganbaev,0,91598.0,96521.0,2,290,9,8,0,144,36,0,44,7,6,10,-1,65,36,0,154,47,0,129,12,174,13,37,1,19,1,7,13,25,0,12,ICE_CREAM_SHOP|PET_CAFE|YARN_STORE|YARN_STORE|SMOOTHIE_SHOP|PET_CAFE|PET_CAFE|BRUNCH_SPOT
95620892,1,Izzoudine Mohamed KANTA,1,96521.0,91598.0,5,277,6,8,0,132,6,0,38,12,6,11,-1,1,74,0,433,0,0,57,0,192,13,37,1,19,1,7,13,25,0,12,ICE_CREAM_SHOP|PET_CAFE|YARN_STORE|YARN_STORE|SMOOTHIE_SHOP|PET_CAFE|PET_CAFE|BRUNCH_SPOT
95620894,0,Crop Dusta,0,108620.0,119926.0,4,295,11,4,0,92,0,0,49,16,5,8,-1,45,0,0,39,0,0,16,0,17,37,1,13,19,1,19,31,1,0,7,SMOOTHIE_SHOP|ICE_CREAM_SHOP|SMOOTHIE_SHOP|BAKERY|BAKERY|PIZZA_SHOP|PIZZA_SHOP|BAKERY
95620894,1,Ryo Hasegawa,1,119926.0,108620.0,5,288,12,2,0,130,0,0,42,11,5,10,-1,16,17,0,150,0,0,40,0,88,37,1,13,19,1,19,31,1,0,7,SMOOTHIE_SHOP|ICE_CREAM_SHOP|SMOOTHIE_SHOP|BAKERY|BAKERY|PIZZA_SHOP|PIZZA_SHOP|BAKERY
95620895,0,tetsuya,0,76583.0,82430.0,6,309,6,5,4,125,0,0,39,12,7,10,-1,9,9,0,111,0,0,24,12,112,37,7,7,37,1,25,19,1,0,9,BRUNCH_SPOT|BAKERY|FARMERS_MARKET|BRUNCH_SPOT|BAKERY|ICE_CREAM_SHOP|SMOOTHIE_SHOP|SMOOTHIE_SHOP
95620895,1,Crop Dusta,1,82430.0,76583.0,4,296,3,3,5,152,0,0,39,18,5,8,-1,5,0,2,41,0,0,24,4,3,37,7,7,37,1,25,19,1,0,9,BRUNCH_SPOT|BAKERY|FARMERS_MARKET|BRUNCH_SPOT|BAKERY|ICE_CREAM_SHOP|SMOOTHIE_SHOP|SMOOTHIE_SHOP
95620898,0,Izzoudine Mohamed KANTA,0,107254.0,110616.0,5,277,10,4,0,132,6,0,38,12,6,11,-1,3,4,0,465,0,0,54,0,192,31,1,13,19,1,13,31,13,0,2,PIZZA_SHOP|SMOOTHIE_SHOP|PIZZA_SHOP|BAKERY|ICE_CREAM_SHOP|SMOOTHIE_SHOP|BAKERY|YARN_STORE
95620898,1,tetsuya,1,110616.0,107254.0,6,308,11,4,0,161,0,8,29,10,7,10,-1,18,9,0,138,0,0,10,0,115,31,1,13,19,1,13,31,13,0,2,PIZZA_SHOP|SMOOTHIE_SHOP|PIZZA_SHOP|BAKERY|ICE_CREAM_SHOP|SMOOTHIE_SHOP|BAKERY|YARN_STORE
95623157,0,lucaskna,0,66246.0,67812.0,5,277,8,6,0,122,5,0,34,20,6,11,-1,12,25,0,450,0,0,47,6,67,25,25,1,31,1,25,13,1,0,3,BRUNCH_SPOT|BAKERY|PET_CAFE|BRUNCH_SPOT|BRUNCH_SPOT|SMOOTHIE_SHOP|SMOOTHIE_SHOP|PET_CAFE
95623157,1,JeremiahMannings,1,67812.0,66246.0,4,263,9,4,0,160,0,0,37,15,6,10,-1,18,9,0,200,0,0,47,0,117,25,25,1,31,1,25,13,1,0,3,BRUNCH_SPOT|BAKERY|PET_CAFE|BRUNCH_SPOT|BRUNCH_SPOT|SMOOTHIE_SHOP|SMOOTHIE_SHOP|PET_CAFE
95623170,0,Xiaowenhao404,1,43453.0,42125.0,5,277,10,4,0,127,14,0,42,12,6,11,-1,22,20,0,620,0,0,135,10,151,37,19,25,13,1,13,19,13,0,5,PET_CAFE|PIZZA_SHOP|BAKERY|PIZZA_SHOP|BRUNCH_SPOT|PIZZA_SHOP|FARMERS_MARKET|YARN_STORE
95623170,1,dunky su,0,42125.0,43453.0,5,277,10,4,0,125,5,0,42,12,6,11,-1,3,15,0,371,0,0,61,0,192,37,19,25,13,1,13,19,13,0,5,PET_CAFE|PIZZA_SHOP|BAKERY|PIZZA_SHOP|BRUNCH_SPOT|PIZZA_SHOP|FARMERS_MARKET|YARN_STORE
95625468,0,Eddy Despradel,0,60663.0,63084.0,5,277,10,4,0,133,13,0,42,12,6,11,-1,9,11,0,371,0,0,66,0,192,25,31,13,19,1,13,7,25,0,13,PET_CAFE|BRUNCH_SPOT|PIZZA_SHOP|BRUNCH_SPOT|FARMERS_MARKET|YARN_STORE|YARN_STORE|PET_CAFE
95625468,1,Giulio Ravasio,1,63084.0,60663.0,5,278,10,4,0,123,5,0,42,12,6,11,-1,3,19,0,302,0,0,26,0,123,25,31,13,19,1,13,7,25,0,13,PET_CAFE|BRUNCH_SPOT|PIZZA_SHOP|BRUNCH_SPOT|FARMERS_MARKET|YARN_STORE|YARN_STORE|PET_CAFE
95625469,0,Suneeth reddy,0,75656.0,81661.0,5,277,6,12,0,150,3,0,34,20,6,11,12,6,0,0,572,0,0,56,0,99,31,19,19,25,1,7,25,13,0,5,BRUNCH_SPOT|YARN_STORE|PET_CAFE|ICE_CREAM_SHOP|PIZZA_SHOP|PIZZA_SHOP|SMOOTHIE_SHOP|FARMERS_MARKET
95625469,1,Kostiantyn Isaienkov,1,81661.0,75656.0,5,277,6,8,0,131,12,0,42,12,6,11,-1,0,95,0,344,0,0,59,0,177,31,19,19,25,1,7,25,13,0,5,BRUNCH_SPOT|YARN_STORE|PET_CAFE|ICE_CREAM_SHOP|PIZZA_SHOP|PIZZA_SHOP|SMOOTHIE_SHOP|FARMERS_MARKET
95627744,0,Izzoudine Mohamed KANTA,0,48859.0,51876.0,5,277,6,12,0,135,3,0,42,12,6,11,12,5,0,0,754,0,0,43,0,195,31,25,7,7,1,19,13,13,0,0,YARN_STORE|PET_CAFE|BAKERY|PET_CAFE|BAKERY|ICE_CREAM_SHOP|PIZZA_SHOP|BAKERY
95627744,1,カワシギ,1,51876.0,48859.0,5,277,6,12,0,153,14,0,42,12,6,11,12,7,17,0,957,0,0,92,0,221,31,25,7,7,1,19,13,13,0,0,YARN_STORE|PET_CAFE|BAKERY|PET_CAFE|BAKERY|ICE_CREAM_SHOP|PIZZA_SHOP|BAKERY
95627746,0,peikopon,0,57692.0,60133.0,5,278,9,6,0,123,5,0,38,12,6,11,-1,24,25,0,427,0,0,26,0,123,43,1,1,31,1,37,13,1,0,3,BRUNCH_SPOT|BAKERY|SMOOTHIE_SHOP|BAKERY|BAKERY|BRUNCH_SPOT|ICE_CREAM_SHOP|BRUNCH_SPOT
95627746,1,カワシギ,1,60133.0,57692.0,5,277,10,4,0,128,14,0,42,12,6,11,-1,31,0,0,752,0,0,33,10,205,43,1,1,31,1,37,13,1,0,3,BRUNCH_SPOT|BAKERY|SMOOTHIE_SHOP|BAKERY|BAKERY|BRUNCH_SPOT|ICE_CREAM_SHOP|BRUNCH_SPOT
95627747,0,Izzoudine Mohamed KANTA,0,56726.0,62249.0,5,277,6,6,2,132,6,0,38,12,6,11,-1,1,7,22,503,0,0,51,0,192,25,43,7,19,1,13,13,1,0,0,BAKERY|FARMERS_MARKET|SMOOTHIE_SHOP|BAKERY|PET_CAFE|PET_CAFE|ICE_CREAM_SHOP|PET_CAFE
95627747,1,Subramanya N,1,62249.0,56726.0,6,305,3,3,2,124,45,0,35,14,6,10,-1,21,0,5,72,31,0,6,10,8,25,43,7,19,1,13,13,1,0,0,BAKERY|FARMERS_MARKET|SMOOTHIE_SHOP|BAKERY|PET_CAFE|PET_CAFE|ICE_CREAM_SHOP|PET_CAFE
95632287,0,カワシギ,1,105244.0,100736.0,5,277,6,12,0,145,13,0,34,20,6,11,12,0,11,0,621,0,0,49,1,215,37,7,25,19,1,7,31,13,0,5,YARN_STORE|ICE_CREAM_SHOP|PIZZA_SHOP|BAKERY|SMOOTHIE_SHOP|PIZZA_SHOP|PIZZA_SHOP|FARMERS_MARKET
95632287,1,ReCurSiON,0,100736.0,105244.0,4,262,6,7,0,143,0,0,37,20,6,10,-1,6,15,0,265,0,0,28,6,65,37,7,25,19,1,7,31,13,0,5,YARN_STORE|ICE_CREAM_SHOP|PIZZA_SHOP|BAKERY|SMOOTHIE_SHOP|PIZZA_SHOP|PIZZA_SHOP|FARMERS_MARKET
95632289,0,dunky su,1,83679.0,82615.0,5,277,6,12,0,126,1,0,42,12,6,11,12,21,0,0,675,0,0,64,2,200,37,25,25,25,1,7,19,13,0,5,YARN_STORE|PIZZA_SHOP|FARMERS_MARKET|FARMERS_MARKET|PET_CAFE|ICE_CREAM_SHOP|BRUNCH_SPOT|PIZZA_SHOP
95632289,1,Ryo Hasegawa,0,82615.0,83679.0,5,290,6,7,0,151,0,0,47,11,6,9,-1,52,13,0,105,0,0,76,0,82,37,25,25,25,1,7,19,13,0,5,YARN_STORE|PIZZA_SHOP|FARMERS_MARKET|FARMERS_MARKET|PET_CAFE|ICE_CREAM_SHOP|BRUNCH_SPOT|PIZZA_SHOP
95636860,0,James Holland,0,72873.0,73259.0,5,277,6,12,0,141,7,0,34,12,6,11,12,7,4,0,674,0,0,38,0,239,19,25,1,31,1,13,19,13,0,12,YARN_STORE|PET_CAFE|SMOOTHIE_SHOP|PET_CAFE|SMOOTHIE_SHOP|ICE_CREAM_SHOP|BRUNCH_SPOT|BRUNCH_SPOT
95636860,1,Alexander Shahramanyan,1,73259.0,72873.0,5,277,6,12,0,128,1,0,42,12,6,11,12,16,0,0,675,0,0,60,2,200,19,25,1,31,1,13,19,13,0,12,YARN_STORE|PET_CAFE|SMOOTHIE_SHOP|PET_CAFE|SMOOTHIE_SHOP|ICE_CREAM_SHOP|BRUNCH_SPOT|BRUNCH_SPOT
95636866,0,Laplacenvmv,0,72240.0,72931.0,5,277,10,4,0,125,5,0,42,12,6,11,-1,5,17,0,371,0,0,34,0,192,49,19,19,37,1,13,19,1,0,4,FARMERS_MARKET|BAKERY|ICE_CREAM_SHOP|BAKERY|FARMERS_MARKET|ICE_CREAM_SHOP|FARMERS_MARKET|ICE_CREAM_SHOP
95636866,1,Ozi,1,72931.0,72240.0,5,277,10,4,0,125,5,0,42,12,6,11,-1,9,17,0,371,0,0,40,0,192,49,19,19,37,1,13,19,1,0,4,FARMERS_MARKET|BAKERY|ICE_CREAM_SHOP|BAKERY|FARMERS_MARKET|ICE_CREAM_SHOP|FARMERS_MARKET|ICE_CREAM_SHOP
95636872,0,Efe Can Celiksoy,0,65697.0,66548.0,5,277,10,4,0,138,16,0,34,20,6,11,-1,56,26,0,454,0,0,0,6,166,31,13,7,19,1,19,19,13,0,14,BAKERY|PIZZA_SHOP|YARN_STORE|SMOOTHIE_SHOP|BAKERY|BRUNCH_SPOT|PET_CAFE|ICE_CREAM_SHOP
95636872,1,Victor @ Tufa Labs,1,66548.0,65697.0,5,277,10,4,0,124,5,0,42,12,6,11,-1,26,3,0,1853,0,0,34,0,37,31,13,7,19,1,19,19,13,0,14,BAKERY|PIZZA_SHOP|YARN_STORE|SMOOTHIE_SHOP|BAKERY|BRUNCH_SPOT|PET_CAFE|ICE_CREAM_SHOP
95636879,0,Rayk Kretzschmar,0,46381.0,47704.0,5,277,10,4,0,125,5,0,42,12,6,11,-1,9,17,0,371,0,0,36,0,195,31,25,7,19,1,13,25,1,0,1,BAKERY|SMOOTHIE_SHOP|PET_CAFE|PET_CAFE|BAKERY|ICE_CREAM_SHOP|ICE_CREAM_SHOP|PIZZA_SHOP
95636879,1,lucaskna,1,47704.0,46381.0,5,278,10,4,0,125,5,0,42,12,6,11,-1,3,12,0,379,0,0,62,0,58,31,25,7,19,1,13,25,1,0,1,BAKERY|SMOOTHIE_SHOP|PET_CAFE|PET_CAFE|BAKERY|ICE_CREAM_SHOP|ICE_CREAM_SHOP|PIZZA_SHOP
95639014,0,Seb (allegedly),0,54849.0,59381.0,7,305,12,5,0,102,0,0,38,18,4,8,10,12,5,0,198,0,0,29,0,18,43,13,13,37,1,19,19,1,0,9,BAKERY|SMOOTHIE_SHOP|BAKERY|FARMERS_MARKET|ICE_CREAM_SHOP|BRUNCH_SPOT|FARMERS_MARKET|ICE_CREAM_SHOP
95639014,1,Dmitry Larko,1,59381.0,54849.0,5,277,10,4,0,133,13,0,42,12,6,11,-1,2,11,0,370,0,0,50,0,193,43,13,13,37,1,19,19,1,0,9,BAKERY|SMOOTHIE_SHOP|BAKERY|FARMERS_MARKET|ICE_CREAM_SHOP|BRUNCH_SPOT|FARMERS_MARKET|ICE_CREAM_SHOP
95639029,0,JeremiahMannings,1,62103.0,53891.0,4,263,9,4,0,140,0,0,37,20,6,10,-1,18,2,0,166,0,0,47,6,117,37,19,13,19,1,25,7,13,0,3,PET_CAFE|BRUNCH_SPOT|PIZZA_SHOP|BRUNCH_SPOT|FARMERS_MARKET|BAKERY|YARN_STORE|BAKERY
95639029,1,Nat00,0,53891.0,62103.0,5,277,10,4,0,129,5,0,42,12,6,11,-1,2,21,0,370,0,0,32,0,188,37,19,13,19,1,25,7,13,0,3,PET_CAFE|BRUNCH_SPOT|PIZZA_SHOP|BRUNCH_SPOT|FARMERS_MARKET|BAKERY|YARN_STORE|BAKERY
95639036,0,peikopon,0,88660.0,88747.0,5,278,10,4,0,95,35,2,36,12,6,11,-1,3,14,0,425,0,0,26,0,124,25,37,13,31,1,7,13,13,0,10,FARMERS_MARKET|BRUNCH_SPOT|FARMERS_MARKET|ICE_CREAM_SHOP|PET_CAFE|YARN_STORE|PET_CAFE|SMOOTHIE_SHOP
95639036,1,lucaskna,1,88747.0,88660.0,5,277,8,6,0,125,5,0,42,12,6,11,-1,2,66,0,394,0,0,53,0,57,25,37,13,31,1,7,13,13,0,10,FARMERS_MARKET|BRUNCH_SPOT|FARMERS_MARKET|ICE_CREAM_SHOP|PET_CAFE|YARN_STORE|PET_CAFE|SMOOTHIE_SHOP
95639117,0,Kostiantyn Isaienkov,1,52168.0,47983.0,5,277,6,4,4,131,12,0,42,12,6,11,-1,0,9,18,355,0,0,59,0,177,37,31,19,31,1,19,7,1,0,4,PET_CAFE|BAKERY|FARMERS_MARKET|FARMERS_MARKET|SMOOTHIE_SHOP|BAKERY|BRUNCH_SPOT|FARMERS_MARKET
95639117,1,Victor @ Tufa Labs,0,47983.0,52168.0,5,277,10,4,0,125,5,0,42,12,6,11,-1,3,1,0,2064,0,0,37,0,135,37,31,19,31,1,19,7,1,0,4,PET_CAFE|BAKERY|FARMERS_MARKET|FARMERS_MARKET|SMOOTHIE_SHOP|BAKERY|BRUNCH_SPOT|FARMERS_MARKET
95639139,0,DeeperNet,0,53364.0,65973.0,5,277,6,8,0,133,13,0,42,12,6,11,-1,6,83,0,371,0,0,28,0,192,25,37,13,13,1,13,13,13,0,0,PET_CAFE|BRUNCH_SPOT|YARN_STORE|PET_CAFE|PIZZA_SHOP|BRUNCH_SPOT|PET_CAFE|PIZZA_SHOP
95639139,1,Ryo Hasegawa,1,65973.0,53364.0,5,289,6,7,0,115,43,0,36,11,6,10,-1,47,44,0,72,3,0,101,0,73,25,37,13,13,1,13,13,13,0,0,PET_CAFE|BRUNCH_SPOT|YARN_STORE|PET_CAFE|PIZZA_SHOP|BRUNCH_SPOT|PET_CAFE|PIZZA_SHOP
95641218,0,shyjin,0,127457.0,127981.0,5,277,6,12,0,145,3,0,34,17,6,11,12,8,0,0,748,0,0,34,0,250,25,13,19,25,1,1,19,37,0,13,PIZZA_SHOP|YARN_STORE|ICE_CREAM_SHOP|SMOOTHIE_SHOP|YARN_STORE|YARN_STORE|FARMERS_MARKET|FARMERS_MARKET
95641218,1,Xiaowenhao404,1,127981.0,127457.0,5,277,6,12,0,142,11,0,42,12,6,11,12,0,23,0,1125,0,0,52,4,124,25,13,19,25,1,1,19,37,0,13,PIZZA_SHOP|YARN_STORE|ICE_CREAM_SHOP|SMOOTHIE_SHOP|YARN_STORE|YARN_STORE|FARMERS_MARKET|FARMERS_MARKET
95643599,0,SaiKushal185,0,93504.0,94499.0,5,277,10,4,0,129,5,0,42,12,6,11,-1,3,14,0,279,0,0,46,0,57,31,19,19,25,1,7,25,13,0,5,FARMERS_MARKET|PIZZA_SHOP|PIZZA_SHOP|ICE_CREAM_SHOP|YARN_STORE|SMOOTHIE_SHOP|BRUNCH_SPOT|PET_CAFE
95643599,1,Suneeth reddy,1,94499.0,93504.0,5,277,10,4,0,129,5,0,42,12,6,11,-1,3,14,0,307,0,0,65,0,48,31,19,19,25,1,7,25,13,0,5,FARMERS_MARKET|PIZZA_SHOP|PIZZA_SHOP|ICE_CREAM_SHOP|YARN_STORE|SMOOTHIE_SHOP|BRUNCH_SPOT|PET_CAFE
95643601,0,ReCurSiON,0,132784.0,133381.0,4,262,9,4,0,143,0,0,37,15,6,10,-1,12,6,0,265,0,0,28,6,67,31,7,19,25,1,7,31,13,0,5,SMOOTHIE_SHOP|ICE_CREAM_SHOP|PIZZA_SHOP|SMOOTHIE_SHOP|FARMERS_MARKET|BAKERY|PIZZA_SHOP|YARN_STORE
95643601,1,Laplacenvmv,1,133381.0,132784.0,5,277,10,4,0,125,5,0,42,12,6,11,-1,3,16,0,371,0,0,57,0,192,31,7,19,25,1,7,31,13,0,5,SMOOTHIE_SHOP|ICE_CREAM_SHOP|PIZZA_SHOP|SMOOTHIE_SHOP|FARMERS_MARKET|BAKERY|PIZZA_SHOP|YARN_STORE
95643715,0,Crop Dusta,1,90323.0,79023.0,4,294,7,13,0,195,0,0,12,15,5,9,-1,1,0,0,92,0,0,0,0,55,31,1,13,7,1,19,13,37,0,11,YARN_STORE|BAKERY|PIZZA_SHOP|BAKERY|YARN_STORE|BRUNCH_SPOT|YARN_STORE|PIZZA_SHOP
95643715,1,SaiKushal185,0,79023.0,90323.0,5,277,6,12,0,130,1,0,42,12,6,11,12,35,0,0,448,0,0,98,2,65,31,1,13,7,1,19,13,37,0,11,YARN_STORE|BAKERY|PIZZA_SHOP|BAKERY|YARN_STORE|BRUNCH_SPOT|YARN_STORE|PIZZA_SHOP
95643720,0,Efe Can Celiksoy,1,124140.0,119931.0,5,277,10,4,0,126,16,0,42,12,6,11,-1,9,21,0,435,0,0,26,0,192,37,13,7,31,1,19,25,1,0,9,BRUNCH_SPOT|SMOOTHIE_SHOP|ICE_CREAM_SHOP|PIZZA_SHOP|ICE_CREAM_SHOP|BAKERY|BRUNCH_SPOT|PET_CAFE
95643720,1,feel the borov,0,119931.0,124140.0,5,277,10,4,0,125,5,0,42,12,6,11,-1,3,12,0,371,0,0,61,0,192,37,13,7,31,1,19,25,1,0,9,BRUNCH_SPOT|SMOOTHIE_SHOP|ICE_CREAM_SHOP|PIZZA_SHOP|ICE_CREAM_SHOP|BAKERY|BRUNCH_SPOT|PET_CAFE
95645799,0,shyjin,0,83413.0,85960.0,5,277,10,4,0,125,5,0,42,12,6,11,-1,3,11,0,371,0,0,50,0,192,31,31,13,19,1,13,19,1,0,1,PIZZA_SHOP|ICE_CREAM_SHOP|PET_CAFE|SMOOTHIE_SHOP|FARMERS_MARKET|BAKERY|PET_CAFE|BAKERY
95645799,1,peikopon,1,85960.0,83413.0,5,278,10,5,0,95,35,2,36,12,6,11,-1,3,5,0,351,0,0,26,0,124,31,31,13,19,1,13,19,1,0,1,PIZZA_SHOP|ICE_CREAM_SHOP|PET_CAFE|SMOOTHIE_SHOP|FARMERS_MARKET|BAKERY|PET_CAFE|BAKERY
95645909,0,Xiaowenhao404,1,108228.0,105560.0,5,277,10,4,0,127,14,0,42,12,6,11,-1,11,4,0,617,0,0,45,0,148,25,1,7,25,1,13,19,37,0,11,SMOOTHIE_SHOP|BRUNCH_SPOT|ICE_CREAM_SHOP|PIZZA_SHOP|YARN_STORE|YARN_STORE|YARN_STORE|BRUNCH_SPOT
95645909,1,Subramanya N,0,105560.0,108228.0,6,303,12,9,0,61,11,0,51,16,6,10,-1,93,0,0,42,6,0,66,14,24,25,1,7,25,1,13,19,37,0,11,SMOOTHIE_SHOP|BRUNCH_SPOT|ICE_CREAM_SHOP|PIZZA_SHOP|YARN_STORE|YARN_STORE|YARN_STORE|BRUNCH_SPOT
95645910,0,Ryo Hasegawa,0,65225.0,67105.0,5,290,6,6,0,181,60,0,24,11,5,9,-1,56,12,0,242,6,0,16,0,66,19,25,7,19,1,13,19,13,0,12,BRUNCH_SPOT|PET_CAFE|PET_CAFE|YARN_STORE|PIZZA_SHOP|BAKERY|SMOOTHIE_SHOP|SMOOTHIE_SHOP
95645910,1,Crop Dusta,1,67105.0,65225.0,4,296,4,10,6,79,60,0,29,18,5,8,-1,7,18,4,32,106,0,13,0,10,19,25,7,19,1,13,19,13,0,12,BRUNCH_SPOT|PET_CAFE|PET_CAFE|YARN_STORE|PIZZA_SHOP|BAKERY|SMOOTHIE_SHOP|SMOOTHIE_SHOP
95645912,0,Crop Dusta,1,98090.0,82941.0,4,296,7,10,3,187,0,0,16,18,5,8,-1,43,20,0,55,0,0,0,0,15,37,1,19,7,1,13,25,25,0,5,BAKERY|PIZZA_SHOP|YARN_STORE|ICE_CREAM_SHOP|BAKERY|PIZZA_SHOP|PIZZA_SHOP|YARN_STORE
95645912,1,Arman Tuganbaev,0,82941.0,98090.0,2,236,7,8,0,136,0,0,19,26,7,10,-1,21,28,0,227,0,0,14,41,143,37,1,19,7,1,13,25,25,0,5,BAKERY|PIZZA_SHOP|YARN_STORE|ICE_CREAM_SHOP|BAKERY|PIZZA_SHOP|PIZZA_SHOP|YARN_STORE
95645913,0,カワシギ,0,89444.0,99841.0,5,277,6,12,0,158,13,0,34,20,6,11,12,18,0,0,584,0,0,49,6,257,19,25,13,7,1,7,19,25,0,11,PET_CAFE|YARN_STORE|YARN_STORE|SMOOTHIE_SHOP|BAKERY|PIZZA_SHOP|PIZZA_SHOP|PET_CAFE
95645913,1,Crop Dusta,1,99841.0,89444.0,4,295,3,14,0,136,0,0,15,23,5,9,-1,1,0,0,53,0,0,4,2,20,19,25,13,7,1,7,19,25,0,11,PET_CAFE|YARN_STORE|YARN_STORE|SMOOTHIE_SHOP|BAKERY|PIZZA_SHOP|PIZZA_SHOP|PET_CAFE
95645915,0,Izzoudine Mohamed KANTA,1,119098.0,118361.0,5,277,6,8,0,132,6,0,38,12,6,11,-1,0,76,0,466,0,0,57,0,192,31,13,13,37,1,19,7,25,0,14,SMOOTHIE_SHOP|BRUNCH_SPOT|YARN_STORE|BRUNCH_SPOT|FARMERS_MARKET|YARN_STORE|BRUNCH_SPOT|FARMERS_MARKET
95645915,1,Arman Tuganbaev,0,118361.0,119098.0,2,284,9,10,0,134,8,0,41,9,6,10,-1,87,36,0,128,22,0,50,30,206,31,13,13,37,1,19,7,25,0,14,SMOOTHIE_SHOP|BRUNCH_SPOT|YARN_STORE|BRUNCH_SPOT|FARMERS_MARKET|YARN_STORE|BRUNCH_SPOT|FARMERS_MARKET
95645918,0,tetsuya,0,55246.0,68317.0,6,308,11,4,0,104,56,8,29,10,7,10,-1,18,9,0,92,0,0,4,0,136,25,31,13,13,1,13,13,13,0,0,PIZZA_SHOP|PET_CAFE|BAKERY|SMOOTHIE_SHOP|PET_CAFE|FARMERS_MARKET|YARN_STORE|BAKERY
95645918,1,Crop Dusta,1,68317.0,55246.0,4,297,7,4,0,147,84,0,14,18,5,8,-1,0,0,0,29,148,0,6,0,10,25,31,13,13,1,13,13,13,0,0,PIZZA_SHOP|PET_CAFE|BAKERY|SMOOTHIE_SHOP|PET_CAFE|FARMERS_MARKET|YARN_STORE|BAKERY
95648091,0,shyjin,1,70331.0,69435.0,5,277,10,4,0,125,5,0,42,12,6,11,-1,9,14,0,371,0,0,47,0,192,37,13,7,31,1,25,19,1,0,9,PIZZA_SHOP|PET_CAFE|BRUNCH_SPOT|SMOOTHIE_SHOP|ICE_CREAM_SHOP|BRUNCH_SPOT|BAKERY|BRUNCH_SPOT
95648091,1,James Holland,0,69435.0,70331.0,5,278,10,4,0,123,5,0,42,12,6,11,-1,3,22,0,304,0,0,26,0,123,37,13,7,31,1,25,19,1,0,9,PIZZA_SHOP|PET_CAFE|BRUNCH_SPOT|SMOOTHIE_SHOP|ICE_CREAM_SHOP|BRUNCH_SPOT|BAKERY|BRUNCH_SPOT
95650376,0,Eddy Despradel,0,109244.0,115074.0,5,277,10,4,0,133,13,0,42,12,6,11,-1,9,11,0,371,0,0,65,0,193,37,7,13,37,1,13,25,13,0,9,ICE_CREAM_SHOP|BRUNCH_SPOT|PIZZA_SHOP|BRUNCH_SPOT|SMOOTHIE_SHOP|YARN_STORE|FARMERS_MARKET|ICE_CREAM_SHOP
95650376,1,shyjin,1,115074.0,109244.0,5,277,10,4,0,125,5,0,42,12,6,11,-1,9,14,0,371,0,0,47,0,192,37,7,13,37,1,13,25,13,0,9,ICE_CREAM_SHOP|BRUNCH_SPOT|PIZZA_SHOP|BRUNCH_SPOT|SMOOTHIE_SHOP|YARN_STORE|FARMERS_MARKET|ICE_CREAM_SHOP
95652826,0,peikopon,0,88764.0,89330.0,5,277,10,4,0,100,33,0,34,20,6,11,-1,34,14,0,461,0,0,16,12,138,19,19,13,25,1,1,25,25,0,2,PET_CAFE|SMOOTHIE_SHOP|SMOOTHIE_SHOP|PIZZA_SHOP|YARN_STORE|FARMERS_MARKET|YARN_STORE|ICE_CREAM_SHOP
95652826,1,カワシギ,1,89330.0,88764.0,5,277,10,4,0,121,14,0,42,12,6,11,-1,26,6,0,498,0,0,39,4,113,19,19,13,25,1,1,25,25,0,2,PET_CAFE|SMOOTHIE_SHOP|SMOOTHIE_SHOP|PIZZA_SHOP|YARN_STORE|FARMERS_MARKET|YARN_STORE|ICE_CREAM_SHOP
95652827,0,feel the borov,0,128885.0,132033.0,5,277,10,4,0,125,5,0,42,12,6,11,-1,9,12,0,371,0,0,66,0,192,37,13,19,37,1,7,31,1,0,6,SMOOTHIE_SHOP|FARMERS_MARKET|ICE_CREAM_SHOP|PIZZA_SHOP|FARMERS_MARKET|ICE_CREAM_SHOP|BAKERY|SMOOTHIE_SHOP
95652827,1,Izzoudine Mohamed KANTA,1,132033.0,128885.0,5,277,10,4,0,132,6,0,38,12,6,11,-1,2,4,0,475,0,0,48,0,189,37,13,19,37,1,7,31,1,0,6,SMOOTHIE_SHOP|FARMERS_MARKET|ICE_CREAM_SHOP|PIZZA_SHOP|FARMERS_MARKET|ICE_CREAM_SHOP|BAKERY|SMOOTHIE_SHOP
95654945,0,shyjin,0,57551.0,60051.0,5,277,8,6,0,125,5,0,42,12,6,11,-1,4,47,0,371,0,0,47,0,192,19,43,7,25,1,13,7,13,0,12,PET_CAFE|BRUNCH_SPOT|PET_CAFE|YARN_STORE|FARMERS_MARKET|SMOOTHIE_SHOP|PET_CAFE|BRUNCH_SPOT
95654945,1,Nat00,1,60051.0,57551.0,5,277,8,6,0,129,5,0,42,12,6,11,-1,4,40,0,364,0,0,36,0,188,19,43,7,25,1,13,7,13,0,12,PET_CAFE|BRUNCH_SPOT|PET_CAFE|YARN_STORE|FARMERS_MARKET|SMOOTHIE_SHOP|PET_CAFE|BRUNCH_SPOT
95657400,0,ReCurSiON,0,43138.0,45849.0,4,262,9,4,0,143,0,0,37,20,6,10,-1,12,0,0,265,0,0,28,6,73,37,31,19,19,1,13,19,1,0,4,FARMERS_MARKET|PET_CAFE|PET_CAFE|PIZZA_SHOP|BAKERY|PIZZA_SHOP|ICE_CREAM_SHOP|BRUNCH_SPOT
95657400,1,lucaskna,1,45849.0,43138.0,5,277,8,6,0,122,5,0,34,20,6,11,-1,30,25,0,418,0,0,47,6,67,37,31,19,19,1,13,19,1,0,4,FARMERS_MARKET|PET_CAFE|PET_CAFE|PIZZA_SHOP|BAKERY|PIZZA_SHOP|ICE_CREAM_SHOP|BRUNCH_SPOT
95659525,0,shyjin,1,34506.0,33557.0,5,277,10,4,0,125,5,0,42,12,6,11,-1,9,14,0,371,0,0,47,0,192,31,25,13,7,1,19,19,1,0,0,PET_CAFE|PIZZA_SHOP|BAKERY|BAKERY|BAKERY|SMOOTHIE_SHOP|PET_CAFE|PIZZA_SHOP
95659525,1,Rayk Kretzschmar,0,33557.0,34506.0,5,277,10,4,0,125,5,0,42,12,6,11,-1,9,17,0,371,0,0,37,0,192,31,25,13,7,1,19,19,1,0,0,PET_CAFE|PIZZA_SHOP|BAKERY|BAKERY|BAKERY|SMOOTHIE_SHOP|PET_CAFE|PIZZA_SHOP
95661815,0,shyjin,1,95242.0,94447.0,5,277,10,4,0,125,5,0,42,12,6,11,-1,3,14,0,371,0,0,50,0,192,37,7,13,25,1,19,19,13,0,7,FARMERS_MARKET|ICE_CREAM_SHOP|SMOOTHIE_SHOP|BAKERY|PIZZA_SHOP|BRUNCH_SPOT|YARN_STORE|BAKERY
95661815,1,Michael Timbs,0,94447.0,95242.0,5,277,10,4,0,125,15,0,42,12,6,11,-1,16,11,0,342,0,0,39,0,95,37,7,13,25,1,19,19,13,0,7,FARMERS_MARKET|ICE_CREAM_SHOP|SMOOTHIE_SHOP|BAKERY|PIZZA_SHOP|BRUNCH_SPOT|YARN_STORE|BAKERY
95661838,0,Ryo Hasegawa,1,83759.0,82485.0,5,290,6,7,0,146,14,0,44,11,6,9,-1,26,15,0,116,3,0,84,0,78,25,31,7,31,1,19,7,13,0,0,YARN_STORE|PET_CAFE|SMOOTHIE_SHOP|FARMERS_MARKET|BRUNCH_SPOT|BRUNCH_SPOT|PET_CAFE|BRUNCH_SPOT
95661838,1,Ozi,0,82485.0,83759.0,5,277,6,12,0,128,1,0,42,12,6,11,12,18,0,0,675,0,0,68,2,200,25,31,7,31,1,19,7,13,0,0,YARN_STORE|PET_CAFE|SMOOTHIE_SHOP|FARMERS_MARKET|BRUNCH_SPOT|BRUNCH_SPOT|PET_CAFE|BRUNCH_SPOT
95661994,0,Dmitry Larko,0,61731.0,62225.0,5,277,10,4,0,133,13,0,42,12,6,11,-1,3,20,0,365,0,0,37,0,192,37,25,13,19,1,19,19,1,0,7,PET_CAFE|ICE_CREAM_SHOP|BRUNCH_SPOT|BRUNCH_SPOT|PIZZA_SHOP|BAKERY|PET_CAFE|PIZZA_SHOP
95661994,1,James Holland,1,62225.0,61731.0,5,278,10,4,0,123,5,0,42,12,6,11,-1,3,25,0,304,0,0,25,0,126,37,25,13,19,1,19,19,1,0,7,PET_CAFE|ICE_CREAM_SHOP|BRUNCH_SPOT|BRUNCH_SPOT|PIZZA_SHOP|BAKERY|PET_CAFE|PIZZA_SHOP
95664102,0,shyjin,1,52929.0,51801.0,5,277,8,6,0,125,5,0,42,12,6,11,-1,4,47,0,371,0,0,47,0,192,31,37,13,25,1,19,1,13,0,0,PET_CAFE|BRUNCH_SPOT|PET_CAFE|FARMERS_MARKET|YARN_STORE|FARMERS_MARKET|BRUNCH_SPOT|BAKERY
95664102,1,James Holland,0,51801.0,52929.0,5,278,10,4,0,123,5,0,42,12,6,11,-1,3,22,0,304,0,0,26,0,123,31,37,13,25,1,19,1,13,0,0,PET_CAFE|BRUNCH_SPOT|PET_CAFE|FARMERS_MARKET|YARN_STORE|FARMERS_MARKET|BRUNCH_SPOT|BAKERY
95664186,0,One-For-All,0,89811.0,94439.0,5,277,10,4,0,113,12,0,42,12,6,11,-1,0,4,0,538,0,0,6,4,137,37,19,7,37,1,25,13,1,0,3,ICE_CREAM_SHOP|BRUNCH_SPOT|BRUNCH_SPOT|FARMERS_MARKET|PET_CAFE|BAKERY|SMOOTHIE_SHOP|BRUNCH_SPOT
95664186,1,Crop Dusta,1,94439.0,89811.0,4,296,7,3,0,111,0,0,48,13,5,8,-1,1,1,0,38,0,0,42,0,1,37,19,7,37,1,25,13,1,0,3,ICE_CREAM_SHOP|BRUNCH_SPOT|BRUNCH_SPOT|FARMERS_MARKET|PET_CAFE|BAKERY|SMOOTHIE_SHOP|BRUNCH_SPOT
95664187,0,Victor @ Tufa Labs,0,80454.0,83055.0,5,277,6,12,0,133,2,0,34,20,6,11,12,7,4,0,1989,0,0,29,1,156,37,13,7,25,1,13,25,13,0,1,YARN_STORE|BAKERY|BRUNCH_SPOT|ICE_CREAM_SHOP|ICE_CREAM_SHOP|PET_CAFE|PIZZA_SHOP|ICE_CREAM_SHOP
95664187,1,lucaskna,1,83055.0,80454.0,5,277,6,12,0,145,3,0,34,17,6,11,12,2,0,0,611,0,0,36,0,116,37,13,7,25,1,13,25,13,0,1,YARN_STORE|BAKERY|BRUNCH_SPOT|ICE_CREAM_SHOP|ICE_CREAM_SHOP|PET_CAFE|PIZZA_SHOP|ICE_CREAM_SHOP
95664263,0,JeremiahMannings,1,116358.0,111679.0,4,263,9,4,0,160,0,0,37,15,6,10,-1,18,9,0,200,0,0,47,0,117,25,37,19,25,1,7,19,1,0,10,SMOOTHIE_SHOP|FARMERS_MARKET|PIZZA_SHOP|FARMERS_MARKET|SMOOTHIE_SHOP|PET_CAFE|BAKERY|PET_CAFE
95664263,1,Kostiantyn Isaienkov,0,111679.0,116358.0,5,277,10,4,0,135,14,0,34,20,6,11,-1,21,10,0,534,0,0,16,10,134,25,37,19,25,1,7,19,1,0,10,SMOOTHIE_SHOP|FARMERS_MARKET|PIZZA_SHOP|FARMERS_MARKET|SMOOTHIE_SHOP|PET_CAFE|BAKERY|PET_CAFE
95666384,0,Ryo Hasegawa,1,102627.0,97098.0,5,290,8,4,0,160,0,0,36,11,6,10,-1,39,34,0,205,0,0,22,0,51,37,19,19,25,1,13,19,13,0,7,ICE_CREAM_SHOP|FARMERS_MARKET|BRUNCH_SPOT|BRUNCH_SPOT|PIZZA_SHOP|YARN_STORE|PET_CAFE|PIZZA_SHOP
95666384,1,shyjin,0,97098.0,102627.0,5,277,10,4,0,125,5,0,42,12,6,11,-1,2,26,0,384,0,0,47,0,184,37,19,19,25,1,13,19,13,0,7,ICE_CREAM_SHOP|FARMERS_MARKET|BRUNCH_SPOT|BRUNCH_SPOT|PIZZA_SHOP|YARN_STORE|PET_CAFE|PIZZA_SHOP
95666470,0,DeeperNet,1,98233.0,82391.0,5,277,6,8,0,133,13,0,42,12,6,11,-1,12,73,0,371,0,0,46,0,192,43,13,13,37,1,19,13,13,0,9,BAKERY|ICE_CREAM_SHOP|YARN_STORE|BRUNCH_SPOT|FARMERS_MARKET|ICE_CREAM_SHOP|FARMERS_MARKET|BRUNCH_SPOT
95666470,1,Efe Can Celiksoy,0,82391.0,98233.0,5,277,10,4,0,126,16,0,42,12,6,11,-1,23,21,0,435,0,0,33,0,192,43,13,13,37,1,19,13,13,0,9,BAKERY|ICE_CREAM_SHOP|YARN_STORE|BRUNCH_SPOT|FARMERS_MARKET|ICE_CREAM_SHOP|FARMERS_MARKET|BRUNCH_SPOT
95668666,0,Xiaowenhao404,0,57644.0,58260.0,5,277,8,6,0,129,14,0,42,12,6,11,-1,62,54,0,973,0,0,65,10,157,49,7,7,37,1,43,1,1,0,3,BAKERY|BRUNCH_SPOT|BAKERY|FARMERS_MARKET|BRUNCH_SPOT|BRUNCH_SPOT|BRUNCH_SPOT|BRUNCH_SPOT
95668666,1,shyjin,1,58260.0,57644.0,5,277,8,6,0,125,5,0,42,12,6,11,-1,1,44,0,371,0,0,62,0,192,49,7,7,37,1,43,1,1,0,3,BAKERY|BRUNCH_SPOT|BAKERY|FARMERS_MARKET|BRUNCH_SPOT|BRUNCH_SPOT|BRUNCH_SPOT|BRUNCH_SPOT
95668728,0,Xiaowenhao404,1,68232.0,64737.0,5,277,6,8,0,131,14,0,42,12,6,11,-1,21,33,0,839,1,0,86,10,156,43,7,7,25,1,25,13,13,0,14,BAKERY|BRUNCH_SPOT|YARN_STORE|BAKERY|FARMERS_MARKET|ICE_CREAM_SHOP|BAKERY|ICE_CREAM_SHOP
95668728,1,Kostiantyn Isaienkov,0,64737.0,68232.0,5,277,6,6,2,131,12,0,42,12,6,11,-1,0,63,12,344,0,0,59,0,177,43,7,7,25,1,25,13,13,0,14,BAKERY|BRUNCH_SPOT|YARN_STORE|BAKERY|FARMERS_MARKET|ICE_CREAM_SHOP|BAKERY|ICE_CREAM_SHOP
95670944,0,shyjin,1,110405.0,105556.0,5,277,10,4,0,125,5,0,42,12,6,11,-1,3,15,0,371,0,0,61,0,192,43,1,13,25,1,13,37,1,0,6,PIZZA_SHOP|ICE_CREAM_SHOP|PIZZA_SHOP|ICE_CREAM_SHOP|BAKERY|SMOOTHIE_SHOP|BAKERY|ICE_CREAM_SHOP
95670944,1,Xiaowenhao404,0,105556.0,110405.0,5,277,10,4,0,127,15,0,42,12,6,11,-1,5,30,0,617,0,0,107,10,151,43,1,13,25,1,13,37,1,0,6,PIZZA_SHOP|ICE_CREAM_SHOP|PIZZA_SHOP|ICE_CREAM_SHOP|BAKERY|SMOOTHIE_SHOP|BAKERY|ICE_CREAM_SHOP
95671055,0,Nat00,0,100086.0,100575.0,5,277,6,12,0,150,3,0,34,17,6,11,12,8,0,0,732,0,0,40,0,246,31,1,13,13,1,13,25,25,0,2,SMOOTHIE_SHOP|YARN_STORE|BAKERY|PIZZA_SHOP|PIZZA_SHOP|ICE_CREAM_SHOP|YARN_STORE|BAKERY
95671055,1,Suneeth reddy,1,100575.0,100086.0,5,277,6,12,0,150,3,0,34,20,6,11,12,6,0,0,572,0,0,49,0,99,31,1,13,13,1,13,25,25,0,2,SMOOTHIE_SHOP|YARN_STORE|BAKERY|PIZZA_SHOP|PIZZA_SHOP|ICE_CREAM_SHOP|YARN_STORE|BAKERY
95671056,0,ReCurSiON,0,99874.0,110500.0,4,262,9,4,0,143,0,0,37,15,6,10,-1,12,0,0,265,0,0,28,6,67,37,31,25,19,1,1,31,1,0,5,PIZZA_SHOP|ICE_CREAM_SHOP|PIZZA_SHOP|FARMERS_MARKET|PET_CAFE|ICE_CREAM_SHOP|PIZZA_SHOP|PET_CAFE
95671056,1,lucaskna,1,110500.0,99874.0,5,277,10,4,0,123,6,0,34,20,6,11,-1,3,11,0,310,0,0,0,12,64,37,31,25,19,1,1,31,1,0,5,PIZZA_SHOP|ICE_CREAM_SHOP|PIZZA_SHOP|FARMERS_MARKET|PET_CAFE|ICE_CREAM_SHOP|PIZZA_SHOP|PET_CAFE
95671099,0,SaiKushal185,0,119828.0,121147.0,5,277,10,4,0,129,5,0,42,12,6,11,-1,2,14,0,279,0,0,106,0,57,25,13,19,19,1,1,37,13,0,5,PIZZA_SHOP|ICE_CREAM_SHOP|PIZZA_SHOP|SMOOTHIE_SHOP|SMOOTHIE_SHOP|PET_CAFE|YARN_STORE|PIZZA_SHOP
95671099,1,peikopon,1,121147.0,119828.0,5,277,10,5,0,126,5,4,34,12,6,11,-1,3,10,0,332,0,1,26,0,131,25,13,19,19,1,1,37,13,0,5,PIZZA_SHOP|ICE_CREAM_SHOP|PIZZA_SHOP|SMOOTHIE_SHOP|SMOOTHIE_SHOP|PET_CAFE|YARN_STORE|PIZZA_SHOP
95673229,0,Nat00,0,99594.0,100994.0,5,277,10,4,0,129,5,0,42,12,6,11,-1,8,16,0,364,0,0,36,0,188,31,19,19,31,1,13,7,25,0,13,BRUNCH_SPOT|FARMERS_MARKET|SMOOTHIE_SHOP|YARN_STORE|FARMERS_MARKET|YARN_STORE|BAKERY|FARMERS_MARKET
95673229,1,shyjin,1,100994.0,99594.0,5,277,10,4,0,125,5,0,42,12,6,11,-1,9,14,0,371,0,0,47,0,192,31,19,19,31,1,13,7,25,0,13,BRUNCH_SPOT|FARMERS_MARKET|SMOOTHIE_SHOP|YARN_STORE|FARMERS_MARKET|YARN_STORE|BAKERY|FARMERS_MARKET
95673336,0,Crop Dusta,0,55708.0,57262.0,4,295,9,4,3,137,0,0,28,22,5,8,-1,0,0,0,39,0,0,16,0,21,31,25,7,19,1,19,19,1,0,1,BAKERY|SMOOTHIE_SHOP|PET_CAFE|PIZZA_SHOP|BAKERY|BRUNCH_SPOT|ICE_CREAM_SHOP|PET_CAFE
95673336,1,Ryo Hasegawa,1,57262.0,55708.0,5,290,10,2,0,210,10,0,24,11,5,10,-1,34,14,0,346,3,0,39,0,78,31,25,7,19,1,19,19,1,0,1,BAKERY|SMOOTHIE_SHOP|PET_CAFE|PIZZA_SHOP|BAKERY|BRUNCH_SPOT|ICE_CREAM_SHOP|PET_CAFE
95673339,0,Izzoudine Mohamed KANTA,0,139297.0,146311.0,5,277,10,4,0,132,6,0,38,12,6,11,-1,3,8,0,432,0,0,56,0,193,31,7,13,31,1,1,31,25,0,2,ICE_CREAM_SHOP|FARMERS_MARKET|ICE_CREAM_SHOP|PIZZA_SHOP|ICE_CREAM_SHOP|YARN_STORE|SMOOTHIE_SHOP|YARN_STORE
95673339,1,Arman Tuganbaev,1,146311.0,139297.0,2,278,11,4,0,139,8,0,41,11,6,10,-1,102,42,0,166,19,0,30,30,149,31,7,13,31,1,1,31,25,0,2,ICE_CREAM_SHOP|FARMERS_MARKET|ICE_CREAM_SHOP|PIZZA_SHOP|ICE_CREAM_SHOP|YARN_STORE|SMOOTHIE_SHOP|YARN_STORE
95673340,0,Subramanya N,1,137849.0,105948.0,6,305,10,15,0,167,11,0,13,20,6,10,-1,13,63,0,213,6,0,0,14,31,37,13,25,19,1,7,19,25,0,5,YARN_STORE|YARN_STORE|PIZZA_SHOP|ICE_CREAM_SHOP|PIZZA_SHOP|FARMERS_MARKET|BAKERY|FARMERS_MARKET
95673340,1,Izzoudine Mohamed KANTA,0,105948.0,137849.0,5,277,6,12,0,135,3,0,42,12,6,11,12,26,1,0,696,0,0,49,2,199,37,13,25,19,1,7,19,25,0,5,YARN_STORE|YARN_STORE|PIZZA_SHOP|ICE_CREAM_SHOP|PIZZA_SHOP|FARMERS_MARKET|BAKERY|FARMERS_MARKET
95673341,0,Arman Tuganbaev,0,107193.0,116708.0,2,266,6,9,0,137,0,0,35,26,7,9,-1,20,69,0,179,0,0,23,84,114,25,1,13,25,1,13,31,13,0,2,YARN_STORE|BRUNCH_SPOT|SMOOTHIE_SHOP|PIZZA_SHOP|SMOOTHIE_SHOP|BAKERY|SMOOTHIE_SHOP|PIZZA_SHOP
95673341,1,Crop Dusta,1,116708.0,107193.0,4,295,10,10,0,129,0,0,40,15,5,8,-1,46,4,0,46,0,0,40,0,15,25,1,13,25,1,13,31,13,0,2,YARN_STORE|BRUNCH_SPOT|SMOOTHIE_SHOP|PIZZA_SHOP|SMOOTHIE_SHOP|BAKERY|SMOOTHIE_SHOP|PIZZA_SHOP
95673342,0,Arman Tuganbaev,1,81381.0,75606.0,2,277,11,4,0,141,8,0,41,11,6,10,-1,122,51,0,161,19,0,113,30,152,31,19,13,31,1,13,25,1,0,1,ICE_CREAM_SHOP|BAKERY|PIZZA_SHOP|PET_CAFE|SMOOTHIE_SHOP|BRUNCH_SPOT|SMOOTHIE_SHOP|FARMERS_MARKET
95673342,1,Izzoudine Mohamed KANTA,0,75606.0,81381.0,5,277,10,4,0,132,6,0,38,12,6,11,-1,3,3,0,482,0,0,57,0,195,31,19,13,31,1,13,25,1,0,1,ICE_CREAM_SHOP|BAKERY|PIZZA_SHOP|PET_CAFE|SMOOTHIE_SHOP|BRUNCH_SPOT|SMOOTHIE_SHOP|FARMERS_MARKET
95673343,0,lucaskna,1,56608.0,53619.0,5,277,6,12,0,145,3,0,34,17,6,11,12,0,0,0,622,0,0,37,0,113,31,31,13,7,1,19,7,13,0,0,YARN_STORE|PIZZA_SHOP|BAKERY|PET_CAFE|BAKERY|FARMERS_MARKET|BAKERY|PET_CAFE
95673343,1,Xiaowenhao404,0,53619.0,56608.0,5,277,6,12,0,142,10,0,42,12,6,11,12,25,27,0,1115,0,0,71,4,124,31,31,13,7,1,19,7,13,0,0,YARN_STORE|PIZZA_SHOP|BAKERY|PET_CAFE|BAKERY|FARMERS_MARKET|BAKERY|PET_CAFE
95673344,0,Arman Tuganbaev,0,87767.0,87913.0,2,253,8,12,0,146,0,2,28,11,6,11,-1,16,76,0,199,0,2,92,6,151,37,1,13,25,1,19,25,13,0,7,PIZZA_SHOP|YARN_STORE|BRUNCH_SPOT|PIZZA_SHOP|BAKERY|BRUNCH_SPOT|SMOOTHIE_SHOP|ICE_CREAM_SHOP
95673344,1,tetsuya,1,87913.0,87767.0,6,310,5,10,0,159,0,0,30,15,7,10,-1,27,13,0,140,0,0,5,6,111,37,1,13,25,1,19,25,13,0,7,PIZZA_SHOP|YARN_STORE|BRUNCH_SPOT|PIZZA_SHOP|BAKERY|BRUNCH_SPOT|SMOOTHIE_SHOP|ICE_CREAM_SHOP
95675522,0,shyjin,1,94353.0,93316.0,5,277,10,4,0,125,5,0,42,12,6,11,-1,9,14,0,371,0,0,47,0,192,49,7,25,25,1,13,31,1,0,6,BRUNCH_SPOT|PIZZA_SHOP|PIZZA_SHOP|ICE_CREAM_SHOP|PIZZA_SHOP|FARMERS_MARKET|BAKERY|ICE_CREAM_SHOP
95675522,1,Suneeth reddy,0,93316.0,94353.0,5,277,10,4,0,129,5,0,42,12,6,11,-1,3,14,0,307,0,0,71,0,48,49,7,25,25,1,13,31,1,0,6,BRUNCH_SPOT|PIZZA_SHOP|PIZZA_SHOP|ICE_CREAM_SHOP|PIZZA_SHOP|FARMERS_MARKET|BAKERY|ICE_CREAM_SHOP
95675658,0,Luan Kunyu,0,56111.0,56801.0,5,277,10,4,0,125,5,0,42,12,6,11,-1,9,14,0,365,0,0,42,0,192,25,43,13,25,1,13,13,1,0,10,PIZZA_SHOP|PET_CAFE|BRUNCH_SPOT|FARMERS_MARKET|SMOOTHIE_SHOP|PET_CAFE|PET_CAFE|BRUNCH_SPOT
95675658,1,SaiKushal185,1,56801.0,56111.0,5,277,10,4,0,129,5,0,42,12,6,11,-1,3,14,0,279,0,0,46,0,57,25,43,13,25,1,13,13,1,0,10,PIZZA_SHOP|PET_CAFE|BRUNCH_SPOT|FARMERS_MARKET|SMOOTHIE_SHOP|PET_CAFE|PET_CAFE|BRUNCH_SPOT
95677810,0,Crop Dusta,1,82216.0,68070.0,4,295,3,3,7,184,0,0,24,17,5,8,-1,0,0,26,41,0,0,1,0,5,37,19,7,31,1,31,7,1,0,3,BRUNCH_SPOT|BAKERY|BAKERY|BRUNCH_SPOT|BRUNCH_SPOT|FARMERS_MARKET|PET_CAFE|SMOOTHIE_SHOP
95677810,1,shyjin,0,68070.0,82216.0,5,277,8,6,0,125,5,0,42,12,6,11,-1,1,69,0,371,0,0,51,0,192,37,19,7,31,1,31,7,1,0,3,BRUNCH_SPOT|BAKERY|BAKERY|BRUNCH_SPOT|BRUNCH_SPOT|FARMERS_MARKET|PET_CAFE|SMOOTHIE_SHOP
95680099,0,shyjin,0,134536.0,137119.0,5,277,6,8,0,125,5,0,42,12,6,11,-1,1,75,0,371,0,0,50,0,192,19,13,7,31,1,7,31,13,0,8,SMOOTHIE_SHOP|SMOOTHIE_SHOP|YARN_STORE|BRUNCH_SPOT|ICE_CREAM_SHOP|PET_CAFE|SMOOTHIE_SHOP|PIZZA_SHOP
95680099,1,Kostiantyn Isaienkov,1,137119.0,134536.0,5,277,6,8,0,131,12,0,42,12,6,11,-1,0,94,0,348,0,0,59,0,177,19,13,7,31,1,7,31,13,0,8,SMOOTHIE_SHOP|SMOOTHIE_SHOP|YARN_STORE|BRUNCH_SPOT|ICE_CREAM_SHOP|PET_CAFE|SMOOTHIE_SHOP|PIZZA_SHOP
95680134,0,Kobe BRYANT,1,123857.0,123213.0,5,277,10,4,0,132,6,0,38,12,6,11,-1,2,10,0,429,0,0,48,0,189,43,19,25,37,1,7,19,13,0,4,ICE_CREAM_SHOP|ICE_CREAM_SHOP|BRUNCH_SPOT|PIZZA_SHOP|FARMERS_MARKET|FARMERS_MARKET|YARN_STORE|FARMERS_MARKET
95680134,1,Victor @ Tufa Labs,0,123213.0,123857.0,5,277,10,4,0,125,5,0,42,12,6,11,-1,3,1,0,2037,0,0,37,0,135,43,19,25,37,1,7,19,13,0,4,ICE_CREAM_SHOP|ICE_CREAM_SHOP|BRUNCH_SPOT|PIZZA_SHOP|FARMERS_MARKET|FARMERS_MARKET|YARN_STORE|FARMERS_MARKET
95682436,0,peikopon,1,67323.0,64146.0,5,278,10,4,0,93,35,0,38,12,6,11,-1,3,9,0,326,0,0,26,0,123,25,25,1,25,1,19,13,13,0,0,SMOOTHIE_SHOP|BAKERY|BRUNCH_SPOT|PET_CAFE|PET_CAFE|ICE_CREAM_SHOP|YARN_STORE|BRUNCH_SPOT
95682436,1,Kostiantyn Isaienkov,0,64146.0,67323.0,5,277,10,4,0,131,12,0,42,12,6,11,-1,2,9,0,355,0,0,59,0,177,25,25,1,25,1,19,13,13,0,0,SMOOTHIE_SHOP|BAKERY|BRUNCH_SPOT|PET_CAFE|PET_CAFE|ICE_CREAM_SHOP|YARN_STORE|BRUNCH_SPOT
95682437,0,Arman Tuganbaev,1,101962.0,92861.0,2,246,6,10,0,133,0,0,32,11,6,11,-1,32,64,0,181,0,0,83,18,153,19,19,13,25,1,7,19,25,0,13,YARN_STORE|PET_CAFE|SMOOTHIE_SHOP|SMOOTHIE_SHOP|FARMERS_MARKET|PIZZA_SHOP|BRUNCH_SPOT|YARN_STORE
95682437,1,カワシギ,0,92861.0,101962.0,5,277,6,12,0,151,15,0,34,20,6,11,12,0,8,0,662,0,0,5,7,215,19,19,13,25,1,7,19,25,0,13,YARN_STORE|PET_CAFE|SMOOTHIE_SHOP|SMOOTHIE_SHOP|FARMERS_MARKET|PIZZA_SHOP|BRUNCH_SPOT|YARN_STORE
95682438,0,feel the borov,0,79147.0,82730.0,5,277,6,12,0,145,3,0,34,17,6,11,12,22,0,0,748,0,0,32,0,250,31,7,13,31,1,13,25,13,0,9,BAKERY|YARN_STORE|BRUNCH_SPOT|PIZZA_SHOP|ICE_CREAM_SHOP|FARMERS_MARKET|SMOOTHIE_SHOP|SMOOTHIE_SHOP
95682438,1,Crop Dusta,1,82730.0,79147.0,4,294,3,10,0,160,0,0,24,11,5,9,-1,0,0,0,51,0,0,21,0,9,31,7,13,31,1,13,25,13,0,9,BAKERY|YARN_STORE|BRUNCH_SPOT|PIZZA_SHOP|ICE_CREAM_SHOP|FARMERS_MARKET|SMOOTHIE_SHOP|SMOOTHIE_SHOP
95684664,0,Eddy Despradel,0,111219.0,114235.0,5,277,10,4,0,133,13,0,42,12,6,11,-1,9,11,0,371,0,0,66,0,192,25,19,13,31,1,13,25,1,0,1,SMOOTHIE_SHOP|SMOOTHIE_SHOP|BRUNCH_SPOT|BAKERY|SMOOTHIE_SHOP|FARMERS_MARKET|PET_CAFE|PIZZA_SHOP
95684664,1,shyjin,1,114235.0,111219.0,5,277,10,4,0,125,5,0,42,12,6,11,-1,9,14,0,371,0,0,47,0,192,25,19,13,31,1,13,25,1,0,1,SMOOTHIE_SHOP|SMOOTHIE_SHOP|BRUNCH_SPOT|BAKERY|SMOOTHIE_SHOP|FARMERS_MARKET|PET_CAFE|PIZZA_SHOP
95686966,0,DeeperNet,0,93484.0,94498.0,5,277,6,12,0,153,10,0,34,17,6,11,12,6,15,0,742,0,0,46,0,250,37,1,25,13,1,7,37,13,0,5,ICE_CREAM_SHOP|YARN_STORE|PIZZA_SHOP|BAKERY|PIZZA_SHOP|PIZZA_SHOP|SMOOTHIE_SHOP|PIZZA_SHOP
95686966,1,shyjin,1,94498.0,93484.0,5,277,6,12,0,145,3,0,34,17,6,11,12,8,0,0,742,0,0,53,0,250,37,1,25,13,1,7,37,13,0,5,ICE_CREAM_SHOP|YARN_STORE|PIZZA_SHOP|BAKERY|PIZZA_SHOP|PIZZA_SHOP|SMOOTHIE_SHOP|PIZZA_SHOP
95687005,0,Seb (allegedly),1,79522.0,75479.0,7,309,5,14,0,123,0,0,30,19,4,9,10,29,16,0,211,0,0,2,6,19,37,19,13,25,1,19,13,13,0,7,YARN_STORE|FARMERS_MARKET|BRUNCH_SPOT|PIZZA_SHOP|BAKERY|ICE_CREAM_SHOP|BRUNCH_SPOT|PET_CAFE
95687005,1,peikopon,0,75479.0,79522.0,5,278,6,12,0,132,7,2,32,20,6,11,12,6,4,0,677,0,4,32,1,269,37,19,13,25,1,19,13,13,0,7,YARN_STORE|FARMERS_MARKET|BRUNCH_SPOT|PIZZA_SHOP|BAKERY|ICE_CREAM_SHOP|BRUNCH_SPOT|PET_CAFE
95687024,0,peikopon,1,71945.0,71019.0,5,277,10,4,0,126,6,0,34,20,6,11,-1,37,11,0,476,0,0,25,12,141,37,7,19,25,1,19,19,13,0,7,BRUNCH_SPOT|BAKERY|SMOOTHIE_SHOP|PIZZA_SHOP|YARN_STORE|PIZZA_SHOP|BRUNCH_SPOT|FARMERS_MARKET
95687024,1,ReCurSiON,0,71019.0,71945.0,4,262,9,4,0,143,0,0,37,20,6,10,-1,12,0,0,265,0,0,28,6,67,37,7,19,25,1,19,19,13,0,7,BRUNCH_SPOT|BAKERY|SMOOTHIE_SHOP|PIZZA_SHOP|YARN_STORE|PIZZA_SHOP|BRUNCH_SPOT|FARMERS_MARKET
95689247,0,Nat00,0,56003.0,56190.0,5,277,8,6,0,129,5,0,42,12,6,11,-1,4,40,0,364,0,0,36,0,188,43,13,1,19,1,43,1,1,0,3,BRUNCH_SPOT|BAKERY|BRUNCH_SPOT|BRUNCH_SPOT|BAKERY|PET_CAFE|BAKERY|BAKERY
95689247,1,shyjin,1,56190.0,56003.0,5,277,8,6,0,125,5,0,42,12,6,11,-1,4,47,0,371,0,0,47,0,192,43,13,1,19,1,43,1,1,0,3,BRUNCH_SPOT|BAKERY|BRUNCH_SPOT|BRUNCH_SPOT|BAKERY|PET_CAFE|BAKERY|BAKERY
95689313,0,shyjin,0,62523.0,63174.0,5,277,10,4,0,125,5,0,42,12,6,11,-1,9,14,0,371,0,0,47,0,192,25,19,13,19,1,13,19,13,0,1,PET_CAFE|FARMERS_MARKET|SMOOTHIE_SHOP|BAKERY|SMOOTHIE_SHOP|YARN_STORE|PIZZA_SHOP|BAKERY
95689313,1,Giulio Ravasio,1,63174.0,62523.0,5,278,10,4,0,123,5,0,42,12,6,11,-1,3,19,0,302,0,0,26,0,123,25,19,13,19,1,13,19,13,0,1,PET_CAFE|FARMERS_MARKET|SMOOTHIE_SHOP|BAKERY|SMOOTHIE_SHOP|YARN_STORE|PIZZA_SHOP|BAKERY
95691607,0,James Holland,0,89063.0,95447.0,5,278,10,4,0,123,5,0,42,12,6,11,-1,3,27,0,304,0,0,26,0,123,31,31,19,37,1,7,13,13,0,4,BRUNCH_SPOT|FARMERS_MARKET|PET_CAFE|YARN_STORE|FARMERS_MARKET|SMOOTHIE_SHOP|ICE_CREAM_SHOP|FARMERS_MARKET
95691607,1,SaiKushal185,1,95447.0,89063.0,5,277,8,6,0,129,5,0,42,12,6,11,-1,1,36,0,279,0,0,46,0,57,31,31,19,37,1,7,13,13,0,4,BRUNCH_SPOT|FARMERS_MARKET|PET_CAFE|YARN_STORE|FARMERS_MARKET|SMOOTHIE_SHOP|ICE_CREAM_SHOP|FARMERS_MARKET
95693847,0,One-For-All,0,93575.0,104084.0,5,277,6,8,0,121,12,0,42,12,6,11,-1,3,4,0,471,1,0,25,10,144,31,13,19,37,1,7,31,1,0,6,FARMERS_MARKET|BAKERY|SMOOTHIE_SHOP|SMOOTHIE_SHOP|ICE_CREAM_SHOP|FARMERS_MARKET|SMOOTHIE_SHOP|PIZZA_SHOP
95693847,1,Laplacenvmv,1,104084.0,93575.0,5,277,10,4,0,125,5,0,42,12,6,11,-1,3,12,0,371,0,0,54,0,192,31,13,19,37,1,7,31,1,0,6,FARMERS_MARKET|BAKERY|SMOOTHIE_SHOP|SMOOTHIE_SHOP|ICE_CREAM_SHOP|FARMERS_MARKET|SMOOTHIE_SHOP|PIZZA_SHOP
95696126,0,Giulio Ravasio,0,122864.0,134077.0,5,276,10,4,0,136,14,0,34,20,6,11,-1,48,4,0,413,0,0,36,5,138,25,7,7,25,1,7,19,37,0,11,ICE_CREAM_SHOP|SMOOTHIE_SHOP|YARN_STORE|YARN_STORE|ICE_CREAM_SHOP|BAKERY|YARN_STORE|FARMERS_MARKET
95696126,1,Ryo Hasegawa,1,134077.0,122864.0,5,290,8,8,0,137,0,0,36,11,6,10,-1,0,0,0,111,0,0,17,0,110,25,7,7,25,1,7,19,37,0,11,ICE_CREAM_SHOP|SMOOTHIE_SHOP|YARN_STORE|YARN_STORE|ICE_CREAM_SHOP|BAKERY|YARN_STORE|FARMERS_MARKET
95696149,0,Efe Can Celiksoy,0,74126.0,98143.0,5,277,10,4,0,126,16,0,42,12,6,11,-1,21,22,0,430,0,0,33,0,192,31,25,13,19,1,19,1,25,0,0,YARN_STORE|BRUNCH_SPOT|FARMERS_MARKET|YARN_STORE|FARMERS_MARKET|BAKERY|BAKERY|PET_CAFE
95696149,1,Cengizhan Tümer,1,98143.0,74126.0,5,277,6,12,0,136,9,0,42,12,6,11,12,16,0,0,675,0,0,60,2,200,31,25,13,19,1,19,1,25,0,0,YARN_STORE|BRUNCH_SPOT|FARMERS_MARKET|YARN_STORE|FARMERS_MARKET|BAKERY|BAKERY|PET_CAFE
95698429,0,Kostiantyn Isaienkov,1,81815.0,75938.0,5,277,6,4,4,131,12,0,42,12,6,11,-1,0,9,18,346,0,0,59,0,177,31,25,19,37,1,13,19,1,0,4,BRUNCH_SPOT|PET_CAFE|FARMERS_MARKET|SMOOTHIE_SHOP|PIZZA_SHOP|FARMERS_MARKET|SMOOTHIE_SHOP|BRUNCH_SPOT
95698429,1,feel the borov,0,75938.0,81815.0,5,277,8,6,0,125,5,0,42,12,6,11,-1,1,44,0,371,0,0,54,0,192,31,25,19,37,1,13,19,1,0,4,BRUNCH_SPOT|PET_CAFE|FARMERS_MARKET|SMOOTHIE_SHOP|PIZZA_SHOP|FARMERS_MARKET|SMOOTHIE_SHOP|BRUNCH_SPOT
95700738,0,ReCurSiON,1,108688.0,102563.0,4,262,6,7,0,143,0,0,37,15,6,10,-1,6,42,0,248,0,0,28,6,65,43,19,19,43,1,25,1,13,0,3,YARN_STORE|BRUNCH_SPOT|BRUNCH_SPOT|BRUNCH_SPOT|BRUNCH_SPOT|FARMERS_MARKET|FARMERS_MARKET|FARMERS_MARKET
95700738,1,Suneeth reddy,0,102563.0,108688.0,5,277,6,12,0,130,1,0,42,12,6,11,12,38,0,0,458,0,0,44,2,64,43,19,19,43,1,25,1,13,0,3,YARN_STORE|BRUNCH_SPOT|BRUNCH_SPOT|BRUNCH_SPOT|BRUNCH_SPOT|FARMERS_MARKET|FARMERS_MARKET|FARMERS_MARKET
95700739,0,Laplacenvmv,0,121048.0,121572.0,5,277,10,4,0,125,5,0,42,12,6,11,-1,5,17,0,371,0,0,34,0,192,25,13,13,19,1,7,31,13,0,2,PIZZA_SHOP|ICE_CREAM_SHOP|SMOOTHIE_SHOP|YARN_STORE|PIZZA_SHOP|BAKERY|PET_CAFE|SMOOTHIE_SHOP
95700739,1,lucaskna,1,121572.0,121048.0,5,278,10,4,0,125,5,0,42,12,6,11,-1,9,39,0,279,0,0,56,0,57,25,13,13,19,1,7,31,13,0,2,PIZZA_SHOP|ICE_CREAM_SHOP|SMOOTHIE_SHOP|YARN_STORE|PIZZA_SHOP|BAKERY|PET_CAFE|SMOOTHIE_SHOP
95700758,0,Xiaowenhao404,0,97239.0,97658.0,5,277,10,4,0,127,15,0,42,12,6,11,-1,17,25,0,634,0,0,33,10,150,37,19,19,31,1,13,25,1,0,6,PIZZA_SHOP|BRUNCH_SPOT|SMOOTHIE_SHOP|FARMERS_MARKET|BRUNCH_SPOT|ICE_CREAM_SHOP|PIZZA_SHOP|PET_CAFE
95700758,1,Giulio Ravasio,1,97658.0,97239.0,5,278,10,4,0,123,5,0,42,12,6,11,-1,3,19,0,302,0,0,26,0,123,37,19,19,31,1,13,25,1,0,6,PIZZA_SHOP|BRUNCH_SPOT|SMOOTHIE_SHOP|FARMERS_MARKET|BRUNCH_SPOT|ICE_CREAM_SHOP|PIZZA_SHOP|PET_CAFE
95702942,0,SaiKushal185,0,62572.0,89276.0,5,277,10,4,0,129,5,0,42,12,6,11,-1,3,14,0,279,0,0,106,0,57,25,25,13,13,1,13,13,25,0,13,BRUNCH_SPOT|PIZZA_SHOP|PET_CAFE|YARN_STORE|PET_CAFE|YARN_STORE|PIZZA_SHOP|BRUNCH_SPOT
95702942,1,Crop Dusta,1,89276.0,62572.0,4,295,7,13,0,118,63,0,24,19,5,8,-1,2,21,0,42,115,0,8,5,16,25,25,13,13,1,13,13,25,0,13,BRUNCH_SPOT|PIZZA_SHOP|PET_CAFE|YARN_STORE|PET_CAFE|YARN_STORE|PIZZA_SHOP|BRUNCH_SPOT
95703021,0,peikopon,1,115582.0,111082.0,5,278,10,4,0,125,5,2,36,12,6,11,-1,3,6,0,353,0,0,26,0,124,37,19,13,25,1,19,19,1,0,7,ICE_CREAM_SHOP|PIZZA_SHOP|SMOOTHIE_SHOP|FARMERS_MARKET|BRUNCH_SPOT|BAKERY|BAKERY|PET_CAFE
95703021,1,Xiaowenhao404,0,111082.0,115582.0,5,277,10,4,0,127,15,0,42,12,6,11,-1,10,25,0,627,0,0,38,10,150,37,19,13,25,1,19,19,1,0,7,ICE_CREAM_SHOP|PIZZA_SHOP|SMOOTHIE_SHOP|FARMERS_MARKET|BRUNCH_SPOT|BAKERY|BAKERY|PET_CAFE
95703023,0,James Holland,0,95013.0,104131.0,5,277,6,12,0,141,7,0,34,12,6,11,12,10,4,0,678,0,0,34,0,239,25,19,7,19,1,13,7,37,0,11,FARMERS_MARKET|YARN_STORE|BAKERY|BRUNCH_SPOT|YARN_STORE|YARN_STORE|ICE_CREAM_SHOP|PET_CAFE
95703023,1,lucaskna,1,104131.0,95013.0,5,277,6,12,0,145,3,0,34,17,6,11,12,0,0,0,667,0,0,36,0,116,25,19,7,19,1,13,7,37,0,11,FARMERS_MARKET|YARN_STORE|BAKERY|BRUNCH_SPOT|YARN_STORE|YARN_STORE|ICE_CREAM_SHOP|PET_CAFE
95703024,0,Crop Dusta,0,110326.0,114510.0,4,296,7,10,0,98,37,0,29,21,5,8,-1,66,1,0,44,40,0,20,9,6,25,25,19,31,1,1,25,13,0,10,ICE_CREAM_SHOP|YARN_STORE|PET_CAFE|FARMERS_MARKET|SMOOTHIE_SHOP|PIZZA_SHOP|FARMERS_MARKET|SMOOTHIE_SHOP
95703024,1,Ryo Hasegawa,1,114510.0,110326.0,5,290,6,9,0,156,34,0,31,11,5,9,-1,3,56,0,169,3,0,12,0,104,25,25,19,31,1,1,25,13,0,10,ICE_CREAM_SHOP|YARN_STORE|PET_CAFE|FARMERS_MARKET|SMOOTHIE_SHOP|PIZZA_SHOP|FARMERS_MARKET|SMOOTHIE_SHOP
95703026,0,カワシギ,1,112065.0,110308.0,5,277,10,4,0,121,14,0,42,12,6,11,-1,7,0,0,455,0,0,22,10,161,37,7,19,37,1,7,37,1,0,6,BRUNCH_SPOT|PIZZA_SHOP|FARMERS_MARKET|ICE_CREAM_SHOP|ICE_CREAM_SHOP|PIZZA_SHOP|SMOOTHIE_SHOP|SMOOTHIE_SHOP
95703026,1,Izzoudine Mohamed KANTA,0,110308.0,112065.0,5,277,8,6,0,132,6,0,38,12,6,11,-1,0,11,0,497,0,0,48,0,189,37,7,19,37,1,7,37,1,0,6,BRUNCH_SPOT|PIZZA_SHOP|FARMERS_MARKET|ICE_CREAM_SHOP|ICE_CREAM_SHOP|PIZZA_SHOP|SMOOTHIE_SHOP|SMOOTHIE_SHOP
95703027,0,Subramanya N,0,125974.0,126028.0,6,302,14,2,0,71,11,0,51,16,6,10,-1,24,0,0,53,6,0,145,14,20,43,19,19,25,1,7,31,1,0,6,ICE_CREAM_SHOP|FARMERS_MARKET|ICE_CREAM_SHOP|ICE_CREAM_SHOP|PIZZA_SHOP|PET_CAFE|PIZZA_SHOP|BAKERY
95703027,1,SaiKushal185,1,126028.0,125974.0,5,277,10,4,0,129,5,0,42,12,6,11,-1,2,14,0,279,0,0,57,0,57,43,19,19,25,1,7,31,1,0,6,ICE_CREAM_SHOP|FARMERS_MARKET|ICE_CREAM_SHOP|ICE_CREAM_SHOP|PIZZA_SHOP|PET_CAFE|PIZZA_SHOP|BAKERY
95703028,0,Ryo Hasegawa,0,55859.0,56179.0,5,290,8,2,0,182,54,0,24,11,5,10,-1,48,17,0,236,3,0,23,0,49,31,25,7,13,1,25,13,1,0,0,PET_CAFE|BRUNCH_SPOT|PIZZA_SHOP|BAKERY|PET_CAFE|BAKERY|SMOOTHIE_SHOP|BAKERY
95703028,1,Crop Dusta,1,56179.0,55859.0,4,295,4,5,5,99,71,0,29,19,5,8,-1,9,1,2,39,118,0,11,1,17,31,25,7,13,1,25,13,1,0,0,PET_CAFE|BRUNCH_SPOT|PIZZA_SHOP|BAKERY|PET_CAFE|BAKERY|SMOOTHIE_SHOP|BAKERY
95703029,0,tetsuya,0,51036.0,61175.0,6,311,8,6,1,159,13,0,36,8,7,9,-1,41,15,0,115,0,0,15,0,145,25,37,7,13,1,13,13,13,0,0,PET_CAFE|PIZZA_SHOP|BAKERY|ICE_CREAM_SHOP|PET_CAFE|BRUNCH_SPOT|YARN_STORE|PET_CAFE
95703029,1,Ryo Hasegawa,1,61175.0,51036.0,5,289,10,2,0,144,56,0,24,23,5,10,-1,31,27,0,184,6,0,23,0,77,25,37,7,13,1,13,13,13,0,0,PET_CAFE|PIZZA_SHOP|BAKERY|ICE_CREAM_SHOP|PET_CAFE|BRUNCH_SPOT|YARN_STORE|PET_CAFE
95703032,0,Xiaowenhao404,0,99174.0,100614.0,5,277,10,4,0,127,14,0,42,12,6,11,-1,17,29,0,634,0,0,33,10,149,25,13,7,37,1,13,31,1,0,8,PET_CAFE|BRUNCH_SPOT|SMOOTHIE_SHOP|SMOOTHIE_SHOP|ICE_CREAM_SHOP|SMOOTHIE_SHOP|PIZZA_SHOP|BRUNCH_SPOT
95703032,1,Izzoudine Mohamed KANTA,1,100614.0,99174.0,5,277,8,6,0,132,6,0,38,12,6,11,-1,0,9,0,487,0,0,48,0,189,25,13,7,37,1,13,31,1,0,8,PET_CAFE|BRUNCH_SPOT|SMOOTHIE_SHOP|SMOOTHIE_SHOP|ICE_CREAM_SHOP|SMOOTHIE_SHOP|PIZZA_SHOP|BRUNCH_SPOT
95709888,0,Kobe BRYANT,1,93917.0,90863.0,5,277,8,6,0,132,6,0,38,12,6,11,-1,0,19,0,465,0,0,48,0,189,25,19,7,25,1,13,19,13,0,1,SMOOTHIE_SHOP|PET_CAFE|FARMERS_MARKET|SMOOTHIE_SHOP|ICE_CREAM_SHOP|BAKERY|BAKERY|YARN_STORE
95709888,1,Luan Kunyu,0,90863.0,93917.0,5,277,10,4,0,125,5,0,42,12,6,11,-1,9,14,0,360,0,0,43,0,194,25,19,7,25,1,13,19,13,0,1,SMOOTHIE_SHOP|PET_CAFE|FARMERS_MARKET|SMOOTHIE_SHOP|ICE_CREAM_SHOP|BAKERY|BAKERY|YARN_STORE
95709891,0,James Holland,1,122788.0,120147.0,5,278,10,4,0,123,5,0,42,12,6,11,-1,3,22,0,304,0,0,26,0,123,31,19,7,37,1,7,31,1,0,8,BAKERY|ICE_CREAM_SHOP|SMOOTHIE_SHOP|ICE_CREAM_SHOP|FARMERS_MARKET|ICE_CREAM_SHOP|SMOOTHIE_SHOP|PET_CAFE
95709891,1,Victor @ Tufa Labs,0,120147.0,122788.0,5,277,10,4,0,124,5,0,42,12,6,11,-1,26,3,0,1853,0,0,28,0,28,31,19,7,37,1,7,31,1,0,8,BAKERY|ICE_CREAM_SHOP|SMOOTHIE_SHOP|ICE_CREAM_SHOP|FARMERS_MARKET|ICE_CREAM_SHOP|SMOOTHIE_SHOP|PET_CAFE
95714336,0,u,1,61071.0,61015.0,5,277,10,4,0,125,5,0,38,16,6,11,-1,32,15,0,415,0,0,69,5,216,25,13,7,13,1,13,13,37,0,11,PET_CAFE|BRUNCH_SPOT|PIZZA_SHOP|ICE_CREAM_SHOP|BAKERY|YARN_STORE|YARN_STORE|YARN_STORE
95714336,1,Kostiantyn Isaienkov,0,61015.0,61071.0,5,277,8,4,2,131,12,0,42,12,6,11,-1,0,9,12,355,0,0,59,0,177,25,13,7,13,1,13,13,37,0,11,PET_CAFE|BRUNCH_SPOT|PIZZA_SHOP|ICE_CREAM_SHOP|BAKERY|YARN_STORE|YARN_STORE|YARN_STORE
95714337,0,Izzoudine Mohamed KANTA,0,98799.0,100869.0,5,277,6,12,0,152,4,0,34,17,6,11,12,22,0,0,808,0,0,27,0,251,31,19,25,7,1,7,19,25,0,5,BAKERY|YARN_STORE|PIZZA_SHOP|YARN_STORE|PIZZA_SHOP|FARMERS_MARKET|PIZZA_SHOP|PET_CAFE
95714337,1,Arman Tuganbaev,1,100869.0,98799.0,2,253,6,12,0,133,0,12,28,11,6,11,-1,35,31,0,230,0,19,128,18,195,31,19,25,7,1,7,19,25,0,5,BAKERY|YARN_STORE|PIZZA_SHOP|YARN_STORE|PIZZA_SHOP|FARMERS_MARKET|PIZZA_SHOP|PET_CAFE
95714449,0,James Holland,1,66740.0,62746.0,5,278,10,4,0,123,5,0,42,12,6,11,-1,3,22,0,304,0,0,26,0,123,43,7,7,25,1,25,13,13,0,14,BRUNCH_SPOT|BAKERY|ICE_CREAM_SHOP|BAKERY|YARN_STORE|ICE_CREAM_SHOP|BAKERY|FARMERS_MARKET
95714449,1,Eddy Despradel,0,62746.0,66740.0,5,277,10,4,0,133,13,0,42,12,6,11,-1,8,8,0,366,0,0,41,0,188,43,7,7,25,1,25,13,13,0,14,BRUNCH_SPOT|BAKERY|ICE_CREAM_SHOP|BAKERY|YARN_STORE|ICE_CREAM_SHOP|BAKERY|FARMERS_MARKET
95716725,0,peikopon,1,69013.0,66162.0,5,278,10,4,0,113,20,0,38,12,6,11,-1,3,5,0,347,0,0,26,0,123,19,25,7,19,1,13,25,1,0,1,BAKERY|SMOOTHIE_SHOP|SMOOTHIE_SHOP|PET_CAFE|PIZZA_SHOP|BAKERY|SMOOTHIE_SHOP|PET_CAFE
95716725,1,Luan Kunyu,0,66162.0,69013.0,5,277,10,4,0,125,5,0,42,12,6,11,-1,9,14,0,365,0,0,38,0,193,19,25,7,19,1,13,25,1,0,1,BAKERY|SMOOTHIE_SHOP|SMOOTHIE_SHOP|PET_CAFE|PIZZA_SHOP|BAKERY|SMOOTHIE_SHOP|PET_CAFE
95718924,0,Crop Dusta,1,114361.0,107654.0,4,296,9,2,0,50,34,10,49,14,5,8,-1,0,0,0,27,23,32,43,0,3,43,25,13,43,1,13,19,1,0,4,ICE_CREAM_SHOP|FARMERS_MARKET|ICE_CREAM_SHOP|BRUNCH_SPOT|FARMERS_MARKET|PET_CAFE|BRUNCH_SPOT|ICE_CREAM_SHOP
95718924,1,ReCurSiON,0,107654.0,114361.0,4,263,9,4,0,140,0,0,37,20,6,10,-1,18,9,0,166,0,0,47,6,115,43,25,13,43,1,13,19,1,0,4,ICE_CREAM_SHOP|FARMERS_MARKET|ICE_CREAM_SHOP|BRUNCH_SPOT|FARMERS_MARKET|PET_CAFE|BRUNCH_SPOT|ICE_CREAM_SHOP
95718951,0,shyjin,1,76826.0,76550.0,5,277,10,4,0,125,5,0,42,12,6,11,-1,9,14,0,371,0,0,47,0,192,31,25,13,19,1,7,31,1,0,1,PET_CAFE|ICE_CREAM_SHOP|SMOOTHIE_SHOP|BAKERY|PIZZA_SHOP|ICE_CREAM_SHOP|PET_CAFE|PIZZA_SHOP
95718951,1,bplyc15,0,76550.0,76826.0,5,277,10,4,0,129,5,0,42,12,6,11,-1,2,24,0,323,0,0,34,0,189,31,25,13,19,1,7,31,1,0,1,PET_CAFE|ICE_CREAM_SHOP|SMOOTHIE_SHOP|BAKERY|PIZZA_SHOP|ICE_CREAM_SHOP|PET_CAFE|PIZZA_SHOP
95723508,0,SaiKushal185,0,85329.0,90002.0,5,277,10,4,0,129,5,0,42,12,6,11,-1,3,14,0,279,0,0,43,0,58,31,25,1,25,1,25,13,1,0,3,BRUNCH_SPOT|BRUNCH_SPOT|ICE_CREAM_SHOP|SMOOTHIE_SHOP|PET_CAFE|PET_CAFE|BAKERY|BAKERY
95723508,1,Kostiantyn Isaienkov,1,90002.0,85329.0,5,277,8,4,2,131,12,0,42,12,6,11,-1,0,9,12,347,0,0,59,0,177,31,25,1,25,1,25,13,1,0,3,BRUNCH_SPOT|BRUNCH_SPOT|ICE_CREAM_SHOP|SMOOTHIE_SHOP|PET_CAFE|PET_CAFE|BAKERY|BAKERY
95728051,0,Luan Kunyu,0,80978.0,88321.0,5,277,8,6,0,125,5,0,42,12,6,11,-1,1,69,0,371,0,0,51,0,192,31,25,25,37,1,7,13,13,0,4,FARMERS_MARKET|BAKERY|FARMERS_MARKET|FARMERS_MARKET|SMOOTHIE_SHOP|SMOOTHIE_SHOP|YARN_STORE|FARMERS_MARKET
95728051,1,Ryo Hasegawa,1,88321.0,80978.0,5,290,8,3,0,163,0,0,36,11,6,10,-1,38,33,0,229,0,0,20,0,58,31,25,25,37,1,7,13,13,0,4,FARMERS_MARKET|BAKERY|FARMERS_MARKET|FARMERS_MARKET|SMOOTHIE_SHOP|SMOOTHIE_SHOP|YARN_STORE|FARMERS_MARKET
95728063,0,Luan Kunyu,0,99158.0,100704.0,5,277,10,4,0,125,5,0,42,12,6,11,-1,3,14,0,365,0,0,54,0,192,25,19,7,25,1,7,19,25,0,2,SMOOTHIE_SHOP|FARMERS_MARKET|PET_CAFE|ICE_CREAM_SHOP|ICE_CREAM_SHOP|YARN_STORE|BAKERY|YARN_STORE
95728063,1,Efe Can Celiksoy,1,100704.0,99158.0,5,277,10,4,0,126,16,0,42,12,6,11,-1,9,21,0,435,0,0,26,0,192,25,19,7,25,1,7,19,25,0,2,SMOOTHIE_SHOP|FARMERS_MARKET|PET_CAFE|ICE_CREAM_SHOP|ICE_CREAM_SHOP|YARN_STORE|BAKERY|YARN_STORE
95730349,0,Kostiantyn Isaienkov,1,105950.0,94012.0,5,277,6,6,2,131,12,0,42,12,6,11,-1,0,63,12,337,0,0,59,0,177,37,7,19,25,1,19,19,13,0,7,BRUNCH_SPOT|FARMERS_MARKET|YARN_STORE|SMOOTHIE_SHOP|BRUNCH_SPOT|PIZZA_SHOP|BAKERY|PIZZA_SHOP
95730349,1,Michael Timbs,0,94012.0,105950.0,5,277,10,4,0,125,15,0,42,12,6,11,-1,16,11,0,342,0,0,39,0,95,37,7,19,25,1,19,19,13,0,7,BRUNCH_SPOT|FARMERS_MARKET|YARN_STORE|SMOOTHIE_SHOP|BRUNCH_SPOT|PIZZA_SHOP|BAKERY|PIZZA_SHOP
95730350,0,SaiKushal185,1,55860.0,54671.0,5,277,6,12,0,130,1,0,42,12,6,11,12,13,0,0,448,0,0,98,2,72,19,13,1,19,1,19,19,13,0,1,YARN_STORE|PET_CAFE|BAKERY|SMOOTHIE_SHOP|BAKERY|SMOOTHIE_SHOP|BAKERY|SMOOTHIE_SHOP
95730350,1,feel the borov,0,54671.0,55860.0,5,277,6,12,0,127,1,0,42,12,6,11,12,22,0,0,631,0,0,81,2,200,19,13,1,19,1,19,19,13,0,1,YARN_STORE|PET_CAFE|BAKERY|SMOOTHIE_SHOP|BAKERY|SMOOTHIE_SHOP|BAKERY|SMOOTHIE_SHOP
95732647,0,ReCurSiON,1,62655.0,57402.0,4,262,9,4,0,143,0,0,37,18,6,10,-1,12,14,0,265,0,0,28,6,67,31,31,19,13,1,7,19,13,0,10,PET_CAFE|ICE_CREAM_SHOP|PET_CAFE|PIZZA_SHOP|FARMERS_MARKET|BAKERY|PIZZA_SHOP|YARN_STORE
95732647,1,Kostiantyn Isaienkov,0,57402.0,62655.0,5,277,10,4,0,135,14,0,34,20,6,11,-1,21,10,0,534,0,0,16,10,134,31,31,19,13,1,7,19,13,0,10,PET_CAFE|ICE_CREAM_SHOP|PET_CAFE|PIZZA_SHOP|FARMERS_MARKET|BAKERY|PIZZA_SHOP|YARN_STORE
95732648,0,Suneeth reddy,1,98271.0,93519.0,5,277,10,4,0,129,5,0,42,12,6,11,-1,3,14,0,307,0,0,28,0,48,37,25,19,31,1,13,13,13,0,4,BRUNCH_SPOT|BRUNCH_SPOT|ICE_CREAM_SHOP|YARN_STORE|PET_CAFE|FARMERS_MARKET|PIZZA_SHOP|FARMERS_MARKET
95732648,1,TTANE,0,93519.0,98271.0,5,277,10,4,0,133,13,0,42,12,6,11,-1,126,11,0,366,0,0,41,0,200,37,25,19,31,1,13,13,13,0,4,BRUNCH_SPOT|BRUNCH_SPOT|ICE_CREAM_SHOP|YARN_STORE|PET_CAFE|FARMERS_MARKET|PIZZA_SHOP|FARMERS_MARKET
95732649,0,lucaskna,1,113988.0,108035.0,5,277,10,4,0,118,15,0,42,12,6,11,-1,0,9,0,326,0,0,11,0,74,31,1,7,37,1,19,31,1,0,9,SMOOTHIE_SHOP|BRUNCH_SPOT|BRUNCH_SPOT|SMOOTHIE_SHOP|PIZZA_SHOP|BAKERY|SMOOTHIE_SHOP|ICE_CREAM_SHOP
95732649,1,Xiaowenhao404,0,108035.0,113988.0,5,277,10,4,0,127,14,0,42,12,6,11,-1,18,33,0,636,0,0,25,22,150,31,1,7,37,1,19,31,1,0,9,SMOOTHIE_SHOP|BRUNCH_SPOT|BRUNCH_SPOT|SMOOTHIE_SHOP|PIZZA_SHOP|BAKERY|SMOOTHIE_SHOP|ICE_CREAM_SHOP
95732663,0,Xiaowenhao404,1,54375.0,49829.0,5,277,8,6,0,128,48,0,42,12,6,11,-1,58,57,0,960,11,0,123,10,157,37,37,19,31,1,13,13,1,0,4,PET_CAFE|BRUNCH_SPOT|PET_CAFE|PIZZA_SHOP|FARMERS_MARKET|BRUNCH_SPOT|ICE_CREAM_SHOP|FARMERS_MARKET
95732663,1,Kobe BRYANT,0,49829.0,54375.0,5,277,8,6,0,132,6,0,38,12,6,11,-1,0,11,0,482,0,0,48,0,189,37,37,19,31,1,13,13,1,0,4,PET_CAFE|BRUNCH_SPOT|PET_CAFE|PIZZA_SHOP|FARMERS_MARKET|BRUNCH_SPOT|ICE_CREAM_SHOP|FARMERS_MARKET
95734935,0,Xiaowenhao404,0,111870.0,116342.0,5,277,10,4,0,127,15,0,42,12,6,11,-1,10,27,0,620,0,0,42,10,150,37,19,19,31,1,13,25,1,0,6,PIZZA_SHOP|FARMERS_MARKET|SMOOTHIE_SHOP|ICE_CREAM_SHOP|BRUNCH_SPOT|PIZZA_SHOP|PET_CAFE|BRUNCH_SPOT
95734935,1,peikopon,1,116342.0,111870.0,5,278,10,4,0,125,5,2,34,12,6,11,-1,3,6,0,352,0,0,26,0,127,37,19,19,31,1,13,25,1,0,6,PIZZA_SHOP|FARMERS_MARKET|SMOOTHIE_SHOP|ICE_CREAM_SHOP|BRUNCH_SPOT|PIZZA_SHOP|PET_CAFE|BRUNCH_SPOT
95734938,0,ReCurSiON,1,87121.0,85704.0,4,262,9,4,0,143,0,0,37,15,6,10,-1,12,15,0,265,0,0,28,6,67,19,13,7,13,1,13,19,25,0,11,SMOOTHIE_SHOP|BAKERY|PIZZA_SHOP|YARN_STORE|BAKERY|YARN_STORE|SMOOTHIE_SHOP|PET_CAFE
95734938,1,James Holland,0,85704.0,87121.0,5,277,10,4,0,127,6,0,34,20,6,11,-1,22,13,0,308,0,0,16,12,138,19,13,7,13,1,13,19,25,0,11,SMOOTHIE_SHOP|BAKERY|PIZZA_SHOP|YARN_STORE|BAKERY|YARN_STORE|SMOOTHIE_SHOP|PET_CAFE
95734939,0,Laplacenvmv,0,59865.0,61734.0,5,277,10,4,0,125,5,0,42,12,6,11,-1,5,17,0,371,0,0,34,0,192,43,19,7,25,1,31,7,1,0,3,PET_CAFE|ICE_CREAM_SHOP|FARMERS_MARKET|BRUNCH_SPOT|BAKERY|BAKERY|BAKERY|BRUNCH_SPOT
95734939,1,lucaskna,1,61734.0,59865.0,5,277,10,4,0,125,5,0,42,12,6,11,-1,0,12,0,434,0,0,54,0,57,43,19,7,25,1,31,7,1,0,3,PET_CAFE|ICE_CREAM_SHOP|FARMERS_MARKET|BRUNCH_SPOT|BAKERY|BAKERY|BAKERY|BRUNCH_SPOT
95734940,0,peikopon,0,91186.0,109843.0,5,278,10,4,0,125,5,2,36,12,6,11,-1,3,17,0,381,0,0,26,0,124,37,13,19,31,1,13,13,25,0,13,FARMERS_MARKET|BRUNCH_SPOT|YARN_STORE|YARN_STORE|BRUNCH_SPOT|PIZZA_SHOP|ICE_CREAM_SHOP|FARMERS_MARKET
95734940,1,Izzoudine Mohamed KANTA,1,109843.0,91186.0,5,277,6,8,0,132,6,0,38,12,6,11,-1,0,59,0,489,0,0,48,0,196,37,13,19,31,1,13,13,25,0,13,FARMERS_MARKET|BRUNCH_SPOT|YARN_STORE|YARN_STORE|BRUNCH_SPOT|PIZZA_SHOP|ICE_CREAM_SHOP|FARMERS_MARKET
95734941,0,Crop Dusta,1,82507.0,75761.0,4,296,5,3,3,159,0,18,25,16,5,8,-1,31,0,0,45,0,22,30,0,13,31,13,13,37,1,19,19,1,0,9,BAKERY|FARMERS_MARKET|BAKERY|FARMERS_MARKET|SMOOTHIE_SHOP|SMOOTHIE_SHOP|SMOOTHIE_SHOP|BRUNCH_SPOT
95734941,1,Arman Tuganbaev,0,75761.0,82507.0,2,252,8,4,0,141,0,0,39,26,7,9,-1,79,23,0,228,0,0,35,24,108,31,13,13,37,1,19,19,1,0,9,BAKERY|FARMERS_MARKET|BAKERY|FARMERS_MARKET|SMOOTHIE_SHOP|SMOOTHIE_SHOP|SMOOTHIE_SHOP|BRUNCH_SPOT
95734942,0,Subramanya N,1,131162.0,95292.0,6,304,3,18,0,79,11,18,33,12,6,10,-1,9,68,0,61,9,12,69,12,25,31,19,25,19,1,7,7,37,0,13,FARMERS_MARKET|YARN_STORE|PIZZA_SHOP|YARN_STORE|FARMERS_MARKET|FARMERS_MARKET|BAKERY|YARN_STORE
95734942,1,カワシギ,0,95292.0,131162.0,5,277,6,12,0,148,15,0,34,20,6,11,12,14,0,0,651,0,0,32,10,252,31,19,25,19,1,7,7,37,0,13,FARMERS_MARKET|YARN_STORE|PIZZA_SHOP|YARN_STORE|FARMERS_MARKET|FARMERS_MARKET|BAKERY|YARN_STORE
95734943,0,カワシギ,1,72918.0,72590.0,5,277,6,12,0,165,12,0,34,20,6,11,12,15,27,0,614,0,0,5,0,270,31,19,19,19,1,13,19,13,0,5,PET_CAFE|YARN_STORE|BRUNCH_SPOT|FARMERS_MARKET|SMOOTHIE_SHOP|PIZZA_SHOP|PIZZA_SHOP|BAKERY
95734943,1,Subramanya N,0,72590.0,72918.0,6,307,3,10,0,105,40,0,35,14,6,10,-1,32,32,0,108,13,0,45,6,18,31,19,19,19,1,13,19,13,0,5,PET_CAFE|YARN_STORE|BRUNCH_SPOT|FARMERS_MARKET|SMOOTHIE_SHOP|PIZZA_SHOP|PIZZA_SHOP|BAKERY
95734944,0,Crop Dusta,1,67311.0,60247.0,4,292,4,10,4,99,74,0,26,18,5,10,-1,0,1,0,44,82,0,23,0,18,25,31,7,13,1,19,7,13,0,0,PET_CAFE|BAKERY|YARN_STORE|FARMERS_MARKET|PET_CAFE|SMOOTHIE_SHOP|BAKERY|BAKERY
95734944,1,Ryo Hasegawa,0,60247.0,67311.0,5,290,6,6,0,149,62,0,24,23,5,10,-1,37,20,0,193,3,0,23,0,80,25,31,7,13,1,19,7,13,0,0,PET_CAFE|BAKERY|YARN_STORE|FARMERS_MARKET|PET_CAFE|SMOOTHIE_SHOP|BAKERY|BAKERY
95734945,0,tetsuya,1,105369.0,99448.0,6,305,7,8,0,149,0,0,32,15,7,10,-1,33,17,0,91,0,0,7,6,150,19,19,13,25,1,1,25,25,0,2,PIZZA_SHOP|PET_CAFE|YARN_STORE|SMOOTHIE_SHOP|FARMERS_MARKET|SMOOTHIE_SHOP|YARN_STORE|ICE_CREAM_SHOP
95734945,1,Ryo Hasegawa,0,99448.0,105369.0,5,290,7,8,0,152,18,8,24,23,5,10,-1,6,0,0,173,3,1,37,0,87,19,19,13,25,1,1,25,25,0,2,PIZZA_SHOP|PET_CAFE|YARN_STORE|SMOOTHIE_SHOP|FARMERS_MARKET|SMOOTHIE_SHOP|YARN_STORE|ICE_CREAM_SHOP
95741824,0,Victor @ Tufa Labs,0,98129.0,102299.0,5,277,10,4,0,129,6,0,34,20,6,11,-1,26,2,0,2033,0,0,23,8,84,43,7,19,31,1,13,31,1,0,6,FARMERS_MARKET|SMOOTHIE_SHOP|ICE_CREAM_SHOP|BRUNCH_SPOT|BAKERY|PIZZA_SHOP|PIZZA_SHOP|ICE_CREAM_SHOP
95741824,1,Crop Dusta,1,102299.0,98129.0,4,296,8,3,0,75,0,0,54,14,5,8,-1,82,0,0,32,0,0,42,0,16,43,7,19,31,1,13,31,1,0,6,FARMERS_MARKET|SMOOTHIE_SHOP|ICE_CREAM_SHOP|BRUNCH_SPOT|BAKERY|PIZZA_SHOP|PIZZA_SHOP|ICE_CREAM_SHOP
95746362,0,カワシギ,0,101663.0,103918.0,5,277,10,4,0,124,16,0,42,12,6,11,-1,16,2,0,428,2,0,19,10,149,31,25,19,37,1,1,31,1,0,6,FARMERS_MARKET|FARMERS_MARKET|SMOOTHIE_SHOP|SMOOTHIE_SHOP|PET_CAFE|ICE_CREAM_SHOP|ICE_CREAM_SHOP|PIZZA_SHOP
95746362,1,Izzoudine Mohamed KANTA,1,103918.0,101663.0,5,277,8,6,0,132,6,0,38,12,6,11,-1,0,11,0,497,0,0,48,0,189,31,25,19,37,1,1,31,1,0,6,FARMERS_MARKET|FARMERS_MARKET|SMOOTHIE_SHOP|SMOOTHIE_SHOP|PET_CAFE|ICE_CREAM_SHOP|ICE_CREAM_SHOP|PIZZA_SHOP
95748654,0,peikopon,1,90855.0,87810.0,5,278,10,4,0,125,5,2,36,12,6,11,-1,3,7,0,422,0,0,26,0,124,43,13,25,31,1,19,13,13,0,4,FARMERS_MARKET|BRUNCH_SPOT|BRUNCH_SPOT|BRUNCH_SPOT|FARMERS_MARKET|PIZZA_SHOP|PIZZA_SHOP|YARN_STORE
95748654,1,Giulio Ravasio,0,87810.0,90855.0,5,278,10,4,0,123,5,0,42,12,6,11,-1,3,19,0,330,0,0,26,0,112,43,13,25,31,1,19,13,13,0,4,FARMERS_MARKET|BRUNCH_SPOT|BRUNCH_SPOT|BRUNCH_SPOT|FARMERS_MARKET|PIZZA_SHOP|PIZZA_SHOP|YARN_STORE
95748696,0,peikopon,1,62862.0,59477.0,5,278,10,4,0,125,5,2,36,12,6,11,-1,3,19,0,307,0,0,26,0,124,37,19,19,19,1,19,13,13,0,7,BAKERY|PIZZA_SHOP|BRUNCH_SPOT|YARN_STORE|PIZZA_SHOP|BRUNCH_SPOT|FARMERS_MARKET|PET_CAFE
95748696,1,Kostiantyn Isaienkov,0,59477.0,62862.0,5,277,10,4,0,131,12,0,42,12,6,11,-1,2,7,0,355,0,0,59,0,177,37,19,19,19,1,19,13,13,0,7,BAKERY|PIZZA_SHOP|BRUNCH_SPOT|YARN_STORE|PIZZA_SHOP|BRUNCH_SPOT|FARMERS_MARKET|PET_CAFE
95750962,0,ReCurSiON,0,114127.0,122290.0,4,262,9,4,0,143,0,0,37,20,6,10,-1,12,0,0,265,0,0,28,6,67,43,31,31,31,1,1,25,1,0,6,FARMERS_MARKET|ICE_CREAM_SHOP|PIZZA_SHOP|ICE_CREAM_SHOP|PET_CAFE|FARMERS_MARKET|PIZZA_SHOP|FARMERS_MARKET
95750962,1,peikopon,1,122290.0,114127.0,5,277,10,4,0,100,33,2,32,20,6,11,-1,31,3,0,504,0,0,14,12,140,43,31,31,31,1,1,25,1,0,6,FARMERS_MARKET|ICE_CREAM_SHOP|PIZZA_SHOP|ICE_CREAM_SHOP|PET_CAFE|FARMERS_MARKET|PIZZA_SHOP|FARMERS_MARKET
95750966,0,ReCurSiON,1,131943.0,130675.0,4,262,9,4,0,143,0,0,37,15,6,10,-1,12,0,0,265,0,0,28,6,67,25,13,7,31,1,7,37,1,0,8,ICE_CREAM_SHOP|ICE_CREAM_SHOP|SMOOTHIE_SHOP|BAKERY|PET_CAFE|SMOOTHIE_SHOP|PIZZA_SHOP|SMOOTHIE_SHOP
95750966,1,shyjin,0,130675.0,131943.0,5,277,8,6,0,122,5,0,34,20,6,11,-1,39,28,0,500,0,0,53,6,172,25,13,7,31,1,7,37,1,0,8,ICE_CREAM_SHOP|ICE_CREAM_SHOP|SMOOTHIE_SHOP|BAKERY|PET_CAFE|SMOOTHIE_SHOP|PIZZA_SHOP|SMOOTHIE_SHOP
95750968,0,bplyc15,1,75700.0,73187.0,5,277,6,12,0,130,1,0,42,12,6,11,12,17,0,0,445,0,0,51,2,195,43,13,13,31,1,25,7,13,0,3,YARN_STORE|BRUNCH_SPOT|BAKERY|ICE_CREAM_SHOP|BRUNCH_SPOT|FARMERS_MARKET|BAKERY|FARMERS_MARKET
95750968,1,Giulio Ravasio,0,73187.0,75700.0,5,277,6,12,0,136,9,0,42,12,6,11,12,22,0,0,675,0,0,81,2,200,43,13,13,31,1,25,7,13,0,3,YARN_STORE|BRUNCH_SPOT|BAKERY|ICE_CREAM_SHOP|BRUNCH_SPOT|FARMERS_MARKET|BAKERY|FARMERS_MARKET
95757742,0,James Holland,1,54067.0,53849.0,5,278,10,4,0,123,5,0,42,12,6,11,-1,3,22,0,304,0,0,26,0,123,37,31,19,19,1,19,13,1,0,0,PET_CAFE|BRUNCH_SPOT|FARMERS_MARKET|BRUNCH_SPOT|PIZZA_SHOP|PET_CAFE|BAKERY|PIZZA_SHOP
95757742,1,SaiKushal185,0,53849.0,54067.0,5,277,8,6,0,129,5,0,42,12,6,11,-1,1,51,0,279,0,0,46,0,57,37,31,19,19,1,19,13,1,0,0,PET_CAFE|BRUNCH_SPOT|FARMERS_MARKET|BRUNCH_SPOT|PIZZA_SHOP|PET_CAFE|BAKERY|PIZZA_SHOP
95759970,0,TTANE,0,39207.0,73352.0,5,277,8,6,0,133,13,0,42,12,6,11,-1,36,54,0,371,0,0,113,0,204,25,55,13,19,1,1,19,1,0,10,PET_CAFE|PET_CAFE|PET_CAFE|ICE_CREAM_SHOP|PIZZA_SHOP|ICE_CREAM_SHOP|FARMERS_MARKET|PET_CAFE
95759970,1,Xiaowenhao404,1,73352.0,39207.0,5,277,8,6,0,131,48,0,42,12,6,11,-1,49,44,0,936,11,0,127,10,157,25,55,13,19,1,1,19,1,0,10,PET_CAFE|PET_CAFE|PET_CAFE|ICE_CREAM_SHOP|PIZZA_SHOP|ICE_CREAM_SHOP|FARMERS_MARKET|PET_CAFE
95762298,0,Ryo Hasegawa,1,93480.0,86589.0,5,290,7,7,0,173,0,0,35,11,6,9,-1,0,36,0,194,0,0,101,0,101,37,19,25,19,1,7,25,13,0,5,PIZZA_SHOP|YARN_STORE|PIZZA_SHOP|PET_CAFE|PIZZA_SHOP|ICE_CREAM_SHOP|FARMERS_MARKET|BRUNCH_SPOT
95762298,1,feel the borov,0,86589.0,93480.0,5,277,6,12,0,143,3,0,34,17,6,11,12,26,0,0,741,0,0,32,0,250,37,19,25,19,1,7,25,13,0,5,PIZZA_SHOP|YARN_STORE|PIZZA_SHOP|PET_CAFE|PIZZA_SHOP|ICE_CREAM_SHOP|FARMERS_MARKET|BRUNCH_SPOT
95762303,0,Efe Can Celiksoy,1,49416.0,48003.0,5,277,10,4,0,126,16,0,42,12,6,11,-1,9,21,0,417,0,0,26,0,192,31,43,25,19,1,7,7,13,0,10,PIZZA_SHOP|FARMERS_MARKET|PET_CAFE|BAKERY|PET_CAFE|YARN_STORE|FARMERS_MARKET|FARMERS_MARKET
95762303,1,Luan Kunyu,0,48003.0,49416.0,5,277,10,4,0,125,5,0,42,12,6,11,-1,3,11,0,365,0,0,62,0,192,31,43,25,19,1,7,7,13,0,10,PIZZA_SHOP|FARMERS_MARKET|PET_CAFE|BAKERY|PET_CAFE|YARN_STORE|FARMERS_MARKET|FARMERS_MARKET
95762304,0,Efe Can Celiksoy,0,74501.0,77938.0,5,277,10,4,0,138,16,0,34,20,6,11,-1,56,26,0,454,0,0,0,6,166,37,25,19,31,1,7,25,1,0,6,FARMERS_MARKET|BAKERY|SMOOTHIE_SHOP|FARMERS_MARKET|PET_CAFE|ICE_CREAM_SHOP|PIZZA_SHOP|ICE_CREAM_SHOP
95762304,1,James Holland,1,77938.0,74501.0,5,278,10,4,0,123,5,0,42,12,6,11,-1,1,25,0,303,0,0,26,0,123,37,25,19,31,1,7,25,1,0,6,FARMERS_MARKET|BAKERY|SMOOTHIE_SHOP|FARMERS_MARKET|PET_CAFE|ICE_CREAM_SHOP|PIZZA_SHOP|ICE_CREAM_SHOP
95764594,0,u,0,86494.0,86656.0,5,277,8,6,0,125,5,0,42,12,6,11,-1,17,45,0,418,0,0,47,0,212,43,13,19,31,1,25,7,13,0,3,FARMERS_MARKET|BRUNCH_SPOT|BRUNCH_SPOT|BRUNCH_SPOT|PIZZA_SHOP|YARN_STORE|FARMERS_MARKET|BAKERY
95764594,1,SaiKushal185,1,86656.0,86494.0,5,277,8,6,0,129,5,0,42,12,6,11,-1,1,51,0,279,0,0,46,0,57,43,13,19,31,1,25,7,13,0,3,FARMERS_MARKET|BRUNCH_SPOT|BRUNCH_SPOT|BRUNCH_SPOT|PIZZA_SHOP|YARN_STORE|FARMERS_MARKET|BAKERY
95764599,0,James Holland,1,96572.0,95855.0,5,278,10,4,0,123,5,0,42,12,6,11,-1,1,30,0,303,0,0,26,0,123,43,25,13,37,1,19,13,1,0,3,FARMERS_MARKET|ICE_CREAM_SHOP|BRUNCH_SPOT|BRUNCH_SPOT|ICE_CREAM_SHOP|FARMERS_MARKET|PET_CAFE|BAKERY
95764599,1,Kostiantyn Isaienkov,0,95855.0,96572.0,5,277,10,4,0,131,12,0,42,12,6,11,-1,2,9,0,345,0,0,59,0,177,43,25,13,37,1,19,13,1,0,3,FARMERS_MARKET|ICE_CREAM_SHOP|BRUNCH_SPOT|BRUNCH_SPOT|ICE_CREAM_SHOP|FARMERS_MARKET|PET_CAFE|BAKERY
95766882,0,Suneeth reddy,1,101715.0,94310.0,5,277,6,8,0,129,5,0,42,12,6,11,-1,1,64,0,307,0,0,79,0,48,31,13,7,19,1,13,25,13,0,1,ICE_CREAM_SHOP|BAKERY|YARN_STORE|ICE_CREAM_SHOP|PET_CAFE|PIZZA_SHOP|SMOOTHIE_SHOP|BAKERY
95766882,1,Efe Can Celiksoy,0,94310.0,101715.0,5,277,10,4,0,126,16,0,42,12,6,11,-1,23,21,0,435,0,0,33,0,192,31,13,7,19,1,13,25,13,0,1,ICE_CREAM_SHOP|BAKERY|YARN_STORE|ICE_CREAM_SHOP|PET_CAFE|PIZZA_SHOP|SMOOTHIE_SHOP|BAKERY
95766884,0,Alexander Shahramanyan,0,50646.0,52287.0,5,277,10,4,0,125,5,0,42,12,6,11,-1,5,17,0,371,0,0,31,0,192,31,25,19,19,1,13,13,13,0,13,FARMERS_MARKET|PET_CAFE|PIZZA_SHOP|BAKERY|SMOOTHIE_SHOP|FARMERS_MARKET|BAKERY|YARN_STORE
95766884,1,lucaskna,1,52287.0,50646.0,5,278,10,4,0,125,5,0,42,12,6,11,-1,0,16,0,368,0,0,62,0,58,31,25,19,19,1,13,13,13,0,13,FARMERS_MARKET|PET_CAFE|PIZZA_SHOP|BAKERY|SMOOTHIE_SHOP|FARMERS_MARKET|BAKERY|YARN_STORE
95766891,0,Kobe BRYANT,1,76277.0,73324.0,5,277,10,4,0,132,6,0,38,12,6,11,-1,2,4,0,456,0,0,48,0,189,43,19,13,25,1,19,19,1,0,7,PET_CAFE|ICE_CREAM_SHOP|ICE_CREAM_SHOP|BRUNCH_SPOT|PIZZA_SHOP|BAKERY|BAKERY|FARMERS_MARKET
95766891,1,Kostiantyn Isaienkov,0,73324.0,76277.0,5,277,10,4,0,131,12,0,42,12,6,11,-1,2,9,0,355,0,0,59,0,177,43,19,13,25,1,19,19,1,0,7,PET_CAFE|ICE_CREAM_SHOP|ICE_CREAM_SHOP|BRUNCH_SPOT|PIZZA_SHOP|BAKERY|BAKERY|FARMERS_MARKET
95769164,0,Ozi,0,114897.0,117302.0,5,277,6,12,0,145,3,0,34,17,6,11,12,10,0,0,748,0,0,55,0,250,25,19,7,37,1,7,25,13,0,8,SMOOTHIE_SHOP|YARN_STORE|PET_CAFE|ICE_CREAM_SHOP|BRUNCH_SPOT|ICE_CREAM_SHOP|SMOOTHIE_SHOP|FARMERS_MARKET
95769164,1,SaiKushal185,1,117302.0,114897.0,5,277,6,12,0,150,3,0,34,20,6,11,12,6,0,0,568,0,0,38,0,108,25,19,7,37,1,7,25,13,0,8,SMOOTHIE_SHOP|YARN_STORE|PET_CAFE|ICE_CREAM_SHOP|BRUNCH_SPOT|ICE_CREAM_SHOP|SMOOTHIE_SHOP|FARMERS_MARKET
95769173,0,ReCurSiON,1,69241.0,68509.0,4,262,9,4,0,143,0,0,37,20,6,10,-1,12,0,0,265,0,0,28,6,67,37,7,19,31,1,13,31,1,0,6,BAKERY|BRUNCH_SPOT|FARMERS_MARKET|SMOOTHIE_SHOP|PIZZA_SHOP|PIZZA_SHOP|ICE_CREAM_SHOP|SMOOTHIE_SHOP
95769173,1,Xiaowenhao404,0,68509.0,69241.0,5,277,10,4,0,131,6,0,34,20,6,11,-1,31,14,0,468,0,0,16,12,157,37,7,19,31,1,13,31,1,0,6,BAKERY|BRUNCH_SPOT|FARMERS_MARKET|SMOOTHIE_SHOP|PIZZA_SHOP|PIZZA_SHOP|ICE_CREAM_SHOP|SMOOTHIE_SHOP
95769175,0,lucaskna,0,72185.0,72744.0,5,277,10,4,0,125,5,0,42,12,6,11,-1,0,16,0,359,0,0,59,0,57,31,25,19,25,1,13,13,13,0,13,PIZZA_SHOP|FARMERS_MARKET|SMOOTHIE_SHOP|BAKERY|FARMERS_MARKET|PET_CAFE|BRUNCH_SPOT|YARN_STORE
95769175,1,Efe Can Celiksoy,1,72744.0,72185.0,5,277,10,4,0,126,16,0,42,12,6,11,-1,9,21,0,435,0,0,26,0,192,31,25,19,25,1,13,13,13,0,13,PIZZA_SHOP|FARMERS_MARKET|SMOOTHIE_SHOP|BAKERY|FARMERS_MARKET|PET_CAFE|BRUNCH_SPOT|YARN_STORE
95769176,0,Subramanya N,1,84341.0,82575.0,6,306,7,6,0,145,11,0,36,16,6,10,-1,66,4,0,110,9,0,80,30,22,37,7,19,25,1,13,25,13,0,7,FARMERS_MARKET|PIZZA_SHOP|ICE_CREAM_SHOP|BAKERY|YARN_STORE|BRUNCH_SPOT|SMOOTHIE_SHOP|PIZZA_SHOP
95769176,1,Izzoudine Mohamed KANTA,0,82575.0,84341.0,5,277,10,4,0,132,6,0,38,12,6,11,-1,3,26,0,435,0,0,51,0,192,37,7,19,25,1,13,25,13,0,7,FARMERS_MARKET|PIZZA_SHOP|ICE_CREAM_SHOP|BAKERY|YARN_STORE|BRUNCH_SPOT|SMOOTHIE_SHOP|PIZZA_SHOP
95769177,0,Arman Tuganbaev,1,129296.0,124052.0,2,282,11,4,0,141,8,0,43,11,6,10,-1,70,59,0,146,22,0,70,12,159,25,13,7,25,1,7,31,13,0,2,SMOOTHIE_SHOP|SMOOTHIE_SHOP|ICE_CREAM_SHOP|PIZZA_SHOP|BAKERY|PET_CAFE|YARN_STORE|ICE_CREAM_SHOP
95769177,1,tetsuya,0,124052.0,129296.0,6,308,12,3,0,96,0,0,47,14,7,11,-1,48,13,0,49,0,0,9,6,102,25,13,7,25,1,7,31,13,0,2,SMOOTHIE_SHOP|SMOOTHIE_SHOP|ICE_CREAM_SHOP|PIZZA_SHOP|BAKERY|PET_CAFE|YARN_STORE|ICE_CREAM_SHOP
95769178,0,Izzoudine Mohamed KANTA,1,87131.0,86211.0,5,277,8,6,0,132,6,0,38,12,6,11,-1,0,19,0,516,0,0,47,0,189,31,25,13,31,1,19,7,13,0,3,BRUNCH_SPOT|SMOOTHIE_SHOP|PET_CAFE|FARMERS_MARKET|BAKERY|FARMERS_MARKET|BRUNCH_SPOT|YARN_STORE
95769178,1,peikopon,0,86211.0,87131.0,5,278,9,5,0,93,35,0,38,12,6,11,-1,20,35,0,434,0,0,26,0,123,31,25,13,31,1,19,7,13,0,3,BRUNCH_SPOT|SMOOTHIE_SHOP|PET_CAFE|FARMERS_MARKET|BAKERY|FARMERS_MARKET|BRUNCH_SPOT|YARN_STORE
95769179,0,Xiaowenhao404,0,59129.0,72963.0,5,277,6,12,0,142,11,0,42,12,6,11,12,12,43,0,1091,0,0,46,0,128,37,1,7,19,1,31,13,13,0,14,BRUNCH_SPOT|YARN_STORE|PIZZA_SHOP|BAKERY|BRUNCH_SPOT|BAKERY|SMOOTHIE_SHOP|BAKERY
95769179,1,Subramanya N,1,72963.0,59129.0,6,301,3,11,3,141,11,0,35,16,6,11,-1,31,10,4,135,6,0,12,20,23,37,1,7,19,1,31,13,13,0,14,BRUNCH_SPOT|YARN_STORE|PIZZA_SHOP|BAKERY|BRUNCH_SPOT|BAKERY|SMOOTHIE_SHOP|BAKERY
95769180,0,Ryo Hasegawa,1,82635.0,79756.0,5,290,6,6,0,216,0,0,24,11,5,10,-1,45,24,0,313,0,0,29,0,82,25,13,7,31,1,13,25,13,0,1,PET_CAFE|BRUNCH_SPOT|YARN_STORE|PIZZA_SHOP|SMOOTHIE_SHOP|ICE_CREAM_SHOP|BRUNCH_SPOT|SMOOTHIE_SHOP
95769180,1,Crop Dusta,0,79756.0,82635.0,4,295,6,10,0,109,0,0,24,19,5,8,-1,12,0,0,35,0,0,23,2,27,25,13,7,31,1,13,25,13,0,1,PET_CAFE|BRUNCH_SPOT|YARN_STORE|PIZZA_SHOP|SMOOTHIE_SHOP|ICE_CREAM_SHOP|BRUNCH_SPOT|SMOOTHIE_SHOP
95769181,0,Ryo Hasegawa,1,92721.0,88406.0,5,289,5,10,0,173,23,0,24,11,6,9,-1,34,3,0,218,3,0,69,0,69,25,19,13,19,1,13,7,37,0,11,YARN_STORE|PET_CAFE|YARN_STORE|BRUNCH_SPOT|FARMERS_MARKET|PIZZA_SHOP|YARN_STORE|BRUNCH_SPOT
95769181,1,tetsuya,0,88406.0,92721.0,6,313,4,10,1,168,0,0,30,15,7,9,-1,0,0,0,112,0,0,22,6,86,25,19,13,19,1,13,7,37,0,11,YARN_STORE|PET_CAFE|YARN_STORE|BRUNCH_SPOT|FARMERS_MARKET|PIZZA_SHOP|YARN_STORE|BRUNCH_SPOT
95769184,0,tetsuya,0,82698.0,103192.0,6,305,12,3,0,86,0,0,53,14,7,11,-1,48,13,0,45,0,0,4,0,102,19,31,7,25,1,13,19,1,0,12,SMOOTHIE_SHOP|SMOOTHIE_SHOP|FARMERS_MARKET|BAKERY|BAKERY|SMOOTHIE_SHOP|PET_CAFE|PET_CAFE
95769184,1,Arman Tuganbaev,1,103192.0,82698.0,2,287,11,4,0,141,20,0,43,11,6,10,-1,96,54,0,169,40,0,14,12,162,19,31,7,25,1,13,19,1,0,12,SMOOTHIE_SHOP|SMOOTHIE_SHOP|FARMERS_MARKET|BAKERY|BAKERY|SMOOTHIE_SHOP|PET_CAFE|PET_CAFE
95773727,0,bplyc15,1,53239.0,48005.0,5,277,8,6,0,129,5,0,42,12,6,11,-1,0,66,0,321,0,0,35,0,189,25,37,13,25,1,7,13,13,0,10,PET_CAFE|PET_CAFE|FARMERS_MARKET|FARMERS_MARKET|YARN_STORE|SMOOTHIE_SHOP|BAKERY|ICE_CREAM_SHOP
95773727,1,Rayk Kretzschmar,0,48005.0,53239.0,5,277,8,6,0,125,5,0,42,12,6,11,-1,4,53,0,371,0,0,37,0,192,25,37,13,25,1,7,13,13,0,10,PET_CAFE|PET_CAFE|FARMERS_MARKET|FARMERS_MARKET|YARN_STORE|SMOOTHIE_SHOP|BAKERY|ICE_CREAM_SHOP
95773737,0,feel the borov,0,87627.0,88081.0,5,277,6,12,0,127,1,0,42,12,6,11,12,22,0,0,625,0,0,81,2,200,19,19,7,19,1,13,13,25,0,11,YARN_STORE|FARMERS_MARKET|YARN_STORE|BAKERY|SMOOTHIE_SHOP|BAKERY|SMOOTHIE_SHOP|PET_CAFE
95773737,1,Laplacenvmv,1,88081.0,87627.0,5,277,6,12,0,128,1,0,42,12,6,11,12,15,0,0,675,0,0,66,2,200,19,19,7,19,1,13,13,25,0,11,YARN_STORE|FARMERS_MARKET|YARN_STORE|BAKERY|SMOOTHIE_SHOP|BAKERY|SMOOTHIE_SHOP|PET_CAFE
95776005,0,Luan Kunyu,1,106130.0,105206.0,5,277,10,4,0,125,5,0,42,12,6,11,-1,2,12,0,364,0,0,54,0,192,31,13,13,37,1,13,19,13,0,9,BRUNCH_SPOT|SMOOTHIE_SHOP|ICE_CREAM_SHOP|FARMERS_MARKET|BAKERY|YARN_STORE|FARMERS_MARKET|SMOOTHIE_SHOP
95776005,1,Crop Dusta,0,105206.0,106130.0,4,294,9,4,0,109,0,0,43,13,5,9,-1,0,40,0,35,0,0,24,0,7,31,13,13,37,1,13,19,13,0,9,BRUNCH_SPOT|SMOOTHIE_SHOP|ICE_CREAM_SHOP|FARMERS_MARKET|BAKERY|YARN_STORE|FARMERS_MARKET|SMOOTHIE_SHOP
95776006,0,James Holland,0,63773.0,65387.0,5,278,10,4,0,123,5,0,42,12,6,11,-1,3,25,0,304,0,0,26,0,113,37,25,13,31,1,19,13,1,0,3,BAKERY|ICE_CREAM_SHOP|FARMERS_MARKET|FARMERS_MARKET|PET_CAFE|BAKERY|SMOOTHIE_SHOP|BRUNCH_SPOT
95776006,1,Victor @ Tufa Labs,1,65387.0,63773.0,5,277,10,4,0,124,5,0,42,12,6,11,-1,26,3,0,1853,0,0,28,0,28,37,25,13,31,1,19,13,1,0,3,BAKERY|ICE_CREAM_SHOP|FARMERS_MARKET|FARMERS_MARKET|PET_CAFE|BAKERY|SMOOTHIE_SHOP|BRUNCH_SPOT
95780539,0,カワシギ,0,44291.0,78520.0,5,277,8,6,0,144,15,0,34,20,6,11,-1,28,30,0,488,0,0,68,19,176,25,55,19,7,1,7,13,1,0,10,FARMERS_MARKET|BAKERY|PET_CAFE|PIZZA_SHOP|PET_CAFE|PET_CAFE|PIZZA_SHOP|PET_CAFE
95780539,1,Crop Dusta,1,78520.0,44291.0,4,296,4,3,2,111,58,20,25,16,5,8,-1,2,0,2,33,81,39,9,0,7,25,55,19,7,1,7,13,1,0,10,FARMERS_MARKET|BAKERY|PET_CAFE|PIZZA_SHOP|PET_CAFE|PET_CAFE|PIZZA_SHOP|PET_CAFE
95782836,0,peikopon,0,49691.0,63203.0,5,278,6,13,0,104,29,0,31,20,6,11,12,7,4,0,738,0,0,29,0,216,31,13,13,19,1,19,19,13,0,7,PET_CAFE|YARN_STORE|BAKERY|PIZZA_SHOP|PIZZA_SHOP|SMOOTHIE_SHOP|BRUNCH_SPOT|BRUNCH_SPOT
95782836,1,Seb (allegedly),1,63203.0,49691.0,7,299,5,12,0,115,0,0,21,19,4,8,-1,8,9,0,236,0,0,19,0,5,31,13,13,19,1,19,19,13,0,7,PET_CAFE|YARN_STORE|BAKERY|PIZZA_SHOP|PIZZA_SHOP|SMOOTHIE_SHOP|BRUNCH_SPOT|BRUNCH_SPOT
95782837,0,Kostiantyn Isaienkov,1,87248.0,75671.0,5,277,6,12,0,141,10,0,34,20,6,11,12,7,4,0,678,0,0,43,1,235,19,31,7,13,1,7,7,37,0,11,YARN_STORE|PET_CAFE|FARMERS_MARKET|BAKERY|ICE_CREAM_SHOP|PET_CAFE|YARN_STORE|YARN_STORE
95782837,1,ReCurSiON,0,75671.0,87248.0,4,262,6,7,0,143,0,0,37,15,6,10,-1,6,15,0,265,0,0,28,6,65,19,31,7,13,1,7,7,37,0,11,YARN_STORE|PET_CAFE|FARMERS_MARKET|BAKERY|ICE_CREAM_SHOP|PET_CAFE|YARN_STORE|YARN_STORE
95785105,0,ReCurSiON,0,100323.0,101170.0,4,262,9,4,0,143,0,0,37,20,6,10,-1,12,0,0,265,0,0,28,6,67,37,7,7,37,1,19,19,13,0,9,BRUNCH_SPOT|BRUNCH_SPOT|SMOOTHIE_SHOP|ICE_CREAM_SHOP|BAKERY|ICE_CREAM_SHOP|YARN_STORE|FARMERS_MARKET
95785105,1,James Holland,1,101170.0,100323.0,5,277,10,4,0,127,6,0,34,20,6,11,-1,27,18,0,291,0,0,16,12,158,37,7,7,37,1,19,19,13,0,9,BRUNCH_SPOT|BRUNCH_SPOT|SMOOTHIE_SHOP|ICE_CREAM_SHOP|BAKERY|ICE_CREAM_SHOP|YARN_STORE|FARMERS_MARKET
95785109,0,Pardheev Krishna,0,103995.0,105757.0,5,277,10,4,0,125,5,0,42,12,6,11,-1,9,23,0,371,0,0,45,0,192,37,31,25,31,1,7,19,1,0,4,PIZZA_SHOP|ICE_CREAM_SHOP|FARMERS_MARKET|SMOOTHIE_SHOP|FARMERS_MARKET|PET_CAFE|FARMERS_MARKET|BAKERY
95785109,1,Giulio Ravasio,1,105757.0,103995.0,5,278,10,4,0,123,5,0,42,12,6,11,-1,3,19,0,302,0,0,26,0,123,37,31,25,31,1,7,19,1,0,4,PIZZA_SHOP|ICE_CREAM_SHOP|FARMERS_MARKET|SMOOTHIE_SHOP|FARMERS_MARKET|PET_CAFE|FARMERS_MARKET|BAKERY
95785110,0,extra eclaire,0,138673.0,142056.0,5,277,6,8,0,133,13,0,42,12,6,11,-1,1,115,0,371,0,0,41,0,195,37,7,13,31,1,13,19,25,0,9,ICE_CREAM_SHOP|BRUNCH_SPOT|YARN_STORE|ICE_CREAM_SHOP|BRUNCH_SPOT|YARN_STORE|PIZZA_SHOP|FARMERS_MARKET
95785110,1,shyjin,1,142056.0,138673.0,5,277,6,8,0,125,5,0,42,12,6,11,-1,1,75,0,371,0,0,47,0,192,37,7,13,31,1,13,19,25,0,9,ICE_CREAM_SHOP|BRUNCH_SPOT|YARN_STORE|ICE_CREAM_SHOP|BRUNCH_SPOT|YARN_STORE|PIZZA_SHOP|FARMERS_MARKET
95789634,0,Luan Kunyu,1,98830.0,73333.0,5,277,6,12,0,145,3,0,34,17,6,11,12,8,0,0,745,0,0,34,0,250,25,19,13,19,1,13,7,37,0,11,FARMERS_MARKET|YARN_STORE|PET_CAFE|BRUNCH_SPOT|PIZZA_SHOP|BRUNCH_SPOT|YARN_STORE|YARN_STORE
95789634,1,Michael Timbs,0,73333.0,98830.0,5,276,10,4,0,125,15,0,42,12,6,11,-1,10,11,0,357,0,0,32,0,84,25,19,13,19,1,13,7,37,0,11,FARMERS_MARKET|YARN_STORE|PET_CAFE|BRUNCH_SPOT|PIZZA_SHOP|BRUNCH_SPOT|YARN_STORE|YARN_STORE
95792006,0,Laplacenvmv,1,100240.0,96647.0,5,277,10,4,0,125,5,0,42,12,6,11,-1,3,15,0,371,0,0,51,0,192,43,13,31,19,1,7,25,13,0,5,PIZZA_SHOP|PIZZA_SHOP|ICE_CREAM_SHOP|FARMERS_MARKET|YARN_STORE|FARMERS_MARKET|BAKERY|PIZZA_SHOP
95792006,1,Xiaowenhao404,0,96647.0,100240.0,5,277,10,4,0,127,15,0,42,12,6,11,-1,5,10,0,609,0,0,116,10,151,43,13,31,19,1,7,25,13,0,5,PIZZA_SHOP|PIZZA_SHOP|ICE_CREAM_SHOP|FARMERS_MARKET|YARN_STORE|FARMERS_MARKET|BAKERY|PIZZA_SHOP
95796489,0,Laplacenvmv,0,90840.0,91047.0,5,277,6,8,0,125,5,0,42,12,6,11,-1,1,116,0,371,0,0,51,0,192,25,19,13,25,1,1,25,25,0,2,FARMERS_MARKET|PET_CAFE|YARN_STORE|YARN_STORE|ICE_CREAM_SHOP|SMOOTHIE_SHOP|ICE_CREAM_SHOP|PIZZA_SHOP
95796489,1,Ryo Hasegawa,1,91047.0,90840.0,5,290,6,7,0,150,0,0,36,11,6,10,-1,63,0,0,181,0,0,76,0,67,25,19,13,25,1,1,25,25,0,2,FARMERS_MARKET|PET_CAFE|YARN_STORE|YARN_STORE|ICE_CREAM_SHOP|SMOOTHIE_SHOP|ICE_CREAM_SHOP|PIZZA_SHOP
95798811,0,カワシギ,0,104799.0,105301.0,5,277,6,12,0,138,11,0,42,12,6,11,12,0,9,0,741,0,0,37,0,163,19,7,19,25,1,1,31,25,0,2,YARN_STORE|FARMERS_MARKET|PIZZA_SHOP|SMOOTHIE_SHOP|PIZZA_SHOP|SMOOTHIE_SHOP|YARN_STORE|SMOOTHIE_SHOP
95798811,1,SaiKushal185,1,105301.0,104799.0,5,277,6,12,0,130,1,0,42,12,6,11,12,13,0,0,447,0,0,102,2,71,19,7,19,25,1,1,31,25,0,2,YARN_STORE|FARMERS_MARKET|PIZZA_SHOP|SMOOTHIE_SHOP|PIZZA_SHOP|SMOOTHIE_SHOP|YARN_STORE|SMOOTHIE_SHOP
95801116,0,lucaskna,0,96418.0,106224.0,5,277,6,12,0,145,3,0,34,20,6,11,12,6,0,0,664,0,0,34,0,113,25,25,19,19,1,7,7,37,0,13,BRUNCH_SPOT|YARN_STORE|PET_CAFE|FARMERS_MARKET|YARN_STORE|PIZZA_SHOP|FARMERS_MARKET|YARN_STORE
95801116,1,Crop Dusta,1,106224.0,96418.0,4,294,3,14,0,112,53,0,25,11,5,9,-1,1,36,0,40,96,0,31,0,11,25,25,19,19,1,7,7,37,0,13,BRUNCH_SPOT|YARN_STORE|PET_CAFE|FARMERS_MARKET|YARN_STORE|PIZZA_SHOP|FARMERS_MARKET|YARN_STORE
95801119,0,Seb (allegedly),0,72602.0,73414.0,7,302,10,4,0,104,0,0,42,18,4,8,10,8,3,0,175,0,0,9,6,16,13,43,7,25,1,7,13,13,0,12,SMOOTHIE_SHOP|PET_CAFE|BRUNCH_SPOT|YARN_STORE|PET_CAFE|SMOOTHIE_SHOP|PET_CAFE|FARMERS_MARKET
95801119,1,Alexander Shahramanyan,1,73414.0,72602.0,5,277,10,4,0,125,5,0,42,12,6,11,-1,3,11,0,370,0,0,50,0,192,13,43,7,25,1,7,13,13,0,12,SMOOTHIE_SHOP|PET_CAFE|BRUNCH_SPOT|YARN_STORE|PET_CAFE|SMOOTHIE_SHOP|PET_CAFE|FARMERS_MARKET
95801124,0,Kobe BRYANT,1,118904.0,116106.0,5,277,6,12,0,152,4,0,34,17,6,11,12,4,0,0,909,0,0,43,0,233,31,13,13,25,1,19,1,37,0,14,FARMERS_MARKET|YARN_STORE|BRUNCH_SPOT|YARN_STORE|FARMERS_MARKET|BRUNCH_SPOT|BAKERY|YARN_STORE
95801124,1,SaiKushal185,0,116106.0,118904.0,5,277,6,12,0,150,3,0,34,20,6,11,12,4,0,0,563,0,0,38,0,108,31,13,13,25,1,19,1,37,0,14,FARMERS_MARKET|YARN_STORE|BRUNCH_SPOT|YARN_STORE|FARMERS_MARKET|BRUNCH_SPOT|BAKERY|YARN_STORE
95801125,0,Xiaowenhao404,0,139497.0,144515.0,5,277,10,4,0,127,14,0,42,12,6,11,-1,10,15,0,629,0,0,25,10,149,31,13,1,37,1,13,31,1,0,8,SMOOTHIE_SHOP|ICE_CREAM_SHOP|ICE_CREAM_SHOP|BRUNCH_SPOT|PET_CAFE|SMOOTHIE_SHOP|ICE_CREAM_SHOP|BAKERY
95801125,1,Kostiantyn Isaienkov,1,144515.0,139497.0,5,277,10,4,0,131,12,0,42,12,6,11,-1,2,9,0,348,0,0,59,0,177,31,13,1,37,1,13,31,1,0,8,SMOOTHIE_SHOP|ICE_CREAM_SHOP|ICE_CREAM_SHOP|BRUNCH_SPOT|PET_CAFE|SMOOTHIE_SHOP|ICE_CREAM_SHOP|BAKERY
95803344,0,Victor @ Tufa Labs,0,131603.0,134729.0,5,277,10,4,0,125,5,0,42,12,6,11,-1,5,1,0,2257,0,0,36,0,123,25,1,13,19,1,7,31,25,0,2,SMOOTHIE_SHOP|SMOOTHIE_SHOP|ICE_CREAM_SHOP|BAKERY|YARN_STORE|YARN_STORE|PIZZA_SHOP|PIZZA_SHOP
95803344,1,THIRD FARM CLUB,1,134729.0,131603.0,5,277,10,4,0,133,13,0,42,12,6,11,-1,9,17,0,374,0,0,43,0,192,25,1,13,19,1,7,31,25,0,2,SMOOTHIE_SHOP|SMOOTHIE_SHOP|ICE_CREAM_SHOP|BAKERY|YARN_STORE|YARN_STORE|PIZZA_SHOP|PIZZA_SHOP
95803397,0,Kobe BRYANT,1,107694.0,106807.0,5,277,10,4,0,132,6,0,38,12,6,11,-1,2,4,0,449,0,0,48,0,189,31,1,13,25,1,13,31,13,0,2,PIZZA_SHOP|SMOOTHIE_SHOP|PIZZA_SHOP|BAKERY|SMOOTHIE_SHOP|BRUNCH_SPOT|ICE_CREAM_SHOP|YARN_STORE
95803397,1,Ozi,0,106807.0,107694.0,5,277,10,4,0,125,5,0,42,12,6,11,-1,15,17,0,371,0,0,40,0,192,31,1,13,25,1,13,31,13,0,2,PIZZA_SHOP|SMOOTHIE_SHOP|PIZZA_SHOP|BAKERY|SMOOTHIE_SHOP|BRUNCH_SPOT|ICE_CREAM_SHOP|YARN_STORE
95803402,0,peikopon,1,88309.0,79139.0,5,277,10,4,0,126,5,4,34,12,6,11,-1,3,13,0,310,0,2,26,0,127,43,1,25,1,1,19,25,13,0,7,PIZZA_SHOP|PIZZA_SHOP|PIZZA_SHOP|BAKERY|BAKERY|YARN_STORE|BAKERY|PIZZA_SHOP
95803402,1,lucaskna,0,79139.0,88309.0,5,277,10,4,0,125,5,0,42,12,6,11,-1,3,27,0,282,0,0,57,0,57,43,1,25,1,1,19,25,13,0,7,PIZZA_SHOP|PIZZA_SHOP|PIZZA_SHOP|BAKERY|BAKERY|YARN_STORE|BAKERY|PIZZA_SHOP
95803403,0,Izzoudine Mohamed KANTA,0,107622.0,111657.0,5,277,10,4,0,132,6,0,38,12,6,11,-1,2,10,0,445,0,0,48,0,189,37,7,19,25,1,13,25,13,0,7,PIZZA_SHOP|PIZZA_SHOP|FARMERS_MARKET|ICE_CREAM_SHOP|BRUNCH_SPOT|SMOOTHIE_SHOP|YARN_STORE|BAKERY
95803403,1,peikopon,1,111657.0,107622.0,5,278,10,4,0,126,5,4,34,12,6,11,-1,3,10,0,330,0,2,26,0,127,37,7,19,25,1,13,25,13,0,7,PIZZA_SHOP|PIZZA_SHOP|FARMERS_MARKET|ICE_CREAM_SHOP|BRUNCH_SPOT|SMOOTHIE_SHOP|YARN_STORE|BAKERY
95803405,0,Efe Can Celiksoy,1,119158.0,114740.0,5,277,10,4,0,126,16,0,42,12,6,11,-1,23,21,0,435,0,0,33,0,192,37,1,19,19,1,13,31,13,0,7,PIZZA_SHOP|ICE_CREAM_SHOP|YARN_STORE|BRUNCH_SPOT|PIZZA_SHOP|PIZZA_SHOP|SMOOTHIE_SHOP|BAKERY
95803405,1,feel the borov,0,114740.0,119158.0,5,277,6,8,0,125,5,0,42,12,6,11,-1,1,75,0,364,0,0,54,0,192,37,1,19,19,1,13,31,13,0,7,PIZZA_SHOP|ICE_CREAM_SHOP|YARN_STORE|BRUNCH_SPOT|PIZZA_SHOP|PIZZA_SHOP|SMOOTHIE_SHOP|BAKERY
95803406,0,Subramanya N,1,99826.0,87576.0,6,301,3,11,1,112,11,0,43,11,6,10,-1,26,37,0,94,6,0,124,0,17,31,19,13,25,1,13,13,25,0,13,BRUNCH_SPOT|YARN_STORE|ICE_CREAM_SHOP|PET_CAFE|BRUNCH_SPOT|PIZZA_SHOP|YARN_STORE|FARMERS_MARKET
95803406,1,Izzoudine Mohamed KANTA,0,87576.0,99826.0,5,277,6,12,0,149,4,0,34,17,6,11,12,31,2,0,758,0,0,24,0,254,31,19,13,25,1,13,13,25,0,13,BRUNCH_SPOT|YARN_STORE|ICE_CREAM_SHOP|PET_CAFE|BRUNCH_SPOT|PIZZA_SHOP|YARN_STORE|FARMERS_MARKET
95803407,0,peikopon,0,126057.0,136092.0,5,278,6,12,0,133,6,2,32,20,6,11,12,7,4,0,677,0,4,26,1,269,25,13,13,37,1,1,25,25,0,2,YARN_STORE|FARMERS_MARKET|SMOOTHIE_SHOP|SMOOTHIE_SHOP|FARMERS_MARKET|YARN_STORE|ICE_CREAM_SHOP|ICE_CREAM_SHOP
95803407,1,Izzoudine Mohamed KANTA,1,136092.0,126057.0,5,277,6,12,0,135,3,0,42,12,6,11,12,21,0,0,719,0,0,64,2,200,25,13,13,37,1,1,25,25,0,2,YARN_STORE|FARMERS_MARKET|SMOOTHIE_SHOP|SMOOTHIE_SHOP|FARMERS_MARKET|YARN_STORE|ICE_CREAM_SHOP|ICE_CREAM_SHOP
95803408,0,Arman Tuganbaev,0,81004.0,85751.0,2,256,8,4,0,139,0,0,35,26,7,9,-1,53,14,0,209,0,0,41,52,125,43,13,13,31,1,31,7,1,0,3,BAKERY|BRUNCH_SPOT|BRUNCH_SPOT|FARMERS_MARKET|FARMERS_MARKET|SMOOTHIE_SHOP|BAKERY|BAKERY
95803408,1,Subramanya N,1,85751.0,81004.0,6,303,3,2,8,135,11,0,38,11,6,10,-1,9,0,18,97,3,0,85,0,23,43,13,13,31,1,31,7,1,0,3,BAKERY|BRUNCH_SPOT|BRUNCH_SPOT|FARMERS_MARKET|FARMERS_MARKET|SMOOTHIE_SHOP|BAKERY|BAKERY
95803409,0,Xiaowenhao404,1,101230.0,99144.0,5,277,10,4,0,131,6,0,34,20,6,11,-1,31,14,0,468,0,0,16,12,157,25,31,19,37,1,1,19,13,0,10,FARMERS_MARKET|FARMERS_MARKET|ICE_CREAM_SHOP|SMOOTHIE_SHOP|FARMERS_MARKET|PET_CAFE|SMOOTHIE_SHOP|YARN_STORE
95803409,1,ReCurSiON,0,99144.0,101230.0,4,262,9,4,0,143,0,0,37,20,6,10,-1,12,0,0,265,0,0,28,6,67,25,31,19,37,1,1,19,13,0,10,FARMERS_MARKET|FARMERS_MARKET|ICE_CREAM_SHOP|SMOOTHIE_SHOP|FARMERS_MARKET|PET_CAFE|SMOOTHIE_SHOP|YARN_STORE
95803410,0,Crop Dusta,1,108452.0,98436.0,4,295,7,2,1,104,0,17,42,14,5,8,-1,74,0,0,39,0,28,14,0,12,43,25,19,37,1,13,19,1,0,4,BRUNCH_SPOT|PIZZA_SHOP|FARMERS_MARKET|BRUNCH_SPOT|ICE_CREAM_SHOP|ICE_CREAM_SHOP|PET_CAFE|FARMERS_MARKET
95803410,1,Arman Tuganbaev,0,98436.0,108452.0,2,253,8,4,0,139,0,0,40,26,7,9,-1,24,11,0,215,0,0,62,95,108,43,25,19,37,1,13,19,1,0,4,BRUNCH_SPOT|PIZZA_SHOP|FARMERS_MARKET|BRUNCH_SPOT|ICE_CREAM_SHOP|ICE_CREAM_SHOP|PET_CAFE|FARMERS_MARKET
95803411,0,Ryo Hasegawa,0,89255.0,90801.0,5,290,8,6,0,131,0,0,36,23,5,10,-1,54,0,0,130,0,0,95,0,84,25,7,7,37,1,7,31,13,0,8,BAKERY|FARMERS_MARKET|SMOOTHIE_SHOP|YARN_STORE|SMOOTHIE_SHOP|SMOOTHIE_SHOP|ICE_CREAM_SHOP|ICE_CREAM_SHOP
95803411,1,tetsuya,1,90801.0,89255.0,6,313,6,7,2,123,0,0,40,11,7,10,-1,0,5,0,87,0,0,6,0,97,25,7,7,37,1,7,31,13,0,8,BAKERY|FARMERS_MARKET|SMOOTHIE_SHOP|YARN_STORE|SMOOTHIE_SHOP|SMOOTHIE_SHOP|ICE_CREAM_SHOP|ICE_CREAM_SHOP
95803412,0,Arman Tuganbaev,1,78998.0,66324.0,2,272,7,10,0,129,12,0,39,11,6,11,-1,53,70,0,117,9,0,91,12,151,25,37,13,31,1,13,7,13,0,10,BRUNCH_SPOT|YARN_STORE|BRUNCH_SPOT|PET_CAFE|FARMERS_MARKET|PET_CAFE|SMOOTHIE_SHOP|FARMERS_MARKET
95803412,1,tetsuya,0,66324.0,78998.0,6,302,5,10,1,109,0,0,46,11,7,10,-1,18,32,0,72,0,0,15,6,66,25,37,13,31,1,13,7,13,0,10,BRUNCH_SPOT|YARN_STORE|BRUNCH_SPOT|PET_CAFE|FARMERS_MARKET|PET_CAFE|SMOOTHIE_SHOP|FARMERS_MARKET
95803414,0,カワシギ,0,61696.0,75495.0,5,277,10,4,0,136,15,0,34,20,6,11,-1,41,2,0,521,0,0,36,7,151,37,7,13,19,1,19,13,25,0,14,FARMERS_MARKET|BAKERY|PIZZA_SHOP|YARN_STORE|ICE_CREAM_SHOP|BRUNCH_SPOT|BAKERY|YARN_STORE
95803414,1,tetsuya,1,75495.0,61696.0,6,313,6,8,1,144,0,0,36,12,7,10,-1,6,13,0,141,0,0,8,6,96,37,7,13,19,1,19,13,25,0,14,FARMERS_MARKET|BAKERY|PIZZA_SHOP|YARN_STORE|ICE_CREAM_SHOP|BRUNCH_SPOT|BAKERY|YARN_STORE
95810193,0,Rayk Kretzschmar,0,61325.0,64903.0,5,277,8,6,0,125,5,0,42,12,6,11,-1,1,69,0,371,0,0,51,0,192,31,1,1,19,1,25,13,25,0,14,BAKERY|BAKERY|BRUNCH_SPOT|YARN_STORE|ICE_CREAM_SHOP|BAKERY|SMOOTHIE_SHOP|YARN_STORE
95810193,1,Ryo Hasegawa,1,64903.0,61325.0,5,289,6,6,0,160,0,0,36,11,6,10,-1,47,2,0,213,0,0,77,0,64,31,1,1,19,1,25,13,25,0,14,BAKERY|BAKERY|BRUNCH_SPOT|YARN_STORE|ICE_CREAM_SHOP|BAKERY|SMOOTHIE_SHOP|YARN_STORE
95812470,0,James Holland,1,121841.0,121483.0,5,277,6,12,0,141,7,0,34,12,6,11,12,9,4,0,674,0,0,52,0,239,25,13,7,25,1,1,31,25,0,2,YARN_STORE|ICE_CREAM_SHOP|PET_CAFE|ICE_CREAM_SHOP|YARN_STORE|SMOOTHIE_SHOP|PIZZA_SHOP|ICE_CREAM_SHOP
95812470,1,Ryo Hasegawa,0,121483.0,121841.0,5,290,6,7,0,157,0,0,47,11,6,9,-1,0,0,0,158,0,0,65,0,85,25,13,7,25,1,1,31,25,0,2,YARN_STORE|ICE_CREAM_SHOP|PET_CAFE|ICE_CREAM_SHOP|YARN_STORE|SMOOTHIE_SHOP|PIZZA_SHOP|ICE_CREAM_SHOP
95819345,0,Kostiantyn Isaienkov,0,86355.0,91581.0,5,277,6,8,0,131,12,0,42,12,6,11,-1,0,95,0,344,0,0,59,0,177,25,25,19,25,1,1,19,25,0,13,YARN_STORE|PIZZA_SHOP|PET_CAFE|FARMERS_MARKET|ICE_CREAM_SHOP|FARMERS_MARKET|YARN_STORE|SMOOTHIE_SHOP
95819345,1,shyjin,1,91581.0,86355.0,5,277,6,12,0,128,1,0,42,12,6,11,12,16,0,0,675,0,0,60,2,200,25,25,19,25,1,1,19,25,0,13,YARN_STORE|PIZZA_SHOP|PET_CAFE|FARMERS_MARKET|ICE_CREAM_SHOP|FARMERS_MARKET|YARN_STORE|SMOOTHIE_SHOP
95819352,0,James Holland,0,103349.0,104143.0,5,277,10,4,0,127,6,0,34,20,6,11,-1,23,12,0,286,0,0,16,12,143,43,13,13,43,1,19,13,13,0,9,BRUNCH_SPOT|FARMERS_MARKET|ICE_CREAM_SHOP|BRUNCH_SPOT|ICE_CREAM_SHOP|FARMERS_MARKET|YARN_STORE|BRUNCH_SPOT
95819352,1,ReCurSiON,1,104143.0,103349.0,4,262,9,4,0,143,0,0,37,15,6,10,-1,12,37,0,241,0,0,28,6,67,43,13,13,43,1,19,13,13,0,9,BRUNCH_SPOT|FARMERS_MARKET|ICE_CREAM_SHOP|BRUNCH_SPOT|ICE_CREAM_SHOP|FARMERS_MARKET|YARN_STORE|BRUNCH_SPOT
95821619,0,Rayk Kretzschmar,1,115207.0,106166.0,5,277,6,12,0,145,3,0,34,17,6,11,12,8,0,0,748,0,0,34,0,250,25,25,13,31,1,13,7,25,0,13,BRUNCH_SPOT|YARN_STORE|FARMERS_MARKET|YARN_STORE|PET_CAFE|SMOOTHIE_SHOP|BRUNCH_SPOT|FARMERS_MARKET
95821619,1,James Holland,0,106166.0,115207.0,5,277,6,12,0,141,7,0,34,12,6,11,12,6,4,0,675,0,0,30,0,237,25,25,13,31,1,13,7,25,0,13,BRUNCH_SPOT|YARN_STORE|FARMERS_MARKET|YARN_STORE|PET_CAFE|SMOOTHIE_SHOP|BRUNCH_SPOT|FARMERS_MARKET
95833020,0,Laplacenvmv,0,130339.0,130832.0,5,277,10,4,0,125,5,0,42,12,6,11,-1,5,17,0,371,0,0,34,0,192,37,13,13,25,1,13,31,1,0,6,SMOOTHIE_SHOP|BRUNCH_SPOT|ICE_CREAM_SHOP|PIZZA_SHOP|ICE_CREAM_SHOP|PET_CAFE|PIZZA_SHOP|BAKERY
95833020,1,Alexander Shahramanyan,1,130832.0,130339.0,5,277,10,4,0,125,5,0,42,12,6,11,-1,5,17,0,371,0,0,31,0,192,37,13,13,25,1,13,31,1,0,6,SMOOTHIE_SHOP|BRUNCH_SPOT|ICE_CREAM_SHOP|PIZZA_SHOP|ICE_CREAM_SHOP|PET_CAFE|PIZZA_SHOP|BAKERY
95835313,0,SaiKushal185,1,82587.0,77439.0,5,277,6,12,0,130,1,0,42,12,6,11,12,32,0,0,449,0,0,121,2,66,25,31,19,7,1,7,13,25,0,13,YARN_STORE|YARN_STORE|BAKERY|FARMERS_MARKET|PET_CAFE|PIZZA_SHOP|PET_CAFE|PIZZA_SHOP
95835313,1,ReCurSiON,0,77439.0,82587.0,4,262,6,7,0,143,0,0,37,20,6,10,-1,6,15,0,265,0,0,28,6,65,25,31,19,7,1,7,13,25,0,13,YARN_STORE|YARN_STORE|BAKERY|FARMERS_MARKET|PET_CAFE|PIZZA_SHOP|PET_CAFE|PIZZA_SHOP
95837598,0,lucaskna,1,64403.0,62099.0,5,278,10,4,0,125,5,0,42,12,6,11,-1,0,20,0,395,0,0,56,0,57,37,7,13,25,1,25,7,25,0,14,BAKERY|BRUNCH_SPOT|PIZZA_SHOP|FARMERS_MARKET|BRUNCH_SPOT|BRUNCH_SPOT|YARN_STORE|YARN_STORE
95837598,1,Xiaowenhao404,0,62099.0,64403.0,5,277,10,4,0,128,15,0,42,12,6,11,-1,31,20,0,637,0,0,53,10,150,37,7,13,25,1,25,7,25,0,14,BAKERY|BRUNCH_SPOT|PIZZA_SHOP|FARMERS_MARKET|BRUNCH_SPOT|BRUNCH_SPOT|YARN_STORE|YARN_STORE
95837602,0,Izzoudine Mohamed KANTA,0,59048.0,74398.0,5,277,6,6,2,132,6,0,38,12,6,11,-1,1,8,19,502,0,0,51,0,192,49,13,25,25,1,19,19,1,0,7,BAKERY|BAKERY|PIZZA_SHOP|FARMERS_MARKET|BRUNCH_SPOT|ICE_CREAM_SHOP|FARMERS_MARKET|PIZZA_SHOP
95837602,1,Crop Dusta,1,74398.0,59048.0,4,295,5,3,4,200,0,15,13,16,5,8,-1,28,0,4,41,0,58,10,4,17,49,13,25,25,1,19,19,1,0,7,BAKERY|BAKERY|PIZZA_SHOP|FARMERS_MARKET|BRUNCH_SPOT|ICE_CREAM_SHOP|FARMERS_MARKET|PIZZA_SHOP
95837604,0,Kenjo1209,0,44534.0,109546.0,5,277,6,12,0,124,3,0,34,20,6,11,12,14,0,0,731,0,0,10,1,153,37,1,7,37,1,25,19,13,0,9,YARN_STORE|BRUNCH_SPOT|BRUNCH_SPOT|ICE_CREAM_SHOP|BRUNCH_SPOT|SMOOTHIE_SHOP|BRUNCH_SPOT|PIZZA_SHOP
95837604,1,Seb (allegedly),1,109546.0,44534.0,7,317,6,15,0,120,0,0,30,19,4,8,10,19,29,0,219,0,0,7,12,17,37,1,7,37,1,25,19,13,0,9,YARN_STORE|BRUNCH_SPOT|BRUNCH_SPOT|ICE_CREAM_SHOP|BRUNCH_SPOT|SMOOTHIE_SHOP|BRUNCH_SPOT|PIZZA_SHOP
95837607,0,webmaking,0,76680.0,76804.0,5,277,10,4,0,125,5,0,42,12,6,11,-1,1,32,0,275,0,0,61,0,60,25,13,7,19,1,19,7,37,0,11,BRUNCH_SPOT|PIZZA_SHOP|BRUNCH_SPOT|YARN_STORE|YARN_STORE|BRUNCH_SPOT|PET_CAFE|YARN_STORE
95837607,1,SaiKushal185,1,76804.0,76680.0,5,277,10,4,0,129,5,0,42,12,6,11,-1,3,14,0,279,0,0,46,0,57,25,13,7,19,1,19,7,37,0,11,BRUNCH_SPOT|PIZZA_SHOP|BRUNCH_SPOT|YARN_STORE|YARN_STORE|BRUNCH_SPOT|PET_CAFE|YARN_STORE
95837608,0,Kobe BRYANT,1,79564.0,79448.0,5,277,8,6,0,132,6,0,38,12,6,11,-1,0,9,0,475,0,0,48,0,189,37,25,19,31,1,13,19,1,0,4,FARMERS_MARKET|PET_CAFE|ICE_CREAM_SHOP|FARMERS_MARKET|SMOOTHIE_SHOP|PIZZA_SHOP|BAKERY|BRUNCH_SPOT
95837608,1,Kostiantyn Isaienkov,0,79448.0,79564.0,5,277,8,4,2,131,12,0,42,12,6,11,-1,0,9,12,348,0,0,59,0,177,37,25,19,31,1,13,19,1,0,4,FARMERS_MARKET|PET_CAFE|ICE_CREAM_SHOP|FARMERS_MARKET|SMOOTHIE_SHOP|PIZZA_SHOP|BAKERY|BRUNCH_SPOT
95837609,0,Michael Timbs,0,96214.0,96865.0,5,277,10,4,0,125,15,0,42,12,6,11,-1,16,11,0,342,0,0,37,0,96,37,25,13,37,1,13,13,13,0,4,BRUNCH_SPOT|ICE_CREAM_SHOP|PET_CAFE|ICE_CREAM_SHOP|FARMERS_MARKET|YARN_STORE|FARMERS_MARKET|BRUNCH_SPOT
95837609,1,Xiaowenhao404,1,96865.0,96214.0,5,277,10,4,0,127,15,0,42,12,6,11,-1,30,14,0,632,0,0,29,10,152,37,25,13,37,1,13,13,13,0,4,BRUNCH_SPOT|ICE_CREAM_SHOP|PET_CAFE|ICE_CREAM_SHOP|FARMERS_MARKET|YARN_STORE|FARMERS_MARKET|BRUNCH_SPOT
95839866,0,Victor @ Tufa Labs,1,111449.0,111121.0,5,277,10,4,0,125,5,0,42,12,6,11,-1,3,1,0,2064,0,0,37,0,135,37,13,13,43,1,13,25,1,0,9,ICE_CREAM_SHOP|BAKERY|SMOOTHIE_SHOP|FARMERS_MARKET|SMOOTHIE_SHOP|BRUNCH_SPOT|ICE_CREAM_SHOP|FARMERS_MARKET
95839866,1,Xiaowenhao404,0,111121.0,111449.0,5,277,10,4,0,127,15,0,42,12,6,11,-1,15,25,0,628,0,0,25,10,154,37,13,13,43,1,13,25,1,0,9,ICE_CREAM_SHOP|BAKERY|SMOOTHIE_SHOP|FARMERS_MARKET|SMOOTHIE_SHOP|BRUNCH_SPOT|ICE_CREAM_SHOP|FARMERS_MARKET
95839887,0,lucaskna,1,83252.0,81682.0,5,277,8,6,0,125,5,0,42,12,6,11,-1,0,39,0,415,0,0,54,0,57,31,25,13,31,1,19,13,1,0,3,FARMERS_MARKET|FARMERS_MARKET|BAKERY|SMOOTHIE_SHOP|SMOOTHIE_SHOP|BRUNCH_SPOT|PET_CAFE|BAKERY
95839887,1,SaiKushal185,0,81682.0,83252.0,5,277,8,6,0,129,5,0,42,12,6,11,-1,1,51,0,279,0,0,46,0,57,31,25,13,31,1,19,13,1,0,3,FARMERS_MARKET|FARMERS_MARKET|BAKERY|SMOOTHIE_SHOP|SMOOTHIE_SHOP|BRUNCH_SPOT|PET_CAFE|BAKERY
95839888,0,peikopon,0,67349.0,87925.0,5,278,10,4,0,125,5,2,36,12,6,11,-1,1,21,0,455,0,0,26,0,124,37,25,25,25,1,13,1,25,0,13,BAKERY|YARN_STORE|FARMERS_MARKET|BAKERY|FARMERS_MARKET|YARN_STORE|FARMERS_MARKET|FARMERS_MARKET
95839888,1,shyjin,1,87925.0,67349.0,5,277,6,12,0,145,3,0,34,17,6,11,12,8,0,0,748,0,0,34,0,250,37,25,25,25,1,13,1,25,0,13,BAKERY|YARN_STORE|FARMERS_MARKET|BAKERY|FARMERS_MARKET|YARN_STORE|FARMERS_MARKET|FARMERS_MARKET
95839889,0,カワシギ,0,110641.0,115318.0,5,277,10,4,0,122,13,0,42,12,6,11,-1,7,0,0,498,0,0,55,10,136,37,13,13,25,1,13,31,1,0,6,ICE_CREAM_SHOP|PIZZA_SHOP|PIZZA_SHOP|ICE_CREAM_SHOP|BAKERY|SMOOTHIE_SHOP|PET_CAFE|BRUNCH_SPOT
95839889,1,Izzoudine Mohamed KANTA,1,115318.0,110641.0,5,277,10,4,0,132,6,0,38,12,6,11,-1,2,4,0,476,0,0,48,0,189,37,13,13,25,1,13,31,1,0,6,ICE_CREAM_SHOP|PIZZA_SHOP|PIZZA_SHOP|ICE_CREAM_SHOP|BAKERY|SMOOTHIE_SHOP|PET_CAFE|BRUNCH_SPOT
95839891,0,shyjin,1,83410.0,81738.0,5,277,10,4,0,125,5,0,42,12,6,11,-1,9,14,0,371,0,0,47,0,192,43,19,19,25,1,7,31,1,0,6,ICE_CREAM_SHOP|PET_CAFE|BAKERY|ICE_CREAM_SHOP|ICE_CREAM_SHOP|PIZZA_SHOP|FARMERS_MARKET|PIZZA_SHOP
95839891,1,feel the borov,0,81738.0,83410.0,5,277,10,4,0,125,5,0,42,12,6,11,-1,9,12,0,371,0,0,66,0,192,43,19,19,25,1,7,31,1,0,6,ICE_CREAM_SHOP|PET_CAFE|BAKERY|ICE_CREAM_SHOP|ICE_CREAM_SHOP|PIZZA_SHOP|FARMERS_MARKET|PIZZA_SHOP
95839892,0,ReCurSiON,1,49801.0,46024.0,4,262,9,4,0,143,0,0,37,20,6,10,-1,12,0,0,265,0,0,28,6,67,37,13,1,13,1,37,1,13,0,14,BRUNCH_SPOT|PET_CAFE|BAKERY|BAKERY|BAKERY|YARN_STORE|BRUNCH_SPOT|BAKERY
95839892,1,Efe Can Celiksoy,0,46024.0,49801.0,5,277,10,4,0,138,16,0,34,20,6,11,-1,41,24,0,508,0,0,0,6,140,37,13,1,13,1,37,1,13,0,14,BRUNCH_SPOT|PET_CAFE|BAKERY|BAKERY|BAKERY|YARN_STORE|BRUNCH_SPOT|BAKERY
95839893,0,Izzoudine Mohamed KANTA,0,66166.0,83891.0,5,277,8,6,0,132,6,0,38,12,6,11,-1,1,80,0,454,0,0,57,0,192,31,37,25,19,1,7,13,13,0,10,FARMERS_MARKET|PET_CAFE|PIZZA_SHOP|YARN_STORE|BRUNCH_SPOT|FARMERS_MARKET|PIZZA_SHOP|PET_CAFE
95839893,1,Subramanya N,1,83891.0,66166.0,6,305,3,8,0,126,42,8,33,15,6,9,-1,32,8,0,85,19,8,36,14,15,31,37,25,19,1,7,13,13,0,10,FARMERS_MARKET|PET_CAFE|PIZZA_SHOP|YARN_STORE|BRUNCH_SPOT|FARMERS_MARKET|PIZZA_SHOP|PET_CAFE
95839894,0,peikopon,0,123369.0,128338.0,5,277,10,4,0,126,6,2,32,20,6,11,-1,33,14,0,478,0,0,18,12,140,25,25,19,13,1,1,31,13,0,5,SMOOTHIE_SHOP|PIZZA_SHOP|ICE_CREAM_SHOP|PIZZA_SHOP|YARN_STORE|PIZZA_SHOP|PET_CAFE|PET_CAFE
95839894,1,Subramanya N,1,128338.0,123369.0,6,305,15,4,0,114,11,0,40,8,6,10,-1,31,0,0,86,6,0,32,6,24,25,25,19,13,1,1,31,13,0,5,SMOOTHIE_SHOP|PIZZA_SHOP|ICE_CREAM_SHOP|PIZZA_SHOP|YARN_STORE|PIZZA_SHOP|PET_CAFE|PET_CAFE
95839895,0,tetsuya,1,128532.0,126719.0,6,312,12,3,0,118,0,0,40,14,7,10,-1,32,21,0,66,0,0,22,0,104,25,7,7,43,1,13,25,13,0,8,SMOOTHIE_SHOP|ICE_CREAM_SHOP|BRUNCH_SPOT|SMOOTHIE_SHOP|FARMERS_MARKET|SMOOTHIE_SHOP|YARN_STORE|BRUNCH_SPOT
95839895,1,Crop Dusta,0,126719.0,128532.0,4,295,11,3,0,93,0,0,45,16,5,8,-1,4,19,0,43,0,0,34,0,10,25,7,7,43,1,13,25,13,0,8,SMOOTHIE_SHOP|ICE_CREAM_SHOP|BRUNCH_SPOT|SMOOTHIE_SHOP|FARMERS_MARKET|SMOOTHIE_SHOP|YARN_STORE|BRUNCH_SPOT
95839896,0,Crop Dusta,0,55070.0,55359.0,4,296,5,5,7,168,0,0,13,20,5,8,-1,30,0,2,51,0,0,0,1,38,49,1,19,7,1,25,25,1,0,7,BAKERY|BAKERY|PIZZA_SHOP|BAKERY|PIZZA_SHOP|BAKERY|ICE_CREAM_SHOP|PIZZA_SHOP
95839896,1,Ryo Hasegawa,1,55359.0,55070.0,5,290,10,2,0,249,0,0,16,11,5,10,-1,54,9,0,414,0,0,12,0,60,49,1,19,7,1,25,25,1,0,7,BAKERY|BAKERY|PIZZA_SHOP|BAKERY|PIZZA_SHOP|BAKERY|ICE_CREAM_SHOP|PIZZA_SHOP
95839897,0,Arman Tuganbaev,1,110908.0,93338.0,2,295,8,4,0,135,12,12,39,11,6,11,-1,55,58,0,199,32,38,77,6,103,43,19,25,25,1,7,31,1,0,6,FARMERS_MARKET|PIZZA_SHOP|BRUNCH_SPOT|ICE_CREAM_SHOP|PIZZA_SHOP|PET_CAFE|ICE_CREAM_SHOP|PIZZA_SHOP
95839897,1,カワシギ,0,93338.0,110908.0,5,277,10,4,0,143,14,0,34,20,6,11,-1,0,11,0,369,0,0,18,8,175,43,19,25,25,1,7,31,1,0,6,FARMERS_MARKET|PIZZA_SHOP|BRUNCH_SPOT|ICE_CREAM_SHOP|PIZZA_SHOP|PET_CAFE|ICE_CREAM_SHOP|PIZZA_SHOP
95839898,0,カワシギ,1,98629.0,96613.0,5,276,10,4,0,137,15,0,34,20,6,11,-1,12,6,0,381,0,0,25,6,149,25,25,13,25,1,13,7,25,0,13,SMOOTHIE_SHOP|BRUNCH_SPOT|FARMERS_MARKET|YARN_STORE|PET_CAFE|BAKERY|FARMERS_MARKET|YARN_STORE
95839898,1,ReCurSiON,0,96613.0,98629.0,4,262,9,4,0,143,0,0,37,15,6,10,-1,12,26,0,265,0,0,28,6,67,25,25,13,25,1,13,7,25,0,13,SMOOTHIE_SHOP|BRUNCH_SPOT|FARMERS_MARKET|YARN_STORE|PET_CAFE|BAKERY|FARMERS_MARKET|YARN_STORE
95839901,0,Crop Dusta,0,114136.0,114239.0,4,295,13,3,0,125,65,0,22,20,5,8,-1,9,0,0,39,105,0,19,3,4,37,31,19,25,1,1,31,1,0,6,PIZZA_SHOP|ICE_CREAM_SHOP|PET_CAFE|ICE_CREAM_SHOP|ICE_CREAM_SHOP|FARMERS_MARKET|PET_CAFE|PIZZA_SHOP
95839901,1,tetsuya,1,114239.0,114136.0,6,311,11,4,0,145,0,8,31,10,7,10,-1,42,9,0,117,0,1,14,6,131,37,31,19,25,1,1,31,1,0,6,PIZZA_SHOP|ICE_CREAM_SHOP|PET_CAFE|ICE_CREAM_SHOP|ICE_CREAM_SHOP|FARMERS_MARKET|PET_CAFE|PIZZA_SHOP
95849044,0,Alexander Shahramanyan,0,41719.0,51918.0,5,277,10,4,0,125,5,0,42,12,6,11,-1,3,26,0,371,0,0,51,0,192,25,43,7,13,1,19,7,1,0,0,BAKERY|PET_CAFE|SMOOTHIE_SHOP|FARMERS_MARKET|PET_CAFE|BAKERY|PET_CAFE|BAKERY
95849044,1,Ryo Hasegawa,1,51918.0,41719.0,5,289,8,3,0,134,37,0,36,11,6,10,-1,38,19,0,117,3,0,86,0,45,25,43,7,13,1,19,7,1,0,0,BAKERY|PET_CAFE|SMOOTHIE_SHOP|FARMERS_MARKET|PET_CAFE|BAKERY|PET_CAFE|BAKERY
95858156,0,Cengizhan Tümer,1,99561.0,97048.0,5,277,6,8,0,133,13,0,42,12,6,11,-1,1,66,0,371,0,0,68,0,193,25,19,7,19,1,13,7,37,0,11,ICE_CREAM_SHOP|FARMERS_MARKET|YARN_STORE|PET_CAFE|BAKERY|YARN_STORE|YARN_STORE|BRUNCH_SPOT
95858156,1,Kostiantyn Isaienkov,0,97048.0,99561.0,5,277,6,8,0,131,12,0,42,12,6,11,-1,0,94,0,355,0,0,59,0,177,25,19,7,19,1,13,7,37,0,11,ICE_CREAM_SHOP|FARMERS_MARKET|YARN_STORE|PET_CAFE|BAKERY|YARN_STORE|YARN_STORE|BRUNCH_SPOT
95858164,0,Crop Dusta,1,110217.0,106398.0,4,296,9,10,0,78,0,0,48,14,5,8,-1,0,0,0,41,0,0,32,0,16,25,13,7,25,1,19,19,13,0,1,SMOOTHIE_SHOP|SMOOTHIE_SHOP|YARN_STORE|BRUNCH_SPOT|BAKERY|PET_CAFE|BRUNCH_SPOT|PIZZA_SHOP
95858164,1,James Holland,0,106398.0,110217.0,5,277,10,4,0,127,8,0,34,20,6,11,-1,15,15,0,322,0,0,18,9,59,25,13,7,25,1,19,19,13,0,1,SMOOTHIE_SHOP|SMOOTHIE_SHOP|YARN_STORE|BRUNCH_SPOT|BAKERY|PET_CAFE|BRUNCH_SPOT|PIZZA_SHOP
95860444,0,James Holland,1,80735.0,80515.0,5,278,10,4,0,123,5,0,42,12,6,11,-1,3,22,0,304,0,0,26,0,123,31,31,19,37,1,13,7,13,0,4,FARMERS_MARKET|PET_CAFE|FARMERS_MARKET|BRUNCH_SPOT|FARMERS_MARKET|BRUNCH_SPOT|YARN_STORE|SMOOTHIE_SHOP
95860444,1,Pardheev Krishna,0,80515.0,80735.0,5,277,8,6,0,125,5,0,42,12,6,11,-1,4,62,0,371,0,0,48,0,192,31,31,19,37,1,13,7,13,0,4,FARMERS_MARKET|PET_CAFE|FARMERS_MARKET|BRUNCH_SPOT|FARMERS_MARKET|BRUNCH_SPOT|YARN_STORE|SMOOTHIE_SHOP
95865044,0,Kobe BRYANT,1,59188.0,55732.0,5,277,8,6,0,132,6,0,38,12,6,11,-1,0,44,0,453,0,0,48,0,189,31,25,7,19,1,25,7,13,0,0,BRUNCH_SPOT|PET_CAFE|BRUNCH_SPOT|BAKERY|YARN_STORE|BRUNCH_SPOT|PIZZA_SHOP|PET_CAFE
95865044,1,Luan Kunyu,0,55732.0,59188.0,5,277,8,6,0,122,5,0,42,12,6,11,-1,3,39,0,360,0,0,42,0,188,31,25,7,19,1,25,7,13,0,0,BRUNCH_SPOT|PET_CAFE|BRUNCH_SPOT|BAKERY|YARN_STORE|BRUNCH_SPOT|PIZZA_SHOP|PET_CAFE
95881002,0,peikopon,1,102182.0,89995.0,5,278,10,4,0,96,35,4,34,12,6,11,-1,3,8,0,339,0,1,26,0,127,31,19,25,19,1,1,31,13,0,5,PIZZA_SHOP|PIZZA_SHOP|FARMERS_MARKET|PET_CAFE|SMOOTHIE_SHOP|PIZZA_SHOP|ICE_CREAM_SHOP|YARN_STORE
95881002,1,Xiaowenhao404,0,89995.0,102182.0,5,277,10,4,0,127,15,0,42,12,6,11,-1,5,23,0,624,0,0,86,10,150,31,19,25,19,1,1,31,13,0,5,PIZZA_SHOP|PIZZA_SHOP|FARMERS_MARKET|PET_CAFE|SMOOTHIE_SHOP|PIZZA_SHOP|ICE_CREAM_SHOP|YARN_STORE
95881005,0,lucaskna,0,80729.0,81362.0,5,277,6,12,0,145,3,0,34,20,6,11,12,8,0,0,636,0,0,34,0,113,43,7,7,25,1,25,13,13,0,14,FARMERS_MARKET|YARN_STORE|ICE_CREAM_SHOP|BAKERY|BAKERY|ICE_CREAM_SHOP|BAKERY|BRUNCH_SPOT
95881005,1,ReCurSiON,1,81362.0,80729.0,4,262,7,6,0,143,0,0,37,15,6,10,-1,12,38,0,261,0,0,28,6,67,43,7,7,25,1,25,13,13,0,14,FARMERS_MARKET|YARN_STORE|ICE_CREAM_SHOP|BAKERY|BAKERY|ICE_CREAM_SHOP|BAKERY|BRUNCH_SPOT
95881008,0,Izzoudine Mohamed KANTA,1,46397.0,42240.0,5,277,6,6,2,132,6,0,38,12,6,11,-1,0,33,22,485,0,0,48,0,189,25,19,7,25,1,19,13,13,0,1,BAKERY|PET_CAFE|BAKERY|BRUNCH_SPOT|YARN_STORE|SMOOTHIE_SHOP|FARMERS_MARKET|SMOOTHIE_SHOP
95881008,1,peikopon,0,42240.0,46397.0,5,278,10,4,0,93,35,0,38,12,6,11,-1,3,18,0,409,0,0,26,0,123,25,19,7,25,1,19,13,13,0,1,BAKERY|PET_CAFE|BAKERY|BRUNCH_SPOT|YARN_STORE|SMOOTHIE_SHOP|FARMERS_MARKET|SMOOTHIE_SHOP
95881009,0,peikopon,1,97515.0,93938.0,5,278,10,4,0,96,35,4,34,12,6,11,-1,1,11,0,451,0,10,26,0,127,31,43,25,25,1,7,7,13,0,10,FARMERS_MARKET|FARMERS_MARKET|FARMERS_MARKET|BRUNCH_SPOT|PIZZA_SHOP|YARN_STORE|PET_CAFE|PET_CAFE
95881009,1,Kostiantyn Isaienkov,0,93938.0,97515.0,5,277,6,4,4,131,12,0,42,12,6,11,-1,0,9,18,348,0,0,59,0,177,31,43,25,25,1,7,7,13,0,10,FARMERS_MARKET|FARMERS_MARKET|FARMERS_MARKET|BRUNCH_SPOT|PIZZA_SHOP|YARN_STORE|PET_CAFE|PET_CAFE
95881010,0,Michael Timbs,0,55458.0,74038.0,5,264,8,4,0,146,0,0,37,20,6,10,-1,46,34,0,168,0,0,61,6,34,37,1,7,25,1,31,13,13,0,14,BRUNCH_SPOT|YARN_STORE|BAKERY|PIZZA_SHOP|BAKERY|BRUNCH_SPOT|BRUNCH_SPOT|SMOOTHIE_SHOP
95881010,1,Seb (allegedly),1,74038.0,55458.0,7,303,5,14,0,90,0,0,24,20,4,8,-1,10,34,0,175,0,0,15,0,31,37,1,7,25,1,31,13,13,0,14,BRUNCH_SPOT|YARN_STORE|BAKERY|PIZZA_SHOP|BAKERY|BRUNCH_SPOT|BRUNCH_SPOT|SMOOTHIE_SHOP
95883076,0,James Holland,0,88322.0,103407.0,5,277,10,4,0,127,8,0,34,20,6,11,-1,15,13,0,322,0,0,16,9,59,25,37,13,31,1,7,13,13,0,10,FARMERS_MARKET|FARMERS_MARKET|YARN_STORE|BRUNCH_SPOT|PET_CAFE|ICE_CREAM_SHOP|SMOOTHIE_SHOP|PET_CAFE
95883076,1,Excluding,1,103407.0,88322.0,5,297,6,10,0,116,0,11,36,13,6,10,-1,26,20,0,166,0,38,19,12,25,25,37,13,31,1,7,13,13,0,10,FARMERS_MARKET|FARMERS_MARKET|YARN_STORE|BRUNCH_SPOT|PET_CAFE|ICE_CREAM_SHOP|SMOOTHIE_SHOP|PET_CAFE
95885516,0,Ryo Hasegawa,1,116647.0,111277.0,5,289,9,3,0,153,0,0,36,11,6,10,-1,2,14,0,173,0,0,60,0,59,31,13,19,25,1,7,37,1,0,6,PIZZA_SHOP|ICE_CREAM_SHOP|PIZZA_SHOP|SMOOTHIE_SHOP|SMOOTHIE_SHOP|BRUNCH_SPOT|PET_CAFE|PIZZA_SHOP
95885516,1,Xiaowenhao404,0,111277.0,116647.0,5,277,10,4,0,127,14,0,42,12,6,11,-1,10,19,0,640,0,0,55,24,146,31,13,19,25,1,7,37,1,0,6,PIZZA_SHOP|ICE_CREAM_SHOP|PIZZA_SHOP|SMOOTHIE_SHOP|SMOOTHIE_SHOP|BRUNCH_SPOT|PET_CAFE|PIZZA_SHOP
95885529,0,SaiKushal185,1,70105.0,67344.0,5,277,10,4,0,129,5,0,42,12,6,11,-1,3,14,0,279,0,0,106,0,57,25,25,7,19,1,19,13,13,0,0,SMOOTHIE_SHOP|BAKERY|PET_CAFE|YARN_STORE|BRUNCH_SPOT|PET_CAFE|BRUNCH_SPOT|PIZZA_SHOP
95885529,1,lucaskna,0,67344.0,70105.0,5,277,10,4,0,118,15,0,42,12,6,11,-1,8,4,0,402,0,0,19,0,74,25,25,7,19,1,19,13,13,0,0,SMOOTHIE_SHOP|BAKERY|PET_CAFE|YARN_STORE|BRUNCH_SPOT|PET_CAFE|BRUNCH_SPOT|PIZZA_SHOP
95885531,0,Kenjo1209,1,116988.0,111425.0,5,277,10,4,0,128,5,0,42,12,6,11,-1,3,8,0,371,0,0,75,0,203,37,13,13,19,1,13,25,13,0,7,ICE_CREAM_SHOP|YARN_STORE|PIZZA_SHOP|BRUNCH_SPOT|PIZZA_SHOP|BAKERY|ICE_CREAM_SHOP|PET_CAFE
95885531,1,lucaskna,0,111425.0,116988.0,5,277,6,12,0,145,3,0,34,17,6,11,12,6,0,0,597,0,0,37,0,113,37,13,13,19,1,13,25,13,0,7,ICE_CREAM_SHOP|YARN_STORE|PIZZA_SHOP|BRUNCH_SPOT|PIZZA_SHOP|BAKERY|ICE_CREAM_SHOP|PET_CAFE
95885533,0,shyjin,0,80140.0,86196.0,5,277,6,12,0,145,3,0,34,17,6,11,12,20,0,0,748,0,0,32,0,250,25,25,19,13,1,7,25,13,0,5,PIZZA_SHOP|YARN_STORE|PET_CAFE|PIZZA_SHOP|BRUNCH_SPOT|PET_CAFE|SMOOTHIE_SHOP|PIZZA_SHOP
95885533,1,Ryo Hasegawa,1,86196.0,80140.0,5,290,7,7,0,160,19,0,35,11,6,9,-1,3,37,0,156,0,0,86,0,101,25,25,19,13,1,7,25,13,0,5,PIZZA_SHOP|YARN_STORE|PET_CAFE|PIZZA_SHOP|BRUNCH_SPOT|PET_CAFE|SMOOTHIE_SHOP|PIZZA_SHOP
95885535,0,ReCurSiON,0,93025.0,93649.0,4,262,9,4,0,143,0,0,37,20,6,10,-1,18,0,0,265,0,0,28,6,67,31,25,7,25,1,13,19,13,0,1,ICE_CREAM_SHOP|BRUNCH_SPOT|PET_CAFE|BRUNCH_SPOT|YARN_STORE|ICE_CREAM_SHOP|PET_CAFE|PIZZA_SHOP
95885535,1,peikopon,1,93649.0,93025.0,5,277,10,4,0,100,32,0,34,20,6,11,-1,36,11,0,470,0,0,28,12,141,31,25,7,25,1,13,19,13,0,1,ICE_CREAM_SHOP|BRUNCH_SPOT|PET_CAFE|BRUNCH_SPOT|YARN_STORE|ICE_CREAM_SHOP|PET_CAFE|PIZZA_SHOP
95885536,0,lucaskna,0,87109.0,88619.0,5,277,8,6,0,125,5,0,42,12,6,11,-1,1,46,0,372,0,0,56,0,57,43,13,19,31,1,7,25,13,0,6,FARMERS_MARKET|FARMERS_MARKET|BAKERY|ICE_CREAM_SHOP|ICE_CREAM_SHOP|PIZZA_SHOP|ICE_CREAM_SHOP|YARN_STORE
95885536,1,Efe Can Celiksoy,1,88619.0,87109.0,5,277,10,4,0,126,16,0,42,12,6,11,-1,23,21,0,435,0,0,29,0,193,43,13,19,31,1,7,25,13,0,6,FARMERS_MARKET|FARMERS_MARKET|BAKERY|ICE_CREAM_SHOP|ICE_CREAM_SHOP|PIZZA_SHOP|ICE_CREAM_SHOP|YARN_STORE
95885537,0,Subramanya N,1,82354.0,78028.0,6,301,2,16,8,137,11,0,31,15,6,9,-1,0,31,6,135,6,0,2,0,15,37,7,7,19,1,31,1,25,0,14,FARMERS_MARKET|BAKERY|BAKERY|YARN_STORE|YARN_STORE|BAKERY|BRUNCH_SPOT|BRUNCH_SPOT
95885537,1,tetsuya,0,78028.0,82354.0,6,312,6,8,1,145,0,0,36,12,7,10,-1,6,13,0,93,0,0,9,6,105,37,7,7,19,1,31,1,25,0,14,FARMERS_MARKET|BAKERY|BAKERY|YARN_STORE|YARN_STORE|BAKERY|BRUNCH_SPOT|BRUNCH_SPOT
95885538,0,カワシギ,0,59132.0,64470.0,5,277,10,4,0,125,15,0,42,12,6,11,-1,23,0,0,642,0,0,41,10,136,37,19,7,31,1,19,19,1,0,9,BAKERY|ICE_CREAM_SHOP|BAKERY|SMOOTHIE_SHOP|PET_CAFE|ICE_CREAM_SHOP|BRUNCH_SPOT|FARMERS_MARKET
95885538,1,Izzoudine Mohamed KANTA,1,64470.0,59132.0,5,277,8,6,0,132,6,0,38,12,6,11,-1,0,11,0,497,0,0,48,0,189,37,19,7,31,1,19,19,1,0,9,BAKERY|ICE_CREAM_SHOP|BAKERY|SMOOTHIE_SHOP|PET_CAFE|ICE_CREAM_SHOP|BRUNCH_SPOT|FARMERS_MARKET
95885539,0,Arman Tuganbaev,0,80270.0,90578.0,2,281,14,4,0,140,32,0,41,11,6,10,-1,62,60,0,193,24,0,113,18,142,19,49,1,25,1,1,25,1,0,12,PET_CAFE|ICE_CREAM_SHOP|ICE_CREAM_SHOP|PET_CAFE|ICE_CREAM_SHOP|PET_CAFE|SMOOTHIE_SHOP|PET_CAFE
95885539,1,Ryo Hasegawa,1,90578.0,80270.0,5,289,12,2,0,99,84,0,36,11,5,10,-1,15,15,0,129,6,0,84,0,82,19,49,1,25,1,1,25,1,0,12,PET_CAFE|ICE_CREAM_SHOP|ICE_CREAM_SHOP|PET_CAFE|ICE_CREAM_SHOP|PET_CAFE|SMOOTHIE_SHOP|PET_CAFE
95885540,0,tetsuya,0,116559.0,123073.0,6,308,4,10,1,107,0,0,43,15,7,10,-1,0,43,0,53,0,0,21,0,124,31,13,13,19,1,13,19,25,0,13,YARN_STORE|BRUNCH_SPOT|ICE_CREAM_SHOP|PIZZA_SHOP|YARN_STORE|PIZZA_SHOP|BRUNCH_SPOT|PET_CAFE
95885540,1,Crop Dusta,1,123073.0,116559.0,4,295,7,13,0,149,0,0,35,14,5,9,-1,40,0,0,52,0,0,12,4,16,31,13,13,19,1,13,19,25,0,13,YARN_STORE|BRUNCH_SPOT|ICE_CREAM_SHOP|PIZZA_SHOP|YARN_STORE|PIZZA_SHOP|BRUNCH_SPOT|PET_CAFE
95885542,0,カワシギ,0,54486.0,55259.0,5,277,10,4,0,124,16,0,42,12,6,11,-1,25,1,0,682,0,0,60,4,175,37,1,13,19,1,25,25,1,0,7,BAKERY|BRUNCH_SPOT|SMOOTHIE_SHOP|BAKERY|BAKERY|SMOOTHIE_SHOP|PIZZA_SHOP|PIZZA_SHOP
95885542,1,peikopon,1,55259.0,54486.0,5,278,10,4,0,123,5,0,36,12,6,11,-1,3,7,0,370,0,0,26,0,128,37,1,13,19,1,25,25,1,0,7,BAKERY|BRUNCH_SPOT|SMOOTHIE_SHOP|BAKERY|BAKERY|SMOOTHIE_SHOP|PIZZA_SHOP|PIZZA_SHOP
95885543,0,Arman Tuganbaev,0,69484.0,73824.0,2,249,8,4,0,141,0,0,35,26,7,9,-1,56,24,0,215,0,0,63,31,105,31,31,19,37,1,13,13,1,0,4,PET_CAFE|BRUNCH_SPOT|FARMERS_MARKET|BAKERY|FARMERS_MARKET|SMOOTHIE_SHOP|FARMERS_MARKET|SMOOTHIE_SHOP
95885543,1,Subramanya N,1,73824.0,69484.0,6,304,4,2,7,111,47,0,36,13,6,10,-1,15,0,8,70,28,0,109,0,26,31,31,19,37,1,13,13,1,0,4,PET_CAFE|BRUNCH_SPOT|FARMERS_MARKET|BAKERY|FARMERS_MARKET|SMOOTHIE_SHOP|FARMERS_MARKET|SMOOTHIE_SHOP
95885546,0,tetsuya,0,66075.0,84223.0,6,312,8,6,1,159,13,0,36,8,7,9,-1,41,15,0,115,0,0,15,0,145,25,49,25,19,1,1,19,1,0,10,PET_CAFE|PIZZA_SHOP|PIZZA_SHOP|SMOOTHIE_SHOP|PET_CAFE|FARMERS_MARKET|FARMERS_MARKET|PET_CAFE
95885546,1,Ryo Hasegawa,1,84223.0,66075.0,5,289,10,2,0,104,68,25,24,11,5,10,-1,9,14,0,126,0,8,105,0,72,25,49,25,19,1,1,19,1,0,10,PET_CAFE|PIZZA_SHOP|PIZZA_SHOP|SMOOTHIE_SHOP|PET_CAFE|FARMERS_MARKET|FARMERS_MARKET|PET_CAFE
95887625,0,lucaskna,0,53803.0,64319.0,5,277,6,8,0,138,9,0,34,20,6,11,-1,2,4,0,360,3,0,8,0,89,43,7,13,19,1,25,13,13,0,7,FARMERS_MARKET|BAKERY|YARN_STORE|PIZZA_SHOP|BAKERY|BAKERY|ICE_CREAM_SHOP|BRUNCH_SPOT
95887625,1,Excluding,1,64319.0,53803.0,5,297,6,9,0,133,0,10,31,13,6,10,-1,24,45,0,220,0,24,30,24,9,43,7,13,19,1,25,13,13,0,7,FARMERS_MARKET|BAKERY|YARN_STORE|PIZZA_SHOP|BAKERY|BAKERY|ICE_CREAM_SHOP|BRUNCH_SPOT
95892212,0,Alexander Shahramanyan,0,65133.0,69125.0,5,277,10,4,0,125,5,0,42,12,6,11,-1,3,12,0,371,0,0,54,0,192,25,25,7,25,1,13,19,13,0,1,PIZZA_SHOP|BRUNCH_SPOT|PET_CAFE|BRUNCH_SPOT|YARN_STORE|PET_CAFE|ICE_CREAM_SHOP|SMOOTHIE_SHOP
95892212,1,Excluding,1,69125.0,65133.0,5,300,9,3,0,160,0,7,31,13,6,10,-1,67,15,0,276,0,0,61,24,24,25,25,7,25,1,13,19,13,0,1,PIZZA_SHOP|BRUNCH_SPOT|PET_CAFE|BRUNCH_SPOT|YARN_STORE|PET_CAFE|ICE_CREAM_SHOP|SMOOTHIE_SHOP
95896790,0,Victor @ Tufa Labs,0,76646.0,84274.0,5,277,10,4,0,128,7,0,34,20,6,11,-1,21,5,0,2035,0,0,32,8,84,49,7,13,31,1,25,19,1,0,9,PIZZA_SHOP|FARMERS_MARKET|BAKERY|BRUNCH_SPOT|ICE_CREAM_SHOP|ICE_CREAM_SHOP|BRUNCH_SPOT|BAKERY
95896790,1,Excluding,1,84274.0,76646.0,5,300,9,3,0,144,0,11,32,13,6,10,-1,38,2,0,290,0,20,9,6,14,49,7,13,31,1,25,19,1,0,9,PIZZA_SHOP|FARMERS_MARKET|BAKERY|BRUNCH_SPOT|ICE_CREAM_SHOP|ICE_CREAM_SHOP|BRUNCH_SPOT|BAKERY
95899082,0,Excluding,1,113811.0,108722.0,5,301,13,3,0,104,0,9,39,13,6,10,-1,35,28,0,162,0,25,7,20,17,37,7,13,37,1,13,25,13,0,9,ICE_CREAM_SHOP|BRUNCH_SPOT|ICE_CREAM_SHOP|FARMERS_MARKET|PIZZA_SHOP|YARN_STORE|BRUNCH_SPOT|SMOOTHIE_SHOP
95899082,1,Rayk Kretzschmar,0,108722.0,113811.0,5,277,10,4,0,125,5,0,42,12,6,11,-1,3,12,0,371,0,0,54,0,192,37,7,13,37,1,13,25,13,0,9,ICE_CREAM_SHOP|BRUNCH_SPOT|ICE_CREAM_SHOP|FARMERS_MARKET|PIZZA_SHOP|YARN_STORE|BRUNCH_SPOT|SMOOTHIE_SHOP
95901360,0,bplyc15,0,143344.0,151788.0,5,277,6,12,0,150,3,0,34,17,6,11,12,18,0,0,590,0,0,32,0,242,25,7,13,31,1,1,31,25,0,2,ICE_CREAM_SHOP|YARN_STORE|SMOOTHIE_SHOP|ICE_CREAM_SHOP|PIZZA_SHOP|SMOOTHIE_SHOP|FARMERS_MARKET|YARN_STORE
95901360,1,Excluding,1,151788.0,143344.0,5,299,9,7,0,137,0,6,32,13,6,9,-1,91,0,0,194,0,15,10,6,6,25,7,13,31,1,1,31,25,0,2,ICE_CREAM_SHOP|YARN_STORE|SMOOTHIE_SHOP|ICE_CREAM_SHOP|PIZZA_SHOP|SMOOTHIE_SHOP|FARMERS_MARKET|YARN_STORE
95903641,0,Kostiantyn Isaienkov,1,100253.0,97794.0,5,277,10,4,0,131,12,0,42,12,6,11,-1,2,8,0,348,0,0,59,0,177,25,7,7,25,1,13,19,25,0,2,FARMERS_MARKET|ICE_CREAM_SHOP|SMOOTHIE_SHOP|YARN_STORE|YARN_STORE|BAKERY|SMOOTHIE_SHOP|BAKERY
95903641,1,Excluding,0,97794.0,100253.0,5,302,12,3,0,122,0,7,36,13,6,10,-1,46,20,0,201,0,0,15,15,22,25,7,7,25,1,13,19,25,0,2,FARMERS_MARKET|ICE_CREAM_SHOP|SMOOTHIE_SHOP|YARN_STORE|YARN_STORE|BAKERY|SMOOTHIE_SHOP|BAKERY
95905927,0,Efe Can Celiksoy,0,68397.0,84777.0,5,277,10,4,0,138,16,0,34,20,6,11,-1,55,26,0,454,0,0,0,6,166,19,13,1,19,1,13,13,37,0,11,PET_CAFE|SMOOTHIE_SHOP|YARN_STORE|BRUNCH_SPOT|YARN_STORE|BAKERY|YARN_STORE|ICE_CREAM_SHOP
95905927,1,Excluding,1,84777.0,68397.0,5,300,9,7,0,152,0,2,31,13,6,10,-1,59,71,0,200,0,2,28,12,12,19,13,1,19,1,13,13,37,0,11,PET_CAFE|SMOOTHIE_SHOP|YARN_STORE|BRUNCH_SPOT|YARN_STORE|BAKERY|YARN_STORE|ICE_CREAM_SHOP
95906096,0,ReCurSiON,1,110059.0,100884.0,4,262,9,4,0,143,0,0,37,20,6,10,-1,12,0,0,265,0,0,28,6,67,19,13,7,19,1,7,25,25,0,2,PIZZA_SHOP|YARN_STORE|ICE_CREAM_SHOP|PET_CAFE|BAKERY|SMOOTHIE_SHOP|YARN_STORE|SMOOTHIE_SHOP
95906096,1,Kostiantyn Isaienkov,0,100884.0,110059.0,5,277,6,12,0,141,10,0,34,20,6,11,12,6,4,0,731,0,0,37,0,177,19,13,7,19,1,7,25,25,0,2,PIZZA_SHOP|YARN_STORE|ICE_CREAM_SHOP|PET_CAFE|BAKERY|SMOOTHIE_SHOP|YARN_STORE|SMOOTHIE_SHOP
95906098,0,lucaskna,1,94380.0,88356.0,5,277,10,4,0,127,6,0,34,20,6,11,-1,27,17,0,209,0,0,16,16,59,25,25,1,25,1,13,25,1,0,1,SMOOTHIE_SHOP|PET_CAFE|BAKERY|ICE_CREAM_SHOP|ICE_CREAM_SHOP|SMOOTHIE_SHOP|BAKERY|PET_CAFE
95906098,1,Crop Dusta,0,88356.0,94380.0,4,294,11,3,0,151,0,0,32,14,5,8,-1,38,3,0,36,0,0,32,0,15,25,25,1,25,1,13,25,1,0,1,SMOOTHIE_SHOP|PET_CAFE|BAKERY|ICE_CREAM_SHOP|ICE_CREAM_SHOP|SMOOTHIE_SHOP|BAKERY|PET_CAFE
95908215,0,Izzoudine Mohamed KANTA,0,58867.0,77357.0,5,277,6,12,0,135,3,0,42,12,6,11,12,32,0,0,766,0,0,61,2,200,43,7,13,25,1,25,13,13,0,7,YARN_STORE|BAKERY|BRUNCH_SPOT|FARMERS_MARKET|BAKERY|ICE_CREAM_SHOP|PIZZA_SHOP|BRUNCH_SPOT
95908215,1,Excluding,1,77357.0,58867.0,5,295,2,14,0,141,0,7,30,13,6,10,-1,4,34,0,243,0,10,49,25,2,43,7,13,25,1,25,13,13,0,7,YARN_STORE|BAKERY|BRUNCH_SPOT|FARMERS_MARKET|BAKERY|ICE_CREAM_SHOP|PIZZA_SHOP|BRUNCH_SPOT
95908394,0,James Holland,1,162096.0,149559.0,5,277,10,4,0,127,6,0,34,20,6,11,-1,27,18,0,297,0,0,16,12,158,31,7,7,49,1,1,43,1,0,8,ICE_CREAM_SHOP|SMOOTHIE_SHOP|SMOOTHIE_SHOP|SMOOTHIE_SHOP|ICE_CREAM_SHOP|ICE_CREAM_SHOP|ICE_CREAM_SHOP|FARMERS_MARKET
95908394,1,ReCurSiON,0,149559.0,162096.0,4,262,9,4,0,143,0,0,37,15,6,10,-1,12,0,0,265,0,0,28,6,67,31,7,7,49,1,1,43,1,0,8,ICE_CREAM_SHOP|SMOOTHIE_SHOP|SMOOTHIE_SHOP|SMOOTHIE_SHOP|ICE_CREAM_SHOP|ICE_CREAM_SHOP|ICE_CREAM_SHOP|FARMERS_MARKET
95910501,0,Kostiantyn Isaienkov,0,95883.0,110705.0,5,277,6,8,0,131,12,0,42,12,6,11,-1,0,95,0,344,0,0,59,0,177,31,7,25,13,1,7,25,25,0,5,YARN_STORE|BAKERY|PIZZA_SHOP|SMOOTHIE_SHOP|YARN_STORE|FARMERS_MARKET|PIZZA_SHOP|PIZZA_SHOP
95910501,1,Excluding,1,110705.0,95883.0,5,296,5,11,0,151,0,7,28,13,6,9,-1,17,19,0,225,0,27,31,23,7,31,7,25,13,1,7,25,25,0,5,YARN_STORE|BAKERY|PIZZA_SHOP|SMOOTHIE_SHOP|YARN_STORE|FARMERS_MARKET|PIZZA_SHOP|PIZZA_SHOP
95912788,0,Excluding,1,105324.0,99176.0,5,300,11,5,0,140,0,7,31,13,6,10,-1,11,3,0,262,0,6,39,12,6,31,25,7,19,1,13,19,13,0,1,PIZZA_SHOP|ICE_CREAM_SHOP|YARN_STORE|BRUNCH_SPOT|PET_CAFE|ICE_CREAM_SHOP|BAKERY|PET_CAFE
95912788,1,shyjin,0,99176.0,105324.0,5,277,6,8,0,125,5,0,42,12,6,11,-1,1,74,0,371,0,0,54,0,192,31,25,7,19,1,13,19,13,0,1,PIZZA_SHOP|ICE_CREAM_SHOP|YARN_STORE|BRUNCH_SPOT|PET_CAFE|ICE_CREAM_SHOP|BAKERY|PET_CAFE
95915078,0,Excluding,1,67168.0,54186.0,5,296,6,5,0,157,0,7,31,13,6,10,-1,39,48,0,273,0,6,42,6,10,25,19,7,19,1,19,7,25,0,14,BRUNCH_SPOT|BAKERY|PET_CAFE|FARMERS_MARKET|YARN_STORE|BAKERY|SMOOTHIE_SHOP|YARN_STORE
95915078,1,Efe Can Celiksoy,0,54186.0,67168.0,5,277,10,4,0,138,16,0,34,20,6,11,-1,55,26,0,454,0,0,0,6,166,25,19,7,19,1,19,7,25,0,14,BRUNCH_SPOT|BAKERY|PET_CAFE|FARMERS_MARKET|YARN_STORE|BAKERY|SMOOTHIE_SHOP|YARN_STORE
95915224,0,James Holland,0,87872.0,97717.0,5,277,6,12,0,141,7,0,34,12,6,11,12,8,4,0,678,0,0,38,0,239,43,19,25,37,1,19,7,13,0,4,YARN_STORE|FARMERS_MARKET|FARMERS_MARKET|BRUNCH_SPOT|PIZZA_SHOP|BRUNCH_SPOT|BRUNCH_SPOT|FARMERS_MARKET
95915224,1,Kobe BRYANT,1,97717.0,87872.0,5,277,6,12,0,135,3,0,42,12,6,11,12,18,0,0,731,0,0,64,2,200,43,19,25,37,1,19,7,13,0,4,YARN_STORE|FARMERS_MARKET|FARMERS_MARKET|BRUNCH_SPOT|PIZZA_SHOP|BRUNCH_SPOT|BRUNCH_SPOT|FARMERS_MARKET
95917369,0,Efe Can Celiksoy,1,89929.0,87300.0,5,277,10,4,0,138,16,0,34,20,6,11,-1,47,25,0,454,0,0,0,6,166,25,19,7,31,1,13,19,13,0,1,SMOOTHIE_SHOP|BRUNCH_SPOT|BAKERY|PET_CAFE|SMOOTHIE_SHOP|ICE_CREAM_SHOP|YARN_STORE|FARMERS_MARKET
95917369,1,Excluding,0,87300.0,89929.0,5,299,9,3,0,161,0,2,32,13,6,10,-1,25,11,0,279,0,0,0,18,11,25,19,7,31,1,13,19,13,0,1,SMOOTHIE_SHOP|BRUNCH_SPOT|BAKERY|PET_CAFE|SMOOTHIE_SHOP|ICE_CREAM_SHOP|YARN_STORE|FARMERS_MARKET
95919668,0,Excluding,1,59943.0,54747.0,5,302,12,3,0,135,0,10,30,13,6,10,-1,45,9,0,200,0,34,41,13,8,31,31,25,19,1,7,25,1,0,5,PET_CAFE|PIZZA_SHOP|SMOOTHIE_SHOP|PET_CAFE|PIZZA_SHOP|BRUNCH_SPOT|FARMERS_MARKET|PIZZA_SHOP
95919668,1,Izzoudine Mohamed KANTA,0,54747.0,59943.0,5,277,10,4,0,132,6,0,38,12,6,11,-1,3,2,0,453,0,0,54,0,192,31,31,25,19,1,7,25,1,0,5,PET_CAFE|PIZZA_SHOP|SMOOTHIE_SHOP|PET_CAFE|PIZZA_SHOP|BRUNCH_SPOT|FARMERS_MARKET|PIZZA_SHOP
95921955,0,SaiKushal185,0,97598.0,98402.0,5,277,10,4,0,129,5,0,42,12,6,11,-1,3,14,0,279,0,0,46,0,57,31,25,19,37,1,1,31,1,0,6,SMOOTHIE_SHOP|PET_CAFE|SMOOTHIE_SHOP|PIZZA_SHOP|FARMERS_MARKET|FARMERS_MARKET|ICE_CREAM_SHOP|ICE_CREAM_SHOP
95921955,1,Excluding,1,98402.0,97598.0,5,303,13,3,0,127,0,9,32,13,6,10,-1,25,11,0,172,0,46,27,31,12,31,25,19,37,1,1,31,1,0,6,SMOOTHIE_SHOP|PET_CAFE|SMOOTHIE_SHOP|PIZZA_SHOP|FARMERS_MARKET|FARMERS_MARKET|ICE_CREAM_SHOP|ICE_CREAM_SHOP
95924258,0,Excluding,1,68028.0,63287.0,5,296,6,5,0,170,0,2,31,13,6,10,-1,45,12,0,299,0,1,41,0,16,25,37,13,31,1,13,7,13,0,10,PET_CAFE|BRUNCH_SPOT|SMOOTHIE_SHOP|PET_CAFE|YARN_STORE|BRUNCH_SPOT|FARMERS_MARKET|FARMERS_MARKET
95924258,1,lucaskna,0,63287.0,68028.0,5,277,10,4,0,123,7,0,34,20,6,11,-1,1,40,0,382,0,0,30,12,64,25,37,13,31,1,13,7,13,0,10,PET_CAFE|BRUNCH_SPOT|SMOOTHIE_SHOP|PET_CAFE|YARN_STORE|BRUNCH_SPOT|FARMERS_MARKET|FARMERS_MARKET
95926546,0,James Holland,0,116536.0,127382.0,5,277,6,12,0,141,10,0,34,20,6,11,12,12,4,0,684,0,0,40,1,235,31,13,1,25,1,19,19,13,0,14,YARN_STORE|ICE_CREAM_SHOP|BRUNCH_SPOT|SMOOTHIE_SHOP|ICE_CREAM_SHOP|PET_CAFE|BAKERY|BAKERY
95926546,1,Excluding,1,127382.0,116536.0,5,298,7,9,0,131,0,2,37,13,6,9,-1,21,40,0,141,0,0,13,6,4,31,13,1,25,1,19,19,13,0,14,YARN_STORE|ICE_CREAM_SHOP|BRUNCH_SPOT|SMOOTHIE_SHOP|ICE_CREAM_SHOP|PET_CAFE|BAKERY|BAKERY
95928833,0,Excluding,1,115191.0,110580.0,5,298,8,8,0,144,0,7,30,13,6,9,-1,45,19,0,170,0,12,70,6,6,25,19,13,31,1,1,31,13,0,8,YARN_STORE|PIZZA_SHOP|ICE_CREAM_SHOP|PET_CAFE|ICE_CREAM_SHOP|SMOOTHIE_SHOP|FARMERS_MARKET|SMOOTHIE_SHOP
95928833,1,lucaskna,0,110580.0,115191.0,5,277,6,12,0,145,4,0,34,20,6,11,12,20,0,0,563,0,0,34,0,113,25,19,13,31,1,1,31,13,0,8,YARN_STORE|PIZZA_SHOP|ICE_CREAM_SHOP|PET_CAFE|ICE_CREAM_SHOP|SMOOTHIE_SHOP|FARMERS_MARKET|SMOOTHIE_SHOP
95931127,0,James Holland,0,92669.0,103636.0,5,277,10,4,0,127,8,0,34,20,6,11,-1,15,21,0,322,0,0,16,9,59,25,13,13,25,1,13,1,49,0,11,BRUNCH_SPOT|BRUNCH_SPOT|FARMERS_MARKET|YARN_STORE|YARN_STORE|YARN_STORE|FARMERS_MARKET|YARN_STORE
95931127,1,Excluding,1,103636.0,92669.0,5,297,6,5,0,141,0,7,36,13,6,10,-1,17,37,0,261,0,14,8,6,9,25,13,13,25,1,13,1,49,0,11,BRUNCH_SPOT|BRUNCH_SPOT|FARMERS_MARKET|YARN_STORE|YARN_STORE|YARN_STORE|FARMERS_MARKET|YARN_STORE
95933405,0,Excluding,1,84437.0,75220.0,5,298,14,2,0,153,0,2,31,17,6,9,-1,71,9,0,253,0,3,37,0,20,37,19,13,25,1,19,19,1,0,7,ICE_CREAM_SHOP|SMOOTHIE_SHOP|BAKERY|BAKERY|PET_CAFE|PIZZA_SHOP|BRUNCH_SPOT|FARMERS_MARKET
95933405,1,ReCurSiON,0,75220.0,84437.0,4,263,9,4,0,140,0,0,37,20,6,10,-1,18,9,0,166,0,0,47,6,68,37,19,13,25,1,19,19,1,0,7,ICE_CREAM_SHOP|SMOOTHIE_SHOP|BAKERY|BAKERY|PET_CAFE|PIZZA_SHOP|BRUNCH_SPOT|FARMERS_MARKET
95935689,0,Crop Dusta,1,98258.0,91803.0,4,295,9,10,0,114,0,0,36,15,5,9,-1,6,14,0,47,0,0,53,0,4,25,13,1,31,1,13,25,13,0,1,SMOOTHIE_SHOP|ICE_CREAM_SHOP|BAKERY|PET_CAFE|YARN_STORE|SMOOTHIE_SHOP|BRUNCH_SPOT|ICE_CREAM_SHOP
95935689,1,Excluding,0,91803.0,98258.0,5,302,14,2,0,148,0,2,31,17,6,10,-1,43,4,0,220,0,0,31,18,20,25,13,1,31,1,13,25,13,0,1,SMOOTHIE_SHOP|ICE_CREAM_SHOP|BAKERY|PET_CAFE|YARN_STORE|SMOOTHIE_SHOP|BRUNCH_SPOT|ICE_CREAM_SHOP
95937965,0,Excluding,1,68947.0,64666.0,5,298,9,3,0,169,0,2,32,13,6,10,-1,21,22,0,293,0,0,42,30,10,25,13,1,19,1,19,13,25,0,14,PET_CAFE|SMOOTHIE_SHOP|BAKERY|BRUNCH_SPOT|ICE_CREAM_SHOP|YARN_STORE|YARN_STORE|BAKERY
95937965,1,Xiaowenhao404,0,64666.0,68947.0,5,277,10,4,0,127,14,0,42,12,6,11,-1,29,7,0,639,0,0,54,0,149,25,13,1,19,1,19,13,25,0,14,PET_CAFE|SMOOTHIE_SHOP|BAKERY|BRUNCH_SPOT|ICE_CREAM_SHOP|YARN_STORE|YARN_STORE|BAKERY
95938020,0,SaiKushal185,1,100128.0,98451.0,5,277,10,4,0,129,5,0,42,12,6,11,-1,3,14,0,279,0,0,46,0,57,31,7,7,31,1,19,19,13,0,9,SMOOTHIE_SHOP|BAKERY|BRUNCH_SPOT|SMOOTHIE_SHOP|ICE_CREAM_SHOP|YARN_STORE|FARMERS_MARKET|BAKERY
95938020,1,Xiaowenhao404,0,98451.0,100128.0,5,277,10,4,0,127,14,0,42,12,6,11,-1,21,14,0,635,0,0,33,10,151,31,7,7,31,1,19,19,13,0,9,SMOOTHIE_SHOP|BAKERY|BRUNCH_SPOT|SMOOTHIE_SHOP|ICE_CREAM_SHOP|YARN_STORE|FARMERS_MARKET|BAKERY
95938024,0,Xiaowenhao404,1,70788.0,69383.0,5,277,10,4,0,127,15,0,42,12,6,11,-1,30,27,0,624,0,0,42,10,152,49,13,25,31,1,19,19,1,0,4,PIZZA_SHOP|BRUNCH_SPOT|FARMERS_MARKET|BRUNCH_SPOT|BAKERY|FARMERS_MARKET|PIZZA_SHOP|ICE_CREAM_SHOP
95938024,1,Michael Timbs,0,69383.0,70788.0,5,277,10,4,0,125,15,0,42,12,6,11,-1,16,11,0,342,0,0,39,0,95,49,13,25,31,1,19,19,1,0,4,PIZZA_SHOP|BRUNCH_SPOT|FARMERS_MARKET|BRUNCH_SPOT|BAKERY|FARMERS_MARKET|PIZZA_SHOP|ICE_CREAM_SHOP
95938025,0,u,0,68773.0,76789.0,5,277,10,4,0,119,5,0,42,12,6,11,-1,1,14,0,438,0,0,43,0,190,25,13,1,31,1,25,19,1,0,9,BRUNCH_SPOT|BAKERY|SMOOTHIE_SHOP|SMOOTHIE_SHOP|BAKERY|PET_CAFE|SMOOTHIE_SHOP|BRUNCH_SPOT
95938025,1,Seb (allegedly),1,76789.0,68773.0,7,303,8,5,0,87,0,0,33,18,4,8,-1,34,7,0,188,0,0,14,0,13,25,13,1,31,1,25,19,1,0,9,BRUNCH_SPOT|BAKERY|SMOOTHIE_SHOP|SMOOTHIE_SHOP|BAKERY|PET_CAFE|SMOOTHIE_SHOP|BRUNCH_SPOT
95940256,0,Excluding,0,44331.0,51336.0,5,298,6,4,0,194,0,6,24,17,6,10,-1,46,18,0,341,0,14,40,18,17,37,25,19,19,1,19,13,1,0,7,BAKERY|PET_CAFE|BAKERY|BAKERY|PIZZA_SHOP|FARMERS_MARKET|FARMERS_MARKET|SMOOTHIE_SHOP
95940256,1,Crop Dusta,1,51336.0,44331.0,4,295,5,3,9,154,63,0,13,15,5,8,-1,4,0,0,33,56,0,3,0,34,37,25,19,19,1,19,13,1,0,7,BAKERY|PET_CAFE|BAKERY|BAKERY|PIZZA_SHOP|FARMERS_MARKET|FARMERS_MARKET|SMOOTHIE_SHOP
95942545,0,Excluding,1,50655.0,41906.0,5,295,6,5,0,164,0,6,28,13,6,10,-1,31,31,0,289,0,22,38,18,18,25,31,7,25,1,7,19,13,0,12,PET_CAFE|PET_CAFE|BAKERY|ICE_CREAM_SHOP|FARMERS_MARKET|YARN_STORE|ICE_CREAM_SHOP|SMOOTHIE_SHOP
95942545,1,lucaskna,0,41906.0,50655.0,5,277,8,6,0,122,6,0,34,20,6,11,-1,18,47,0,393,0,0,51,6,67,25,31,7,25,1,7,19,13,0,12,PET_CAFE|PET_CAFE|BAKERY|ICE_CREAM_SHOP|FARMERS_MARKET|YARN_STORE|ICE_CREAM_SHOP|SMOOTHIE_SHOP
95942604,0,Ryo Hasegawa,1,89980.0,83260.0,5,290,8,3,0,155,17,0,36,11,6,10,-1,25,28,0,208,2,0,47,0,52,25,31,7,31,1,7,25,1,0,1,ICE_CREAM_SHOP|BAKERY|ICE_CREAM_SHOP|FARMERS_MARKET|PET_CAFE|PET_CAFE|SMOOTHIE_SHOP|SMOOTHIE_SHOP
95942604,1,Luan Kunyu,0,83260.0,89980.0,5,277,10,4,0,125,5,0,42,12,6,11,-1,3,26,0,371,0,0,51,0,192,25,31,7,31,1,7,25,1,0,1,ICE_CREAM_SHOP|BAKERY|ICE_CREAM_SHOP|FARMERS_MARKET|PET_CAFE|PET_CAFE|SMOOTHIE_SHOP|SMOOTHIE_SHOP
95942605,0,Kobe BRYANT,1,61599.0,59976.0,5,277,8,6,0,132,6,0,38,12,6,11,-1,0,37,0,430,0,0,48,0,189,37,19,13,25,1,13,19,13,0,1,FARMERS_MARKET|BAKERY|PET_CAFE|ICE_CREAM_SHOP|ICE_CREAM_SHOP|YARN_STORE|BRUNCH_SPOT|PIZZA_SHOP
95942605,1,feel the borov,0,59976.0,61599.0,5,277,8,6,0,125,5,0,42,12,6,11,-1,4,44,0,369,0,0,66,0,192,37,19,13,25,1,13,19,13,0,1,FARMERS_MARKET|BAKERY|PET_CAFE|ICE_CREAM_SHOP|ICE_CREAM_SHOP|YARN_STORE|BRUNCH_SPOT|PIZZA_SHOP
95942606,0,peikopon,0,84837.0,91505.0,5,277,10,4,0,100,33,0,34,20,6,11,-1,31,2,0,508,0,0,14,12,138,25,31,7,31,1,19,13,1,0,1,BRUNCH_SPOT|SMOOTHIE_SHOP|BRUNCH_SPOT|PET_CAFE|BAKERY|SMOOTHIE_SHOP|PET_CAFE|FARMERS_MARKET
95942606,1,Ryo Hasegawa,1,91505.0,84837.0,5,290,8,3,0,156,13,0,36,11,6,10,-1,21,34,0,200,0,0,18,0,57,25,31,7,31,1,19,13,1,0,1,BRUNCH_SPOT|SMOOTHIE_SHOP|BRUNCH_SPOT|PET_CAFE|BAKERY|SMOOTHIE_SHOP|PET_CAFE|FARMERS_MARKET
95942607,0,Izzoudine Mohamed KANTA,1,89960.0,79407.0,5,277,8,6,0,132,6,0,38,12,6,11,-1,0,44,0,474,0,0,48,0,189,37,19,7,25,1,19,13,13,0,14,ICE_CREAM_SHOP|BAKERY|FARMERS_MARKET|YARN_STORE|BRUNCH_SPOT|PET_CAFE|BAKERY|ICE_CREAM_SHOP
95942607,1,カワシギ,0,79407.0,89960.0,5,277,10,4,0,122,16,0,42,12,6,11,-1,40,0,0,716,0,0,63,10,133,37,19,7,25,1,19,13,13,0,14,ICE_CREAM_SHOP|BAKERY|FARMERS_MARKET|YARN_STORE|BRUNCH_SPOT|PET_CAFE|BAKERY|ICE_CREAM_SHOP
95942609,0,peikopon,0,101962.0,102045.0,5,278,9,5,0,123,5,0,38,12,6,11,-1,30,54,0,313,0,0,26,0,123,37,19,19,25,1,13,19,13,0,7,BRUNCH_SPOT|ICE_CREAM_SHOP|BRUNCH_SPOT|YARN_STORE|PIZZA_SHOP|FARMERS_MARKET|PIZZA_SHOP|PET_CAFE
95942609,1,Izzoudine Mohamed KANTA,1,102045.0,101962.0,5,277,8,6,0,132,6,0,38,12,6,11,-1,0,40,0,433,0,0,47,0,192,37,19,19,25,1,13,19,13,0,7,BRUNCH_SPOT|ICE_CREAM_SHOP|BRUNCH_SPOT|YARN_STORE|PIZZA_SHOP|FARMERS_MARKET|PIZZA_SHOP|PET_CAFE
95942611,0,Arman Tuganbaev,0,66024.0,83949.0,2,241,7,8,0,138,12,0,19,26,7,9,-1,62,55,0,187,0,0,16,26,139,19,25,7,7,1,13,7,37,0,11,PIZZA_SHOP|BAKERY|PET_CAFE|YARN_STORE|PET_CAFE|BRUNCH_SPOT|YARN_STORE|YARN_STORE
95942611,1,Crop Dusta,1,83949.0,66024.0,4,295,7,9,4,148,73,0,16,18,5,8,-1,0,8,0,40,108,0,5,0,22,19,25,7,7,1,13,7,37,0,11,PIZZA_SHOP|BAKERY|PET_CAFE|YARN_STORE|PET_CAFE|BRUNCH_SPOT|YARN_STORE|YARN_STORE
95942612,0,カワシギ,0,109519.0,115175.0,5,277,10,4,0,121,16,0,42,12,6,11,-1,28,6,0,552,0,0,27,10,131,25,7,7,37,1,13,19,25,0,2,FARMERS_MARKET|SMOOTHIE_SHOP|BRUNCH_SPOT|ICE_CREAM_SHOP|BRUNCH_SPOT|SMOOTHIE_SHOP|YARN_STORE|YARN_STORE
95942612,1,Izzoudine Mohamed KANTA,1,115175.0,109519.0,5,277,8,6,0,132,6,0,38,12,6,11,-1,0,30,0,454,0,0,48,0,189,25,7,7,37,1,13,19,25,0,2,FARMERS_MARKET|SMOOTHIE_SHOP|BRUNCH_SPOT|ICE_CREAM_SHOP|BRUNCH_SPOT|SMOOTHIE_SHOP|YARN_STORE|YARN_STORE
95942614,0,カワシギ,0,82192.0,93195.0,5,277,10,4,0,138,16,0,34,20,6,11,-1,7,23,0,395,0,0,11,13,190,31,25,25,25,1,7,19,13,0,5,SMOOTHIE_SHOP|PIZZA_SHOP|BRUNCH_SPOT|FARMERS_MARKET|PET_CAFE|YARN_STORE|PIZZA_SHOP|FARMERS_MARKET
95942614,1,Arman Tuganbaev,1,93195.0,82192.0,2,279,11,4,0,140,8,0,41,11,6,10,-1,123,51,0,171,19,0,108,24,139,31,25,25,25,1,7,19,13,0,5,SMOOTHIE_SHOP|PIZZA_SHOP|BRUNCH_SPOT|FARMERS_MARKET|PET_CAFE|YARN_STORE|PIZZA_SHOP|FARMERS_MARKET
95942615,0,Subramanya N,1,138928.0,125982.0,6,299,18,2,0,63,11,0,49,9,6,10,-1,55,0,0,26,0,0,119,18,25,25,19,7,31,1,7,25,13,0,1,SMOOTHIE_SHOP|FARMERS_MARKET|ICE_CREAM_SHOP|SMOOTHIE_SHOP|ICE_CREAM_SHOP|PET_CAFE|BAKERY|YARN_STORE
95942615,1,Arman Tuganbaev,0,125982.0,138928.0,2,258,8,4,0,138,0,0,39,26,7,9,-1,25,26,0,197,0,0,44,106,108,25,19,7,31,1,7,25,13,0,1,SMOOTHIE_SHOP|FARMERS_MARKET|ICE_CREAM_SHOP|SMOOTHIE_SHOP|ICE_CREAM_SHOP|PET_CAFE|BAKERY|YARN_STORE
95942616,0,Crop Dusta,0,100238.0,127233.0,4,296,11,5,4,102,0,0,40,18,5,8,-1,34,2,0,35,0,0,48,6,4,19,19,7,43,1,7,31,1,0,8,BRUNCH_SPOT|PET_CAFE|ICE_CREAM_SHOP|SMOOTHIE_SHOP|SMOOTHIE_SHOP|SMOOTHIE_SHOP|FARMERS_MARKET|SMOOTHIE_SHOP
95942616,1,Ryo Hasegawa,1,127233.0,100238.0,5,290,12,2,0,147,14,0,36,11,5,10,-1,2,28,0,195,0,0,2,0,72,19,19,7,43,1,7,31,1,0,8,BRUNCH_SPOT|PET_CAFE|ICE_CREAM_SHOP|SMOOTHIE_SHOP|SMOOTHIE_SHOP|SMOOTHIE_SHOP|FARMERS_MARKET|SMOOTHIE_SHOP
95942617,0,tetsuya,0,71520.0,75162.0,6,311,11,4,0,124,0,0,41,9,7,11,-1,30,13,0,78,0,0,13,0,119,31,13,13,31,1,19,25,1,0,9,PET_CAFE|SMOOTHIE_SHOP|BRUNCH_SPOT|PIZZA_SHOP|SMOOTHIE_SHOP|BRUNCH_SPOT|BRUNCH_SPOT|PIZZA_SHOP
95942617,1,Arman Tuganbaev,1,75162.0,71520.0,2,267,8,4,0,145,12,0,39,11,6,11,-1,54,52,0,236,32,0,135,6,118,31,13,13,31,1,19,25,1,0,9,PET_CAFE|SMOOTHIE_SHOP|BRUNCH_SPOT|PIZZA_SHOP|SMOOTHIE_SHOP|BRUNCH_SPOT|BRUNCH_SPOT|PIZZA_SHOP
95944822,0,Excluding,0,88417.0,91359.0,5,299,7,5,0,141,0,10,31,13,6,10,-1,15,20,0,267,0,38,43,31,10,25,19,13,19,1,7,19,25,0,13,FARMERS_MARKET|BAKERY|SMOOTHIE_SHOP|PIZZA_SHOP|YARN_STORE|ICE_CREAM_SHOP|YARN_STORE|PET_CAFE
95944822,1,Izzoudine Mohamed KANTA,1,91359.0,88417.0,5,277,6,6,2,132,6,0,38,12,6,11,-1,1,54,11,440,0,0,51,0,192,25,19,13,19,1,7,19,25,0,13,FARMERS_MARKET|BAKERY|SMOOTHIE_SHOP|PIZZA_SHOP|YARN_STORE|ICE_CREAM_SHOP|YARN_STORE|PET_CAFE
95947125,0,ReCurSiON,0,60167.0,70898.0,4,263,9,4,0,143,0,0,37,20,6,10,-1,12,0,0,265,0,0,47,6,67,43,25,25,31,1,19,1,13,0,4,BAKERY|FARMERS_MARKET|BAKERY|BRUNCH_SPOT|FARMERS_MARKET|YARN_STORE|FARMERS_MARKET|FARMERS_MARKET
95947125,1,Excluding,1,70898.0,60167.0,5,299,7,4,0,142,0,10,32,17,6,10,-1,25,19,0,289,0,26,36,6,11,43,25,25,31,1,19,1,13,0,4,BAKERY|FARMERS_MARKET|BAKERY|BRUNCH_SPOT|FARMERS_MARKET|YARN_STORE|FARMERS_MARKET|FARMERS_MARKET
95947165,0,SaiKushal185,1,67346.0,66047.0,5,277,10,4,0,129,5,0,42,12,6,11,-1,3,14,0,279,0,0,46,0,57,37,19,13,31,1,25,13,1,0,3,BRUNCH_SPOT|SMOOTHIE_SHOP|PET_CAFE|BAKERY|BRUNCH_SPOT|PIZZA_SHOP|BRUNCH_SPOT|FARMERS_MARKET
95947165,1,Anand,0,66047.0,67346.0,5,277,10,4,0,125,5,0,42,12,6,11,-1,9,23,0,371,0,0,50,0,192,37,19,13,31,1,25,13,1,0,3,BRUNCH_SPOT|SMOOTHIE_SHOP|PET_CAFE|BAKERY|BRUNCH_SPOT|PIZZA_SHOP|BRUNCH_SPOT|FARMERS_MARKET
95949390,0,Excluding,1,135991.0,126701.0,5,295,5,11,0,146,0,2,32,13,6,10,-1,22,9,0,182,0,6,8,24,11,19,1,7,25,1,13,25,25,0,2,BRUNCH_SPOT|YARN_STORE|SMOOTHIE_SHOP|YARN_STORE|SMOOTHIE_SHOP|PIZZA_SHOP|SMOOTHIE_SHOP|BAKERY
95949390,1,カワシギ,0,126701.0,135991.0,5,277,6,12,0,140,10,0,34,20,6,11,12,0,4,0,817,0,0,9,27,222,19,1,7,25,1,13,25,25,0,2,BRUNCH_SPOT|YARN_STORE|SMOOTHIE_SHOP|YARN_STORE|SMOOTHIE_SHOP|PIZZA_SHOP|SMOOTHIE_SHOP|BAKERY
95951680,0,ReCurSiON,0,72886.0,104856.0,4,263,7,6,0,143,0,0,37,20,6,10,-1,12,7,0,265,0,0,47,6,67,31,1,7,19,1,25,13,25,0,14,BAKERY|YARN_STORE|BRUNCH_SPOT|YARN_STORE|BRUNCH_SPOT|BAKERY|PIZZA_SHOP|SMOOTHIE_SHOP
95951680,1,Excluding,1,104856.0,72886.0,5,297,4,12,0,159,0,2,29,17,6,9,-1,11,37,0,234,0,1,49,12,22,31,1,7,19,1,25,13,25,0,14,BAKERY|YARN_STORE|BRUNCH_SPOT|YARN_STORE|BRUNCH_SPOT|BAKERY|PIZZA_SHOP|SMOOTHIE_SHOP
95953971,0,Excluding,1,97557.0,97220.0,5,298,9,7,0,112,0,14,31,17,6,9,-1,36,15,0,173,0,32,20,18,19,31,19,19,19,1,7,19,25,0,13,FARMERS_MARKET|PIZZA_SHOP|YARN_STORE|BRUNCH_SPOT|PIZZA_SHOP|ICE_CREAM_SHOP|YARN_STORE|PET_CAFE
95953971,1,Subramanya N,0,97220.0,97557.0,6,300,6,9,0,126,11,5,35,15,6,10,-1,76,8,0,133,3,0,62,0,18,31,19,19,19,1,7,19,25,0,13,FARMERS_MARKET|PIZZA_SHOP|YARN_STORE|BRUNCH_SPOT|PIZZA_SHOP|ICE_CREAM_SHOP|YARN_STORE|PET_CAFE
95953990,0,SaiKushal185,1,131624.0,130599.0,5,277,10,4,0,129,5,0,42,12,6,11,-1,2,14,0,279,0,0,46,0,57,31,7,7,31,1,7,25,25,0,2,FARMERS_MARKET|ICE_CREAM_SHOP|ICE_CREAM_SHOP|ICE_CREAM_SHOP|BAKERY|SMOOTHIE_SHOP|YARN_STORE|YARN_STORE
95953990,1,Victor @ Tufa Labs,0,130599.0,131624.0,5,277,8,6,0,125,5,0,42,12,6,11,-1,1,9,0,2016,0,0,38,0,135,31,7,7,31,1,7,25,25,0,2,FARMERS_MARKET|ICE_CREAM_SHOP|ICE_CREAM_SHOP|ICE_CREAM_SHOP|BAKERY|SMOOTHIE_SHOP|YARN_STORE|YARN_STORE
95956270,0,Excluding,1,101424.0,81828.0,5,298,8,8,0,132,0,10,29,17,6,10,-1,21,5,0,212,0,47,17,6,21,37,13,13,19,1,19,19,13,0,7,PIZZA_SHOP|YARN_STORE|BRUNCH_SPOT|PIZZA_SHOP|BAKERY|BRUNCH_SPOT|ICE_CREAM_SHOP|PET_CAFE
95956270,1,ReCurSiON,0,81828.0,101424.0,4,263,9,4,0,143,0,0,37,20,6,10,-1,12,0,0,265,0,0,47,6,67,37,13,13,19,1,19,19,13,0,7,PIZZA_SHOP|YARN_STORE|BRUNCH_SPOT|PIZZA_SHOP|BAKERY|BRUNCH_SPOT|ICE_CREAM_SHOP|PET_CAFE
95958572,0,Luan Kunyu,0,82392.0,83101.0,5,277,10,4,0,125,5,0,42,12,6,11,-1,9,17,0,364,0,0,37,0,192,31,7,7,31,1,19,19,13,0,9,BAKERY|BRUNCH_SPOT|SMOOTHIE_SHOP|YARN_STORE|ICE_CREAM_SHOP|FARMERS_MARKET|SMOOTHIE_SHOP|BAKERY
95958572,1,bplyc15,1,83101.0,82392.0,5,277,10,4,0,129,5,0,42,12,6,11,-1,2,32,0,321,0,0,35,0,189,31,7,7,31,1,19,19,13,0,9,BAKERY|BRUNCH_SPOT|SMOOTHIE_SHOP|YARN_STORE|ICE_CREAM_SHOP|FARMERS_MARKET|SMOOTHIE_SHOP|BAKERY
95960855,0,peikopon,0,70933.0,83068.0,5,278,9,5,0,113,20,0,38,12,6,11,-1,19,54,0,370,0,0,26,0,123,19,25,1,19,1,13,13,25,0,11,BRUNCH_SPOT|YARN_STORE|BAKERY|PET_CAFE|SMOOTHIE_SHOP|YARN_STORE|ICE_CREAM_SHOP|PET_CAFE
95960855,1,Kostiantyn Isaienkov,1,83068.0,70933.0,5,277,6,8,0,131,12,0,42,12,6,11,-1,0,95,0,355,0,0,59,0,177,19,25,1,19,1,13,13,25,0,11,BRUNCH_SPOT|YARN_STORE|BAKERY|PET_CAFE|SMOOTHIE_SHOP|YARN_STORE|ICE_CREAM_SHOP|PET_CAFE
95967701,0,ReCurSiON,1,66233.0,65712.0,4,262,9,4,0,143,0,0,37,15,6,10,-1,12,0,0,241,0,0,28,6,67,31,19,19,19,1,7,25,13,0,5,BAKERY|PET_CAFE|YARN_STORE|ICE_CREAM_SHOP|PIZZA_SHOP|SMOOTHIE_SHOP|FARMERS_MARKET|PIZZA_SHOP
95967701,1,Kostiantyn Isaienkov,0,65712.0,66233.0,5,277,6,6,2,135,14,0,34,20,6,11,-1,8,21,12,567,0,0,14,10,119,31,19,19,19,1,7,25,13,0,5,BAKERY|PET_CAFE|YARN_STORE|ICE_CREAM_SHOP|PIZZA_SHOP|SMOOTHIE_SHOP|FARMERS_MARKET|PIZZA_SHOP
95974545,0,Efe Can Celiksoy,0,121369.0,122040.0,5,277,10,4,0,138,16,0,34,20,6,11,-1,41,24,0,484,0,0,0,6,140,37,1,7,37,1,7,43,1,0,8,PIZZA_SHOP|SMOOTHIE_SHOP|BAKERY|ICE_CREAM_SHOP|ICE_CREAM_SHOP|SMOOTHIE_SHOP|ICE_CREAM_SHOP|ICE_CREAM_SHOP
95974545,1,ReCurSiON,1,122040.0,121369.0,4,262,9,4,0,143,0,0,37,15,6,10,-1,12,0,0,265,0,0,28,6,67,37,1,7,37,1,7,43,1,0,8,PIZZA_SHOP|SMOOTHIE_SHOP|BAKERY|ICE_CREAM_SHOP|ICE_CREAM_SHOP|SMOOTHIE_SHOP|ICE_CREAM_SHOP|ICE_CREAM_SHOP
95976886,0,Excluding,0,71987.0,81099.0,5,299,7,4,0,170,0,2,32,13,6,10,-1,53,11,0,305,0,3,14,30,15,43,25,13,37,1,25,7,1,0,3,PET_CAFE|BRUNCH_SPOT|BRUNCH_SPOT|ICE_CREAM_SHOP|BAKERY|FARMERS_MARKET|BRUNCH_SPOT|FARMERS_MARKET
95976886,1,Izzoudine Mohamed KANTA,1,81099.0,71987.0,5,277,8,6,0,132,6,0,38,12,6,11,-1,0,10,0,566,0,0,51,0,192,43,25,13,37,1,25,7,1,0,3,PET_CAFE|BRUNCH_SPOT|BRUNCH_SPOT|ICE_CREAM_SHOP|BAKERY|FARMERS_MARKET|BRUNCH_SPOT|FARMERS_MARKET
95981440,0,James Holland,1,146145.0,141632.0,5,278,10,4,0,123,5,0,42,12,6,11,-1,3,20,0,304,0,0,26,0,110,31,13,7,31,1,7,31,13,0,8,ICE_CREAM_SHOP|ICE_CREAM_SHOP|YARN_STORE|PET_CAFE|ICE_CREAM_SHOP|SMOOTHIE_SHOP|BRUNCH_SPOT|PIZZA_SHOP
95981440,1,Efe Can Celiksoy,0,141632.0,146145.0,5,277,10,4,0,138,16,0,34,20,6,11,-1,56,26,0,454,0,0,0,6,166,31,13,7,31,1,7,31,13,0,8,ICE_CREAM_SHOP|ICE_CREAM_SHOP|YARN_STORE|PET_CAFE|ICE_CREAM_SHOP|SMOOTHIE_SHOP|BRUNCH_SPOT|PIZZA_SHOP
95983718,0,lucaskna,1,89386.0,66822.0,5,277,6,12,0,145,3,0,34,20,6,11,12,4,0,0,654,0,0,34,0,113,25,31,13,7,1,13,7,25,0,0,YARN_STORE|BAKERY|YARN_STORE|PET_CAFE|PIZZA_SHOP|FARMERS_MARKET|BAKERY|PET_CAFE
95983718,1,ReCurSiON,0,66822.0,89386.0,4,262,6,7,0,143,0,0,37,15,6,10,-1,6,15,0,265,0,0,28,6,65,25,31,13,7,1,13,7,25,0,0,YARN_STORE|BAKERY|YARN_STORE|PET_CAFE|PIZZA_SHOP|FARMERS_MARKET|BAKERY|PET_CAFE
95985983,0,Kostiantyn Isaienkov,0,101823.0,102812.0,5,277,10,4,0,131,12,0,42,12,6,11,-1,2,9,0,348,0,0,59,0,177,31,43,19,37,1,7,13,1,0,10,SMOOTHIE_SHOP|ICE_CREAM_SHOP|PET_CAFE|FARMERS_MARKET|FARMERS_MARKET|BRUNCH_SPOT|PET_CAFE|FARMERS_MARKET
95985983,1,James Holland,1,102812.0,101823.0,5,278,10,4,0,123,5,0,42,12,6,11,-1,3,22,0,304,0,0,26,0,123,31,43,19,37,1,7,13,1,0,10,SMOOTHIE_SHOP|ICE_CREAM_SHOP|PET_CAFE|FARMERS_MARKET|FARMERS_MARKET|BRUNCH_SPOT|PET_CAFE|FARMERS_MARKET
95988226,0,Anand,1,78018.0,76328.0,5,277,6,12,0,128,1,0,42,12,6,11,12,20,0,0,675,0,0,60,2,200,25,31,7,31,1,13,13,13,0,1,YARN_STORE|PET_CAFE|SMOOTHIE_SHOP|BRUNCH_SPOT|ICE_CREAM_SHOP|PET_CAFE|FARMERS_MARKET|BRUNCH_SPOT
95988226,1,lucaskna,0,76328.0,78018.0,5,277,6,12,0,145,3,0,34,17,6,11,12,3,0,0,614,0,0,37,0,116,25,31,7,31,1,13,13,13,0,1,YARN_STORE|PET_CAFE|SMOOTHIE_SHOP|BRUNCH_SPOT|ICE_CREAM_SHOP|PET_CAFE|FARMERS_MARKET|BRUNCH_SPOT
95992824,0,James Holland,0,67690.0,74969.0,5,277,6,12,0,141,7,0,34,12,6,11,12,8,4,0,678,0,0,34,0,239,25,25,19,25,1,7,13,25,0,13,FARMERS_MARKET|YARN_STORE|PET_CAFE|PIZZA_SHOP|SMOOTHIE_SHOP|FARMERS_MARKET|YARN_STORE|BRUNCH_SPOT
95992824,1,Xiaowenhao404,1,74969.0,67690.0,5,277,6,12,0,142,11,0,42,12,6,11,12,15,37,0,1124,0,0,43,4,126,25,25,19,25,1,7,13,25,0,13,FARMERS_MARKET|YARN_STORE|PET_CAFE|PIZZA_SHOP|SMOOTHIE_SHOP|FARMERS_MARKET|YARN_STORE|BRUNCH_SPOT
95992825,0,Xiaowenhao404,0,98887.0,101511.0,5,277,10,4,0,127,14,0,42,12,6,11,-1,5,15,0,624,0,0,116,10,151,25,31,19,19,1,1,25,13,0,10,SMOOTHIE_SHOP|PIZZA_SHOP|FARMERS_MARKET|PIZZA_SHOP|PET_CAFE|YARN_STORE|ICE_CREAM_SHOP|PET_CAFE
95992825,1,feel the borov,1,101511.0,98887.0,5,277,10,4,0,125,5,0,42,12,6,11,-1,2,12,0,364,0,0,71,0,192,25,31,19,19,1,1,25,13,0,10,SMOOTHIE_SHOP|PIZZA_SHOP|FARMERS_MARKET|PIZZA_SHOP|PET_CAFE|YARN_STORE|ICE_CREAM_SHOP|PET_CAFE
95992826,0,Seb (allegedly),1,75411.0,66646.0,7,303,8,7,0,109,0,0,25,19,4,8,-1,62,5,0,220,0,0,31,0,23,13,37,1,25,1,7,19,13,0,12,PET_CAFE|BRUNCH_SPOT|YARN_STORE|PET_CAFE|SMOOTHIE_SHOP|ICE_CREAM_SHOP|PET_CAFE|SMOOTHIE_SHOP
95992826,1,webmaking,0,66646.0,75411.0,5,277,6,8,0,119,5,0,42,12,6,11,-1,0,59,0,315,0,0,43,0,50,13,37,1,25,1,7,19,13,0,12,PET_CAFE|BRUNCH_SPOT|YARN_STORE|PET_CAFE|SMOOTHIE_SHOP|ICE_CREAM_SHOP|PET_CAFE|SMOOTHIE_SHOP
95995092,0,James Holland,0,67271.0,76993.0,5,277,10,4,0,127,8,0,34,20,6,11,-1,15,15,0,322,0,0,16,9,59,31,37,13,25,1,13,7,13,0,0,BAKERY|ICE_CREAM_SHOP|FARMERS_MARKET|YARN_STORE|PET_CAFE|PET_CAFE|BRUNCH_SPOT|FARMERS_MARKET
95995092,1,Crop Dusta,1,76993.0,67271.0,4,296,7,10,0,96,58,0,36,14,5,8,-1,0,10,0,38,80,0,13,0,8,31,37,13,25,1,13,7,13,0,0,BAKERY|ICE_CREAM_SHOP|FARMERS_MARKET|YARN_STORE|PET_CAFE|PET_CAFE|BRUNCH_SPOT|FARMERS_MARKET
95997380,0,Ryo Hasegawa,1,125678.0,119534.0,5,289,8,7,0,135,6,0,36,11,6,10,-1,4,0,0,128,0,0,115,0,95,19,25,7,19,1,1,25,25,0,12,SMOOTHIE_SHOP|PIZZA_SHOP|YARN_STORE|ICE_CREAM_SHOP|PET_CAFE|ICE_CREAM_SHOP|YARN_STORE|PET_CAFE
95997380,1,Kenjo1209,0,119534.0,125678.0,5,277,10,4,0,121,7,0,42,12,6,11,-1,12,36,0,366,0,0,114,0,120,19,25,7,19,1,1,25,25,0,12,SMOOTHIE_SHOP|PIZZA_SHOP|YARN_STORE|ICE_CREAM_SHOP|PET_CAFE|ICE_CREAM_SHOP|YARN_STORE|PET_CAFE
95997382,0,Xiaowenhao404,1,120619.0,111157.0,5,277,6,8,0,131,13,0,42,12,6,11,-1,3,32,0,813,1,0,104,10,164,7,25,1,25,1,1,25,25,0,12,SMOOTHIE_SHOP|SMOOTHIE_SHOP|YARN_STORE|YARN_STORE|PET_CAFE|SMOOTHIE_SHOP|PET_CAFE|ICE_CREAM_SHOP
95997382,1,peikopon,0,111157.0,120619.0,5,278,12,3,0,93,35,0,38,12,6,11,-1,37,19,0,304,0,0,26,0,123,7,25,1,25,1,1,25,25,0,12,SMOOTHIE_SHOP|SMOOTHIE_SHOP|YARN_STORE|YARN_STORE|PET_CAFE|SMOOTHIE_SHOP|PET_CAFE|ICE_CREAM_SHOP
95997383,0,Arman Tuganbaev,0,60831.0,67999.0,2,247,8,4,0,144,12,0,28,26,7,9,-1,32,15,0,230,6,0,33,50,109,37,31,19,19,1,19,13,1,0,0,PIZZA_SHOP|PET_CAFE|BRUNCH_SPOT|PIZZA_SHOP|BAKERY|PET_CAFE|FARMERS_MARKET|BRUNCH_SPOT
95997383,1,Subramanya N,1,67999.0,60831.0,6,303,11,2,0,181,53,0,21,12,6,8,-1,107,0,0,151,27,0,12,6,24,37,31,19,19,1,19,13,1,0,0,PIZZA_SHOP|PET_CAFE|BRUNCH_SPOT|PIZZA_SHOP|BAKERY|PET_CAFE|FARMERS_MARKET|BRUNCH_SPOT
95997385,0,peikopon,0,85029.0,88922.0,5,277,10,4,0,106,33,0,34,20,6,11,-1,32,1,0,500,0,0,15,12,138,43,25,19,31,1,7,25,1,0,6,BAKERY|ICE_CREAM_SHOP|ICE_CREAM_SHOP|FARMERS_MARKET|FARMERS_MARKET|PET_CAFE|PIZZA_SHOP|ICE_CREAM_SHOP
95997385,1,Crop Dusta,1,88922.0,85029.0,4,295,9,3,0,148,0,0,37,13,5,8,-1,28,3,0,49,0,0,37,0,6,43,25,19,31,1,7,25,1,0,6,BAKERY|ICE_CREAM_SHOP|ICE_CREAM_SHOP|FARMERS_MARKET|FARMERS_MARKET|PET_CAFE|PIZZA_SHOP|ICE_CREAM_SHOP
95997387,0,tetsuya,1,70321.0,66507.0,6,308,5,11,0,162,0,0,30,15,7,10,-1,18,56,0,129,0,0,2,0,124,25,25,7,13,1,19,13,13,0,0,BAKERY|YARN_STORE|BRUNCH_SPOT|SMOOTHIE_SHOP|BAKERY|PET_CAFE|PIZZA_SHOP|PET_CAFE
95997387,1,Ryo Hasegawa,0,66507.0,70321.0,5,290,6,9,0,174,14,0,29,11,5,9,-1,15,15,0,232,3,0,30,0,109,25,25,7,13,1,19,13,13,0,0,BAKERY|YARN_STORE|BRUNCH_SPOT|SMOOTHIE_SHOP|BAKERY|PET_CAFE|PIZZA_SHOP|PET_CAFE
95997388,0,Izzoudine Mohamed KANTA,1,100967.0,96706.0,5,277,10,4,0,132,6,0,38,12,6,11,-1,3,4,0,490,0,0,54,0,192,37,1,1,43,1,25,25,1,0,9,BRUNCH_SPOT|ICE_CREAM_SHOP|SMOOTHIE_SHOP|BRUNCH_SPOT|BAKERY|BRUNCH_SPOT|ICE_CREAM_SHOP|SMOOTHIE_SHOP
95997388,1,tetsuya,0,96706.0,100967.0,6,312,12,3,0,131,1,0,40,12,7,9,-1,63,9,0,88,0,0,26,0,86,37,1,1,43,1,25,25,1,0,9,BRUNCH_SPOT|ICE_CREAM_SHOP|SMOOTHIE_SHOP|BRUNCH_SPOT|BAKERY|BRUNCH_SPOT|ICE_CREAM_SHOP|SMOOTHIE_SHOP
95999655,0,ReCurSiON,0,67259.0,85591.0,4,262,9,4,0,143,0,0,37,15,6,10,-1,12,0,0,265,0,0,28,6,67,19,19,13,19,1,7,13,37,0,11,PIZZA_SHOP|PET_CAFE|YARN_STORE|FARMERS_MARKET|YARN_STORE|YARN_STORE|BRUNCH_SPOT|SMOOTHIE_SHOP
95999655,1,Izzoudine Mohamed KANTA,1,85591.0,67259.0,5,277,6,8,0,132,6,0,38,12,6,11,-1,1,78,0,447,0,0,57,0,192,19,19,13,19,1,7,13,37,0,11,PIZZA_SHOP|PET_CAFE|YARN_STORE|FARMERS_MARKET|YARN_STORE|YARN_STORE|BRUNCH_SPOT|SMOOTHIE_SHOP
96001961,0,SaiKushal185,0,103157.0,105168.0,5,277,10,4,0,129,5,0,42,12,6,11,-1,3,14,0,279,0,0,46,0,57,25,25,13,37,1,1,25,13,0,8,FARMERS_MARKET|FARMERS_MARKET|SMOOTHIE_SHOP|ICE_CREAM_SHOP|YARN_STORE|ICE_CREAM_SHOP|PET_CAFE|SMOOTHIE_SHOP
96001961,1,bplyc15,1,105168.0,103157.0,5,277,10,4,0,129,5,0,42,12,6,11,-1,3,25,0,314,0,0,35,0,189,25,25,13,37,1,1,25,13,0,8,FARMERS_MARKET|FARMERS_MARKET|SMOOTHIE_SHOP|ICE_CREAM_SHOP|YARN_STORE|ICE_CREAM_SHOP|PET_CAFE|SMOOTHIE_SHOP
96001974,0,Excluding,1,75157.0,59367.0,5,295,2,14,0,145,0,7,31,13,6,10,-1,2,86,0,194,0,4,28,25,6,31,19,7,19,1,19,13,13,0,0,YARN_STORE|FARMERS_MARKET|BAKERY|SMOOTHIE_SHOP|PET_CAFE|BAKERY|ICE_CREAM_SHOP|BAKERY
96001974,1,Izzoudine Mohamed KANTA,0,59367.0,75157.0,5,277,6,12,0,131,3,0,42,12,6,11,12,34,0,0,745,0,0,57,2,200,31,19,7,19,1,19,13,13,0,0,YARN_STORE|FARMERS_MARKET|BAKERY|SMOOTHIE_SHOP|PET_CAFE|BAKERY|ICE_CREAM_SHOP|BAKERY
96004222,0,カワシギ,0,132300.0,133235.0,5,277,10,4,0,119,13,0,42,12,6,11,-1,0,1,0,467,0,0,19,10,123,37,7,13,37,1,13,31,1,0,8,SMOOTHIE_SHOP|ICE_CREAM_SHOP|PIZZA_SHOP|BAKERY|SMOOTHIE_SHOP|FARMERS_MARKET|BRUNCH_SPOT|ICE_CREAM_SHOP
96004222,1,peikopon,1,133235.0,132300.0,5,278,12,3,0,125,5,2,34,12,6,11,-1,39,7,0,341,0,0,26,0,129,37,7,13,37,1,13,31,1,0,8,SMOOTHIE_SHOP|ICE_CREAM_SHOP|PIZZA_SHOP|BAKERY|SMOOTHIE_SHOP|FARMERS_MARKET|BRUNCH_SPOT|ICE_CREAM_SHOP
96008613,0,bplyc15,0,116441.0,121823.0,5,277,10,4,0,129,5,0,42,12,6,11,-1,3,26,0,323,0,0,54,0,191,37,1,13,25,1,19,25,13,0,7,PIZZA_SHOP|ICE_CREAM_SHOP|SMOOTHIE_SHOP|BRUNCH_SPOT|PIZZA_SHOP|YARN_STORE|BAKERY|BRUNCH_SPOT
96008613,1,MiMi,1,121823.0,116441.0,5,294,14,3,0,151,12,8,52,12,5,10,12,0,0,0,286,0,0,0,0,21,37,1,13,25,1,19,25,13,0,7,PIZZA_SHOP|ICE_CREAM_SHOP|SMOOTHIE_SHOP|BRUNCH_SPOT|PIZZA_SHOP|YARN_STORE|BAKERY|BRUNCH_SPOT
96008786,0,SaiKushal185,0,73331.0,74488.0,5,277,10,4,0,129,5,0,42,12,6,11,-1,3,14,0,279,0,0,92,0,57,43,7,19,25,1,25,19,1,0,7,BRUNCH_SPOT|PIZZA_SHOP|BRUNCH_SPOT|PIZZA_SHOP|SMOOTHIE_SHOP|BAKERY|FARMERS_MARKET|BAKERY
96008786,1,peikopon,1,74488.0,73331.0,5,277,9,5,0,125,5,2,36,12,6,11,-1,30,22,0,360,0,0,26,0,124,43,7,19,25,1,25,19,1,0,7,BRUNCH_SPOT|PIZZA_SHOP|BRUNCH_SPOT|PIZZA_SHOP|SMOOTHIE_SHOP|BAKERY|FARMERS_MARKET|BAKERY
96008788,0,Victor @ Tufa Labs,0,70564.0,71922.0,5,277,6,12,0,133,2,0,34,20,6,11,12,7,4,0,1989,0,0,29,1,156,31,7,7,19,1,25,7,25,0,14,YARN_STORE|BRUNCH_SPOT|BAKERY|BAKERY|SMOOTHIE_SHOP|BAKERY|YARN_STORE|FARMERS_MARKET
96008788,1,feel the borov,1,71922.0,70564.0,5,277,6,12,0,125,1,0,42,12,6,11,12,20,0,0,655,0,0,56,2,200,31,7,7,19,1,25,7,25,0,14,YARN_STORE|BRUNCH_SPOT|BAKERY|BAKERY|SMOOTHIE_SHOP|BAKERY|YARN_STORE|FARMERS_MARKET
96011052,0,Anand,1,94105.0,93038.0,5,277,6,8,0,125,5,0,42,12,6,11,-1,1,80,0,371,0,0,57,0,192,37,13,13,31,1,19,13,13,0,9,ICE_CREAM_SHOP|FARMERS_MARKET|YARN_STORE|BAKERY|BAKERY|SMOOTHIE_SHOP|BRUNCH_SPOT|FARMERS_MARKET
96011052,1,ReCurSiON,0,93038.0,94105.0,4,262,9,4,0,143,0,0,37,20,6,10,-1,12,0,0,265,0,0,28,6,73,37,13,13,31,1,19,13,13,0,9,ICE_CREAM_SHOP|FARMERS_MARKET|YARN_STORE|BAKERY|BAKERY|SMOOTHIE_SHOP|BRUNCH_SPOT|FARMERS_MARKET
96013325,0,Seb (allegedly),1,74383.0,71737.0,7,304,9,5,0,93,0,0,32,17,4,8,-1,38,13,0,206,0,0,9,0,14,37,19,31,25,1,7,19,13,0,5,FARMERS_MARKET|FARMERS_MARKET|BAKERY|FARMERS_MARKET|PIZZA_SHOP|SMOOTHIE_SHOP|PIZZA_SHOP|YARN_STORE
96013325,1,Luan Kunyu,0,71737.0,74383.0,5,277,8,6,0,122,5,0,42,12,6,11,-1,0,43,0,393,0,0,43,0,178,37,19,31,25,1,7,19,13,0,5,FARMERS_MARKET|FARMERS_MARKET|BAKERY|FARMERS_MARKET|PIZZA_SHOP|SMOOTHIE_SHOP|PIZZA_SHOP|YARN_STORE
96015452,0,MiMi,1,103510.0,102450.0,5,296,12,7,0,178,13,0,30,12,5,10,12,0,3,0,315,0,0,26,6,25,31,1,13,13,1,13,25,25,0,2,YARN_STORE|BAKERY|PIZZA_SHOP|SMOOTHIE_SHOP|ICE_CREAM_SHOP|BAKERY|YARN_STORE|PIZZA_SHOP
96015452,1,Xiaowenhao404,0,102450.0,103510.0,5,277,6,12,0,142,10,0,42,12,6,11,12,23,23,0,1098,0,0,50,10,129,31,1,13,13,1,13,25,25,0,2,YARN_STORE|BAKERY|PIZZA_SHOP|SMOOTHIE_SHOP|ICE_CREAM_SHOP|BAKERY|YARN_STORE|PIZZA_SHOP
96015606,0,peikopon,1,64943.0,59122.0,5,278,10,4,0,95,35,2,34,12,6,11,-1,1,6,0,466,0,3,26,0,129,31,37,13,25,1,19,1,13,0,0,FARMERS_MARKET|BAKERY|BRUNCH_SPOT|PET_CAFE|BRUNCH_SPOT|PET_CAFE|FARMERS_MARKET|YARN_STORE
96015606,1,Luan Kunyu,0,59122.0,64943.0,5,277,8,6,0,125,5,0,42,12,6,11,-1,1,44,0,366,0,0,54,0,192,31,37,13,25,1,19,1,13,0,0,FARMERS_MARKET|BAKERY|BRUNCH_SPOT|PET_CAFE|BRUNCH_SPOT|PET_CAFE|FARMERS_MARKET|YARN_STORE
96015607,0,Kostiantyn Isaienkov,1,48403.0,46908.0,5,277,10,4,0,154,12,0,19,12,6,11,-1,2,9,0,355,0,0,21,0,229,31,13,13,13,1,13,25,13,0,1,PIZZA_SHOP|BAKERY|BAKERY|PET_CAFE|SMOOTHIE_SHOP|ICE_CREAM_SHOP|YARN_STORE|PIZZA_SHOP
96015607,1,Luan Kunyu,0,46908.0,48403.0,5,277,10,4,0,125,5,0,42,12,6,11,-1,3,12,0,365,0,0,54,0,192,31,13,13,13,1,13,25,13,0,1,PIZZA_SHOP|BAKERY|BAKERY|PET_CAFE|SMOOTHIE_SHOP|ICE_CREAM_SHOP|YARN_STORE|PIZZA_SHOP
96017734,0,THIRD FARM CLUB,0,101720.0,110015.0,5,277,10,4,0,133,13,0,42,12,6,11,-1,3,17,0,376,0,0,51,0,192,31,7,13,31,1,7,25,25,0,2,ICE_CREAM_SHOP|PIZZA_SHOP|BRUNCH_SPOT|YARN_STORE|YARN_STORE|ICE_CREAM_SHOP|FARMERS_MARKET|SMOOTHIE_SHOP
96017734,1,MiMi,1,110015.0,101720.0,5,294,11,9,0,145,11,0,43,12,5,10,12,3,0,0,258,0,0,12,0,33,31,7,13,31,1,7,25,25,0,2,ICE_CREAM_SHOP|PIZZA_SHOP|BRUNCH_SPOT|YARN_STORE|YARN_STORE|ICE_CREAM_SHOP|FARMERS_MARKET|SMOOTHIE_SHOP
96020011,0,MiMi,1,139375.0,123472.0,5,293,14,3,0,131,11,0,53,12,5,10,12,6,0,0,242,0,0,23,6,31,25,1,13,31,1,7,37,13,0,8,PIZZA_SHOP|SMOOTHIE_SHOP|SMOOTHIE_SHOP|BRUNCH_SPOT|ICE_CREAM_SHOP|YARN_STORE|PIZZA_SHOP|SMOOTHIE_SHOP
96020011,1,Xiaowenhao404,0,123472.0,139375.0,5,277,10,4,0,127,15,0,42,12,6,11,-1,10,10,0,621,0,0,41,22,158,25,1,13,31,1,7,37,13,0,8,PIZZA_SHOP|SMOOTHIE_SHOP|SMOOTHIE_SHOP|BRUNCH_SPOT|ICE_CREAM_SHOP|YARN_STORE|PIZZA_SHOP|SMOOTHIE_SHOP
96022296,0,MiMi,1,88929.0,76029.0,5,292,11,3,0,148,13,8,43,22,5,10,12,5,8,0,266,0,0,16,0,21,43,19,19,19,1,19,19,1,0,7,PIZZA_SHOP|BRUNCH_SPOT|BAKERY|ICE_CREAM_SHOP|PIZZA_SHOP|FARMERS_MARKET|PET_CAFE|BAKERY
96022296,1,ReCurSiON,0,76029.0,88929.0,4,262,9,4,0,143,0,0,37,15,6,10,-1,12,0,0,265,0,0,28,6,67,43,19,19,19,1,19,19,1,0,7,PIZZA_SHOP|BRUNCH_SPOT|BAKERY|ICE_CREAM_SHOP|PIZZA_SHOP|FARMERS_MARKET|PET_CAFE|BAKERY
96024580,0,lucaskna,0,67197.0,79136.0,5,278,10,4,0,125,5,0,42,12,6,11,-1,3,12,0,319,0,0,54,0,58,37,19,25,19,1,13,25,1,0,5,PIZZA_SHOP|BRUNCH_SPOT|FARMERS_MARKET|BAKERY|SMOOTHIE_SHOP|PIZZA_SHOP|PIZZA_SHOP|PET_CAFE
96024580,1,MiMi,1,79136.0,67197.0,5,289,8,4,0,168,13,8,43,12,5,10,12,0,12,0,231,5,0,25,0,24,37,19,25,19,1,13,25,1,0,5,PIZZA_SHOP|BRUNCH_SPOT|FARMERS_MARKET|BAKERY|SMOOTHIE_SHOP|PIZZA_SHOP|PIZZA_SHOP|PET_CAFE
96026861,0,Ryo Hasegawa,0,83298.0,87608.0,5,290,7,7,0,155,0,0,36,11,6,9,-1,47,0,0,169,0,0,86,0,100,31,13,7,13,1,13,19,25,0,11,BAKERY|YARN_STORE|PIZZA_SHOP|ICE_CREAM_SHOP|PET_CAFE|YARN_STORE|BAKERY|ICE_CREAM_SHOP
96026861,1,MiMi,1,87608.0,83298.0,5,293,8,7,0,182,11,0,30,22,5,10,12,8,0,0,256,0,0,16,0,26,31,13,7,13,1,13,19,25,0,11,BAKERY|YARN_STORE|PIZZA_SHOP|ICE_CREAM_SHOP|PET_CAFE|YARN_STORE|BAKERY|ICE_CREAM_SHOP
96027056,0,Excluding,1,96951.0,82050.0,5,294,3,13,0,158,0,2,28,13,6,9,-1,5,17,0,233,0,0,33,18,13,31,13,7,19,1,19,13,25,0,14,YARN_STORE|BAKERY|PET_CAFE|ICE_CREAM_SHOP|YARN_STORE|BRUNCH_SPOT|BRUNCH_SPOT|PIZZA_SHOP
96027056,1,カワシギ,0,82050.0,96951.0,5,277,6,12,0,165,11,0,34,20,6,11,12,10,17,0,735,0,0,39,9,203,31,13,7,19,1,19,13,25,0,14,YARN_STORE|BAKERY|PET_CAFE|ICE_CREAM_SHOP|YARN_STORE|BRUNCH_SPOT|BRUNCH_SPOT|PIZZA_SHOP
96029146,0,MiMi,0,62886.0,70652.0,5,287,7,8,0,176,6,0,32,21,5,10,12,3,0,0,305,2,0,21,0,26,19,25,1,19,1,19,13,13,0,0,YARN_STORE|PET_CAFE|SMOOTHIE_SHOP|PET_CAFE|BAKERY|BRUNCH_SPOT|SMOOTHIE_SHOP|BAKERY
96029146,1,Seb (allegedly),1,70652.0,62886.0,7,298,5,14,0,112,0,0,22,17,4,8,-1,25,10,0,236,0,0,11,0,21,19,25,1,19,1,19,13,13,0,0,YARN_STORE|PET_CAFE|SMOOTHIE_SHOP|PET_CAFE|BAKERY|BRUNCH_SPOT|SMOOTHIE_SHOP|BAKERY
96031440,0,ReCurSiON,0,49019.0,60440.0,4,262,9,4,0,143,0,0,37,20,6,10,-1,12,0,0,265,0,0,28,6,67,43,19,13,19,1,31,7,1,0,3,FARMERS_MARKET|BAKERY|BRUNCH_SPOT|BAKERY|PET_CAFE|BAKERY|BRUNCH_SPOT|PIZZA_SHOP
96031440,1,MiMi,1,60440.0,49019.0,5,288,6,5,0,179,11,0,43,22,5,10,12,11,30,0,232,0,0,2,0,28,43,19,13,19,1,31,7,1,0,3,FARMERS_MARKET|BAKERY|BRUNCH_SPOT|BAKERY|PET_CAFE|BAKERY|BRUNCH_SPOT|PIZZA_SHOP
96031632,0,Efe Can Celiksoy,0,81730.0,90328.0,5,277,6,8,0,146,16,0,34,20,6,11,-1,0,0,0,361,3,0,8,0,203,19,13,13,7,1,7,19,37,0,11,YARN_STORE|BAKERY|YARN_STORE|PIZZA_SHOP|PIZZA_SHOP|YARN_STORE|SMOOTHIE_SHOP|PET_CAFE
96031632,1,Ryo Hasegawa,1,90328.0,81730.0,5,290,6,10,0,157,0,0,39,11,6,9,-1,46,0,0,129,0,0,129,0,89,19,13,13,7,1,7,19,37,0,11,YARN_STORE|BAKERY|YARN_STORE|PIZZA_SHOP|PIZZA_SHOP|YARN_STORE|SMOOTHIE_SHOP|PET_CAFE
96033706,0,James Holland,0,69605.0,89259.0,5,278,10,4,0,123,5,0,42,12,6,11,-1,3,25,0,304,0,0,26,0,123,25,13,1,31,1,19,13,25,0,14,BRUNCH_SPOT|PET_CAFE|YARN_STORE|YARN_STORE|ICE_CREAM_SHOP|BRUNCH_SPOT|BRUNCH_SPOT|SMOOTHIE_SHOP
96033706,1,Hello San Francisco,1,89259.0,69605.0,5,277,6,8,0,133,13,0,42,12,6,11,-1,72,94,0,409,6,0,103,2,117,25,13,1,31,1,19,13,25,0,14,BRUNCH_SPOT|PET_CAFE|YARN_STORE|YARN_STORE|ICE_CREAM_SHOP|BRUNCH_SPOT|BRUNCH_SPOT|SMOOTHIE_SHOP
96033737,0,Seb (allegedly),1,90450.0,84146.0,7,301,7,7,0,104,0,0,33,15,4,8,-1,24,8,0,206,0,0,9,0,9,19,13,1,25,1,13,19,25,0,11,BRUNCH_SPOT|BAKERY|YARN_STORE|SMOOTHIE_SHOP|SMOOTHIE_SHOP|PET_CAFE|YARN_STORE|ICE_CREAM_SHOP
96033737,1,MiMi,0,84146.0,90450.0,5,293,8,7,0,173,11,0,43,22,5,10,12,0,0,0,248,0,0,14,6,34,19,13,1,25,1,13,19,25,0,11,BRUNCH_SPOT|BAKERY|YARN_STORE|SMOOTHIE_SHOP|SMOOTHIE_SHOP|PET_CAFE|YARN_STORE|ICE_CREAM_SHOP
96035991,0,Anand,0,59979.0,62737.0,5,277,10,4,0,125,5,0,42,12,6,11,-1,9,32,0,373,0,0,51,0,195,31,13,13,25,1,19,19,13,0,7,BRUNCH_SPOT|PIZZA_SHOP|PET_CAFE|BRUNCH_SPOT|PIZZA_SHOP|SMOOTHIE_SHOP|BRUNCH_SPOT|YARN_STORE
96035991,1,Hello San Francisco,1,62737.0,59979.0,5,277,10,4,0,133,13,0,42,12,6,11,-1,119,24,0,412,6,0,95,2,121,31,13,13,25,1,19,19,13,0,7,BRUNCH_SPOT|PIZZA_SHOP|PET_CAFE|BRUNCH_SPOT|PIZZA_SHOP|SMOOTHIE_SHOP|BRUNCH_SPOT|YARN_STORE
96036021,0,lucaskna,0,98997.0,104514.0,5,277,10,4,0,125,5,0,42,12,6,11,-1,3,27,0,297,0,0,54,0,58,25,31,25,31,1,1,19,13,0,10,PIZZA_SHOP|FARMERS_MARKET|SMOOTHIE_SHOP|FARMERS_MARKET|SMOOTHIE_SHOP|YARN_STORE|PET_CAFE|FARMERS_MARKET
96036021,1,MiMi,1,104514.0,98997.0,5,292,11,3,0,146,11,10,49,12,5,10,12,0,2,0,261,0,0,13,0,22,25,31,25,31,1,1,19,13,0,10,PIZZA_SHOP|FARMERS_MARKET|SMOOTHIE_SHOP|FARMERS_MARKET|SMOOTHIE_SHOP|YARN_STORE|PET_CAFE|FARMERS_MARKET
96038316,0,MiMi,1,55686.0,44163.0,5,289,7,5,0,174,5,9,43,12,5,10,12,11,23,0,189,0,4,58,0,32,31,37,19,19,1,13,7,13,0,0,PET_CAFE|FARMERS_MARKET|PET_CAFE|FARMERS_MARKET|PIZZA_SHOP|BRUNCH_SPOT|BAKERY|YARN_STORE
96038316,1,James Holland,0,44163.0,55686.0,5,278,10,4,0,123,5,0,42,12,6,11,-1,3,24,0,304,0,0,26,0,123,31,37,19,19,1,13,7,13,0,0,PET_CAFE|FARMERS_MARKET|PET_CAFE|FARMERS_MARKET|PIZZA_SHOP|BRUNCH_SPOT|BAKERY|YARN_STORE
96040559,0,Hello San Francisco,0,88405.0,93677.0,5,277,6,12,0,153,10,0,34,17,6,11,12,90,72,0,656,2,0,100,23,180,31,1,7,19,1,25,13,25,0,14,BRUNCH_SPOT|YARN_STORE|YARN_STORE|BAKERY|PIZZA_SHOP|SMOOTHIE_SHOP|BRUNCH_SPOT|BAKERY
96040559,1,Xiaowenhao404,1,93677.0,88405.0,5,277,6,12,0,142,11,0,42,12,6,11,12,43,23,0,1107,0,0,44,4,124,31,1,7,19,1,25,13,25,0,14,BRUNCH_SPOT|YARN_STORE|YARN_STORE|BAKERY|PIZZA_SHOP|SMOOTHIE_SHOP|BRUNCH_SPOT|BAKERY
96040593,0,MiMi,1,104920.0,100002.0,5,294,9,7,0,164,11,8,31,12,5,10,12,0,0,0,271,2,0,5,0,35,37,7,19,31,1,19,19,13,0,7,YARN_STORE|PIZZA_SHOP|PIZZA_SHOP|FARMERS_MARKET|BRUNCH_SPOT|SMOOTHIE_SHOP|BRUNCH_SPOT|BRUNCH_SPOT
96040593,1,Rayk Kretzschmar,0,100002.0,104920.0,5,277,6,12,0,128,1,0,42,12,6,11,12,16,0,0,675,0,0,60,2,200,37,7,19,31,1,19,19,13,0,7,YARN_STORE|PIZZA_SHOP|PIZZA_SHOP|FARMERS_MARKET|BRUNCH_SPOT|SMOOTHIE_SHOP|BRUNCH_SPOT|BRUNCH_SPOT
96042842,0,bplyc15,0,82423.0,83989.0,5,277,6,12,0,150,3,0,34,17,6,11,12,18,0,0,590,0,0,29,0,243,31,13,19,1,1,13,19,25,0,5,PIZZA_SHOP|YARN_STORE|PIZZA_SHOP|BAKERY|PET_CAFE|PIZZA_SHOP|YARN_STORE|BAKERY
96042842,1,Hello San Francisco,1,83989.0,82423.0,5,277,6,12,0,153,10,0,34,17,6,11,12,90,72,0,656,2,0,100,23,180,31,13,19,1,1,13,19,25,0,5,PIZZA_SHOP|YARN_STORE|PIZZA_SHOP|BAKERY|PET_CAFE|PIZZA_SHOP|YARN_STORE|BAKERY
96042880,0,Xiaowenhao404,0,107265.0,109187.0,5,277,6,12,0,142,10,0,42,12,6,11,12,37,25,0,1110,0,0,36,10,128,19,13,13,31,1,7,13,37,0,11,YARN_STORE|FARMERS_MARKET|YARN_STORE|FARMERS_MARKET|BRUNCH_SPOT|SMOOTHIE_SHOP|SMOOTHIE_SHOP|YARN_STORE
96042880,1,MiMi,1,109187.0,107265.0,5,292,4,10,0,163,13,8,47,12,5,10,12,0,1,0,214,0,0,27,0,21,19,13,13,31,1,7,13,37,0,11,YARN_STORE|FARMERS_MARKET|YARN_STORE|FARMERS_MARKET|BRUNCH_SPOT|SMOOTHIE_SHOP|SMOOTHIE_SHOP|YARN_STORE
96045133,0,Hello San Francisco,1,100429.0,99399.0,5,277,10,4,0,133,13,0,42,12,6,11,-1,119,23,0,411,6,0,99,2,118,37,25,13,37,1,19,13,1,0,3,SMOOTHIE_SHOP|FARMERS_MARKET|ICE_CREAM_SHOP|PET_CAFE|BRUNCH_SPOT|BAKERY|BRUNCH_SPOT|FARMERS_MARKET
96045133,1,James Holland,0,99399.0,100429.0,5,278,10,4,0,123,5,0,42,12,6,11,-1,3,22,0,304,0,0,26,0,123,37,25,13,37,1,19,13,1,0,3,SMOOTHIE_SHOP|FARMERS_MARKET|ICE_CREAM_SHOP|PET_CAFE|BRUNCH_SPOT|BAKERY|BRUNCH_SPOT|FARMERS_MARKET
96045176,0,MiMi,1,93489.0,82798.0,5,291,12,3,0,168,13,9,42,12,5,10,12,4,14,0,323,2,0,21,0,18,43,13,31,25,1,13,25,1,0,6,PIZZA_SHOP|BAKERY|SMOOTHIE_SHOP|BRUNCH_SPOT|PIZZA_SHOP|FARMERS_MARKET|PIZZA_SHOP|FARMERS_MARKET
96045176,1,peikopon,0,82798.0,93489.0,5,277,10,4,0,127,6,2,32,20,6,11,-1,31,1,0,510,0,0,18,12,140,43,13,31,25,1,13,25,1,0,6,PIZZA_SHOP|BAKERY|SMOOTHIE_SHOP|BRUNCH_SPOT|PIZZA_SHOP|FARMERS_MARKET|PIZZA_SHOP|FARMERS_MARKET
96045320,0,James Holland,0,83697.0,94784.0,5,277,10,4,0,127,8,0,34,20,6,11,-1,14,13,0,485,0,0,16,9,41,43,1,13,19,1,19,25,13,0,7,ICE_CREAM_SHOP|BAKERY|PIZZA_SHOP|ICE_CREAM_SHOP|YARN_STORE|BAKERY|BRUNCH_SPOT|PIZZA_SHOP
96045320,1,Seb (allegedly),1,94784.0,83697.0,7,305,11,4,0,87,0,0,30,17,4,8,-1,37,8,0,178,0,0,18,0,15,43,1,13,19,1,19,25,13,0,7,ICE_CREAM_SHOP|BAKERY|PIZZA_SHOP|ICE_CREAM_SHOP|YARN_STORE|BAKERY|BRUNCH_SPOT|PIZZA_SHOP
96045322,0,Crop Dusta,0,91214.0,96316.0,4,296,7,3,0,95,48,0,41,14,5,8,-1,62,16,0,33,43,0,25,0,9,19,31,7,31,1,7,19,13,0,12,BRUNCH_SPOT|SMOOTHIE_SHOP|PET_CAFE|FARMERS_MARKET|ICE_CREAM_SHOP|SMOOTHIE_SHOP|YARN_STORE|PET_CAFE
96045322,1,Izzoudine Mohamed KANTA,1,96316.0,91214.0,5,277,8,6,0,132,6,0,38,12,6,11,-1,1,27,0,459,0,0,54,0,192,19,31,7,31,1,7,19,13,0,12,BRUNCH_SPOT|SMOOTHIE_SHOP|PET_CAFE|FARMERS_MARKET|ICE_CREAM_SHOP|SMOOTHIE_SHOP|YARN_STORE|PET_CAFE
96047352,0,Kobe BRYANT,0,68794.0,69832.0,5,277,6,8,0,132,6,0,38,12,6,11,-1,0,59,0,479,0,0,48,0,195,31,13,1,19,1,31,1,25,0,14,PET_CAFE|BRUNCH_SPOT|YARN_STORE|BAKERY|BRUNCH_SPOT|BRUNCH_SPOT|BAKERY|YARN_STORE
96047352,1,SaiKushal185,1,69832.0,68794.0,5,277,6,8,0,129,5,0,42,12,6,11,-1,1,23,0,279,0,0,46,0,57,31,13,1,19,1,31,1,25,0,14,PET_CAFE|BRUNCH_SPOT|YARN_STORE|BAKERY|BRUNCH_SPOT|BRUNCH_SPOT|BAKERY|YARN_STORE
96047429,0,Hello San Francisco,1,83825.0,66039.0,5,277,6,8,0,133,13,0,42,12,6,11,-1,61,97,0,427,6,0,90,2,111,31,25,7,7,1,19,13,13,0,0,ICE_CREAM_SHOP|BAKERY|YARN_STORE|BAKERY|PET_CAFE|PET_CAFE|PIZZA_SHOP|BAKERY
96047429,1,Efe Can Celiksoy,0,66039.0,83825.0,5,277,10,4,0,138,16,0,34,20,6,11,-1,55,26,0,454,0,0,0,6,166,31,25,7,7,1,19,13,13,0,0,ICE_CREAM_SHOP|BAKERY|YARN_STORE|BAKERY|PET_CAFE|PET_CAFE|PIZZA_SHOP|BAKERY
96047466,0,SaiKushal185,0,51882.0,65159.0,5,277,10,4,0,129,5,0,42,12,6,11,-1,3,14,0,279,0,0,106,0,57,19,37,7,7,1,7,13,25,0,12,PET_CAFE|PET_CAFE|ICE_CREAM_SHOP|YARN_STORE|PET_CAFE|YARN_STORE|PIZZA_SHOP|BAKERY
96047466,1,MiMi,1,65159.0,51882.0,5,292,8,6,0,186,5,0,33,12,5,10,12,0,0,0,322,0,0,32,0,34,19,37,7,7,1,7,13,25,0,12,PET_CAFE|PET_CAFE|ICE_CREAM_SHOP|YARN_STORE|PET_CAFE|YARN_STORE|PIZZA_SHOP|BAKERY
96047599,0,peikopon,1,118695.0,113335.0,5,277,6,12,0,132,7,2,32,20,6,11,12,7,4,0,680,0,4,32,1,269,25,13,13,13,1,1,25,37,0,2,PIZZA_SHOP|YARN_STORE|YARN_STORE|PIZZA_SHOP|PET_CAFE|ICE_CREAM_SHOP|ICE_CREAM_SHOP|YARN_STORE
96047599,1,Arman Tuganbaev,0,113335.0,118695.0,2,259,11,14,0,150,0,2,29,11,6,11,-1,16,48,0,172,0,0,135,12,213,25,13,13,13,1,1,25,37,0,2,PIZZA_SHOP|YARN_STORE|YARN_STORE|PIZZA_SHOP|PET_CAFE|ICE_CREAM_SHOP|ICE_CREAM_SHOP|YARN_STORE
96047602,0,Subramanya N,1,65266.0,49297.0,6,305,5,2,5,179,54,0,13,20,6,9,-1,58,0,12,138,33,0,6,28,30,25,37,7,13,1,19,13,1,0,0,PET_CAFE|BAKERY|SMOOTHIE_SHOP|PET_CAFE|PIZZA_SHOP|PET_CAFE|BAKERY|BRUNCH_SPOT
96047602,1,tetsuya,0,49297.0,65266.0,6,311,6,6,3,100,72,0,32,8,7,10,-1,0,9,0,87,15,0,20,0,110,25,37,7,13,1,19,13,1,0,0,PET_CAFE|BAKERY|SMOOTHIE_SHOP|PET_CAFE|PIZZA_SHOP|PET_CAFE|BAKERY|BRUNCH_SPOT
96047604,0,tetsuya,0,64092.0,71370.0,6,312,6,6,3,128,0,0,39,12,7,10,-1,6,13,0,98,0,0,18,0,97,43,31,25,31,1,13,13,1,0,4,PET_CAFE|BRUNCH_SPOT|FARMERS_MARKET|FARMERS_MARKET|BAKERY|FARMERS_MARKET|ICE_CREAM_SHOP|PIZZA_SHOP
96047604,1,Subramanya N,1,71370.0,64092.0,6,303,3,2,2,117,64,0,36,16,6,9,-1,12,0,2,78,50,0,92,0,13,43,31,25,31,1,13,13,1,0,4,PET_CAFE|BRUNCH_SPOT|FARMERS_MARKET|FARMERS_MARKET|BAKERY|FARMERS_MARKET|ICE_CREAM_SHOP|PIZZA_SHOP
96047607,0,Ryo Hasegawa,0,98471.0,100734.0,5,290,12,9,0,185,0,0,25,11,5,9,-1,0,39,0,209,0,0,26,0,110,37,7,13,19,1,19,19,13,0,7,SMOOTHIE_SHOP|YARN_STORE|BAKERY|PIZZA_SHOP|ICE_CREAM_SHOP|BAKERY|FARMERS_MARKET|BAKERY
96047607,1,Crop Dusta,1,100734.0,98471.0,4,295,10,10,0,136,0,0,24,20,5,8,-1,0,1,0,48,0,0,35,0,16,37,7,13,19,1,19,19,13,0,7,SMOOTHIE_SHOP|YARN_STORE|BAKERY|PIZZA_SHOP|ICE_CREAM_SHOP|BAKERY|FARMERS_MARKET|BAKERY
96047609,0,Crop Dusta,0,112617.0,121725.0,4,296,11,3,0,123,0,0,42,15,5,8,-1,41,12,0,45,0,0,25,4,10,43,1,19,19,1,13,31,13,0,7,ICE_CREAM_SHOP|BRUNCH_SPOT|ICE_CREAM_SHOP|PIZZA_SHOP|PIZZA_SHOP|PIZZA_SHOP|BAKERY|YARN_STORE
96047609,1,tetsuya,1,121725.0,112617.0,6,313,11,3,1,130,0,0,40,12,7,9,-1,15,4,0,59,0,0,8,0,121,43,1,19,19,1,13,31,13,0,7,ICE_CREAM_SHOP|BRUNCH_SPOT|ICE_CREAM_SHOP|PIZZA_SHOP|PIZZA_SHOP|PIZZA_SHOP|BAKERY|YARN_STORE
96047612,0,Izzoudine Mohamed KANTA,0,104127.0,113939.0,5,277,10,4,0,131,6,0,38,12,6,11,-1,11,4,0,446,0,0,52,0,192,37,13,13,25,1,19,25,1,0,7,ICE_CREAM_SHOP|PIZZA_SHOP|PIZZA_SHOP|SMOOTHIE_SHOP|BAKERY|BRUNCH_SPOT|BRUNCH_SPOT|PET_CAFE
96047612,1,Arman Tuganbaev,1,113939.0,104127.0,2,277,11,4,0,141,8,0,41,11,6,10,-1,105,50,0,169,19,0,119,30,144,37,13,13,25,1,19,25,1,0,7,ICE_CREAM_SHOP|PIZZA_SHOP|PIZZA_SHOP|SMOOTHIE_SHOP|BAKERY|BRUNCH_SPOT|BRUNCH_SPOT|PET_CAFE
96049624,0,Kobe BRYANT,1,87994.0,86591.0,5,277,6,6,2,132,6,0,38,12,6,11,-1,1,3,10,519,0,0,53,0,193,31,31,7,37,1,13,19,1,0,1,PET_CAFE|BRUNCH_SPOT|ICE_CREAM_SHOP|BRUNCH_SPOT|SMOOTHIE_SHOP|FARMERS_MARKET|ICE_CREAM_SHOP|PET_CAFE
96049624,1,Efe Can Celiksoy,0,86591.0,87994.0,5,277,10,4,0,126,16,0,42,12,6,11,-1,23,21,0,435,0,0,33,0,192,31,31,7,37,1,13,19,1,0,1,PET_CAFE|BRUNCH_SPOT|ICE_CREAM_SHOP|BRUNCH_SPOT|SMOOTHIE_SHOP|FARMERS_MARKET|ICE_CREAM_SHOP|PET_CAFE
96049725,0,Hello San Francisco,1,109297.0,89836.0,5,277,6,12,0,153,10,0,34,17,6,11,12,53,61,0,658,2,0,83,23,180,19,13,7,19,1,7,19,37,0,11,PIZZA_SHOP|YARN_STORE|BRUNCH_SPOT|SMOOTHIE_SHOP|YARN_STORE|PET_CAFE|YARN_STORE|ICE_CREAM_SHOP
96049725,1,ReCurSiON,0,89836.0,109297.0,4,262,9,4,0,143,0,0,37,20,6,10,-1,12,0,0,265,0,0,28,6,67,19,13,7,19,1,7,19,37,0,11,PIZZA_SHOP|YARN_STORE|BRUNCH_SPOT|SMOOTHIE_SHOP|YARN_STORE|PET_CAFE|YARN_STORE|ICE_CREAM_SHOP
96049776,0,SaiKushal185,0,137188.0,142314.0,5,277,6,12,0,150,3,0,34,20,6,11,12,12,0,0,552,0,0,31,0,108,37,19,19,37,1,1,19,25,0,13,ICE_CREAM_SHOP|YARN_STORE|ICE_CREAM_SHOP|YARN_STORE|FARMERS_MARKET|FARMERS_MARKET|FARMERS_MARKET|ICE_CREAM_SHOP
96049776,1,MiMi,1,142314.0,137188.0,5,295,9,9,0,156,11,0,44,12,5,10,12,0,2,0,319,0,0,13,0,37,37,19,19,37,1,1,19,25,0,13,ICE_CREAM_SHOP|YARN_STORE|ICE_CREAM_SHOP|YARN_STORE|FARMERS_MARKET|FARMERS_MARKET|FARMERS_MARKET|ICE_CREAM_SHOP
96051922,0,Kobe BRYANT,1,81134.0,80013.0,5,277,10,4,0,131,6,0,38,12,6,11,-1,1,7,0,441,0,0,38,0,190,37,13,25,25,1,13,19,13,0,5,BRUNCH_SPOT|PIZZA_SHOP|SMOOTHIE_SHOP|BAKERY|FARMERS_MARKET|FARMERS_MARKET|YARN_STORE|PIZZA_SHOP
96051922,1,Anand,0,80013.0,81134.0,5,277,10,4,0,125,5,0,42,12,6,11,-1,10,30,0,371,0,0,50,0,192,37,13,25,25,1,13,19,13,0,5,BRUNCH_SPOT|PIZZA_SHOP|SMOOTHIE_SHOP|BAKERY|FARMERS_MARKET|FARMERS_MARKET|YARN_STORE|PIZZA_SHOP
96052000,0,Hello San Francisco,1,110300.0,105682.0,5,277,10,4,0,133,13,0,42,12,6,11,-1,119,23,0,411,6,0,99,2,118,37,25,19,37,1,1,31,1,0,6,ICE_CREAM_SHOP|PET_CAFE|FARMERS_MARKET|PIZZA_SHOP|SMOOTHIE_SHOP|FARMERS_MARKET|ICE_CREAM_SHOP|ICE_CREAM_SHOP
96052000,1,Kobe BRYANT,0,105682.0,110300.0,5,277,8,6,0,132,6,0,38,12,6,11,-1,0,9,0,490,0,0,48,0,189,37,25,19,37,1,1,31,1,0,6,ICE_CREAM_SHOP|PET_CAFE|FARMERS_MARKET|PIZZA_SHOP|SMOOTHIE_SHOP|FARMERS_MARKET|ICE_CREAM_SHOP|ICE_CREAM_SHOP
96052031,0,SaiKushal185,0,115202.0,119945.0,5,277,10,4,0,129,5,0,42,12,6,11,-1,2,14,0,279,0,0,45,0,57,37,7,13,25,1,13,25,13,0,7,ICE_CREAM_SHOP|SMOOTHIE_SHOP|BAKERY|ICE_CREAM_SHOP|BAKERY|PIZZA_SHOP|FARMERS_MARKET|YARN_STORE
96052031,1,MiMi,1,119945.0,115202.0,5,291,11,3,0,161,12,0,52,12,5,10,12,0,7,0,246,0,0,17,6,19,37,7,13,25,1,13,25,13,0,7,ICE_CREAM_SHOP|SMOOTHIE_SHOP|BAKERY|ICE_CREAM_SHOP|BAKERY|PIZZA_SHOP|FARMERS_MARKET|YARN_STORE
96054218,0,Anand,0,107500.0,108742.0,5,277,8,6,0,125,5,0,42,12,6,11,-1,4,47,0,371,0,0,50,0,192,37,19,7,37,1,7,31,1,0,8,FARMERS_MARKET|BAKERY|ICE_CREAM_SHOP|ICE_CREAM_SHOP|ICE_CREAM_SHOP|ICE_CREAM_SHOP|PET_CAFE|SMOOTHIE_SHOP
96054218,1,Kobe BRYANT,1,108742.0,107500.0,5,277,6,6,2,132,6,0,38,12,6,11,-1,0,9,13,497,0,0,48,0,189,37,19,7,37,1,7,31,1,0,8,FARMERS_MARKET|BAKERY|ICE_CREAM_SHOP|ICE_CREAM_SHOP|ICE_CREAM_SHOP|ICE_CREAM_SHOP|PET_CAFE|SMOOTHIE_SHOP
96054285,0,Hello San Francisco,1,117922.0,115713.0,5,277,10,4,0,133,13,0,42,12,6,11,-1,100,19,0,411,6,0,77,2,118,37,13,25,31,1,7,31,1,0,6,PIZZA_SHOP|SMOOTHIE_SHOP|FARMERS_MARKET|PIZZA_SHOP|ICE_CREAM_SHOP|SMOOTHIE_SHOP|FARMERS_MARKET|BAKERY
96054285,1,ReCurSiON,0,115713.0,117922.0,4,262,9,4,0,143,0,0,37,20,6,10,-1,12,0,0,265,0,0,28,6,67,37,13,25,31,1,7,31,1,0,6,PIZZA_SHOP|SMOOTHIE_SHOP|FARMERS_MARKET|PIZZA_SHOP|ICE_CREAM_SHOP|SMOOTHIE_SHOP|FARMERS_MARKET|BAKERY
96054328,0,MiMi,1,78339.0,77877.0,5,287,8,4,0,159,3,8,59,12,5,10,12,3,5,0,188,0,1,19,0,15,25,37,19,25,1,1,19,13,0,10,ICE_CREAM_SHOP|PET_CAFE|FARMERS_MARKET|FARMERS_MARKET|PET_CAFE|SMOOTHIE_SHOP|PIZZA_SHOP|YARN_STORE
96054328,1,Rayk Kretzschmar,0,77877.0,78339.0,5,277,10,4,0,125,8,0,42,12,6,11,-1,3,11,0,371,0,0,54,0,192,25,37,19,25,1,1,19,13,0,10,ICE_CREAM_SHOP|PET_CAFE|FARMERS_MARKET|FARMERS_MARKET|PET_CAFE|SMOOTHIE_SHOP|PIZZA_SHOP|YARN_STORE
96056500,0,Seb (allegedly),0,65640.0,66096.0,7,300,6,8,0,134,0,0,21,20,4,8,-1,8,23,0,295,0,0,39,18,15,25,19,7,25,1,19,7,25,0,14,BAKERY|PET_CAFE|YARN_STORE|FARMERS_MARKET|BRUNCH_SPOT|BRUNCH_SPOT|SMOOTHIE_SHOP|YARN_STORE
96056500,1,Kobe BRYANT,1,66096.0,65640.0,5,277,6,8,0,132,6,0,38,12,6,11,-1,0,74,0,494,0,0,49,0,198,25,19,7,25,1,19,7,25,0,14,BAKERY|PET_CAFE|YARN_STORE|FARMERS_MARKET|BRUNCH_SPOT|BRUNCH_SPOT|SMOOTHIE_SHOP|YARN_STORE
96056575,0,Hello San Francisco,0,67263.0,73431.0,5,277,10,4,0,133,13,0,42,12,6,11,-1,85,34,0,425,6,0,66,2,116,19,13,1,25,1,13,19,25,0,11,BAKERY|SMOOTHIE_SHOP|PET_CAFE|YARN_STORE|ICE_CREAM_SHOP|YARN_STORE|SMOOTHIE_SHOP|BRUNCH_SPOT
96056575,1,ReCurSiON,1,73431.0,67263.0,4,262,9,4,0,143,0,0,37,20,6,10,-1,12,0,0,265,0,0,28,6,67,19,13,1,25,1,13,19,25,0,11,BAKERY|SMOOTHIE_SHOP|PET_CAFE|YARN_STORE|ICE_CREAM_SHOP|YARN_STORE|SMOOTHIE_SHOP|BRUNCH_SPOT
96056603,0,Kostiantyn Isaienkov,0,53684.0,63594.0,5,277,10,4,0,131,12,0,42,12,6,11,-1,2,9,0,355,0,0,59,0,177,31,31,7,25,1,25,7,1,0,0,SMOOTHIE_SHOP|BAKERY|PET_CAFE|BRUNCH_SPOT|PET_CAFE|FARMERS_MARKET|BAKERY|BRUNCH_SPOT
96056603,1,MiMi,1,63594.0,53684.0,5,284,8,4,0,183,13,0,42,12,5,10,12,6,6,0,210,0,0,52,6,21,31,31,7,25,1,25,7,1,0,0,SMOOTHIE_SHOP|BAKERY|PET_CAFE|BRUNCH_SPOT|PET_CAFE|FARMERS_MARKET|BAKERY|BRUNCH_SPOT
96056708,0,Subramanya N,0,71335.0,76019.0,6,300,6,3,2,143,13,0,35,15,6,9,-1,18,0,0,101,6,0,67,19,18,25,13,7,19,1,19,13,25,0,14,PIZZA_SHOP|BRUNCH_SPOT|PET_CAFE|SMOOTHIE_SHOP|BRUNCH_SPOT|BAKERY|YARN_STORE|YARN_STORE
96056708,1,Excluding,1,76019.0,71335.0,5,300,11,3,0,140,0,7,32,17,6,10,-1,44,10,0,173,0,1,25,18,23,25,13,7,19,1,19,13,25,0,14,PIZZA_SHOP|BRUNCH_SPOT|PET_CAFE|SMOOTHIE_SHOP|BRUNCH_SPOT|BAKERY|YARN_STORE|YARN_STORE
96058865,0,SaiKushal185,1,124492.0,122100.0,5,277,10,4,0,129,5,0,42,12,6,11,-1,2,14,0,279,0,0,46,0,57,25,13,1,25,1,13,25,13,0,1,SMOOTHIE_SHOP|SMOOTHIE_SHOP|BAKERY|ICE_CREAM_SHOP|BAKERY|ICE_CREAM_SHOP|PET_CAFE|YARN_STORE
96058865,1,Hello San Francisco,0,122100.0,124492.0,5,277,10,4,0,133,13,0,42,12,6,11,-1,119,23,0,411,6,0,99,2,118,25,13,1,25,1,13,25,13,0,1,SMOOTHIE_SHOP|SMOOTHIE_SHOP|BAKERY|ICE_CREAM_SHOP|BAKERY|ICE_CREAM_SHOP|PET_CAFE|YARN_STORE
96058895,0,lucaskna,0,148779.0,159846.0,5,277,10,4,0,127,6,0,34,20,6,11,-1,18,15,0,203,0,0,16,5,59,37,7,13,43,1,1,43,1,0,8,SMOOTHIE_SHOP|SMOOTHIE_SHOP|ICE_CREAM_SHOP|FARMERS_MARKET|ICE_CREAM_SHOP|ICE_CREAM_SHOP|PIZZA_SHOP|ICE_CREAM_SHOP
96058895,1,MiMi,1,159846.0,148779.0,5,289,16,3,0,121,10,0,58,12,5,10,12,3,6,0,221,0,0,33,6,25,37,7,13,43,1,1,43,1,0,8,SMOOTHIE_SHOP|SMOOTHIE_SHOP|ICE_CREAM_SHOP|FARMERS_MARKET|ICE_CREAM_SHOP|ICE_CREAM_SHOP|PIZZA_SHOP|ICE_CREAM_SHOP
96061093,0,Michael Timbs,0,106242.0,111165.0,5,277,10,4,0,125,15,0,42,12,6,11,-1,16,11,0,343,0,0,39,0,95,37,13,19,31,1,13,19,13,0,7,FARMERS_MARKET|YARN_STORE|SMOOTHIE_SHOP|ICE_CREAM_SHOP|BRUNCH_SPOT|PIZZA_SHOP|BAKERY|FARMERS_MARKET
96061093,1,Kobe BRYANT,1,111165.0,106242.0,5,277,6,12,0,152,4,0,34,17,6,11,12,12,0,0,803,0,0,43,0,233,37,13,19,31,1,13,19,13,0,7,FARMERS_MARKET|YARN_STORE|SMOOTHIE_SHOP|ICE_CREAM_SHOP|BRUNCH_SPOT|PIZZA_SHOP|BAKERY|FARMERS_MARKET
96061192,0,MiMi,1,91753.0,77235.0,5,289,5,7,0,168,13,8,44,12,5,10,12,2,4,0,215,0,0,22,0,18,43,31,37,31,1,7,7,13,0,4,FARMERS_MARKET|YARN_STORE|FARMERS_MARKET|PIZZA_SHOP|BAKERY|FARMERS_MARKET|FARMERS_MARKET|FARMERS_MARKET
96061192,1,カワシギ,0,77235.0,91753.0,5,277,6,12,0,157,11,0,42,12,6,11,12,1,33,0,441,0,0,7,10,196,43,31,37,31,1,7,7,13,0,4,FARMERS_MARKET|YARN_STORE|FARMERS_MARKET|PIZZA_SHOP|BAKERY|FARMERS_MARKET|FARMERS_MARKET|FARMERS_MARKET
96063380,0,SaiKushal185,0,68985.0,70611.0,5,277,10,4,0,129,5,0,42,12,6,11,-1,3,14,0,279,0,0,46,0,57,19,25,7,7,1,13,13,25,0,11,SMOOTHIE_SHOP|BAKERY|PIZZA_SHOP|BAKERY|YARN_STORE|PET_CAFE|YARN_STORE|PET_CAFE
96063380,1,Kobe BRYANT,1,70611.0,68985.0,5,277,10,4,0,132,6,0,38,12,6,11,-1,0,18,0,482,0,0,48,0,189,19,25,7,7,1,13,13,25,0,11,SMOOTHIE_SHOP|BAKERY|PIZZA_SHOP|BAKERY|YARN_STORE|PET_CAFE|YARN_STORE|PET_CAFE
96063448,0,Seb (allegedly),1,105605.0,98380.0,7,308,5,14,0,130,0,0,30,19,4,8,10,11,14,0,216,0,0,25,0,13,25,31,25,25,1,1,13,25,0,13,YARN_STORE|FARMERS_MARKET|SMOOTHIE_SHOP|PET_CAFE|YARN_STORE|FARMERS_MARKET|FARMERS_MARKET|PIZZA_SHOP
96063448,1,Hello San Francisco,0,98380.0,105605.0,5,277,6,12,0,136,9,0,42,12,6,11,12,74,78,0,669,1,0,113,6,147,25,31,25,25,1,1,13,25,0,13,YARN_STORE|FARMERS_MARKET|SMOOTHIE_SHOP|PET_CAFE|YARN_STORE|FARMERS_MARKET|FARMERS_MARKET|PIZZA_SHOP
96063481,0,MiMi,1,137503.0,126761.0,5,292,14,3,0,133,11,8,56,12,5,10,12,6,0,0,246,0,0,26,6,19,25,7,19,25,1,1,31,25,0,2,FARMERS_MARKET|SMOOTHIE_SHOP|SMOOTHIE_SHOP|PIZZA_SHOP|ICE_CREAM_SHOP|YARN_STORE|PIZZA_SHOP|YARN_STORE
96063481,1,Xiaowenhao404,0,126761.0,137503.0,5,277,10,4,0,127,15,0,42,12,6,11,-1,11,10,0,626,0,0,33,22,148,25,7,19,25,1,1,31,25,0,2,FARMERS_MARKET|SMOOTHIE_SHOP|SMOOTHIE_SHOP|PIZZA_SHOP|ICE_CREAM_SHOP|YARN_STORE|PIZZA_SHOP|YARN_STORE
96065670,0,Luan Kunyu,0,71334.0,73337.0,5,277,10,4,0,125,5,0,42,12,6,11,-1,9,14,0,359,0,0,47,0,192,31,19,13,25,1,13,19,13,0,1,BAKERY|SMOOTHIE_SHOP|PIZZA_SHOP|YARN_STORE|PET_CAFE|BRUNCH_SPOT|FARMERS_MARKET|ICE_CREAM_SHOP
96065670,1,Kobe BRYANT,1,73337.0,71334.0,5,277,10,4,0,132,6,0,38,12,6,11,-1,0,18,0,452,0,0,48,0,189,31,19,13,25,1,13,19,13,0,1,BAKERY|SMOOTHIE_SHOP|PIZZA_SHOP|YARN_STORE|PET_CAFE|BRUNCH_SPOT|FARMERS_MARKET|ICE_CREAM_SHOP
96065743,0,webmaking,0,54958.0,56647.0,5,277,8,6,0,125,5,0,42,12,6,11,-1,4,36,0,318,0,0,38,0,52,37,25,19,13,1,19,7,13,0,0,BAKERY|FARMERS_MARKET|FARMERS_MARKET|PIZZA_SHOP|YARN_STORE|PET_CAFE|BAKERY|BAKERY
96065743,1,Hello San Francisco,1,56647.0,54958.0,5,277,8,6,0,133,13,0,42,12,6,11,-1,93,44,0,413,6,0,101,2,118,37,25,19,13,1,19,7,13,0,0,BAKERY|FARMERS_MARKET|FARMERS_MARKET|PIZZA_SHOP|YARN_STORE|PET_CAFE|BAKERY|BAKERY
96065767,0,lucaskna,0,72147.0,79209.0,5,278,6,8,0,125,5,0,42,12,6,11,-1,1,93,0,294,0,0,54,0,58,37,7,13,25,1,13,25,13,0,7,BAKERY|FARMERS_MARKET|YARN_STORE|SMOOTHIE_SHOP|PIZZA_SHOP|ICE_CREAM_SHOP|BAKERY|ICE_CREAM_SHOP
96065767,1,MiMi,1,79209.0,72147.0,5,292,8,7,0,163,12,8,43,12,5,10,12,3,0,0,252,0,0,31,0,25,37,7,13,25,1,13,25,13,0,7,BAKERY|FARMERS_MARKET|YARN_STORE|SMOOTHIE_SHOP|PIZZA_SHOP|ICE_CREAM_SHOP|BAKERY|ICE_CREAM_SHOP
96067947,0,Efe Can Celiksoy,0,124609.0,126094.0,5,277,10,4,0,126,16,0,42,12,6,11,-1,9,21,0,435,0,0,26,0,192,37,7,19,37,1,7,37,1,0,6,BRUNCH_SPOT|PIZZA_SHOP|ICE_CREAM_SHOP|PIZZA_SHOP|SMOOTHIE_SHOP|SMOOTHIE_SHOP|ICE_CREAM_SHOP|FARMERS_MARKET
96067947,1,Kobe BRYANT,1,126094.0,124609.0,5,277,10,4,0,132,6,0,38,12,6,11,-1,3,2,0,474,0,0,54,0,192,37,7,19,37,1,7,37,1,0,6,BRUNCH_SPOT|PIZZA_SHOP|ICE_CREAM_SHOP|PIZZA_SHOP|SMOOTHIE_SHOP|SMOOTHIE_SHOP|ICE_CREAM_SHOP|FARMERS_MARKET
96068022,0,Hello San Francisco,1,55045.0,53749.0,5,277,10,4,0,133,13,0,42,12,6,11,-1,119,25,0,409,6,0,99,2,118,43,31,31,31,1,7,19,1,0,4,PET_CAFE|PIZZA_SHOP|FARMERS_MARKET|PIZZA_SHOP|BRUNCH_SPOT|FARMERS_MARKET|FARMERS_MARKET|ICE_CREAM_SHOP
96068022,1,SaiKushal185,0,53749.0,55045.0,5,277,10,4,0,129,5,0,42,12,6,11,-1,3,14,0,279,0,0,46,0,57,43,31,31,31,1,7,19,1,0,4,PET_CAFE|PIZZA_SHOP|FARMERS_MARKET|PIZZA_SHOP|BRUNCH_SPOT|FARMERS_MARKET|FARMERS_MARKET|ICE_CREAM_SHOP
96068053,0,カワシギ,0,42685.0,50077.0,5,277,10,4,0,129,14,0,42,12,6,11,-1,39,7,0,290,0,0,146,4,163,13,37,1,19,1,7,19,13,0,12,PET_CAFE|PET_CAFE|SMOOTHIE_SHOP|PET_CAFE|SMOOTHIE_SHOP|BAKERY|YARN_STORE|ICE_CREAM_SHOP
96068053,1,MiMi,1,50077.0,42685.0,5,288,8,4,0,204,5,0,30,12,5,10,12,0,2,0,254,0,0,48,0,29,13,37,1,19,1,7,19,13,0,12,PET_CAFE|PET_CAFE|SMOOTHIE_SHOP|PET_CAFE|SMOOTHIE_SHOP|BAKERY|YARN_STORE|ICE_CREAM_SHOP
96070235,0,Kobe BRYANT,1,75643.0,61875.0,5,277,6,6,2,132,6,0,38,12,6,11,-1,0,34,22,475,0,0,48,0,189,43,13,25,25,1,19,13,13,0,7,FARMERS_MARKET|BAKERY|PIZZA_SHOP|YARN_STORE|PIZZA_SHOP|BRUNCH_SPOT|FARMERS_MARKET|BRUNCH_SPOT
96070235,1,bplyc15,0,61875.0,75643.0,5,277,10,4,0,129,5,0,42,12,6,11,-1,3,26,0,323,0,0,56,0,189,43,13,25,25,1,19,13,13,0,7,FARMERS_MARKET|BAKERY|PIZZA_SHOP|YARN_STORE|PIZZA_SHOP|BRUNCH_SPOT|FARMERS_MARKET|BRUNCH_SPOT
96070317,0,Seb (allegedly),1,85992.0,82027.0,7,306,6,11,0,111,0,0,19,19,4,8,-1,17,11,0,226,0,0,13,0,29,31,19,13,19,1,13,13,25,0,13,YARN_STORE|BRUNCH_SPOT|PIZZA_SHOP|BAKERY|ICE_CREAM_SHOP|FARMERS_MARKET|YARN_STORE|PET_CAFE
96070317,1,Hello San Francisco,0,82027.0,85992.0,5,277,6,12,0,136,9,0,42,12,6,11,12,74,78,0,665,1,0,118,6,146,31,19,13,19,1,13,13,25,0,13,YARN_STORE|BRUNCH_SPOT|PIZZA_SHOP|BAKERY|ICE_CREAM_SHOP|FARMERS_MARKET|YARN_STORE|PET_CAFE
96070352,0,peikopon,0,107406.0,121549.0,5,277,10,4,0,126,6,4,30,20,6,11,-1,31,12,0,486,0,0,15,12,140,25,25,13,13,1,7,25,13,0,1,PIZZA_SHOP|SMOOTHIE_SHOP|PIZZA_SHOP|YARN_STORE|BAKERY|ICE_CREAM_SHOP|PET_CAFE|PET_CAFE
96070352,1,MiMi,1,121549.0,107406.0,5,295,13,6,0,154,12,8,39,12,5,10,12,2,0,0,301,0,0,18,0,44,25,25,13,13,1,7,25,13,0,1,PIZZA_SHOP|SMOOTHIE_SHOP|PIZZA_SHOP|YARN_STORE|BAKERY|ICE_CREAM_SHOP|PET_CAFE|PET_CAFE
96072521,0,peikopon,1,121529.0,120553.0,5,278,12,3,0,93,35,0,38,12,6,11,-1,37,15,0,316,0,0,26,0,123,25,19,13,31,1,7,25,13,0,1,SMOOTHIE_SHOP|ICE_CREAM_SHOP|PET_CAFE|SMOOTHIE_SHOP|FARMERS_MARKET|BRUNCH_SPOT|YARN_STORE|PIZZA_SHOP
96072521,1,Kobe BRYANT,0,120553.0,121529.0,5,277,10,4,0,132,6,0,38,12,6,11,-1,2,8,0,449,0,0,47,0,189,25,19,13,31,1,7,25,13,0,1,SMOOTHIE_SHOP|ICE_CREAM_SHOP|PET_CAFE|SMOOTHIE_SHOP|FARMERS_MARKET|BRUNCH_SPOT|YARN_STORE|PIZZA_SHOP
96072606,0,Hello San Francisco,1,81744.0,80619.0,5,277,8,6,0,133,13,0,42,12,6,11,-1,81,51,0,422,6,0,86,2,116,43,7,13,37,1,25,19,1,0,9,BRUNCH_SPOT|BRUNCH_SPOT|PIZZA_SHOP|BAKERY|BRUNCH_SPOT|SMOOTHIE_SHOP|FARMERS_MARKET|ICE_CREAM_SHOP
96072606,1,Efe Can Celiksoy,0,80619.0,81744.0,5,277,10,4,0,138,16,0,34,20,6,11,-1,55,26,0,454,0,0,0,6,166,43,7,13,37,1,25,19,1,0,9,BRUNCH_SPOT|BRUNCH_SPOT|PIZZA_SHOP|BAKERY|BRUNCH_SPOT|SMOOTHIE_SHOP|FARMERS_MARKET|ICE_CREAM_SHOP
96072633,0,MiMi,1,80692.0,80519.0,5,291,8,5,0,143,12,0,55,12,5,10,12,8,0,0,232,0,0,28,0,22,43,7,13,31,1,19,19,13,0,9,BAKERY|BRUNCH_SPOT|ICE_CREAM_SHOP|ICE_CREAM_SHOP|YARN_STORE|PIZZA_SHOP|FARMERS_MARKET|BRUNCH_SPOT
96072633,1,Izzoudine Mohamed KANTA,0,80519.0,80692.0,5,277,6,6,2,132,6,0,38,12,6,11,-1,1,43,11,432,0,0,54,0,192,43,7,13,31,1,19,19,13,0,9,BAKERY|BRUNCH_SPOT|ICE_CREAM_SHOP|ICE_CREAM_SHOP|YARN_STORE|PIZZA_SHOP|FARMERS_MARKET|BRUNCH_SPOT
96072709,0,ReCurSiON,0,63544.0,66953.0,4,263,9,4,0,140,0,0,37,20,6,10,-1,18,9,0,166,0,0,47,6,68,43,25,13,31,1,19,13,1,0,3,BAKERY|BRUNCH_SPOT|PET_CAFE|ICE_CREAM_SHOP|ICE_CREAM_SHOP|FARMERS_MARKET|BAKERY|FARMERS_MARKET
96072709,1,Excluding,1,66953.0,63544.0,5,301,6,3,0,171,0,2,32,17,6,9,-1,39,17,0,283,0,1,60,12,15,43,25,13,31,1,19,13,1,0,3,BAKERY|BRUNCH_SPOT|PET_CAFE|ICE_CREAM_SHOP|ICE_CREAM_SHOP|FARMERS_MARKET|BAKERY|FARMERS_MARKET
96074796,0,u,1,84247.0,82478.0,5,277,10,4,0,125,5,0,42,12,6,11,-1,8,4,0,415,0,0,54,0,212,37,25,7,25,1,13,25,1,0,1,BRUNCH_SPOT|ICE_CREAM_SHOP|PIZZA_SHOP|PET_CAFE|ICE_CREAM_SHOP|BAKERY|ICE_CREAM_SHOP|PET_CAFE
96074796,1,Victor @ Tufa Labs,0,82478.0,84247.0,5,277,10,4,0,125,5,0,42,12,6,11,-1,3,1,0,2064,0,0,37,0,137,37,25,7,25,1,13,25,1,0,1,BRUNCH_SPOT|ICE_CREAM_SHOP|PIZZA_SHOP|PET_CAFE|ICE_CREAM_SHOP|BAKERY|ICE_CREAM_SHOP|PET_CAFE
96074814,0,Kobe BRYANT,1,77712.0,67288.0,5,277,6,6,2,132,6,0,38,12,6,11,-1,0,5,19,548,0,0,48,0,193,49,13,19,25,1,31,7,1,0,3,FARMERS_MARKET|FARMERS_MARKET|BRUNCH_SPOT|BAKERY|BAKERY|BAKERY|BRUNCH_SPOT|PIZZA_SHOP
96074814,1,Rayk Kretzschmar,0,67288.0,77712.0,5,277,8,6,0,125,5,0,42,12,6,11,-1,4,53,0,371,0,0,37,0,192,49,13,19,25,1,31,7,1,0,3,FARMERS_MARKET|FARMERS_MARKET|BRUNCH_SPOT|BAKERY|BAKERY|BAKERY|BRUNCH_SPOT|PIZZA_SHOP
96074878,0,Hello San Francisco,1,137899.0,134997.0,5,277,10,4,0,133,13,0,42,12,6,11,-1,119,23,0,411,6,0,99,2,118,25,19,19,49,1,1,31,1,0,8,SMOOTHIE_SHOP|SMOOTHIE_SHOP|FARMERS_MARKET|FARMERS_MARKET|SMOOTHIE_SHOP|FARMERS_MARKET|ICE_CREAM_SHOP|SMOOTHIE_SHOP
96074878,1,Kenjo1209,0,134997.0,137899.0,5,277,10,4,0,128,5,0,42,12,6,11,-1,8,37,0,409,0,0,54,0,154,25,19,19,49,1,1,31,1,0,8,SMOOTHIE_SHOP|SMOOTHIE_SHOP|FARMERS_MARKET|FARMERS_MARKET|SMOOTHIE_SHOP|FARMERS_MARKET|ICE_CREAM_SHOP|SMOOTHIE_SHOP
96074913,0,Crop Dusta,1,88920.0,86494.0,4,296,5,14,1,104,0,0,41,14,5,8,-1,0,20,0,40,0,0,13,0,15,31,19,13,19,1,19,7,25,0,14,BRUNCH_SPOT|BRUNCH_SPOT|PIZZA_SHOP|YARN_STORE|YARN_STORE|PET_CAFE|BAKERY|FARMERS_MARKET
96074913,1,MiMi,0,86494.0,88920.0,5,296,8,9,0,162,11,0,44,22,5,10,12,0,5,0,293,0,0,13,0,38,31,19,13,19,1,19,7,25,0,14,BRUNCH_SPOT|BRUNCH_SPOT|PIZZA_SHOP|YARN_STORE|YARN_STORE|PET_CAFE|BAKERY|FARMERS_MARKET
96077109,0,Ryo Hasegawa,1,84152.0,82518.0,5,290,9,3,0,149,19,0,36,11,6,10,-1,6,26,0,188,0,0,75,0,62,37,25,13,13,1,19,19,1,0,0,ICE_CREAM_SHOP|PIZZA_SHOP|PET_CAFE|PIZZA_SHOP|BAKERY|PET_CAFE|BRUNCH_SPOT|BAKERY
96077109,1,Kobe BRYANT,0,82518.0,84152.0,5,277,10,4,0,132,6,0,38,12,6,11,-1,3,4,0,480,0,0,54,0,192,37,25,13,13,1,19,19,1,0,0,ICE_CREAM_SHOP|PIZZA_SHOP|PET_CAFE|PIZZA_SHOP|BAKERY|PET_CAFE|BRUNCH_SPOT|BAKERY
96077183,0,Hello San Francisco,0,56371.0,60930.0,5,277,6,8,0,133,13,0,42,12,6,11,-1,68,79,0,427,6,0,91,2,113,37,25,13,25,1,19,7,13,0,3,BAKERY|PET_CAFE|YARN_STORE|FARMERS_MARKET|BRUNCH_SPOT|ICE_CREAM_SHOP|BAKERY|FARMERS_MARKET
96077183,1,Xiaowenhao404,1,60930.0,56371.0,5,277,6,8,0,131,14,0,42,12,6,11,-1,17,28,0,813,1,0,108,10,155,37,25,13,25,1,19,7,13,0,3,BAKERY|PET_CAFE|YARN_STORE|FARMERS_MARKET|BRUNCH_SPOT|ICE_CREAM_SHOP|BAKERY|FARMERS_MARKET
96077206,0,カワシギ,0,96293.0,106637.0,5,277,6,12,0,139,14,0,42,12,6,11,12,0,0,0,756,0,0,86,7,209,25,13,7,13,1,13,19,25,0,11,YARN_STORE|ICE_CREAM_SHOP|BAKERY|YARN_STORE|PIZZA_SHOP|SMOOTHIE_SHOP|BAKERY|PET_CAFE
96077206,1,MiMi,1,106637.0,96293.0,5,295,8,10,0,166,13,0,39,12,5,10,12,4,0,0,317,2,0,18,6,41,25,13,7,13,1,13,19,25,0,11,YARN_STORE|ICE_CREAM_SHOP|BAKERY|YARN_STORE|PIZZA_SHOP|SMOOTHIE_SHOP|BAKERY|PET_CAFE
96079388,0,Ryo Hasegawa,0,106785.0,109415.0,5,290,9,3,0,154,0,0,36,11,6,10,-1,4,27,0,160,0,0,133,0,63,37,1,13,19,1,13,31,13,0,7,PIZZA_SHOP|ICE_CREAM_SHOP|ICE_CREAM_SHOP|BAKERY|BAKERY|YARN_STORE|SMOOTHIE_SHOP|PIZZA_SHOP
96079388,1,Kobe BRYANT,1,109415.0,106785.0,5,277,10,4,0,132,6,0,38,12,6,11,-1,3,8,0,449,0,0,54,0,192,37,1,13,19,1,13,31,13,0,7,PIZZA_SHOP|ICE_CREAM_SHOP|ICE_CREAM_SHOP|BAKERY|BAKERY|YARN_STORE|SMOOTHIE_SHOP|PIZZA_SHOP
96079465,0,Rorical,1,123831.0,123578.0,5,277,10,4,0,133,13,0,42,12,6,11,-1,9,22,0,273,0,0,54,0,60,31,19,19,25,1,7,25,13,0,5,SMOOTHIE_SHOP|FARMERS_MARKET|ICE_CREAM_SHOP|YARN_STORE|PIZZA_SHOP|PIZZA_SHOP|PET_CAFE|BRUNCH_SPOT
96079465,1,Hello San Francisco,0,123578.0,123831.0,5,277,10,4,0,133,13,0,42,12,6,11,-1,119,23,0,411,6,0,99,2,118,31,19,19,25,1,7,25,13,0,5,SMOOTHIE_SHOP|FARMERS_MARKET|ICE_CREAM_SHOP|YARN_STORE|PIZZA_SHOP|PIZZA_SHOP|PET_CAFE|BRUNCH_SPOT
96081667,0,Crop Dusta,0,94851.0,100573.0,4,296,8,3,0,89,59,0,42,14,5,8,-1,0,0,0,38,30,0,13,0,3,43,25,13,31,1,19,13,1,0,3,FARMERS_MARKET|ICE_CREAM_SHOP|ICE_CREAM_SHOP|PET_CAFE|BRUNCH_SPOT|FARMERS_MARKET|BAKERY|BAKERY
96081667,1,Kobe BRYANT,1,100573.0,94851.0,5,277,10,4,0,132,6,0,38,12,6,11,-1,0,4,0,527,0,0,54,0,192,43,25,13,31,1,19,13,1,0,3,FARMERS_MARKET|ICE_CREAM_SHOP|ICE_CREAM_SHOP|PET_CAFE|BRUNCH_SPOT|FARMERS_MARKET|BAKERY|BAKERY
96081740,0,SaiKushal185,1,90143.0,88244.0,5,277,10,4,0,129,5,0,42,12,6,11,-1,3,14,0,279,0,0,46,0,57,19,31,13,25,1,7,19,13,0,12,FARMERS_MARKET|SMOOTHIE_SHOP|BRUNCH_SPOT|PET_CAFE|YARN_STORE|PIZZA_SHOP|SMOOTHIE_SHOP|PET_CAFE
96081740,1,Hello San Francisco,0,88244.0,90143.0,5,277,10,4,0,133,13,0,42,12,6,11,-1,119,23,0,411,6,0,99,2,118,19,31,13,25,1,7,19,13,0,12,FARMERS_MARKET|SMOOTHIE_SHOP|BRUNCH_SPOT|PET_CAFE|YARN_STORE|PIZZA_SHOP|SMOOTHIE_SHOP|PET_CAFE
96083933,0,u,0,104100.0,109670.0,5,277,6,12,0,128,1,0,38,16,6,11,12,11,0,0,689,0,0,83,10,204,31,13,31,19,1,1,25,25,0,5,YARN_STORE|FARMERS_MARKET|YARN_STORE|SMOOTHIE_SHOP|PIZZA_SHOP|FARMERS_MARKET|PIZZA_SHOP|PIZZA_SHOP
96083933,1,Seb (allegedly),1,109670.0,104100.0,7,309,6,16,0,115,0,0,30,19,4,8,10,19,3,0,198,0,0,25,0,16,31,13,31,19,1,1,25,25,0,5,YARN_STORE|FARMERS_MARKET|YARN_STORE|SMOOTHIE_SHOP|PIZZA_SHOP|FARMERS_MARKET|PIZZA_SHOP|PIZZA_SHOP
96083958,0,カワシギ,0,87954.0,91417.0,5,277,10,4,0,122,14,0,42,12,6,11,-1,23,0,0,592,0,0,36,10,147,25,19,19,19,1,7,19,25,0,13,SMOOTHIE_SHOP|PIZZA_SHOP|BRUNCH_SPOT|YARN_STORE|PET_CAFE|YARN_STORE|PIZZA_SHOP|FARMERS_MARKET
96083958,1,Kobe BRYANT,1,91417.0,87954.0,5,277,10,4,0,132,6,0,38,12,6,11,-1,2,18,0,427,0,0,48,0,189,25,19,19,19,1,7,19,25,0,13,SMOOTHIE_SHOP|PIZZA_SHOP|BRUNCH_SPOT|YARN_STORE|PET_CAFE|YARN_STORE|PIZZA_SHOP|FARMERS_MARKET
96086232,0,Kobe BRYANT,1,85316.0,81877.0,5,277,8,6,0,132,6,0,38,12,6,11,-1,0,11,0,499,0,0,48,0,189,49,1,1,31,1,31,19,1,0,9,ICE_CREAM_SHOP|BRUNCH_SPOT|BAKERY|ICE_CREAM_SHOP|BAKERY|BAKERY|ICE_CREAM_SHOP|BRUNCH_SPOT
96086232,1,u,0,81877.0,85316.0,5,277,10,4,0,125,5,0,42,12,6,11,-1,13,14,0,414,0,0,47,0,212,49,1,1,31,1,31,19,1,0,9,ICE_CREAM_SHOP|BRUNCH_SPOT|BAKERY|ICE_CREAM_SHOP|BAKERY|BAKERY|ICE_CREAM_SHOP|BRUNCH_SPOT
96086250,0,Luan Kunyu,0,91562.0,97199.0,5,277,8,6,0,125,5,0,42,12,6,11,-1,4,47,0,359,0,0,47,0,192,37,13,13,37,1,13,19,13,0,9,BRUNCH_SPOT|FARMERS_MARKET|FARMERS_MARKET|ICE_CREAM_SHOP|SMOOTHIE_SHOP|BAKERY|YARN_STORE|ICE_CREAM_SHOP
96086250,1,Kobe BRYANT,1,97199.0,91562.0,5,277,6,6,2,132,6,0,38,12,6,11,-1,0,26,13,456,0,0,48,0,189,37,13,13,37,1,13,19,13,0,9,BRUNCH_SPOT|FARMERS_MARKET|FARMERS_MARKET|ICE_CREAM_SHOP|SMOOTHIE_SHOP|BAKERY|YARN_STORE|ICE_CREAM_SHOP
96086334,0,カワシギ,1,68373.0,64488.0,5,277,10,4,0,127,15,0,42,12,6,11,-1,27,5,0,652,0,0,31,10,202,31,13,1,31,1,25,19,1,0,9,BRUNCH_SPOT|BAKERY|ICE_CREAM_SHOP|BRUNCH_SPOT|PET_CAFE|BAKERY|SMOOTHIE_SHOP|SMOOTHIE_SHOP
96086334,1,Hello San Francisco,0,64488.0,68373.0,5,277,8,6,0,133,13,0,42,12,6,11,-1,93,44,0,411,6,0,101,2,118,31,13,1,31,1,25,19,1,0,9,BRUNCH_SPOT|BAKERY|ICE_CREAM_SHOP|BRUNCH_SPOT|PET_CAFE|BAKERY|SMOOTHIE_SHOP|SMOOTHIE_SHOP
96086402,0,Excluding,1,68138.0,67013.0,5,298,6,5,0,158,0,7,31,13,6,10,-1,28,22,0,271,0,0,28,12,19,31,13,13,25,1,19,19,13,0,7,BRUNCH_SPOT|PET_CAFE|PIZZA_SHOP|BRUNCH_SPOT|YARN_STORE|BRUNCH_SPOT|SMOOTHIE_SHOP|PIZZA_SHOP
96086402,1,MiMi,0,67013.0,68138.0,5,289,8,5,0,165,14,0,43,21,5,10,12,6,0,0,238,2,0,16,0,36,31,13,13,25,1,19,19,13,0,7,BRUNCH_SPOT|PET_CAFE|PIZZA_SHOP|BRUNCH_SPOT|YARN_STORE|BRUNCH_SPOT|SMOOTHIE_SHOP|PIZZA_SHOP
96088548,0,Kobe BRYANT,1,91005.0,64034.0,5,277,6,12,0,152,4,0,34,17,6,11,12,2,0,0,839,0,0,34,0,248,25,1,7,19,1,13,19,37,0,11,BAKERY|YARN_STORE|PIZZA_SHOP|ICE_CREAM_SHOP|YARN_STORE|YARN_STORE|BRUNCH_SPOT|SMOOTHIE_SHOP
96088548,1,Efe Can Celiksoy,0,64034.0,91005.0,5,277,10,4,0,126,16,0,42,12,6,11,-1,23,22,0,435,0,0,29,0,193,25,1,7,19,1,13,19,37,0,11,BAKERY|YARN_STORE|PIZZA_SHOP|ICE_CREAM_SHOP|YARN_STORE|YARN_STORE|BRUNCH_SPOT|SMOOTHIE_SHOP
96090838,0,カワシギ,0,78367.0,89671.0,5,277,8,6,0,125,13,0,42,12,6,11,-1,37,10,0,659,0,0,17,4,155,19,55,19,25,1,1,7,13,0,10,FARMERS_MARKET|FARMERS_MARKET|FARMERS_MARKET|PET_CAFE|YARN_STORE|SMOOTHIE_SHOP|PET_CAFE|PET_CAFE
96090838,1,Kobe BRYANT,1,89671.0,78367.0,5,277,6,6,2,78,72,0,38,12,6,11,-1,0,25,14,445,32,0,48,0,193,19,55,19,25,1,1,7,13,0,10,FARMERS_MARKET|FARMERS_MARKET|FARMERS_MARKET|PET_CAFE|YARN_STORE|SMOOTHIE_SHOP|PET_CAFE|PET_CAFE
96090904,0,bplyc15,0,93663.0,99641.0,5,277,10,4,0,129,5,0,42,12,6,11,-1,3,26,0,323,0,0,56,0,189,31,1,1,31,1,19,19,25,0,14,BRUNCH_SPOT|SMOOTHIE_SHOP|BAKERY|BRUNCH_SPOT|YARN_STORE|YARN_STORE|ICE_CREAM_SHOP|ICE_CREAM_SHOP
96090904,1,Hello San Francisco,1,99641.0,93663.0,5,277,8,6,0,133,13,0,42,12,6,11,-1,93,44,0,413,6,0,101,2,118,31,1,1,31,1,19,19,25,0,14,BRUNCH_SPOT|SMOOTHIE_SHOP|BAKERY|BRUNCH_SPOT|YARN_STORE|YARN_STORE|ICE_CREAM_SHOP|ICE_CREAM_SHOP
96093091,0,u,1,69796.0,67766.0,5,277,10,4,0,125,5,0,38,16,6,11,-1,6,14,0,388,0,0,75,9,215,25,1,7,19,1,19,25,13,0,2,BAKERY|PIZZA_SHOP|SMOOTHIE_SHOP|YARN_STORE|BAKERY|BAKERY|SMOOTHIE_SHOP|SMOOTHIE_SHOP
96093091,1,James Holland,0,67766.0,69796.0,5,278,10,4,0,123,5,0,42,12,6,11,-1,3,24,0,304,0,0,26,0,123,25,1,7,19,1,19,25,13,0,2,BAKERY|PIZZA_SHOP|SMOOTHIE_SHOP|YARN_STORE|BAKERY|BAKERY|SMOOTHIE_SHOP|SMOOTHIE_SHOP
96093116,0,Kobe BRYANT,1,140672.0,137743.0,5,277,10,4,0,132,6,0,38,12,6,11,-1,2,4,0,475,0,0,48,0,189,31,7,13,43,1,7,37,1,0,8,PIZZA_SHOP|ICE_CREAM_SHOP|SMOOTHIE_SHOP|BRUNCH_SPOT|FARMERS_MARKET|ICE_CREAM_SHOP|SMOOTHIE_SHOP|SMOOTHIE_SHOP
96093116,1,Victor @ Tufa Labs,0,137743.0,140672.0,5,277,10,4,0,125,5,0,42,12,6,11,-1,3,1,0,2064,0,0,37,0,135,31,7,13,43,1,7,37,1,0,8,PIZZA_SHOP|ICE_CREAM_SHOP|SMOOTHIE_SHOP|BRUNCH_SPOT|FARMERS_MARKET|ICE_CREAM_SHOP|SMOOTHIE_SHOP|SMOOTHIE_SHOP
96093255,0,ReCurSiON,0,92097.0,106413.0,4,262,9,4,0,143,0,0,37,20,6,10,-1,12,0,0,265,0,0,28,6,67,13,25,7,25,1,1,31,13,0,12,PIZZA_SHOP|PET_CAFE|SMOOTHIE_SHOP|ICE_CREAM_SHOP|PET_CAFE|SMOOTHIE_SHOP|YARN_STORE|SMOOTHIE_SHOP
96093255,1,Xiaowenhao404,1,106413.0,92097.0,5,277,10,4,0,131,6,0,34,20,6,11,-1,31,14,0,465,0,0,16,12,157,13,25,7,25,1,1,31,13,0,12,PIZZA_SHOP|PET_CAFE|SMOOTHIE_SHOP|ICE_CREAM_SHOP|PET_CAFE|SMOOTHIE_SHOP|YARN_STORE|SMOOTHIE_SHOP
96095386,0,SaiKushal185,1,97729.0,97652.0,5,277,10,4,0,129,5,0,42,12,6,11,-1,1,14,0,279,0,0,46,0,57,25,1,1,37,1,25,19,13,0,9,SMOOTHIE_SHOP|BAKERY|BRUNCH_SPOT|SMOOTHIE_SHOP|YARN_STORE|BRUNCH_SPOT|BRUNCH_SPOT|SMOOTHIE_SHOP
96095386,1,u,0,97652.0,97729.0,5,277,10,4,0,125,5,0,42,12,6,11,-1,4,14,0,394,0,0,47,0,212,25,1,1,37,1,25,19,13,0,9,SMOOTHIE_SHOP|BAKERY|BRUNCH_SPOT|SMOOTHIE_SHOP|YARN_STORE|BRUNCH_SPOT|BRUNCH_SPOT|SMOOTHIE_SHOP
96095405,0,SaiKushal185,0,104924.0,106125.0,5,277,10,4,0,129,5,0,42,12,6,11,-1,2,14,0,279,0,0,106,0,57,31,13,13,25,1,13,31,1,0,1,SMOOTHIE_SHOP|PIZZA_SHOP|BAKERY|ICE_CREAM_SHOP|PIZZA_SHOP|BRUNCH_SPOT|PET_CAFE|SMOOTHIE_SHOP
96095405,1,Kobe BRYANT,1,106125.0,104924.0,5,277,10,4,0,132,6,0,38,12,6,11,-1,2,4,0,467,0,0,48,0,190,31,13,13,25,1,13,31,1,0,1,SMOOTHIE_SHOP|PIZZA_SHOP|BAKERY|ICE_CREAM_SHOP|PIZZA_SHOP|BRUNCH_SPOT|PET_CAFE|SMOOTHIE_SHOP
96097705,0,Kobe BRYANT,1,82572.0,72318.0,5,277,6,8,0,132,6,0,38,12,6,11,-1,0,73,0,481,0,0,48,0,195,37,13,1,19,1,31,7,13,0,14,BRUNCH_SPOT|PET_CAFE|YARN_STORE|ICE_CREAM_SHOP|BAKERY|BRUNCH_SPOT|BAKERY|BAKERY
96097705,1,peikopon,0,72318.0,82572.0,5,278,9,5,0,93,35,0,38,12,6,11,-1,19,60,0,401,0,0,26,0,123,37,13,1,19,1,31,7,13,0,14,BRUNCH_SPOT|PET_CAFE|YARN_STORE|ICE_CREAM_SHOP|BAKERY|BRUNCH_SPOT|BAKERY|BAKERY
96099978,0,Kobe BRYANT,0,128046.0,140155.0,5,277,6,12,0,152,4,0,34,17,6,11,12,12,0,0,850,0,0,43,0,233,37,7,7,43,1,7,31,13,0,8,SMOOTHIE_SHOP|YARN_STORE|ICE_CREAM_SHOP|FARMERS_MARKET|ICE_CREAM_SHOP|ICE_CREAM_SHOP|ICE_CREAM_SHOP|BRUNCH_SPOT
96099978,1,カワシギ,1,140155.0,128046.0,5,277,6,12,0,137,15,0,42,12,6,11,12,0,11,0,802,0,0,6,4,179,37,7,7,43,1,7,31,13,0,8,SMOOTHIE_SHOP|YARN_STORE|ICE_CREAM_SHOP|FARMERS_MARKET|ICE_CREAM_SHOP|ICE_CREAM_SHOP|ICE_CREAM_SHOP|BRUNCH_SPOT
96100052,0,Subramanya N,0,67092.0,74206.0,6,303,3,8,2,149,61,0,26,20,6,9,-1,31,4,2,92,36,0,39,0,8,19,25,1,31,1,7,25,13,0,12,PET_CAFE|BRUNCH_SPOT|PET_CAFE|YARN_STORE|ICE_CREAM_SHOP|SMOOTHIE_SHOP|SMOOTHIE_SHOP|ICE_CREAM_SHOP
96100052,1,tetsuya,1,74206.0,67092.0,6,310,6,6,3,104,36,0,37,12,7,10,-1,6,13,0,109,0,0,7,0,133,19,25,1,31,1,7,25,13,0,12,PET_CAFE|BRUNCH_SPOT|PET_CAFE|YARN_STORE|ICE_CREAM_SHOP|SMOOTHIE_SHOP|SMOOTHIE_SHOP|ICE_CREAM_SHOP
96100054,0,Subramanya N,1,61114.0,58931.0,6,301,4,6,6,159,57,0,16,21,6,10,-1,3,4,22,136,24,0,6,0,27,13,55,7,7,1,7,1,25,0,12,BAKERY|PET_CAFE|PET_CAFE|PET_CAFE|PET_CAFE|YARN_STORE|FARMERS_MARKET|YARN_STORE
96100054,1,Ryo Hasegawa,0,58931.0,61114.0,5,290,6,6,0,122,132,0,16,23,5,9,-1,29,17,0,150,9,0,44,0,36,13,55,7,7,1,7,1,25,0,12,BAKERY|PET_CAFE|PET_CAFE|PET_CAFE|PET_CAFE|YARN_STORE|FARMERS_MARKET|YARN_STORE
96100056,0,Izzoudine Mohamed KANTA,0,100178.0,100178.0,5,277,8,6,0,132,6,0,38,12,6,11,-1,0,21,0,527,0,0,48,0,189,37,13,13,31,1,19,13,13,0,9,BRUNCH_SPOT|SMOOTHIE_SHOP|BAKERY|ICE_CREAM_SHOP|FARMERS_MARKET|FARMERS_MARKET|BAKERY|YARN_STORE
96100056,1,Kobe BRYANT,0,100178.0,100178.0,5,277,8,6,0,132,6,0,38,12,6,11,-1,0,21,0,527,0,0,48,0,189,37,13,13,31,1,19,13,13,0,9,BRUNCH_SPOT|SMOOTHIE_SHOP|BAKERY|ICE_CREAM_SHOP|FARMERS_MARKET|FARMERS_MARKET|BAKERY|YARN_STORE
96100059,0,Excluding,1,125859.0,110138.0,5,298,7,9,0,99,0,9,37,17,6,10,-1,19,35,0,171,0,38,55,18,20,37,25,19,31,1,7,19,13,0,4,YARN_STORE|ICE_CREAM_SHOP|BRUNCH_SPOT|FARMERS_MARKET|FARMERS_MARKET|PET_CAFE|ICE_CREAM_SHOP|PIZZA_SHOP
96100059,1,Arman Tuganbaev,0,110138.0,125859.0,2,256,7,9,0,139,0,0,35,26,7,9,-1,27,53,0,206,0,0,47,20,125,37,25,19,31,1,7,19,13,0,4,YARN_STORE|ICE_CREAM_SHOP|BRUNCH_SPOT|FARMERS_MARKET|FARMERS_MARKET|PET_CAFE|ICE_CREAM_SHOP|PIZZA_SHOP
96102268,0,peikopon,0,127898.0,130665.0,5,278,10,5,0,123,5,0,38,12,6,11,-1,3,19,0,309,0,0,26,0,123,31,19,19,25,1,7,25,13,0,5,ICE_CREAM_SHOP|BRUNCH_SPOT|YARN_STORE|SMOOTHIE_SHOP|PIZZA_SHOP|PIZZA_SHOP|FARMERS_MARKET|PET_CAFE
96102268,1,Kobe BRYANT,1,130665.0,127898.0,5,277,6,8,0,132,6,0,38,12,6,11,-1,0,64,0,420,0,0,48,0,189,31,19,19,25,1,7,25,13,0,5,ICE_CREAM_SHOP|BRUNCH_SPOT|YARN_STORE|SMOOTHIE_SHOP|PIZZA_SHOP|PIZZA_SHOP|FARMERS_MARKET|PET_CAFE
96104553,0,Excluding,1,90855.0,85606.0,5,303,13,3,0,150,0,2,32,13,6,10,-1,41,11,0,230,0,2,45,13,17,31,13,7,25,1,13,25,13,0,1,SMOOTHIE_SHOP|PET_CAFE|ICE_CREAM_SHOP|BAKERY|ICE_CREAM_SHOP|PIZZA_SHOP|YARN_STORE|BRUNCH_SPOT
96104553,1,Kobe BRYANT,0,85606.0,90855.0,5,277,10,4,0,132,6,0,38,12,6,11,-1,3,8,0,449,0,0,50,0,193,31,13,7,25,1,13,25,13,0,1,SMOOTHIE_SHOP|PET_CAFE|ICE_CREAM_SHOP|BAKERY|ICE_CREAM_SHOP|PIZZA_SHOP|YARN_STORE|BRUNCH_SPOT
96106847,0,Kobe BRYANT,0,61764.0,65065.0,5,277,10,4,0,132,6,0,38,12,6,11,-1,2,4,0,475,0,0,48,0,189,43,19,19,25,1,13,25,1,0,6,PIZZA_SHOP|PIZZA_SHOP|PET_CAFE|BAKERY|FARMERS_MARKET|ICE_CREAM_SHOP|BRUNCH_SPOT|ICE_CREAM_SHOP
96106847,1,peikopon,1,65065.0,61764.0,5,278,10,4,0,102,35,4,34,12,6,11,-1,3,7,0,350,0,1,26,0,127,43,19,19,25,1,13,25,1,0,6,PIZZA_SHOP|PIZZA_SHOP|PET_CAFE|BAKERY|FARMERS_MARKET|ICE_CREAM_SHOP|BRUNCH_SPOT|ICE_CREAM_SHOP
96109132,0,Kobe BRYANT,0,110641.0,115233.0,5,277,10,4,0,132,6,0,38,12,6,11,-1,3,4,0,471,0,0,54,0,192,43,7,7,43,1,19,25,1,0,9,SMOOTHIE_SHOP|FARMERS_MARKET|ICE_CREAM_SHOP|BRUNCH_SPOT|BAKERY|ICE_CREAM_SHOP|ICE_CREAM_SHOP|BRUNCH_SPOT
96109132,1,MiMi,1,115233.0,110641.0,5,290,11,3,0,137,10,0,63,12,5,9,12,2,6,0,253,0,0,25,0,24,43,7,7,43,1,19,25,1,0,9,SMOOTHIE_SHOP|FARMERS_MARKET|ICE_CREAM_SHOP|BRUNCH_SPOT|BAKERY|ICE_CREAM_SHOP|ICE_CREAM_SHOP|BRUNCH_SPOT
96109200,0,bplyc15,0,93542.0,101238.0,5,277,8,6,0,129,5,0,42,12,6,11,-1,0,60,0,314,0,0,51,0,185,37,25,19,25,1,19,7,13,0,4,BRUNCH_SPOT|BRUNCH_SPOT|FARMERS_MARKET|YARN_STORE|FARMERS_MARKET|PET_CAFE|PIZZA_SHOP|BAKERY
96109200,1,Kostiantyn Isaienkov,1,101238.0,93542.0,5,277,6,4,4,131,12,0,42,12,6,11,-1,0,7,18,348,0,0,57,0,177,37,25,19,25,1,19,7,13,0,4,BRUNCH_SPOT|BRUNCH_SPOT|FARMERS_MARKET|YARN_STORE|FARMERS_MARKET|PET_CAFE|PIZZA_SHOP|BAKERY
96109244,0,Izzoudine Mohamed KANTA,1,120357.0,114599.0,5,277,10,4,0,132,6,0,38,12,6,11,-1,3,12,0,432,0,0,54,0,192,31,1,7,31,1,19,25,13,0,9,ICE_CREAM_SHOP|SMOOTHIE_SHOP|BRUNCH_SPOT|YARN_STORE|BAKERY|PIZZA_SHOP|BRUNCH_SPOT|SMOOTHIE_SHOP
96109244,1,MiMi,0,114599.0,120357.0,5,295,11,7,0,136,11,0,56,12,5,10,12,0,0,0,267,0,0,6,0,35,31,1,7,31,1,19,25,13,0,9,ICE_CREAM_SHOP|SMOOTHIE_SHOP|BRUNCH_SPOT|YARN_STORE|BAKERY|PIZZA_SHOP|BRUNCH_SPOT|SMOOTHIE_SHOP
96111429,0,Izzoudine Mohamed KANTA,0,74921.0,74921.0,5,277,6,6,2,132,6,0,38,12,6,11,-1,0,41,11,430,0,0,48,0,189,43,7,13,31,1,19,19,13,0,9,BAKERY|FARMERS_MARKET|ICE_CREAM_SHOP|BRUNCH_SPOT|YARN_STORE|PIZZA_SHOP|ICE_CREAM_SHOP|BRUNCH_SPOT
96111429,1,Kobe BRYANT,0,74921.0,74921.0,5,277,6,6,2,132,6,0,38,12,6,11,-1,0,41,11,430,0,0,48,0,189,43,7,13,31,1,19,19,13,0,9,BAKERY|FARMERS_MARKET|ICE_CREAM_SHOP|BRUNCH_SPOT|YARN_STORE|PIZZA_SHOP|ICE_CREAM_SHOP|BRUNCH_SPOT
96113579,0,Hello San Francisco,0,52759.0,54101.0,5,277,10,4,0,133,13,0,42,12,6,11,-1,119,24,0,412,6,0,93,2,121,43,25,25,19,1,13,19,1,0,4,PIZZA_SHOP|FARMERS_MARKET|BAKERY|PET_CAFE|ICE_CREAM_SHOP|BAKERY|PIZZA_SHOP|FARMERS_MARKET
96113579,1,u,1,54101.0,52759.0,5,277,10,4,0,125,5,0,38,16,6,11,-1,32,12,0,409,0,0,76,6,215,43,25,25,19,1,13,19,1,0,4,PIZZA_SHOP|FARMERS_MARKET|BAKERY|PET_CAFE|ICE_CREAM_SHOP|BAKERY|PIZZA_SHOP|FARMERS_MARKET
96113599,0,Efe Can Celiksoy,0,33776.0,45284.0,5,277,10,4,0,126,16,0,42,12,6,11,-1,26,21,0,377,0,0,20,0,201,31,25,7,7,1,25,7,13,0,0,BAKERY|BAKERY|BRUNCH_SPOT|PIZZA_SHOP|PET_CAFE|PET_CAFE|BAKERY|YARN_STORE
96113599,1,Kobe BRYANT,1,45284.0,33776.0,5,277,6,6,2,132,6,0,38,12,6,11,-1,0,15,17,533,0,0,54,0,192,31,25,7,7,1,25,7,13,0,0,BAKERY|BAKERY|BRUNCH_SPOT|PIZZA_SHOP|PET_CAFE|PET_CAFE|BAKERY|YARN_STORE
96116001,0,Kobe BRYANT,0,82418.0,89181.0,5,277,8,6,0,132,6,0,38,12,6,11,-1,1,21,0,522,0,0,51,0,192,43,13,25,31,1,13,25,1,0,6,FARMERS_MARKET|SMOOTHIE_SHOP|BAKERY|FARMERS_MARKET|PIZZA_SHOP|BRUNCH_SPOT|PIZZA_SHOP|ICE_CREAM_SHOP
96116001,1,Ryo Hasegawa,1,89181.0,82418.0,5,290,8,3,0,161,0,0,36,11,6,10,-1,37,38,0,234,0,0,7,0,44,43,13,25,31,1,13,25,1,0,6,FARMERS_MARKET|SMOOTHIE_SHOP|BAKERY|FARMERS_MARKET|PIZZA_SHOP|BRUNCH_SPOT|PIZZA_SHOP|ICE_CREAM_SHOP
96118283,0,u,1,78562.0,78007.0,5,277,6,8,0,125,5,0,38,16,6,11,-1,3,73,0,403,0,0,76,8,215,25,25,7,19,1,13,13,25,0,11,PET_CAFE|YARN_STORE|YARN_STORE|PIZZA_SHOP|BRUNCH_SPOT|BRUNCH_SPOT|ICE_CREAM_SHOP|PET_CAFE
96118283,1,James Holland,0,78007.0,78562.0,5,277,6,12,0,141,7,0,34,12,6,11,12,8,4,0,678,0,0,34,0,239,25,25,7,19,1,13,13,25,0,11,PET_CAFE|YARN_STORE|YARN_STORE|PIZZA_SHOP|BRUNCH_SPOT|BRUNCH_SPOT|ICE_CREAM_SHOP|PET_CAFE
96118295,0,Kobe BRYANT,0,50660.0,50660.0,5,277,6,6,2,132,6,0,38,12,6,11,-1,0,5,17,527,0,0,48,0,189,31,31,13,19,1,13,19,1,0,1,FARMERS_MARKET|BAKERY|PIZZA_SHOP|BAKERY|PET_CAFE|PET_CAFE|ICE_CREAM_SHOP|SMOOTHIE_SHOP
96118295,1,Izzoudine Mohamed KANTA,0,50660.0,50660.0,5,277,6,6,2,132,6,0,38,12,6,11,-1,0,5,17,527,0,0,48,0,189,31,31,13,19,1,13,19,1,0,1,FARMERS_MARKET|BAKERY|PIZZA_SHOP|BAKERY|PET_CAFE|PET_CAFE|ICE_CREAM_SHOP|SMOOTHIE_SHOP
96118345,0,lucaskna,1,128804.0,125328.0,5,277,6,12,0,153,12,0,42,12,6,11,12,0,0,0,484,0,0,11,4,102,19,25,13,31,1,7,13,25,0,13,SMOOTHIE_SHOP|YARN_STORE|YARN_STORE|SMOOTHIE_SHOP|FARMERS_MARKET|PET_CAFE|BRUNCH_SPOT|FARMERS_MARKET
96118345,1,Rayk Kretzschmar,0,125328.0,128804.0,5,277,6,12,0,145,3,0,34,17,6,11,12,8,0,0,742,0,0,34,0,250,19,25,13,31,1,7,13,25,0,13,SMOOTHIE_SHOP|YARN_STORE|YARN_STORE|SMOOTHIE_SHOP|FARMERS_MARKET|PET_CAFE|BRUNCH_SPOT|FARMERS_MARKET
96120579,0,Xiaowenhao404,0,84385.0,86427.0,5,277,6,12,0,142,10,0,42,12,6,11,12,25,23,0,1121,0,0,52,4,128,25,13,13,13,1,7,19,37,0,11,YARN_STORE|PIZZA_SHOP|PET_CAFE|YARN_STORE|BRUNCH_SPOT|PIZZA_SHOP|YARN_STORE|ICE_CREAM_SHOP
96120579,1,Kobe BRYANT,1,86427.0,84385.0,5,277,6,12,0,135,3,0,42,12,6,11,12,15,0,0,712,0,0,49,0,195,25,13,13,13,1,7,19,37,0,11,YARN_STORE|PIZZA_SHOP|PET_CAFE|YARN_STORE|BRUNCH_SPOT|PIZZA_SHOP|YARN_STORE|ICE_CREAM_SHOP
96122861,0,u,1,55445.0,52583.0,5,277,8,6,0,125,5,0,38,16,6,11,-1,25,32,0,414,0,0,47,6,217,43,31,31,25,1,13,13,1,0,4,PET_CAFE|FARMERS_MARKET|BAKERY|FARMERS_MARKET|BRUNCH_SPOT|FARMERS_MARKET|PIZZA_SHOP|PIZZA_SHOP
96122861,1,bplyc15,0,52583.0,55445.0,5,277,8,6,0,129,5,0,42,12,6,11,-1,0,60,0,314,0,0,51,0,185,43,31,31,25,1,13,13,1,0,4,PET_CAFE|FARMERS_MARKET|BAKERY|FARMERS_MARKET|BRUNCH_SPOT|FARMERS_MARKET|PIZZA_SHOP|PIZZA_SHOP
96122871,0,Kobe BRYANT,1,78744.0,78661.0,5,277,8,6,0,132,6,0,38,12,6,11,-1,1,6,0,487,0,0,54,0,192,49,7,19,31,1,19,25,1,0,7,ICE_CREAM_SHOP|BRUNCH_SPOT|BAKERY|PIZZA_SHOP|FARMERS_MARKET|ICE_CREAM_SHOP|BRUNCH_SPOT|PIZZA_SHOP
96122871,1,Seb (allegedly),0,78661.0,78744.0,7,307,11,3,0,102,0,0,41,18,4,8,10,39,0,0,184,0,0,15,6,14,49,7,19,31,1,19,25,1,0,7,ICE_CREAM_SHOP|BRUNCH_SPOT|BAKERY|PIZZA_SHOP|FARMERS_MARKET|ICE_CREAM_SHOP|BRUNCH_SPOT|PIZZA_SHOP
96125138,0,u,0,77115.0,80134.0,5,277,10,4,0,125,5,0,42,12,6,11,-1,37,6,0,417,0,0,67,0,212,31,37,1,25,1,19,13,1,0,0,ICE_CREAM_SHOP|ICE_CREAM_SHOP|PET_CAFE|BAKERY|PET_CAFE|BRUNCH_SPOT|BRUNCH_SPOT|PET_CAFE
96125138,1,peikopon,1,80134.0,77115.0,5,278,10,4,0,93,35,0,38,12,6,11,-1,3,4,0,357,0,0,26,0,123,31,37,1,25,1,19,13,1,0,0,ICE_CREAM_SHOP|ICE_CREAM_SHOP|PET_CAFE|BAKERY|PET_CAFE|BRUNCH_SPOT|BRUNCH_SPOT|PET_CAFE
96125146,0,Kobe BRYANT,0,97860.0,99498.0,5,277,6,6,2,132,6,0,38,12,6,11,-1,0,32,5,462,0,0,48,0,192,31,37,13,31,1,1,19,13,0,10,FARMERS_MARKET|PET_CAFE|ICE_CREAM_SHOP|ICE_CREAM_SHOP|ICE_CREAM_SHOP|YARN_STORE|FARMERS_MARKET|PET_CAFE
96125146,1,Kostiantyn Isaienkov,1,99498.0,97860.0,5,277,8,4,2,131,12,0,42,12,6,11,-1,0,9,12,348,0,0,59,0,177,31,37,13,31,1,1,19,13,0,10,FARMERS_MARKET|PET_CAFE|ICE_CREAM_SHOP|ICE_CREAM_SHOP|ICE_CREAM_SHOP|YARN_STORE|FARMERS_MARKET|PET_CAFE
96127432,0,ReCurSiON,1,70641.0,66160.0,4,262,6,7,0,143,0,0,37,20,6,10,-1,6,15,0,265,0,0,28,6,65,19,25,7,13,1,7,19,25,0,11,YARN_STORE|BAKERY|PET_CAFE|PET_CAFE|SMOOTHIE_SHOP|ICE_CREAM_SHOP|PIZZA_SHOP|YARN_STORE
96127432,1,u,0,66160.0,70641.0,5,277,6,12,0,128,1,0,38,16,6,11,12,21,0,0,692,0,0,82,2,208,19,25,7,13,1,7,19,25,0,11,YARN_STORE|BAKERY|PET_CAFE|PET_CAFE|SMOOTHIE_SHOP|ICE_CREAM_SHOP|PIZZA_SHOP|YARN_STORE
96127441,0,Izzoudine Mohamed KANTA,0,106042.0,106042.0,5,277,6,6,2,132,6,0,38,12,6,11,-1,0,8,16,498,0,0,48,0,189,49,13,13,37,1,19,19,1,0,9,FARMERS_MARKET|BRUNCH_SPOT|ICE_CREAM_SHOP|ICE_CREAM_SHOP|BAKERY|ICE_CREAM_SHOP|BAKERY|FARMERS_MARKET
96127441,1,Kobe BRYANT,0,106042.0,106042.0,5,277,6,6,2,132,6,0,38,12,6,11,-1,0,8,16,498,0,0,48,0,189,49,13,13,37,1,19,19,1,0,9,FARMERS_MARKET|BRUNCH_SPOT|ICE_CREAM_SHOP|ICE_CREAM_SHOP|BAKERY|ICE_CREAM_SHOP|BAKERY|FARMERS_MARKET
96127455,0,ReCurSiON,1,54544.0,50756.0,4,262,9,4,0,143,0,0,37,15,6,10,-1,12,0,0,265,0,0,28,6,67,31,25,13,13,1,13,25,1,0,1,SMOOTHIE_SHOP|PET_CAFE|BAKERY|PET_CAFE|BAKERY|PIZZA_SHOP|PIZZA_SHOP|ICE_CREAM_SHOP
96127455,1,Efe Can Celiksoy,0,50756.0,54544.0,5,277,10,4,0,138,16,0,34,20,6,11,-1,41,24,0,508,0,0,0,6,140,31,25,13,13,1,13,25,1,0,1,SMOOTHIE_SHOP|PET_CAFE|BAKERY|PET_CAFE|BAKERY|PIZZA_SHOP|PIZZA_SHOP|ICE_CREAM_SHOP
96129717,0,u,1,82585.0,81585.0,5,277,6,12,0,128,1,0,38,16,6,11,12,13,25,0,674,0,0,46,7,204,31,25,19,25,1,1,19,25,0,13,YARN_STORE|FARMERS_MARKET|ICE_CREAM_SHOP|PET_CAFE|PIZZA_SHOP|ICE_CREAM_SHOP|FARMERS_MARKET|YARN_STORE
96129717,1,Seb (allegedly),0,81585.0,82585.0,7,311,5,15,0,117,0,0,31,19,4,8,10,2,32,0,207,0,0,21,0,29,31,25,19,25,1,1,19,25,0,13,YARN_STORE|FARMERS_MARKET|ICE_CREAM_SHOP|PET_CAFE|PIZZA_SHOP|ICE_CREAM_SHOP|FARMERS_MARKET|YARN_STORE
96131992,0,u,0,67920.0,68503.0,5,277,10,4,0,125,5,0,42,12,6,11,-1,45,5,0,409,0,0,58,0,212,37,13,7,31,1,25,19,1,0,9,BRUNCH_SPOT|BRUNCH_SPOT|PIZZA_SHOP|BAKERY|ICE_CREAM_SHOP|PET_CAFE|BRUNCH_SPOT|SMOOTHIE_SHOP
96131992,1,peikopon,1,68503.0,67920.0,5,278,9,5,0,125,5,2,36,12,6,11,-1,30,23,0,366,0,0,26,0,124,37,13,7,31,1,25,19,1,0,9,BRUNCH_SPOT|BRUNCH_SPOT|PIZZA_SHOP|BAKERY|ICE_CREAM_SHOP|PET_CAFE|BRUNCH_SPOT|SMOOTHIE_SHOP
96132025,0,Xiaowenhao404,0,79974.0,80133.0,5,277,10,4,0,128,15,0,42,12,6,11,-1,27,28,0,643,0,0,31,10,150,43,13,31,25,1,13,25,1,0,6,FARMERS_MARKET|BRUNCH_SPOT|SMOOTHIE_SHOP|BAKERY|PIZZA_SHOP|FARMERS_MARKET|PIZZA_SHOP|PIZZA_SHOP
96132025,1,Pardheev Krishna,1,80133.0,79974.0,5,277,8,6,0,125,5,0,42,12,6,11,-1,8,44,0,371,0,0,54,0,192,43,13,31,25,1,13,25,1,0,6,FARMERS_MARKET|BRUNCH_SPOT|SMOOTHIE_SHOP|BAKERY|PIZZA_SHOP|FARMERS_MARKET|PIZZA_SHOP|PIZZA_SHOP
96136640,0,Izzoudine Mohamed KANTA,1,75415.0,74179.0,5,277,8,6,0,132,6,0,38,12,6,11,-1,0,9,0,487,0,0,48,0,189,43,19,25,19,1,7,31,1,0,6,PIZZA_SHOP|PET_CAFE|BAKERY|ICE_CREAM_SHOP|PIZZA_SHOP|ICE_CREAM_SHOP|FARMERS_MARKET|PIZZA_SHOP
96136640,1,Kobe BRYANT,0,74179.0,75415.0,5,277,8,6,0,132,6,0,38,12,6,11,-1,0,8,0,487,0,0,44,0,190,43,19,25,19,1,7,31,1,0,6,PIZZA_SHOP|PET_CAFE|BAKERY|ICE_CREAM_SHOP|PIZZA_SHOP|ICE_CREAM_SHOP|FARMERS_MARKET|PIZZA_SHOP
96145725,0,peikopon,0,79103.0,87244.0,5,277,10,4,0,100,33,2,32,20,6,11,-1,31,1,0,506,0,0,14,12,139,43,31,19,31,1,13,13,1,0,4,FARMERS_MARKET|PET_CAFE|FARMERS_MARKET|ICE_CREAM_SHOP|ICE_CREAM_SHOP|BAKERY|BAKERY|FARMERS_MARKET
96145725,1,MiMi,1,87244.0,79103.0,5,289,8,4,0,135,3,8,58,12,5,10,12,5,21,0,191,0,4,6,0,23,43,31,19,31,1,13,13,1,0,4,FARMERS_MARKET|PET_CAFE|FARMERS_MARKET|ICE_CREAM_SHOP|ICE_CREAM_SHOP|BAKERY|BAKERY|FARMERS_MARKET
96147990,0,Hello San Francisco,1,54909.0,47279.0,5,277,8,6,0,133,13,0,42,12,6,11,-1,62,44,0,413,6,0,77,2,118,13,37,1,13,1,13,7,25,0,12,PET_CAFE|PET_CAFE|PET_CAFE|YARN_STORE|SMOOTHIE_SHOP|BRUNCH_SPOT|BAKERY|YARN_STORE
96147990,1,ReCurSiON,0,47279.0,54909.0,4,262,9,4,0,143,0,0,37,18,6,10,-1,12,31,0,265,0,0,28,6,67,13,37,1,13,1,13,7,25,0,12,PET_CAFE|PET_CAFE|PET_CAFE|YARN_STORE|SMOOTHIE_SHOP|BRUNCH_SPOT|BAKERY|YARN_STORE
96148022,0,Seb (allegedly),0,88353.0,98425.0,7,309,8,6,0,100,0,0,39,19,4,8,10,15,10,0,216,0,0,15,6,11,37,19,7,31,1,25,7,13,0,3,BRUNCH_SPOT|FARMERS_MARKET|BRUNCH_SPOT|YARN_STORE|ICE_CREAM_SHOP|BAKERY|BRUNCH_SPOT|PET_CAFE
96148022,1,SaiKushal185,1,98425.0,88353.0,5,277,8,6,0,129,5,0,42,12,6,11,-1,1,33,0,279,0,0,46,0,57,37,19,7,31,1,25,7,13,0,3,BRUNCH_SPOT|FARMERS_MARKET|BRUNCH_SPOT|YARN_STORE|ICE_CREAM_SHOP|BAKERY|BRUNCH_SPOT|PET_CAFE
96150332,0,u,0,109986.0,112217.0,5,277,6,8,0,125,5,0,42,12,6,11,-1,0,86,0,386,0,0,50,0,212,25,13,1,37,1,25,13,13,0,14,SMOOTHIE_SHOP|BRUNCH_SPOT|YARN_STORE|BRUNCH_SPOT|BRUNCH_SPOT|BRUNCH_SPOT|SMOOTHIE_SHOP|PET_CAFE
96150332,1,Kostiantyn Isaienkov,1,112217.0,109986.0,5,277,6,8,0,131,12,0,42,12,6,11,-1,0,94,0,350,0,0,59,0,177,25,13,1,37,1,25,13,13,0,14,SMOOTHIE_SHOP|BRUNCH_SPOT|YARN_STORE|BRUNCH_SPOT|BRUNCH_SPOT|BRUNCH_SPOT|SMOOTHIE_SHOP|PET_CAFE
96152550,0,peikopon,1,74783.0,68210.0,5,277,10,4,0,100,33,2,32,20,6,11,-1,12,14,0,549,0,0,14,12,140,31,43,19,31,1,7,7,13,0,10,PET_CAFE|PET_CAFE|FARMERS_MARKET|YARN_STORE|BRUNCH_SPOT|FARMERS_MARKET|ICE_CREAM_SHOP|FARMERS_MARKET
96152550,1,カワシギ,0,68210.0,74783.0,5,277,8,6,0,129,15,0,42,12,6,11,-1,45,0,0,648,0,0,43,4,141,31,43,19,31,1,7,7,13,0,10,PET_CAFE|PET_CAFE|FARMERS_MARKET|YARN_STORE|BRUNCH_SPOT|FARMERS_MARKET|ICE_CREAM_SHOP|FARMERS_MARKET
96152572,0,Ryo Hasegawa,1,106236.0,100647.0,5,288,10,2,0,134,10,0,42,11,5,10,-1,35,18,0,163,3,0,41,0,59,43,19,7,37,1,19,19,1,0,9,BRUNCH_SPOT|ICE_CREAM_SHOP|ICE_CREAM_SHOP|BRUNCH_SPOT|PET_CAFE|ICE_CREAM_SHOP|FARMERS_MARKET|BAKERY
96152572,1,tetsuya,0,100647.0,106236.0,6,313,12,3,0,130,0,0,40,12,7,9,-1,18,9,0,75,0,0,12,0,83,43,19,7,37,1,19,19,1,0,9,BRUNCH_SPOT|ICE_CREAM_SHOP|ICE_CREAM_SHOP|BRUNCH_SPOT|PET_CAFE|ICE_CREAM_SHOP|FARMERS_MARKET|BAKERY
96152584,0,Arman Tuganbaev,1,136551.0,126429.0,2,277,11,4,0,141,8,0,41,11,6,10,-1,105,50,0,171,19,0,96,30,150,31,1,7,37,1,13,37,1,0,8,SMOOTHIE_SHOP|PIZZA_SHOP|ICE_CREAM_SHOP|SMOOTHIE_SHOP|BAKERY|ICE_CREAM_SHOP|SMOOTHIE_SHOP|BRUNCH_SPOT
96152584,1,Izzoudine Mohamed KANTA,0,126429.0,136551.0,5,277,10,4,0,132,6,0,38,12,6,11,-1,3,4,0,480,0,0,57,0,192,31,1,7,37,1,13,37,1,0,8,SMOOTHIE_SHOP|PIZZA_SHOP|ICE_CREAM_SHOP|SMOOTHIE_SHOP|BAKERY|ICE_CREAM_SHOP|SMOOTHIE_SHOP|BRUNCH_SPOT
96152588,0,Arman Tuganbaev,0,87637.0,88882.0,2,253,8,4,0,137,0,0,39,26,7,9,-1,18,6,0,224,0,0,67,55,107,25,13,13,25,1,13,25,13,0,1,PIZZA_SHOP|BRUNCH_SPOT|SMOOTHIE_SHOP|PET_CAFE|YARN_STORE|PIZZA_SHOP|BRUNCH_SPOT|SMOOTHIE_SHOP
96152588,1,Subramanya N,1,88882.0,87637.0,6,301,12,7,0,127,11,0,38,12,6,10,-1,123,2,0,121,0,0,44,18,21,25,13,13,25,1,13,25,13,0,1,PIZZA_SHOP|BRUNCH_SPOT|SMOOTHIE_SHOP|PET_CAFE|YARN_STORE|PIZZA_SHOP|BRUNCH_SPOT|SMOOTHIE_SHOP
96152594,0,Izzoudine Mohamed KANTA,0,92610.0,108321.0,5,277,6,8,0,132,6,0,38,12,6,11,-1,1,96,0,465,0,0,57,0,192,37,7,7,37,1,13,25,13,0,9,BAKERY|SMOOTHIE_SHOP|YARN_STORE|ICE_CREAM_SHOP|ICE_CREAM_SHOP|BRUNCH_SPOT|ICE_CREAM_SHOP|FARMERS_MARKET
96152594,1,Arman Tuganbaev,1,108321.0,92610.0,2,278,9,10,0,127,0,0,39,11,6,11,-1,39,76,0,132,0,0,120,6,176,37,7,7,37,1,13,25,13,0,9,BAKERY|SMOOTHIE_SHOP|YARN_STORE|ICE_CREAM_SHOP|ICE_CREAM_SHOP|BRUNCH_SPOT|ICE_CREAM_SHOP|FARMERS_MARKET
96152595,0,tetsuya,0,81756.0,81952.0,6,307,12,3,0,113,0,0,41,15,7,10,-1,32,21,0,74,0,0,6,12,115,31,31,13,25,1,7,25,1,0,1,ICE_CREAM_SHOP|PET_CAFE|SMOOTHIE_SHOP|PIZZA_SHOP|PET_CAFE|FARMERS_MARKET|ICE_CREAM_SHOP|BAKERY
96152595,1,Izzoudine Mohamed KANTA,1,81952.0,81756.0,5,277,10,4,0,132,6,0,38,12,6,11,-1,3,4,0,480,0,0,54,0,195,31,31,13,25,1,7,25,1,0,1,ICE_CREAM_SHOP|PET_CAFE|SMOOTHIE_SHOP|PIZZA_SHOP|PET_CAFE|FARMERS_MARKET|ICE_CREAM_SHOP|BAKERY
96154888,0,SaiKushal185,0,72656.0,73084.0,5,277,10,4,0,129,5,0,42,12,6,11,-1,3,14,0,279,0,0,106,0,57,37,19,13,31,1,19,19,1,0,9,ICE_CREAM_SHOP|PET_CAFE|BAKERY|SMOOTHIE_SHOP|PIZZA_SHOP|FARMERS_MARKET|BRUNCH_SPOT|BRUNCH_SPOT
96154888,1,Kobe BRYANT,1,73084.0,72656.0,5,277,8,6,0,132,6,0,38,12,6,11,-1,0,11,0,498,0,0,48,0,189,37,19,13,31,1,19,19,1,0,9,ICE_CREAM_SHOP|PET_CAFE|BAKERY|SMOOTHIE_SHOP|PIZZA_SHOP|FARMERS_MARKET|BRUNCH_SPOT|BRUNCH_SPOT
96157085,0,Excluding,0,104718.0,109516.0,5,300,9,7,0,115,0,6,37,13,6,10,-1,20,21,0,177,0,15,6,15,13,31,7,7,31,1,19,19,13,0,9,BRUNCH_SPOT|ICE_CREAM_SHOP|YARN_STORE|SMOOTHIE_SHOP|FARMERS_MARKET|BAKERY|BAKERY|SMOOTHIE_SHOP
96157085,1,Izzoudine Mohamed KANTA,1,109516.0,104718.0,5,277,6,8,0,132,6,0,38,12,6,11,-1,1,74,0,432,0,0,54,0,192,31,7,7,31,1,19,19,13,0,9,BRUNCH_SPOT|ICE_CREAM_SHOP|YARN_STORE|SMOOTHIE_SHOP|FARMERS_MARKET|BAKERY|BAKERY|SMOOTHIE_SHOP
96163979,0,ReCurSiON,1,53471.0,41083.0,4,262,9,4,0,143,0,0,37,20,6,10,-1,12,0,0,265,0,0,28,6,67,43,19,13,13,1,25,13,1,0,7,FARMERS_MARKET|BAKERY|BAKERY|PIZZA_SHOP|ICE_CREAM_SHOP|BAKERY|BAKERY|PET_CAFE
96163979,1,StackKnight,0,41083.0,53471.0,5,277,8,6,0,125,5,0,42,12,6,11,-1,1,51,0,332,0,0,57,0,57,43,19,13,13,1,25,13,1,0,7,FARMERS_MARKET|BAKERY|BAKERY|PIZZA_SHOP|ICE_CREAM_SHOP|BAKERY|BAKERY|PET_CAFE
96166242,0,Rayk Kretzschmar,0,50759.0,60443.0,5,277,10,4,0,125,8,0,42,12,6,11,-1,3,26,0,371,0,0,51,0,192,31,37,19,25,1,7,19,1,0,10,FARMERS_MARKET|PIZZA_SHOP|BAKERY|PET_CAFE|FARMERS_MARKET|ICE_CREAM_SHOP|PET_CAFE|SMOOTHIE_SHOP
96166242,1,Ryo Hasegawa,1,60443.0,50759.0,5,290,8,3,0,151,15,0,36,11,6,10,-1,23,20,0,158,3,0,38,0,49,31,37,19,25,1,7,19,1,0,10,FARMERS_MARKET|PIZZA_SHOP|BAKERY|PET_CAFE|FARMERS_MARKET|ICE_CREAM_SHOP|PET_CAFE|SMOOTHIE_SHOP
96168352,0,James Holland,0,51988.0,52052.0,5,278,10,4,0,123,5,0,42,12,6,11,-1,3,22,0,304,0,0,26,0,123,49,1,19,19,1,19,31,1,0,7,BAKERY|PIZZA_SHOP|BAKERY|ICE_CREAM_SHOP|BRUNCH_SPOT|PIZZA_SHOP|ICE_CREAM_SHOP|PIZZA_SHOP
96168352,1,Kaan Dınız,1,52052.0,51988.0,5,277,10,4,0,133,13,0,38,12,6,11,-1,2,15,0,284,0,0,59,0,197,49,1,19,19,1,19,31,1,0,7,BAKERY|PIZZA_SHOP|BAKERY|ICE_CREAM_SHOP|BRUNCH_SPOT|PIZZA_SHOP|ICE_CREAM_SHOP|PIZZA_SHOP
96168521,0,James Holland,1,110636.0,109875.0,5,278,10,4,0,123,5,0,42,12,6,11,-1,3,25,0,304,0,0,26,0,123,31,19,13,25,1,7,25,13,0,1,PIZZA_SHOP|SMOOTHIE_SHOP|PET_CAFE|ICE_CREAM_SHOP|ICE_CREAM_SHOP|FARMERS_MARKET|YARN_STORE|BAKERY
96168521,1,Charles Backman on LinkedIn,0,109875.0,110636.0,5,278,10,4,0,123,5,0,42,12,6,11,-1,3,17,0,302,0,0,26,0,123,31,19,13,25,1,7,25,13,0,1,PIZZA_SHOP|SMOOTHIE_SHOP|PET_CAFE|ICE_CREAM_SHOP|ICE_CREAM_SHOP|FARMERS_MARKET|YARN_STORE|BAKERY
96168532,0,SaiKushal185,1,81742.0,80158.0,5,277,10,4,0,129,5,0,42,12,6,11,-1,3,14,0,279,0,0,46,0,57,7,31,7,31,1,1,25,13,0,12,SMOOTHIE_SHOP|FARMERS_MARKET|PET_CAFE|PET_CAFE|SMOOTHIE_SHOP|YARN_STORE|SMOOTHIE_SHOP|SMOOTHIE_SHOP
96168532,1,lucaskna,0,80158.0,81742.0,5,277,10,4,0,118,15,0,42,12,6,11,-1,0,4,0,368,0,0,11,0,74,7,31,7,31,1,1,25,13,0,12,SMOOTHIE_SHOP|FARMERS_MARKET|PET_CAFE|PET_CAFE|SMOOTHIE_SHOP|YARN_STORE|SMOOTHIE_SHOP|SMOOTHIE_SHOP
96170634,0,Kaan Dınız,1,64983.0,64962.0,5,277,10,4,0,133,13,0,38,12,6,11,-1,8,18,0,299,0,0,53,0,188,37,13,25,13,1,7,31,13,0,5,PET_CAFE|PIZZA_SHOP|PIZZA_SHOP|BRUNCH_SPOT|PIZZA_SHOP|YARN_STORE|PIZZA_SHOP|ICE_CREAM_SHOP
96170634,1,Michael Timbs,0,64962.0,64983.0,5,277,10,4,0,125,15,0,42,12,6,11,-1,16,11,0,343,0,0,39,0,95,37,13,25,13,1,7,31,13,0,5,PET_CAFE|PIZZA_SHOP|PIZZA_SHOP|BRUNCH_SPOT|PIZZA_SHOP|YARN_STORE|PIZZA_SHOP|ICE_CREAM_SHOP
96170791,0,Xiaowenhao404,1,73745.0,73432.0,5,277,10,4,0,128,15,0,42,12,6,11,-1,25,13,0,631,0,0,67,10,150,31,7,19,19,1,13,19,25,0,13,BAKERY|FARMERS_MARKET|SMOOTHIE_SHOP|YARN_STORE|BRUNCH_SPOT|PIZZA_SHOP|PIZZA_SHOP|YARN_STORE
96170791,1,SaiKushal185,0,73432.0,73745.0,5,277,10,4,0,129,5,0,42,12,6,11,-1,3,12,0,279,0,0,50,0,57,31,7,19,19,1,13,19,25,0,13,BAKERY|FARMERS_MARKET|SMOOTHIE_SHOP|YARN_STORE|BRUNCH_SPOT|PIZZA_SHOP|PIZZA_SHOP|YARN_STORE
96170803,0,peikopon,1,88938.0,85365.0,5,278,10,4,0,125,5,2,36,12,6,11,-1,1,5,0,485,0,4,26,0,124,49,7,7,43,1,43,1,1,0,3,FARMERS_MARKET|BRUNCH_SPOT|BRUNCH_SPOT|BRUNCH_SPOT|BAKERY|BRUNCH_SPOT|BRUNCH_SPOT|BRUNCH_SPOT
96170803,1,Ozi,0,85365.0,88938.0,5,277,8,6,0,125,5,0,42,12,6,11,-1,1,47,0,371,0,0,50,0,199,49,7,7,43,1,43,1,1,0,3,FARMERS_MARKET|BRUNCH_SPOT|BRUNCH_SPOT|BRUNCH_SPOT|BAKERY|BRUNCH_SPOT|BRUNCH_SPOT|BRUNCH_SPOT
96172922,0,James Holland,1,26958.0,26555.0,5,278,10,4,0,123,5,0,42,12,6,11,-1,3,23,0,304,0,0,26,0,113,31,25,7,7,1,25,13,1,0,0,BAKERY|BAKERY|PET_CAFE|PET_CAFE|BAKERY|PIZZA_SHOP|BAKERY|SMOOTHIE_SHOP
96172922,1,Kaan Dınız,0,26555.0,26958.0,5,277,8,6,0,133,13,0,38,12,6,11,-1,3,42,0,284,0,0,56,0,197,31,25,7,7,1,25,13,1,0,0,BAKERY|BAKERY|PET_CAFE|PET_CAFE|BAKERY|PIZZA_SHOP|BAKERY|SMOOTHIE_SHOP
96175405,0,Kobe BRYANT,1,62123.0,60818.0,5,277,8,6,0,132,6,0,38,12,6,11,-1,0,11,0,527,0,0,46,0,191,31,25,1,25,1,19,19,1,0,1,PET_CAFE|SMOOTHIE_SHOP|BRUNCH_SPOT|PET_CAFE|ICE_CREAM_SHOP|BAKERY|BAKERY|ICE_CREAM_SHOP
96175405,1,SaiKushal185,0,60818.0,62123.0,5,277,10,4,0,129,5,0,42,12,6,11,-1,3,14,0,279,0,0,106,0,57,31,25,1,25,1,19,19,1,0,1,PET_CAFE|SMOOTHIE_SHOP|BRUNCH_SPOT|PET_CAFE|ICE_CREAM_SHOP|BAKERY|BAKERY|ICE_CREAM_SHOP
96179934,0,Kenjo1209,0,72505.0,74214.0,5,277,6,12,0,137,2,0,34,20,6,11,12,43,65,0,568,0,0,76,9,258,25,31,13,25,1,13,13,13,0,0,YARN_STORE|PIZZA_SHOP|PET_CAFE|SMOOTHIE_SHOP|BRUNCH_SPOT|BRUNCH_SPOT|FARMERS_MARKET|PET_CAFE
96179934,1,Xiaowenhao404,1,74214.0,72505.0,5,277,6,12,0,142,10,0,42,12,6,11,12,22,46,0,1122,0,0,46,4,125,25,31,13,25,1,13,13,13,0,0,YARN_STORE|PIZZA_SHOP|PET_CAFE|SMOOTHIE_SHOP|BRUNCH_SPOT|BRUNCH_SPOT|FARMERS_MARKET|PET_CAFE
96179949,0,MiMi,0,101920.0,112916.0,5,294,5,10,0,173,12,0,32,22,5,10,12,3,0,0,276,0,0,31,11,29,19,13,1,25,1,7,19,37,0,11,YARN_STORE|BRUNCH_SPOT|YARN_STORE|PET_CAFE|ICE_CREAM_SHOP|YARN_STORE|ICE_CREAM_SHOP|SMOOTHIE_SHOP
96179949,1,Excluding,1,112916.0,101920.0,5,294,3,13,0,154,0,2,31,13,6,10,-1,13,110,0,222,0,2,14,12,15,19,13,1,25,1,7,19,37,0,11,YARN_STORE|BRUNCH_SPOT|YARN_STORE|PET_CAFE|ICE_CREAM_SHOP|YARN_STORE|ICE_CREAM_SHOP|SMOOTHIE_SHOP
96179953,0,Victor @ Tufa Labs,0,85628.0,91803.0,5,277,10,4,0,124,5,0,42,12,6,11,-1,26,3,0,1853,0,0,28,0,28,31,13,7,25,1,7,31,13,0,2,BAKERY|ICE_CREAM_SHOP|SMOOTHIE_SHOP|YARN_STORE|PET_CAFE|ICE_CREAM_SHOP|PIZZA_SHOP|ICE_CREAM_SHOP
96179953,1,Hello San Francisco,1,91803.0,85628.0,5,277,10,4,0,133,13,0,42,12,6,11,-1,119,23,0,411,6,0,99,2,118,31,13,7,25,1,7,31,13,0,2,BAKERY|ICE_CREAM_SHOP|SMOOTHIE_SHOP|YARN_STORE|PET_CAFE|ICE_CREAM_SHOP|PIZZA_SHOP|ICE_CREAM_SHOP
96182074,0,Kaan Dınız,1,99806.0,97878.0,5,277,8,6,0,133,13,0,38,12,6,11,-1,3,42,0,284,0,0,56,0,197,37,7,7,43,1,13,25,13,0,9,BRUNCH_SPOT|FARMERS_MARKET|BRUNCH_SPOT|ICE_CREAM_SHOP|ICE_CREAM_SHOP|ICE_CREAM_SHOP|SMOOTHIE_SHOP|YARN_STORE
96182074,1,SaiKushal185,0,97878.0,99806.0,5,277,8,6,0,129,5,0,42,12,6,11,-1,0,51,0,294,0,0,43,0,55,37,7,7,43,1,13,25,13,0,9,BRUNCH_SPOT|FARMERS_MARKET|BRUNCH_SPOT|ICE_CREAM_SHOP|ICE_CREAM_SHOP|ICE_CREAM_SHOP|SMOOTHIE_SHOP|YARN_STORE
96184487,0,Izzoudine Mohamed KANTA,1,140777.0,135839.0,5,277,10,4,0,132,6,0,38,12,6,11,-1,3,5,0,480,0,0,54,0,195,37,1,7,31,1,13,37,1,0,8,PIZZA_SHOP|ICE_CREAM_SHOP|SMOOTHIE_SHOP|SMOOTHIE_SHOP|ICE_CREAM_SHOP|ICE_CREAM_SHOP|BAKERY|BAKERY
96184487,1,ReCurSiON,0,135839.0,140777.0,4,262,9,4,0,143,0,0,37,20,6,10,-1,12,0,0,265,0,0,28,6,67,37,1,7,31,1,13,37,1,0,8,PIZZA_SHOP|ICE_CREAM_SHOP|SMOOTHIE_SHOP|SMOOTHIE_SHOP|ICE_CREAM_SHOP|ICE_CREAM_SHOP|BAKERY|BAKERY
96186647,0,Kaan Dınız,0,79684.0,82935.0,5,277,6,12,0,136,9,0,42,12,6,11,12,21,0,0,404,0,0,56,2,204,37,19,37,25,1,1,25,13,0,5,YARN_STORE|FARMERS_MARKET|PIZZA_SHOP|PIZZA_SHOP|FARMERS_MARKET|FARMERS_MARKET|SMOOTHIE_SHOP|PIZZA_SHOP
96186647,1,Seb (allegedly),1,82935.0,79684.0,7,306,5,12,0,115,0,0,21,19,4,8,-1,5,18,0,246,0,0,22,0,29,37,19,37,25,1,1,25,13,0,5,YARN_STORE|FARMERS_MARKET|PIZZA_SHOP|PIZZA_SHOP|FARMERS_MARKET|FARMERS_MARKET|SMOOTHIE_SHOP|PIZZA_SHOP
96188943,0,Kaan Dınız,1,98631.0,97288.0,5,277,6,12,0,136,9,0,42,12,6,11,12,21,0,0,404,0,0,64,2,202,25,13,7,19,1,19,19,13,0,1,YARN_STORE|SMOOTHIE_SHOP|BAKERY|BRUNCH_SPOT|SMOOTHIE_SHOP|PIZZA_SHOP|BAKERY|PET_CAFE
96188943,1,Ryo Hasegawa,0,97288.0,98631.0,5,290,6,7,0,163,0,0,45,11,6,9,-1,0,12,0,173,0,0,31,0,96,25,13,7,19,1,19,19,13,0,1,YARN_STORE|SMOOTHIE_SHOP|BAKERY|BRUNCH_SPOT|SMOOTHIE_SHOP|PIZZA_SHOP|BAKERY|PET_CAFE
96191238,0,Seb (allegedly),1,95476.0,91287.0,7,300,5,15,0,104,0,0,21,19,4,8,-1,14,5,0,228,0,0,16,18,21,31,19,13,25,1,7,19,25,0,13,PET_CAFE|YARN_STORE|YARN_STORE|FARMERS_MARKET|BRUNCH_SPOT|PIZZA_SHOP|ICE_CREAM_SHOP|ICE_CREAM_SHOP
96191238,1,Kaan Dınız,0,91287.0,95476.0,5,277,6,12,0,152,4,0,34,17,6,11,12,12,0,0,620,0,0,44,0,246,31,19,13,25,1,7,19,25,0,13,PET_CAFE|YARN_STORE|YARN_STORE|FARMERS_MARKET|BRUNCH_SPOT|PIZZA_SHOP|ICE_CREAM_SHOP|ICE_CREAM_SHOP
96191412,0,u,1,61499.0,57272.0,5,277,6,8,0,125,5,0,38,16,6,11,-1,5,72,0,401,0,0,88,8,215,19,49,13,7,1,1,19,13,0,10,PET_CAFE|PET_CAFE|YARN_STORE|PIZZA_SHOP|PET_CAFE|ICE_CREAM_SHOP|PIZZA_SHOP|PET_CAFE
96191412,1,Kostiantyn Isaienkov,0,57272.0,61499.0,5,277,6,6,2,154,12,0,19,12,6,11,-1,0,63,12,344,0,0,21,0,229,19,49,13,7,1,1,19,13,0,10,PET_CAFE|PET_CAFE|YARN_STORE|PIZZA_SHOP|PET_CAFE|ICE_CREAM_SHOP|PIZZA_SHOP|PET_CAFE
96193677,0,Kostiantyn Isaienkov,0,116014.0,124940.0,5,277,10,4,0,135,14,0,34,20,6,11,-1,21,9,0,522,0,0,16,10,134,25,1,7,25,1,19,19,25,0,14,SMOOTHIE_SHOP|PIZZA_SHOP|BRUNCH_SPOT|YARN_STORE|SMOOTHIE_SHOP|BRUNCH_SPOT|BAKERY|YARN_STORE
96193677,1,ReCurSiON,1,124940.0,116014.0,4,262,9,4,0,143,0,0,37,15,6,10,-1,12,12,0,265,0,0,28,6,67,25,1,7,25,1,19,19,25,0,14,SMOOTHIE_SHOP|PIZZA_SHOP|BRUNCH_SPOT|YARN_STORE|SMOOTHIE_SHOP|BRUNCH_SPOT|BAKERY|YARN_STORE
96195799,0,Efe Can Celiksoy,0,87662.0,88120.0,5,277,10,4,0,126,16,0,42,12,6,11,-1,9,21,0,435,0,0,24,0,193,19,13,7,25,1,7,25,25,0,2,BRUNCH_SPOT|PET_CAFE|SMOOTHIE_SHOP|SMOOTHIE_SHOP|YARN_STORE|ICE_CREAM_SHOP|YARN_STORE|PIZZA_SHOP
96195799,1,Kaan Dınız,1,88120.0,87662.0,5,277,10,4,0,133,13,0,38,12,6,11,-1,8,18,0,284,0,0,56,0,197,19,13,7,25,1,7,25,25,0,2,BRUNCH_SPOT|PET_CAFE|SMOOTHIE_SHOP|SMOOTHIE_SHOP|YARN_STORE|ICE_CREAM_SHOP|YARN_STORE|PIZZA_SHOP
96198076,0,Kaan Dınız,1,54410.0,47151.0,5,277,8,6,0,133,13,0,38,12,6,11,-1,3,42,0,284,0,0,56,0,197,19,13,1,19,1,19,13,25,0,11,BAKERY|BAKERY|PET_CAFE|SMOOTHIE_SHOP|SMOOTHIE_SHOP|YARN_STORE|YARN_STORE|BRUNCH_SPOT
96198076,1,James Holland,0,47151.0,54410.0,5,278,10,4,0,123,5,0,42,12,6,11,-1,0,21,0,316,0,0,26,0,110,19,13,1,19,1,19,13,25,0,11,BAKERY|BAKERY|PET_CAFE|SMOOTHIE_SHOP|SMOOTHIE_SHOP|YARN_STORE|YARN_STORE|BRUNCH_SPOT
96198235,0,peikopon,0,77155.0,84132.0,5,277,10,4,0,100,34,2,32,20,6,11,-1,37,2,0,496,0,0,14,12,140,31,37,19,25,1,1,19,13,0,10,PIZZA_SHOP|ICE_CREAM_SHOP|FARMERS_MARKET|PET_CAFE|PET_CAFE|FARMERS_MARKET|ICE_CREAM_SHOP|YARN_STORE
96198235,1,Excluding,1,84132.0,77155.0,5,300,14,2,0,127,0,11,31,13,6,10,-1,51,1,0,233,0,29,11,12,19,31,37,19,25,1,1,19,13,0,10,PIZZA_SHOP|ICE_CREAM_SHOP|FARMERS_MARKET|PET_CAFE|PET_CAFE|FARMERS_MARKET|ICE_CREAM_SHOP|YARN_STORE
96198237,0,Seb (allegedly),0,100965.0,103051.0,7,303,5,13,0,115,0,0,21,19,4,8,-1,38,19,0,207,0,0,14,6,18,19,13,1,25,1,13,13,37,0,11,PET_CAFE|YARN_STORE|ICE_CREAM_SHOP|YARN_STORE|BRUNCH_SPOT|SMOOTHIE_SHOP|BRUNCH_SPOT|YARN_STORE
96198237,1,カワシギ,1,103051.0,100965.0,5,277,6,12,0,162,12,0,34,20,6,11,12,30,0,0,664,0,0,4,10,199,19,13,1,25,1,13,13,37,0,11,PET_CAFE|YARN_STORE|ICE_CREAM_SHOP|YARN_STORE|BRUNCH_SPOT|SMOOTHIE_SHOP|BRUNCH_SPOT|YARN_STORE
96198246,0,tetsuya,1,101340.0,94682.0,6,310,5,10,0,135,26,0,30,15,7,10,-1,18,9,0,118,0,0,18,0,130,7,13,1,13,1,7,13,49,0,11,SMOOTHIE_SHOP|YARN_STORE|BAKERY|YARN_STORE|PET_CAFE|YARN_STORE|YARN_STORE|SMOOTHIE_SHOP
96198246,1,Ryo Hasegawa,0,94682.0,101340.0,5,290,6,10,0,195,0,0,25,11,5,10,-1,28,5,0,230,0,0,22,0,77,7,13,1,13,1,7,13,49,0,11,SMOOTHIE_SHOP|YARN_STORE|BAKERY|YARN_STORE|PET_CAFE|YARN_STORE|YARN_STORE|SMOOTHIE_SHOP
96198249,0,Arman Tuganbaev,0,124311.0,155457.0,2,251,8,4,0,136,0,0,39,26,7,9,-1,35,23,0,188,0,0,57,108,111,31,7,7,49,1,13,31,1,0,8,SMOOTHIE_SHOP|BRUNCH_SPOT|ICE_CREAM_SHOP|FARMERS_MARKET|SMOOTHIE_SHOP|ICE_CREAM_SHOP|SMOOTHIE_SHOP|BRUNCH_SPOT
96198249,1,Excluding,1,155457.0,124311.0,5,299,13,3,0,77,0,7,45,17,6,10,-1,20,15,0,116,0,4,101,6,17,31,7,7,49,1,13,31,1,0,8,SMOOTHIE_SHOP|BRUNCH_SPOT|ICE_CREAM_SHOP|FARMERS_MARKET|SMOOTHIE_SHOP|ICE_CREAM_SHOP|SMOOTHIE_SHOP|BRUNCH_SPOT
96198251,0,Subramanya N,1,75118.0,68833.0,6,303,5,2,7,94,17,0,41,22,6,10,-1,30,8,25,91,6,0,98,32,27,37,25,13,31,1,25,7,1,0,3,SMOOTHIE_SHOP|BRUNCH_SPOT|BAKERY|PET_CAFE|BAKERY|FARMERS_MARKET|FARMERS_MARKET|BRUNCH_SPOT
96198251,1,Izzoudine Mohamed KANTA,0,68833.0,75118.0,5,277,8,6,0,132,6,0,38,12,6,11,-1,0,6,0,536,0,0,54,0,192,37,25,13,31,1,25,7,1,0,3,SMOOTHIE_SHOP|BRUNCH_SPOT|BAKERY|PET_CAFE|BAKERY|FARMERS_MARKET|FARMERS_MARKET|BRUNCH_SPOT
96200359,0,Kaan Dınız,0,115094.0,115389.0,5,277,10,4,0,133,13,0,38,12,6,11,-1,2,17,0,284,0,0,59,0,197,19,7,13,31,1,1,31,25,0,2,PIZZA_SHOP|SMOOTHIE_SHOP|FARMERS_MARKET|YARN_STORE|SMOOTHIE_SHOP|YARN_STORE|SMOOTHIE_SHOP|ICE_CREAM_SHOP
96200359,1,Arda Ceylan,1,115389.0,115094.0,5,276,10,4,0,125,8,0,42,12,6,11,-1,100,32,0,328,5,0,129,8,121,19,7,13,31,1,1,31,25,0,2,PIZZA_SHOP|SMOOTHIE_SHOP|FARMERS_MARKET|YARN_STORE|SMOOTHIE_SHOP|YARN_STORE|SMOOTHIE_SHOP|ICE_CREAM_SHOP
96200487,0,Kobe BRYANT,1,61904.0,60276.0,5,277,10,4,0,132,6,0,38,12,6,11,-1,0,4,0,501,0,0,48,0,189,31,31,19,19,1,13,13,13,0,0,PIZZA_SHOP|PIZZA_SHOP|PET_CAFE|BRUNCH_SPOT|BRUNCH_SPOT|PET_CAFE|FARMERS_MARKET|YARN_STORE
96200487,1,SaiKushal185,0,60276.0,61904.0,5,277,10,4,0,129,5,0,42,12,6,11,-1,3,14,0,279,0,0,106,0,57,31,31,19,19,1,13,13,13,0,0,PIZZA_SHOP|PIZZA_SHOP|PET_CAFE|BRUNCH_SPOT|BRUNCH_SPOT|PET_CAFE|FARMERS_MARKET|YARN_STORE
96202643,0,peikopon,0,109103.0,109232.0,5,278,10,4,0,115,20,2,36,12,6,11,-1,3,5,0,349,0,0,26,0,124,37,19,19,43,1,7,25,1,0,6,FARMERS_MARKET|ICE_CREAM_SHOP|SMOOTHIE_SHOP|FARMERS_MARKET|SMOOTHIE_SHOP|BAKERY|FARMERS_MARKET|ICE_CREAM_SHOP
96202643,1,Kaan Dınız,1,109232.0,109103.0,5,277,10,4,0,133,13,0,38,12,6,11,-1,8,18,0,284,0,0,56,0,197,37,19,19,43,1,7,25,1,0,6,FARMERS_MARKET|ICE_CREAM_SHOP|SMOOTHIE_SHOP|FARMERS_MARKET|SMOOTHIE_SHOP|BAKERY|FARMERS_MARKET|ICE_CREAM_SHOP
96204909,0,Arda Ceylan,0,109678.0,117380.0,5,277,6,12,0,136,9,0,42,12,6,11,12,22,0,0,408,0,0,81,2,199,43,1,1,31,1,25,19,13,0,9,YARN_STORE|ICE_CREAM_SHOP|BRUNCH_SPOT|ICE_CREAM_SHOP|ICE_CREAM_SHOP|BAKERY|BAKERY|BRUNCH_SPOT
96204909,1,SaiKushal185,1,117380.0,109678.0,5,277,6,12,0,130,1,0,42,12,6,11,12,16,0,0,447,0,0,37,2,69,43,1,1,31,1,25,19,13,0,9,YARN_STORE|ICE_CREAM_SHOP|BRUNCH_SPOT|ICE_CREAM_SHOP|ICE_CREAM_SHOP|BAKERY|BAKERY|BRUNCH_SPOT
96204935,0,James Holland,0,73476.0,95220.0,5,278,10,4,0,123,5,0,42,12,6,11,-1,3,19,0,304,0,0,26,0,113,37,13,19,25,1,13,13,25,0,13,FARMERS_MARKET|PIZZA_SHOP|YARN_STORE|FARMERS_MARKET|YARN_STORE|BAKERY|ICE_CREAM_SHOP|BRUNCH_SPOT
96204935,1,Kaan Dınız,1,95220.0,73476.0,5,277,6,8,0,133,13,0,38,12,6,11,-1,0,67,0,284,0,0,56,0,197,37,13,19,25,1,13,13,25,0,13,FARMERS_MARKET|PIZZA_SHOP|YARN_STORE|FARMERS_MARKET|YARN_STORE|BAKERY|ICE_CREAM_SHOP|BRUNCH_SPOT
96207200,0,Arda Ceylan,0,116128.0,119676.0,5,276,10,4,0,127,8,0,42,12,6,11,-1,97,32,0,353,5,0,135,8,132,25,19,13,37,1,1,37,1,0,8,PET_CAFE|ICE_CREAM_SHOP|SMOOTHIE_SHOP|FARMERS_MARKET|SMOOTHIE_SHOP|SMOOTHIE_SHOP|PIZZA_SHOP|ICE_CREAM_SHOP
96207200,1,Efe Can Celiksoy,1,119676.0,116128.0,5,277,10,4,0,126,16,0,42,12,6,11,-1,9,21,0,435,0,0,29,0,192,25,19,13,37,1,1,37,1,0,8,PET_CAFE|ICE_CREAM_SHOP|SMOOTHIE_SHOP|FARMERS_MARKET|SMOOTHIE_SHOP|SMOOTHIE_SHOP|PIZZA_SHOP|ICE_CREAM_SHOP
96209519,0,Seb (allegedly),1,95312.0,88347.0,7,306,6,15,0,127,0,0,30,19,4,8,10,11,3,0,210,0,0,9,0,26,19,37,19,19,1,1,13,25,0,10,YARN_STORE|SMOOTHIE_SHOP|PET_CAFE|FARMERS_MARKET|YARN_STORE|PET_CAFE|PIZZA_SHOP|FARMERS_MARKET
96209519,1,Kaan Dınız,0,88347.0,95312.0,5,277,6,12,0,136,9,0,42,12,6,11,12,21,0,0,404,0,0,64,2,202,19,37,19,19,1,1,13,25,0,10,YARN_STORE|SMOOTHIE_SHOP|PET_CAFE|FARMERS_MARKET|YARN_STORE|PET_CAFE|PIZZA_SHOP|FARMERS_MARKET
96211799,0,Kaan Dınız,1,111226.0,95375.0,5,277,6,12,0,152,4,0,34,17,6,11,12,12,0,0,617,0,0,43,0,250,13,13,13,7,1,1,19,49,0,11,SMOOTHIE_SHOP|YARN_STORE|YARN_STORE|PIZZA_SHOP|PET_CAFE|YARN_STORE|YARN_STORE|PIZZA_SHOP
96211799,1,Kostiantyn Isaienkov,0,95375.0,111226.0,5,277,6,8,0,131,12,0,42,12,6,11,-1,0,77,0,377,0,0,57,0,166,13,13,13,7,1,1,19,49,0,11,SMOOTHIE_SHOP|YARN_STORE|YARN_STORE|PIZZA_SHOP|PET_CAFE|YARN_STORE|YARN_STORE|PIZZA_SHOP
96214077,0,Kaan Dınız,0,91316.0,94890.0,5,277,6,12,0,136,9,0,42,12,6,11,12,21,0,0,400,0,0,60,2,202,31,19,13,25,1,7,25,13,0,1,YARN_STORE|ICE_CREAM_SHOP|FARMERS_MARKET|BAKERY|PIZZA_SHOP|ICE_CREAM_SHOP|SMOOTHIE_SHOP|PET_CAFE
96214077,1,SaiKushal185,1,94890.0,91316.0,5,277,6,12,0,130,1,0,42,12,6,11,12,13,0,0,448,0,0,98,2,72,31,19,13,25,1,7,25,13,0,1,YARN_STORE|ICE_CREAM_SHOP|FARMERS_MARKET|BAKERY|PIZZA_SHOP|ICE_CREAM_SHOP|SMOOTHIE_SHOP|PET_CAFE
96214168,0,James Holland,0,77795.0,80701.0,5,277,6,12,0,141,7,0,34,12,6,11,12,7,4,0,678,0,0,29,0,239,25,7,13,19,1,13,13,37,0,11,YARN_STORE|YARN_STORE|YARN_STORE|BAKERY|BRUNCH_SPOT|PIZZA_SHOP|FARMERS_MARKET|SMOOTHIE_SHOP
96214168,1,bplyc15,1,80701.0,77795.0,5,277,6,12,0,130,1,0,42,12,6,11,12,18,0,0,436,0,0,66,2,195,25,7,13,19,1,13,13,37,0,11,YARN_STORE|YARN_STORE|YARN_STORE|BAKERY|BRUNCH_SPOT|PIZZA_SHOP|FARMERS_MARKET|SMOOTHIE_SHOP
96214189,0,SaiKushal185,0,90798.0,91446.0,5,277,6,12,0,130,1,0,42,12,6,11,12,13,0,0,447,0,0,47,2,69,25,19,25,25,1,1,13,37,0,13,YARN_STORE|FARMERS_MARKET|YARN_STORE|YARN_STORE|FARMERS_MARKET|PIZZA_SHOP|FARMERS_MARKET|SMOOTHIE_SHOP
96214189,1,lucaskna,1,91446.0,90798.0,5,277,6,12,0,128,1,0,42,12,6,11,12,3,0,0,525,0,0,68,2,72,25,19,25,25,1,1,13,37,0,13,YARN_STORE|FARMERS_MARKET|YARN_STORE|YARN_STORE|FARMERS_MARKET|PIZZA_SHOP|FARMERS_MARKET|SMOOTHIE_SHOP
96214210,0,Ryo Hasegawa,1,71486.0,62200.0,5,290,6,7,0,153,0,0,36,11,6,10,-1,34,26,0,128,0,0,69,0,73,37,25,25,19,1,13,13,13,0,4,FARMERS_MARKET|PET_CAFE|YARN_STORE|PIZZA_SHOP|FARMERS_MARKET|BRUNCH_SPOT|BAKERY|PIZZA_SHOP
96214210,1,Hello San Francisco,0,62200.0,71486.0,5,277,6,8,0,133,13,0,42,12,6,11,-1,72,95,0,409,6,0,103,2,117,37,25,25,19,1,13,13,13,0,4,FARMERS_MARKET|PET_CAFE|YARN_STORE|PIZZA_SHOP|FARMERS_MARKET|BRUNCH_SPOT|BAKERY|PIZZA_SHOP
96216328,0,Arda Ceylan,1,97766.0,95613.0,5,277,6,8,0,129,8,0,42,12,6,11,-1,52,64,0,354,0,0,52,0,192,25,13,1,25,1,25,7,25,0,14,SMOOTHIE_SHOP|BRUNCH_SPOT|YARN_STORE|BAKERY|PET_CAFE|BRUNCH_SPOT|YARN_STORE|BRUNCH_SPOT
96216328,1,Xiaowenhao404,0,95613.0,97766.0,5,277,6,8,0,131,13,0,42,12,6,11,-1,19,32,0,813,1,0,97,10,163,25,13,1,25,1,25,7,25,0,14,SMOOTHIE_SHOP|BRUNCH_SPOT|YARN_STORE|BAKERY|PET_CAFE|BRUNCH_SPOT|YARN_STORE|BRUNCH_SPOT
96216355,0,peikopon,0,76692.0,81496.0,5,277,6,13,0,108,27,0,34,20,6,11,12,3,4,0,771,0,0,31,1,248,19,13,7,7,1,13,7,49,0,11,PET_CAFE|YARN_STORE|YARN_STORE|YARN_STORE|YARN_STORE|BRUNCH_SPOT|BAKERY|PIZZA_SHOP
96216355,1,Kaan Dınız,1,81496.0,76692.0,5,277,6,12,0,152,4,0,34,17,6,11,12,12,0,0,620,0,0,43,0,250,19,13,7,7,1,13,7,49,0,11,PET_CAFE|YARN_STORE|YARN_STORE|YARN_STORE|YARN_STORE|BRUNCH_SPOT|BAKERY|PIZZA_SHOP
96216450,0,Xiaowenhao404,0,94253.0,96837.0,5,277,8,6,0,128,13,0,42,12,6,11,-1,38,54,0,974,0,0,17,0,154,49,13,13,49,1,31,7,1,0,3,BRUNCH_SPOT|FARMERS_MARKET|BRUNCH_SPOT|BRUNCH_SPOT|FARMERS_MARKET|BRUNCH_SPOT|ICE_CREAM_SHOP|BRUNCH_SPOT
96216450,1,Excluding,1,96837.0,94253.0,5,299,7,4,0,104,0,10,44,13,6,10,-1,53,16,0,172,0,29,104,20,4,49,13,13,49,1,31,7,1,0,3,BRUNCH_SPOT|FARMERS_MARKET|BRUNCH_SPOT|BRUNCH_SPOT|FARMERS_MARKET|BRUNCH_SPOT|ICE_CREAM_SHOP|BRUNCH_SPOT
96216457,0,Ryo Hasegawa,1,93764.0,76237.0,5,290,7,7,0,147,0,0,37,11,6,10,-1,49,0,0,164,0,0,67,0,88,31,19,19,25,1,13,7,25,0,13,BAKERY|SMOOTHIE_SHOP|YARN_STORE|FARMERS_MARKET|FARMERS_MARKET|BAKERY|FARMERS_MARKET|YARN_STORE
96216457,1,Ozi,0,76237.0,93764.0,5,277,10,4,0,135,14,0,34,20,6,11,-1,30,11,0,474,3,0,37,12,158,31,19,19,25,1,13,7,25,0,13,BAKERY|SMOOTHIE_SHOP|YARN_STORE|FARMERS_MARKET|FARMERS_MARKET|BAKERY|FARMERS_MARKET|YARN_STORE
96216471,0,Xiaowenhao404,0,121237.0,127342.0,5,277,6,12,0,142,11,0,42,12,6,11,12,0,23,0,1124,0,0,44,10,128,31,13,19,31,1,1,25,25,0,2,PIZZA_SHOP|YARN_STORE|SMOOTHIE_SHOP|YARN_STORE|FARMERS_MARKET|ICE_CREAM_SHOP|ICE_CREAM_SHOP|FARMERS_MARKET
96216471,1,MiMi,1,127342.0,121237.0,5,295,9,9,0,161,13,8,30,12,5,10,12,14,3,0,351,0,0,10,0,33,31,13,19,31,1,1,25,25,0,2,PIZZA_SHOP|YARN_STORE|SMOOTHIE_SHOP|YARN_STORE|FARMERS_MARKET|ICE_CREAM_SHOP|ICE_CREAM_SHOP|FARMERS_MARKET
96218644,0,Kaan Dınız,1,53128.0,51942.0,5,277,10,4,0,133,13,0,38,12,6,11,-1,2,17,0,284,0,0,59,0,197,43,19,31,31,1,13,19,1,0,4,BAKERY|PIZZA_SHOP|FARMERS_MARKET|FARMERS_MARKET|PIZZA_SHOP|BRUNCH_SPOT|FARMERS_MARKET|SMOOTHIE_SHOP
96218644,1,Rorical,0,51942.0,53128.0,5,277,10,4,0,133,13,0,42,12,6,11,-1,9,22,0,273,0,0,54,0,60,43,19,31,31,1,13,19,1,0,4,BAKERY|PIZZA_SHOP|FARMERS_MARKET|FARMERS_MARKET|PIZZA_SHOP|BRUNCH_SPOT|FARMERS_MARKET|SMOOTHIE_SHOP
96218746,0,u,0,85625.0,86944.0,5,277,10,4,0,125,5,0,42,12,6,11,-1,3,8,0,418,0,0,47,0,212,25,13,1,31,1,13,25,13,0,1,PET_CAFE|ICE_CREAM_SHOP|BRUNCH_SPOT|SMOOTHIE_SHOP|SMOOTHIE_SHOP|BAKERY|YARN_STORE|ICE_CREAM_SHOP
96218746,1,James Holland,1,86944.0,85625.0,5,278,10,4,0,123,5,0,42,12,6,11,-1,3,25,0,304,0,0,26,0,123,25,13,1,31,1,13,25,13,0,1,PET_CAFE|ICE_CREAM_SHOP|BRUNCH_SPOT|SMOOTHIE_SHOP|SMOOTHIE_SHOP|BAKERY|YARN_STORE|ICE_CREAM_SHOP
96220920,0,Kaan Dınız,1,64235.0,63935.0,5,277,10,4,0,133,13,0,38,12,6,11,-1,8,17,0,284,0,0,56,0,197,37,7,13,19,1,25,13,13,0,14,BRUNCH_SPOT|BAKERY|SMOOTHIE_SHOP|FARMERS_MARKET|PIZZA_SHOP|YARN_STORE|BAKERY|BAKERY
96220920,1,Seb (allegedly),0,63935.0,64235.0,7,304,7,5,0,93,0,0,32,18,4,8,-1,14,16,0,178,0,0,21,0,10,37,7,13,19,1,25,13,13,0,14,BRUNCH_SPOT|BAKERY|SMOOTHIE_SHOP|FARMERS_MARKET|PIZZA_SHOP|YARN_STORE|BAKERY|BAKERY
96223202,0,Kaan Dınız,1,85192.0,75689.0,5,277,6,12,0,152,4,0,34,17,6,11,12,12,0,0,620,0,0,43,0,250,13,25,1,13,1,7,13,37,0,11,PET_CAFE|YARN_STORE|YARN_STORE|ICE_CREAM_SHOP|BAKERY|PET_CAFE|YARN_STORE|SMOOTHIE_SHOP
96223202,1,Kostiantyn Isaienkov,0,75689.0,85192.0,5,277,6,8,0,154,12,0,19,12,6,11,-1,0,95,0,355,0,0,17,0,235,13,25,1,13,1,7,13,37,0,11,PET_CAFE|YARN_STORE|YARN_STORE|ICE_CREAM_SHOP|BAKERY|PET_CAFE|YARN_STORE|SMOOTHIE_SHOP
96225499,0,lucaskna,1,80818.0,73985.0,5,277,6,12,0,145,3,0,34,17,6,11,12,0,0,0,676,0,0,37,0,116,37,1,7,7,1,31,7,25,0,14,YARN_STORE|BAKERY|BAKERY|PIZZA_SHOP|YARN_STORE|BRUNCH_SPOT|BAKERY|BAKERY
96225499,1,Kaan Dınız,0,73985.0,80818.0,5,277,6,12,0,136,9,0,42,12,6,11,12,21,0,0,404,0,0,64,2,202,37,1,7,7,1,31,7,25,0,14,YARN_STORE|BAKERY|BAKERY|PIZZA_SHOP|YARN_STORE|BRUNCH_SPOT|BAKERY|BAKERY
96225590,0,James Holland,0,70307.0,72976.0,5,277,6,12,0,141,7,0,34,12,6,11,12,8,4,0,678,0,0,44,0,239,13,25,1,13,1,13,13,25,0,11,YARN_STORE|PET_CAFE|BAKERY|BAKERY|PET_CAFE|YARN_STORE|SMOOTHIE_SHOP|SMOOTHIE_SHOP
96225590,1,Victor @ Tufa Labs,1,72976.0,70307.0,5,277,6,12,0,133,2,0,34,20,6,11,12,6,4,0,1963,0,0,29,1,156,13,25,1,13,1,13,13,25,0,11,YARN_STORE|PET_CAFE|BAKERY|BAKERY|PET_CAFE|YARN_STORE|SMOOTHIE_SHOP|SMOOTHIE_SHOP
96225622,0,カワシギ,0,75019.0,79128.0,5,277,8,6,0,128,12,0,42,12,6,11,-1,2,11,0,586,0,0,46,10,179,37,19,19,25,1,19,19,1,0,7,BRUNCH_SPOT|FARMERS_MARKET|BAKERY|BRUNCH_SPOT|SMOOTHIE_SHOP|PIZZA_SHOP|PET_CAFE|PIZZA_SHOP
96225622,1,Kobe BRYANT,1,79128.0,75019.0,5,277,6,6,2,132,6,0,38,12,6,11,-1,0,4,13,509,0,0,48,0,189,37,19,19,25,1,19,19,1,0,7,BRUNCH_SPOT|FARMERS_MARKET|BAKERY|BRUNCH_SPOT|SMOOTHIE_SHOP|PIZZA_SHOP|PET_CAFE|PIZZA_SHOP
96227782,0,Kaan Dınız,0,51394.0,52213.0,5,277,8,6,0,133,13,0,38,12,6,11,-1,0,42,0,284,0,0,59,0,197,37,31,7,19,1,25,7,1,0,0,FARMERS_MARKET|BRUNCH_SPOT|PET_CAFE|BAKERY|BAKERY|BAKERY|ICE_CREAM_SHOP|PET_CAFE
96227782,1,lucaskna,1,52213.0,51394.0,5,278,8,6,0,125,5,0,42,12,6,11,-1,0,41,0,437,0,0,54,0,58,37,31,7,19,1,25,7,1,0,0,FARMERS_MARKET|BRUNCH_SPOT|PET_CAFE|BAKERY|BAKERY|BAKERY|ICE_CREAM_SHOP|PET_CAFE
96230076,0,u,0,89380.0,94570.0,5,277,6,8,0,125,5,0,42,12,6,11,-1,0,80,0,381,0,0,64,0,212,19,25,1,25,1,13,19,13,0,12,SMOOTHIE_SHOP|BRUNCH_SPOT|YARN_STORE|PET_CAFE|ICE_CREAM_SHOP|PET_CAFE|BAKERY|SMOOTHIE_SHOP
96230076,1,Kaan Dınız,1,94570.0,89380.0,5,277,6,8,0,133,13,0,38,12,6,11,-1,0,63,0,284,0,0,59,0,197,19,25,1,25,1,13,19,13,0,12,SMOOTHIE_SHOP|BRUNCH_SPOT|YARN_STORE|PET_CAFE|ICE_CREAM_SHOP|PET_CAFE|BAKERY|SMOOTHIE_SHOP
96230138,0,カワシギ,0,59646.0,68858.0,5,277,10,4,0,124,15,0,42,12,6,11,-1,33,2,0,564,0,0,46,10,200,25,43,7,31,1,7,19,1,0,10,PET_CAFE|PET_CAFE|ICE_CREAM_SHOP|BRUNCH_SPOT|ICE_CREAM_SHOP|FARMERS_MARKET|PET_CAFE|SMOOTHIE_SHOP
96230138,1,Izzoudine Mohamed KANTA,1,68858.0,59646.0,5,277,6,6,2,78,73,0,38,12,6,11,-1,0,9,16,474,32,0,48,0,194,25,43,7,31,1,7,19,1,0,10,PET_CAFE|PET_CAFE|ICE_CREAM_SHOP|BRUNCH_SPOT|ICE_CREAM_SHOP|FARMERS_MARKET|PET_CAFE|SMOOTHIE_SHOP
96230139,0,Hello San Francisco,0,56955.0,63754.0,5,277,8,6,0,133,13,0,42,12,6,11,-1,62,26,0,413,6,0,77,2,118,37,37,13,31,1,19,7,1,0,3,BAKERY|BRUNCH_SPOT|FARMERS_MARKET|PET_CAFE|BRUNCH_SPOT|ICE_CREAM_SHOP|FARMERS_MARKET|PET_CAFE
96230139,1,ReCurSiON,1,63754.0,56955.0,4,262,9,4,0,143,0,0,37,20,6,10,-1,12,0,0,265,0,0,28,6,67,37,37,13,31,1,19,7,1,0,3,BAKERY|BRUNCH_SPOT|FARMERS_MARKET|PET_CAFE|BRUNCH_SPOT|ICE_CREAM_SHOP|FARMERS_MARKET|PET_CAFE
96232370,0,Kostiantyn Isaienkov,0,98546.0,101305.0,5,277,6,8,0,131,12,0,42,12,6,11,-1,0,94,0,344,0,0,59,0,177,37,1,7,25,1,19,19,25,0,14,PIZZA_SHOP|BRUNCH_SPOT|YARN_STORE|BAKERY|ICE_CREAM_SHOP|ICE_CREAM_SHOP|YARN_STORE|BRUNCH_SPOT
96232370,1,Kaan Dınız,1,101305.0,98546.0,5,277,6,8,0,133,13,0,38,12,6,11,-1,0,65,0,284,0,0,53,0,197,37,1,7,25,1,19,19,25,0,14,PIZZA_SHOP|BRUNCH_SPOT|YARN_STORE|BAKERY|ICE_CREAM_SHOP|ICE_CREAM_SHOP|YARN_STORE|BRUNCH_SPOT
96234620,0,peikopon,1,114964.0,114787.0,5,278,6,12,0,133,6,2,32,20,6,11,12,7,4,0,680,0,4,28,1,269,25,1,13,19,1,7,31,25,0,2,YARN_STORE|PIZZA_SHOP|ICE_CREAM_SHOP|BAKERY|YARN_STORE|PIZZA_SHOP|SMOOTHIE_SHOP|SMOOTHIE_SHOP
96234620,1,Thomas Tschinkel,0,114787.0,114964.0,5,277,6,12,0,133,10,0,34,20,6,11,12,4,4,0,141,0,0,16,0,82,25,1,13,19,1,7,31,25,0,2,YARN_STORE|PIZZA_SHOP|ICE_CREAM_SHOP|BAKERY|YARN_STORE|PIZZA_SHOP|SMOOTHIE_SHOP|SMOOTHIE_SHOP
96236894,0,Thomas Tschinkel,1,59177.0,58083.0,5,277,10,4,0,125,13,0,42,12,6,11,-1,0,2,0,257,0,0,31,0,47,43,13,19,25,1,19,13,13,0,7,FARMERS_MARKET|BAKERY|PIZZA_SHOP|FARMERS_MARKET|BAKERY|ICE_CREAM_SHOP|BRUNCH_SPOT|YARN_STORE
96236894,1,Hello San Francisco,0,58083.0,59177.0,5,277,10,4,0,133,13,0,42,12,6,11,-1,119,23,0,411,6,0,99,2,118,43,13,19,25,1,19,13,13,0,7,FARMERS_MARKET|BAKERY|PIZZA_SHOP|FARMERS_MARKET|BAKERY|ICE_CREAM_SHOP|BRUNCH_SPOT|YARN_STORE
96236987,0,Pardheev Krishna,1,139979.0,139301.0,5,277,6,12,0,145,3,0,34,17,6,11,12,31,0,0,748,0,0,70,0,250,31,1,13,19,1,7,31,25,0,2,SMOOTHIE_SHOP|YARN_STORE|ICE_CREAM_SHOP|YARN_STORE|PIZZA_SHOP|BAKERY|ICE_CREAM_SHOP|PIZZA_SHOP
96236987,1,Kaan Dınız,0,139301.0,139979.0,5,277,6,12,0,152,4,0,34,17,6,11,12,11,0,0,609,0,0,43,0,243,31,1,13,19,1,7,31,25,0,2,SMOOTHIE_SHOP|YARN_STORE|ICE_CREAM_SHOP|YARN_STORE|PIZZA_SHOP|BAKERY|ICE_CREAM_SHOP|PIZZA_SHOP
96237017,0,ReCurSiON,0,142037.0,148593.0,4,262,9,4,0,143,0,0,37,15,6,10,-1,12,0,0,265,0,0,28,6,67,31,7,19,37,1,7,37,1,0,8,ICE_CREAM_SHOP|SMOOTHIE_SHOP|SMOOTHIE_SHOP|PIZZA_SHOP|SMOOTHIE_SHOP|BRUNCH_SPOT|PIZZA_SHOP|FARMERS_MARKET
96237017,1,カワシギ,1,148593.0,142037.0,5,276,10,4,0,141,15,0,34,20,6,11,-1,0,17,0,381,0,0,1,3,161,31,7,19,37,1,7,37,1,0,8,ICE_CREAM_SHOP|SMOOTHIE_SHOP|SMOOTHIE_SHOP|PIZZA_SHOP|SMOOTHIE_SHOP|BRUNCH_SPOT|PIZZA_SHOP|FARMERS_MARKET
96239174,0,Thomas Tschinkel,1,54954.0,48144.0,5,277,7,7,0,86,50,0,42,12,6,11,-1,0,37,0,237,6,0,31,0,47,31,31,13,19,1,13,13,13,0,0,PET_CAFE|BRUNCH_SPOT|FARMERS_MARKET|PIZZA_SHOP|PET_CAFE|BAKERY|YARN_STORE|ICE_CREAM_SHOP
96239174,1,James Holland,0,48144.0,54954.0,5,278,10,4,0,123,5,0,42,12,6,11,-1,3,22,0,304,0,0,26,0,123,31,31,13,19,1,13,13,13,0,0,PET_CAFE|BRUNCH_SPOT|FARMERS_MARKET|PIZZA_SHOP|PET_CAFE|BAKERY|YARN_STORE|ICE_CREAM_SHOP
96239297,0,Hello San Francisco,0,84074.0,86887.0,5,277,6,8,0,133,13,0,42,12,6,11,-1,72,94,0,409,6,0,103,2,118,37,7,19,25,1,13,25,13,0,7,BAKERY|PIZZA_SHOP|YARN_STORE|SMOOTHIE_SHOP|FARMERS_MARKET|ICE_CREAM_SHOP|PIZZA_SHOP|BRUNCH_SPOT
96239297,1,Kaan Dınız,1,86887.0,84074.0,5,277,6,8,0,133,13,0,38,12,6,11,-1,0,63,0,284,0,0,59,0,197,37,7,19,25,1,13,25,13,0,7,BAKERY|PIZZA_SHOP|YARN_STORE|SMOOTHIE_SHOP|FARMERS_MARKET|ICE_CREAM_SHOP|PIZZA_SHOP|BRUNCH_SPOT
96241449,0,Thomas Tschinkel,1,100898.0,97068.0,5,277,10,4,0,125,13,0,42,12,6,11,-1,17,8,0,171,0,0,31,0,47,31,31,13,31,1,13,19,1,0,1,SMOOTHIE_SHOP|FARMERS_MARKET|BRUNCH_SPOT|ICE_CREAM_SHOP|PET_CAFE|PIZZA_SHOP|BRUNCH_SPOT|PET_CAFE
96241449,1,Kostiantyn Isaienkov,0,97068.0,100898.0,5,277,10,4,0,131,12,0,42,12,6,11,-1,2,9,0,348,0,0,57,0,180,31,31,13,31,1,13,19,1,0,1,SMOOTHIE_SHOP|FARMERS_MARKET|BRUNCH_SPOT|ICE_CREAM_SHOP|PET_CAFE|PIZZA_SHOP|BRUNCH_SPOT|PET_CAFE
96241542,0,Izzoudine Mohamed KANTA,1,57491.0,55940.0,5,277,8,6,0,132,6,0,38,12,6,11,-1,0,11,0,498,0,0,48,0,189,43,13,13,7,1,25,19,1,0,7,ICE_CREAM_SHOP|BAKERY|BAKERY|PIZZA_SHOP|PET_CAFE|PIZZA_SHOP|BAKERY|BAKERY
96241542,1,peikopon,0,55940.0,57491.0,5,277,10,4,0,123,5,0,38,12,6,11,-1,3,8,0,353,0,0,26,0,123,43,13,13,7,1,25,19,1,0,7,ICE_CREAM_SHOP|BAKERY|BAKERY|PIZZA_SHOP|PET_CAFE|PIZZA_SHOP|BAKERY|BAKERY
96241545,0,tetsuya,0,126435.0,135281.0,6,306,12,3,0,92,0,0,48,14,7,11,-1,48,13,0,53,0,0,19,6,96,25,19,19,31,1,7,31,1,0,6,SMOOTHIE_SHOP|SMOOTHIE_SHOP|PIZZA_SHOP|BRUNCH_SPOT|FARMERS_MARKET|SMOOTHIE_SHOP|PET_CAFE|PIZZA_SHOP
96241545,1,Arman Tuganbaev,1,135281.0,126435.0,2,282,11,4,0,140,8,0,43,11,6,10,-1,69,74,0,143,22,0,16,12,177,25,19,19,31,1,7,31,1,0,6,SMOOTHIE_SHOP|SMOOTHIE_SHOP|PIZZA_SHOP|BRUNCH_SPOT|FARMERS_MARKET|SMOOTHIE_SHOP|PET_CAFE|PIZZA_SHOP
96241546,0,tetsuya,0,101531.0,107357.0,6,309,12,3,0,113,0,0,40,15,7,10,-1,18,9,0,84,0,0,22,6,80,31,13,13,31,1,7,19,25,0,13,SMOOTHIE_SHOP|ICE_CREAM_SHOP|YARN_STORE|FARMERS_MARKET|BAKERY|YARN_STORE|FARMERS_MARKET|ICE_CREAM_SHOP
96241546,1,Ryo Hasegawa,1,107357.0,101531.0,5,290,12,9,0,149,0,0,30,11,5,10,-1,53,0,0,197,0,0,24,0,114,31,13,13,31,1,7,19,25,0,13,SMOOTHIE_SHOP|ICE_CREAM_SHOP|YARN_STORE|FARMERS_MARKET|BAKERY|YARN_STORE|FARMERS_MARKET|ICE_CREAM_SHOP
96241549,0,Excluding,1,104802.0,93015.0,5,294,3,13,0,157,0,6,24,17,6,10,-1,12,76,0,238,0,13,22,12,13,19,13,7,1,1,13,7,49,0,11,YARN_STORE|YARN_STORE|YARN_STORE|PET_CAFE|PIZZA_SHOP|BAKERY|YARN_STORE|BAKERY
96241549,1,Arman Tuganbaev,0,93015.0,104802.0,2,261,7,13,0,138,0,0,20,26,7,10,-1,43,38,0,209,0,0,39,32,168,19,13,7,1,1,13,7,49,0,11,YARN_STORE|YARN_STORE|YARN_STORE|PET_CAFE|PIZZA_SHOP|BAKERY|YARN_STORE|BAKERY
96241550,0,Izzoudine Mohamed KANTA,0,50530.0,52729.0,5,277,8,6,0,132,6,0,38,12,6,11,-1,0,75,0,519,0,0,57,0,192,31,37,13,13,1,19,1,13,0,0,BAKERY|FARMERS_MARKET|PET_CAFE|FARMERS_MARKET|YARN_STORE|BAKERY|BAKERY|PET_CAFE
96241550,1,Arman Tuganbaev,1,52729.0,50530.0,2,272,9,4,1,161,24,0,39,7,6,10,-1,89,31,3,262,43,0,125,6,122,31,37,13,13,1,19,1,13,0,0,BAKERY|FARMERS_MARKET|PET_CAFE|FARMERS_MARKET|YARN_STORE|BAKERY|BAKERY|PET_CAFE
96241552,0,Subramanya N,1,65614.0,64183.0,6,300,3,2,0,128,52,0,36,19,6,9,-1,30,0,0,37,25,0,66,9,4,25,31,7,31,1,13,19,1,0,1,FARMERS_MARKET|PET_CAFE|BRUNCH_SPOT|PET_CAFE|SMOOTHIE_SHOP|BAKERY|ICE_CREAM_SHOP|SMOOTHIE_SHOP
96241552,1,tetsuya,0,64183.0,65614.0,6,310,6,6,3,78,52,0,40,9,7,10,-1,6,5,0,83,3,0,21,0,96,25,31,7,31,1,13,19,1,0,1,FARMERS_MARKET|PET_CAFE|BRUNCH_SPOT|PET_CAFE|SMOOTHIE_SHOP|BAKERY|ICE_CREAM_SHOP|SMOOTHIE_SHOP
96243730,0,u,1,81432.0,78499.0,5,277,10,4,0,125,5,0,38,16,6,11,-1,5,15,0,388,0,0,62,8,215,43,7,13,31,1,13,25,13,0,9,PIZZA_SHOP|BAKERY|ICE_CREAM_SHOP|FARMERS_MARKET|YARN_STORE|ICE_CREAM_SHOP|ICE_CREAM_SHOP|BRUNCH_SPOT
96243730,1,Thomas Tschinkel,0,78499.0,81432.0,5,277,11,3,0,125,13,0,42,12,6,11,-1,45,7,0,147,0,0,31,0,47,43,7,13,31,1,13,25,13,0,9,PIZZA_SHOP|BAKERY|ICE_CREAM_SHOP|FARMERS_MARKET|YARN_STORE|ICE_CREAM_SHOP|ICE_CREAM_SHOP|BRUNCH_SPOT
96248384,0,peikopon,0,104729.0,106186.0,5,278,10,4,0,125,5,2,36,12,6,11,-1,3,17,0,307,0,0,26,0,124,43,7,19,25,1,13,25,13,0,7,ICE_CREAM_SHOP|BRUNCH_SPOT|PIZZA_SHOP|YARN_STORE|FARMERS_MARKET|ICE_CREAM_SHOP|BAKERY|PIZZA_SHOP
96248384,1,Efe Can Celiksoy,1,106186.0,104729.0,5,277,10,4,0,126,16,0,42,12,6,11,-1,15,21,0,435,0,0,26,0,192,43,7,19,25,1,13,25,13,0,7,ICE_CREAM_SHOP|BRUNCH_SPOT|PIZZA_SHOP|YARN_STORE|FARMERS_MARKET|ICE_CREAM_SHOP|BAKERY|PIZZA_SHOP
96250600,0,Excluding,0,84314.0,98145.0,5,305,13,3,0,130,0,11,31,13,6,10,-1,72,14,0,243,0,32,48,17,11,31,25,19,19,1,7,13,25,0,13,PIZZA_SHOP|FARMERS_MARKET|ICE_CREAM_SHOP|YARN_STORE|YARN_STORE|FARMERS_MARKET|PET_CAFE|BAKERY
96250600,1,MiMi,1,98145.0,84314.0,5,295,11,9,0,139,11,8,42,14,5,10,12,7,0,0,221,0,0,12,0,53,31,25,19,19,1,7,13,25,0,13,PIZZA_SHOP|FARMERS_MARKET|ICE_CREAM_SHOP|YARN_STORE|YARN_STORE|FARMERS_MARKET|PET_CAFE|BAKERY
96250609,0,Thomas Tschinkel,0,87465.0,90093.0,5,277,11,3,0,125,13,0,42,12,6,11,-1,45,7,0,151,0,0,31,0,47,25,31,13,25,1,7,19,13,0,10,PIZZA_SHOP|SMOOTHIE_SHOP|BRUNCH_SPOT|YARN_STORE|PET_CAFE|FARMERS_MARKET|ICE_CREAM_SHOP|PET_CAFE
96250609,1,James Holland,1,90093.0,87465.0,5,278,10,4,0,123,5,0,42,12,6,11,-1,3,22,0,304,0,0,26,0,123,25,31,13,25,1,7,19,13,0,10,PIZZA_SHOP|SMOOTHIE_SHOP|BRUNCH_SPOT|YARN_STORE|PET_CAFE|FARMERS_MARKET|ICE_CREAM_SHOP|PET_CAFE
96250690,0,Kobe BRYANT,1,41943.0,35852.0,5,277,6,6,2,132,6,0,38,12,6,11,-1,0,5,17,505,0,0,48,0,190,19,37,1,19,1,13,19,1,0,12,PET_CAFE|PET_CAFE|BAKERY|ICE_CREAM_SHOP|BAKERY|SMOOTHIE_SHOP|SMOOTHIE_SHOP|PET_CAFE
96250690,1,カワシギ,0,35852.0,41943.0,5,277,8,6,0,128,16,0,42,12,6,11,-1,13,14,0,681,0,0,115,10,176,19,37,1,19,1,13,19,1,0,12,PET_CAFE|PET_CAFE|BAKERY|ICE_CREAM_SHOP|BAKERY|SMOOTHIE_SHOP|SMOOTHIE_SHOP|PET_CAFE
96255138,0,SaiKushal185,1,69827.0,69760.0,5,277,10,4,0,129,5,0,42,12,6,11,-1,3,14,0,279,0,0,92,0,57,19,43,7,25,1,7,13,13,0,12,SMOOTHIE_SHOP|PET_CAFE|BRUNCH_SPOT|FARMERS_MARKET|PET_CAFE|PET_CAFE|YARN_STORE|ICE_CREAM_SHOP
96255138,1,Efe Can Celiksoy,0,69760.0,69827.0,5,277,10,4,0,126,16,0,42,12,6,11,-1,9,21,0,435,0,0,26,0,192,19,43,7,25,1,7,13,13,0,12,SMOOTHIE_SHOP|PET_CAFE|BRUNCH_SPOT|FARMERS_MARKET|PET_CAFE|PET_CAFE|YARN_STORE|ICE_CREAM_SHOP
96255148,0,bplyc15,0,56388.0,58107.0,5,277,8,6,0,129,5,0,42,12,6,11,-1,0,60,0,314,0,0,51,0,185,37,25,13,31,1,19,13,1,0,3,FARMERS_MARKET|BAKERY|PET_CAFE|BRUNCH_SPOT|ICE_CREAM_SHOP|FARMERS_MARKET|BAKERY|SMOOTHIE_SHOP
96255148,1,Efe Can Celiksoy,1,58107.0,56388.0,5,277,10,4,0,126,16,0,42,12,6,11,-1,23,21,0,435,0,0,29,0,193,37,25,13,31,1,19,13,1,0,3,FARMERS_MARKET|BAKERY|PET_CAFE|BRUNCH_SPOT|ICE_CREAM_SHOP|FARMERS_MARKET|BAKERY|SMOOTHIE_SHOP
96255153,0,SaiKushal185,1,101779.0,100480.0,5,277,10,4,0,129,5,0,42,12,6,11,-1,3,14,0,279,0,0,46,0,57,37,13,19,25,1,13,13,25,0,13,ICE_CREAM_SHOP|FARMERS_MARKET|BRUNCH_SPOT|FARMERS_MARKET|PIZZA_SHOP|YARN_STORE|BAKERY|YARN_STORE
96255153,1,webmaking,0,100480.0,101779.0,5,277,10,4,0,125,5,0,42,12,6,11,-1,1,32,0,275,0,0,61,0,60,37,13,19,25,1,13,13,25,0,13,ICE_CREAM_SHOP|FARMERS_MARKET|BRUNCH_SPOT|FARMERS_MARKET|PIZZA_SHOP|YARN_STORE|BAKERY|YARN_STORE
96255230,0,Kostiantyn Isaienkov,0,54919.0,58983.0,5,277,8,4,2,131,12,0,42,12,6,11,-1,0,9,12,355,0,0,59,0,177,25,25,19,19,1,7,31,1,0,5,PET_CAFE|PET_CAFE|SMOOTHIE_SHOP|BRUNCH_SPOT|PIZZA_SHOP|SMOOTHIE_SHOP|PIZZA_SHOP|PIZZA_SHOP
96255230,1,Xiaowenhao404,1,58983.0,54919.0,5,277,10,4,0,127,49,0,42,12,6,11,-1,15,17,0,635,14,0,90,10,144,25,25,19,19,1,7,31,1,0,5,PET_CAFE|PET_CAFE|SMOOTHIE_SHOP|BRUNCH_SPOT|PIZZA_SHOP|SMOOTHIE_SHOP|PIZZA_SHOP|PIZZA_SHOP
96255246,0,Ryo Hasegawa,1,133096.0,126021.0,5,290,7,7,0,159,0,0,39,11,6,9,-1,0,24,0,148,0,0,2,0,99,19,13,1,37,1,7,31,13,0,8,ICE_CREAM_SHOP|YARN_STORE|ICE_CREAM_SHOP|PET_CAFE|SMOOTHIE_SHOP|SMOOTHIE_SHOP|SMOOTHIE_SHOP|BRUNCH_SPOT
96255246,1,Kaan Dınız,0,126021.0,133096.0,5,277,6,12,0,152,4,0,34,17,6,11,12,14,0,0,614,0,0,43,0,246,19,13,1,37,1,7,31,13,0,8,ICE_CREAM_SHOP|YARN_STORE|ICE_CREAM_SHOP|PET_CAFE|SMOOTHIE_SHOP|SMOOTHIE_SHOP|SMOOTHIE_SHOP|BRUNCH_SPOT
96255250,0,Xiaowenhao404,0,90626.0,91058.0,5,277,10,4,0,127,15,0,42,12,6,11,-1,27,25,0,630,0,0,25,10,151,37,1,1,37,1,25,25,1,0,9,BRUNCH_SPOT|ICE_CREAM_SHOP|BAKERY|BRUNCH_SPOT|ICE_CREAM_SHOP|SMOOTHIE_SHOP|BAKERY|SMOOTHIE_SHOP
96255250,1,bplyc15,1,91058.0,90626.0,5,277,10,4,0,129,5,0,42,12,6,11,-1,3,28,0,323,0,0,56,0,189,37,1,1,37,1,25,25,1,0,9,BRUNCH_SPOT|ICE_CREAM_SHOP|BAKERY|BRUNCH_SPOT|ICE_CREAM_SHOP|SMOOTHIE_SHOP|BAKERY|SMOOTHIE_SHOP
96259704,0,Kostiantyn Isaienkov,1,78851.0,76164.0,5,277,10,4,0,131,12,0,42,12,6,11,-1,2,9,0,348,0,0,57,0,178,43,13,25,25,1,7,25,13,0,5,FARMERS_MARKET|ICE_CREAM_SHOP|FARMERS_MARKET|BAKERY|PIZZA_SHOP|ICE_CREAM_SHOP|YARN_STORE|PIZZA_SHOP
96259704,1,Seb (allegedly),0,76164.0,78851.0,7,308,12,4,0,87,0,0,41,18,4,8,10,34,8,0,173,0,0,23,12,30,43,13,25,25,1,7,25,13,0,5,FARMERS_MARKET|ICE_CREAM_SHOP|FARMERS_MARKET|BAKERY|PIZZA_SHOP|ICE_CREAM_SHOP|YARN_STORE|PIZZA_SHOP
96259798,0,Arda Ceylan,1,92403.0,87983.0,5,276,10,4,0,129,13,0,42,12,6,11,-1,80,31,0,385,5,0,115,2,129,37,7,19,37,1,19,25,1,0,9,FARMERS_MARKET|BRUNCH_SPOT|SMOOTHIE_SHOP|PIZZA_SHOP|SMOOTHIE_SHOP|PIZZA_SHOP|BRUNCH_SPOT|BRUNCH_SPOT
96259798,1,Seb (allegedly),0,87983.0,92403.0,7,310,8,6,0,93,0,0,42,19,4,8,10,43,4,0,156,0,0,22,0,21,37,7,19,37,1,19,25,1,0,9,FARMERS_MARKET|BRUNCH_SPOT|SMOOTHIE_SHOP|PIZZA_SHOP|SMOOTHIE_SHOP|PIZZA_SHOP|BRUNCH_SPOT|BRUNCH_SPOT
96262095,0,James Holland,0,89153.0,90922.0,5,278,10,4,0,123,5,0,42,12,6,11,-1,3,23,0,304,0,0,26,0,110,37,43,25,31,1,7,13,1,0,4,FARMERS_MARKET|FARMERS_MARKET|ICE_CREAM_SHOP|BRUNCH_SPOT|FARMERS_MARKET|PET_CAFE|PIZZA_SHOP|PET_CAFE
96262095,1,Xiaowenhao404,1,90922.0,89153.0,5,277,10,4,0,127,49,0,42,12,6,11,-1,30,29,0,642,15,0,25,10,149,37,43,25,31,1,7,13,1,0,4,FARMERS_MARKET|FARMERS_MARKET|ICE_CREAM_SHOP|BRUNCH_SPOT|FARMERS_MARKET|PET_CAFE|PIZZA_SHOP|PET_CAFE
96264317,0,カワシギ,1,97364.0,85019.0,5,277,6,12,0,153,14,0,42,12,6,11,12,11,8,0,758,0,0,10,4,171,37,19,25,31,1,7,13,25,0,13,PIZZA_SHOP|YARN_STORE|FARMERS_MARKET|FARMERS_MARKET|BRUNCH_SPOT|FARMERS_MARKET|ICE_CREAM_SHOP|YARN_STORE
96264317,1,lucaskna,0,85019.0,97364.0,5,277,8,10,0,145,3,0,34,17,6,11,12,14,0,0,638,0,0,30,0,113,37,19,25,31,1,7,13,25,0,13,PIZZA_SHOP|YARN_STORE|FARMERS_MARKET|FARMERS_MARKET|BRUNCH_SPOT|FARMERS_MARKET|ICE_CREAM_SHOP|YARN_STORE
96266557,0,James Holland,0,72843.0,83398.0,5,277,10,4,0,127,6,0,34,20,6,11,-1,22,18,0,304,0,0,16,12,154,31,43,19,31,1,7,13,1,0,10,SMOOTHIE_SHOP|BAKERY|PET_CAFE|FARMERS_MARKET|FARMERS_MARKET|FARMERS_MARKET|ICE_CREAM_SHOP|PET_CAFE
96266557,1,ReCurSiON,1,83398.0,72843.0,4,262,9,4,0,143,0,0,37,20,6,10,-1,12,0,0,265,0,0,28,6,67,31,43,19,31,1,7,13,1,0,10,SMOOTHIE_SHOP|BAKERY|PET_CAFE|FARMERS_MARKET|FARMERS_MARKET|FARMERS_MARKET|ICE_CREAM_SHOP|PET_CAFE
96271107,0,Victor @ Tufa Labs,1,104640.0,67730.0,5,277,10,4,0,125,5,0,42,12,6,11,-1,6,1,0,2096,0,0,37,0,135,43,13,19,37,1,25,13,1,0,3,SMOOTHIE_SHOP|BAKERY|PIZZA_SHOP|BRUNCH_SPOT|FARMERS_MARKET|BRUNCH_SPOT|FARMERS_MARKET|BRUNCH_SPOT
96271107,1,James Holland,0,67730.0,104640.0,5,278,10,4,0,123,5,0,42,12,6,11,-1,0,18,0,322,1,0,22,0,103,43,13,19,37,1,25,13,1,0,3,SMOOTHIE_SHOP|BAKERY|PIZZA_SHOP|BRUNCH_SPOT|FARMERS_MARKET|BRUNCH_SPOT|FARMERS_MARKET|BRUNCH_SPOT
96271138,0,u,0,41135.0,48467.0,5,277,10,4,0,125,5,0,38,16,6,11,-1,38,15,0,413,0,0,104,6,215,43,13,13,7,1,31,13,1,0,7,PIZZA_SHOP|BAKERY|BAKERY|BAKERY|BRUNCH_SPOT|PET_CAFE|PIZZA_SHOP|BAKERY
96271138,1,Ryo Hasegawa,1,48467.0,41135.0,5,290,8,3,0,178,0,0,32,11,6,10,-1,19,25,0,240,0,0,51,0,47,43,13,13,7,1,31,13,1,0,7,PIZZA_SHOP|BAKERY|BAKERY|BAKERY|BRUNCH_SPOT|PET_CAFE|PIZZA_SHOP|BAKERY
96271140,0,James Holland,0,114314.0,122296.0,5,277,6,12,0,141,7,0,34,12,6,11,12,6,4,0,674,0,0,30,0,239,25,1,13,19,1,13,25,25,0,2,SMOOTHIE_SHOP|YARN_STORE|BRUNCH_SPOT|YARN_STORE|BAKERY|PIZZA_SHOP|SMOOTHIE_SHOP|PIZZA_SHOP
96271140,1,Kaan Dınız,1,122296.0,114314.0,5,277,6,12,0,152,4,0,34,17,6,11,12,11,0,0,620,0,0,43,0,250,25,1,13,19,1,13,25,25,0,2,SMOOTHIE_SHOP|YARN_STORE|BRUNCH_SPOT|YARN_STORE|BAKERY|PIZZA_SHOP|SMOOTHIE_SHOP|PIZZA_SHOP
96273384,0,ReCurSiON,0,78214.0,95932.0,4,262,9,4,0,143,0,0,37,15,6,10,-1,12,0,0,265,0,0,28,6,67,31,1,1,25,1,31,1,37,0,14,BRUNCH_SPOT|BAKERY|YARN_STORE|BRUNCH_SPOT|BRUNCH_SPOT|YARN_STORE|BRUNCH_SPOT|YARN_STORE
96273384,1,Kobe BRYANT,1,95932.0,78214.0,5,277,6,8,0,132,6,0,38,12,6,11,-1,0,81,0,488,0,0,52,0,198,31,1,1,25,1,31,1,37,0,14,BRUNCH_SPOT|BAKERY|YARN_STORE|BRUNCH_SPOT|BRUNCH_SPOT|YARN_STORE|BRUNCH_SPOT|YARN_STORE
96273410,0,Kobe BRYANT,0,126764.0,129765.0,5,277,6,8,0,132,6,0,38,12,6,11,-1,1,74,0,432,0,0,54,0,192,31,7,13,37,1,19,19,13,0,9,SMOOTHIE_SHOP|FARMERS_MARKET|YARN_STORE|SMOOTHIE_SHOP|BRUNCH_SPOT|PIZZA_SHOP|BRUNCH_SPOT|BRUNCH_SPOT
96273410,1,MiMi,1,129765.0,126764.0,5,288,8,7,0,115,11,0,60,12,5,9,12,0,0,0,175,0,0,22,0,21,31,7,13,37,1,19,19,13,0,9,SMOOTHIE_SHOP|FARMERS_MARKET|YARN_STORE|SMOOTHIE_SHOP|BRUNCH_SPOT|PIZZA_SHOP|BRUNCH_SPOT|BRUNCH_SPOT
96275732,0,Kobe BRYANT,0,111686.0,111811.0,5,277,10,4,0,132,6,0,38,12,6,11,-1,2,4,0,460,0,0,48,0,189,31,13,7,25,1,13,25,13,0,1,PIZZA_SHOP|SMOOTHIE_SHOP|ICE_CREAM_SHOP|BRUNCH_SPOT|PET_CAFE|BAKERY|ICE_CREAM_SHOP|YARN_STORE
96275732,1,peikopon,1,111811.0,111686.0,5,278,10,4,0,125,5,2,36,12,6,11,-1,3,6,0,342,0,0,26,0,124,31,13,7,25,1,13,25,13,0,1,PIZZA_SHOP|SMOOTHIE_SHOP|ICE_CREAM_SHOP|BRUNCH_SPOT|PET_CAFE|BAKERY|ICE_CREAM_SHOP|YARN_STORE
96275733,0,lucaskna,0,102960.0,108315.0,5,277,10,4,0,118,15,0,42,12,6,11,-1,4,9,0,331,0,0,11,0,73,43,7,19,31,1,13,31,1,0,6,SMOOTHIE_SHOP|PIZZA_SHOP|PIZZA_SHOP|BAKERY|BRUNCH_SPOT|ICE_CREAM_SHOP|ICE_CREAM_SHOP|FARMERS_MARKET
96275733,1,Izzoudine Mohamed KANTA,1,108315.0,102960.0,5,277,10,4,0,132,6,0,38,12,6,11,-1,2,4,0,475,0,0,48,0,189,43,7,19,31,1,13,31,1,0,6,SMOOTHIE_SHOP|PIZZA_SHOP|PIZZA_SHOP|BAKERY|BRUNCH_SPOT|ICE_CREAM_SHOP|ICE_CREAM_SHOP|FARMERS_MARKET
96275736,0,tetsuya,0,91443.0,95518.0,6,311,4,10,1,123,0,0,40,15,7,9,-1,0,8,0,92,0,0,0,0,77,31,19,7,31,1,19,13,13,0,14,YARN_STORE|BRUNCH_SPOT|SMOOTHIE_SHOP|BAKERY|ICE_CREAM_SHOP|PET_CAFE|FARMERS_MARKET|BRUNCH_SPOT
96275736,1,Ryo Hasegawa,1,95518.0,91443.0,5,289,6,9,0,156,12,0,30,11,6,10,-1,33,29,0,167,0,0,26,0,76,31,19,7,31,1,19,13,13,0,14,YARN_STORE|BRUNCH_SPOT|SMOOTHIE_SHOP|BAKERY|ICE_CREAM_SHOP|PET_CAFE|FARMERS_MARKET|BRUNCH_SPOT
96275737,0,Izzoudine Mohamed KANTA,0,78405.0,80106.0,5,277,10,4,0,132,6,0,38,12,6,11,-1,2,18,0,426,0,0,48,0,189,43,7,19,19,1,13,25,13,0,7,PIZZA_SHOP|ICE_CREAM_SHOP|BAKERY|FARMERS_MARKET|YARN_STORE|BAKERY|ICE_CREAM_SHOP|PIZZA_SHOP
96275737,1,peikopon,1,80106.0,78405.0,5,278,10,4,0,125,5,2,36,12,6,11,-1,3,18,0,307,0,0,26,0,124,43,7,19,19,1,13,25,13,0,7,PIZZA_SHOP|ICE_CREAM_SHOP|BAKERY|FARMERS_MARKET|YARN_STORE|BAKERY|ICE_CREAM_SHOP|PIZZA_SHOP
96275738,0,Excluding,1,107162.0,101029.0,5,297,9,7,0,138,0,2,32,17,6,10,-1,25,18,0,200,0,2,32,18,9,19,19,7,31,1,13,13,25,0,11,SMOOTHIE_SHOP|BRUNCH_SPOT|YARN_STORE|BRUNCH_SPOT|PET_CAFE|FARMERS_MARKET|SMOOTHIE_SHOP|YARN_STORE
96275738,1,Arman Tuganbaev,0,101029.0,107162.0,2,277,7,9,0,129,0,0,35,26,7,10,-1,41,23,0,221,0,0,34,40,151,19,19,7,31,1,13,13,25,0,11,SMOOTHIE_SHOP|BRUNCH_SPOT|YARN_STORE|BRUNCH_SPOT|PET_CAFE|FARMERS_MARKET|SMOOTHIE_SHOP|YARN_STORE
96275739,0,Arman Tuganbaev,0,141310.0,170964.0,2,258,8,4,0,138,0,0,39,26,7,9,-1,21,14,0,187,0,0,39,117,105,31,7,7,49,1,1,43,1,0,8,SMOOTHIE_SHOP|SMOOTHIE_SHOP|ICE_CREAM_SHOP|SMOOTHIE_SHOP|ICE_CREAM_SHOP|FARMERS_MARKET|ICE_CREAM_SHOP|ICE_CREAM_SHOP
96275739,1,Subramanya N,1,170964.0,141310.0,6,299,18,2,0,45,11,0,50,9,6,10,-1,16,0,0,44,0,0,120,12,21,31,7,7,49,1,1,43,1,0,8,SMOOTHIE_SHOP|SMOOTHIE_SHOP|ICE_CREAM_SHOP|SMOOTHIE_SHOP|ICE_CREAM_SHOP|FARMERS_MARKET|ICE_CREAM_SHOP|ICE_CREAM_SHOP
96275740,0,tetsuya,0,79891.0,83012.0,6,302,5,11,0,66,68,0,37,17,7,10,-1,21,9,0,45,0,0,10,0,137,19,55,7,13,1,7,7,13,0,12,FARMERS_MARKET|YARN_STORE|PET_CAFE|PET_CAFE|PET_CAFE|PET_CAFE|BAKERY|ICE_CREAM_SHOP
96275740,1,Subramanya N,1,83012.0,79891.0,6,300,2,9,0,141,51,0,28,15,6,10,-1,3,22,0,92,20,0,14,12,19,19,55,7,13,1,7,7,13,0,12,FARMERS_MARKET|YARN_STORE|PET_CAFE|PET_CAFE|PET_CAFE|PET_CAFE|BAKERY|ICE_CREAM_SHOP
96280219,0,Pardheev Krishna,0,94555.0,96633.0,5,277,10,4,0,125,5,0,42,12,6,11,-1,9,23,0,371,0,0,50,0,192,25,13,13,43,1,13,25,1,0,8,BRUNCH_SPOT|SMOOTHIE_SHOP|FARMERS_MARKET|BAKERY|SMOOTHIE_SHOP|SMOOTHIE_SHOP|FARMERS_MARKET|SMOOTHIE_SHOP
96280219,1,lucaskna,1,96633.0,94555.0,5,277,10,4,0,125,5,0,42,12,6,11,-1,0,12,0,374,0,0,54,0,58,25,13,13,43,1,13,25,1,0,8,BRUNCH_SPOT|SMOOTHIE_SHOP|FARMERS_MARKET|BAKERY|SMOOTHIE_SHOP|SMOOTHIE_SHOP|FARMERS_MARKET|SMOOTHIE_SHOP
96282463,0,SaiKushal185,0,62926.0,63931.0,5,277,8,6,0,129,5,0,42,12,6,11,-1,1,51,0,279,0,0,43,0,57,25,31,7,19,1,13,7,25,0,0,FARMERS_MARKET|BAKERY|PET_CAFE|ICE_CREAM_SHOP|BRUNCH_SPOT|PET_CAFE|YARN_STORE|YARN_STORE
96282463,1,peikopon,1,63931.0,62926.0,5,278,10,4,0,95,35,2,36,12,6,11,-1,1,8,0,454,0,4,26,0,124,25,31,7,19,1,13,7,25,0,0,FARMERS_MARKET|BAKERY|PET_CAFE|ICE_CREAM_SHOP|BRUNCH_SPOT|PET_CAFE|YARN_STORE|YARN_STORE
96287059,0,SaiKushal185,0,65440.0,65461.0,5,277,10,4,0,129,5,0,42,12,6,11,-1,3,14,0,279,0,0,106,0,57,31,25,7,19,1,19,13,13,0,0,ICE_CREAM_SHOP|BRUNCH_SPOT|PET_CAFE|PET_CAFE|BAKERY|BRUNCH_SPOT|PIZZA_SHOP|YARN_STORE
96287059,1,カワシギ,1,65461.0,65440.0,5,277,10,4,0,125,16,0,42,12,6,11,-1,41,6,0,752,0,0,58,10,142,31,25,7,19,1,19,13,13,0,0,ICE_CREAM_SHOP|BRUNCH_SPOT|PET_CAFE|PET_CAFE|BAKERY|BRUNCH_SPOT|PIZZA_SHOP|YARN_STORE
96287070,0,StackKnight,1,122228.0,121780.0,5,277,10,4,0,125,5,0,42,12,6,11,-1,3,17,0,332,0,0,52,0,57,19,1,13,19,1,7,31,25,0,2,SMOOTHIE_SHOP|PIZZA_SHOP|PIZZA_SHOP|YARN_STORE|SMOOTHIE_SHOP|YARN_STORE|SMOOTHIE_SHOP|BAKERY
96287070,1,Efe Can Celiksoy,0,121780.0,122228.0,5,277,10,4,0,126,16,0,42,12,6,11,-1,9,21,0,435,0,0,26,0,193,19,1,13,19,1,7,31,25,0,2,SMOOTHIE_SHOP|PIZZA_SHOP|PIZZA_SHOP|YARN_STORE|SMOOTHIE_SHOP|YARN_STORE|SMOOTHIE_SHOP|BAKERY
96287098,0,MiMi,1,76053.0,66797.0,5,290,11,3,0,175,12,0,44,12,5,10,12,6,4,0,287,0,0,42,0,28,31,1,7,25,1,19,25,13,0,9,BAKERY|SMOOTHIE_SHOP|BAKERY|SMOOTHIE_SHOP|PIZZA_SHOP|BRUNCH_SPOT|ICE_CREAM_SHOP|YARN_STORE
96287098,1,Xiaowenhao404,0,66797.0,76053.0,5,277,10,4,0,127,15,0,42,12,6,11,-1,18,19,0,633,0,0,56,22,145,31,1,7,25,1,19,25,13,0,9,BAKERY|SMOOTHIE_SHOP|BAKERY|SMOOTHIE_SHOP|PIZZA_SHOP|BRUNCH_SPOT|ICE_CREAM_SHOP|YARN_STORE
96287099,0,Kaan Dınız,0,68784.0,70016.0,5,277,10,4,0,133,13,0,38,12,6,11,-1,1,17,0,284,0,0,59,0,199,37,31,25,37,1,7,19,1,0,4,PIZZA_SHOP|PET_CAFE|BRUNCH_SPOT|SMOOTHIE_SHOP|FARMERS_MARKET|FARMERS_MARKET|FARMERS_MARKET|ICE_CREAM_SHOP
96287099,1,SaiKushal185,1,70016.0,68784.0,5,277,10,4,0,129,5,0,42,12,6,11,-1,1,14,0,279,0,0,106,0,57,37,31,25,37,1,7,19,1,0,4,PIZZA_SHOP|PET_CAFE|BRUNCH_SPOT|SMOOTHIE_SHOP|FARMERS_MARKET|FARMERS_MARKET|FARMERS_MARKET|ICE_CREAM_SHOP
96289428,0,Victor @ Tufa Labs,0,115717.0,119626.0,5,277,8,6,0,125,5,0,42,12,6,11,-1,1,9,0,2063,0,0,38,0,135,37,7,25,25,1,7,31,13,0,5,FARMERS_MARKET|SMOOTHIE_SHOP|ICE_CREAM_SHOP|PIZZA_SHOP|BRUNCH_SPOT|YARN_STORE|PIZZA_SHOP|PIZZA_SHOP
96289428,1,Kostiantyn Isaienkov,1,119626.0,115717.0,5,277,10,4,0,131,12,0,42,12,6,11,-1,2,9,0,350,0,0,59,0,177,37,7,25,25,1,7,31,13,0,5,FARMERS_MARKET|SMOOTHIE_SHOP|ICE_CREAM_SHOP|PIZZA_SHOP|BRUNCH_SPOT|YARN_STORE|PIZZA_SHOP|PIZZA_SHOP
96291575,0,Seb (allegedly),1,116352.0,94997.0,7,307,14,5,0,79,0,0,38,18,4,8,10,9,7,0,143,0,0,22,6,21,19,19,19,19,1,1,25,25,0,2,SMOOTHIE_SHOP|SMOOTHIE_SHOP|PIZZA_SHOP|PET_CAFE|FARMERS_MARKET|PIZZA_SHOP|YARN_STORE|YARN_STORE
96291575,1,Hello San Francisco,0,94997.0,116352.0,5,277,10,4,0,133,13,0,42,12,6,11,-1,100,32,0,408,6,0,59,2,119,19,19,19,19,1,1,25,25,0,2,SMOOTHIE_SHOP|SMOOTHIE_SHOP|PIZZA_SHOP|PET_CAFE|FARMERS_MARKET|PIZZA_SHOP|YARN_STORE|YARN_STORE
96296204,0,Kostiantyn Isaienkov,0,107488.0,112235.0,5,277,6,12,0,141,10,0,34,20,6,11,12,7,4,0,670,0,0,43,1,235,25,25,13,25,1,7,13,25,0,13,YARN_STORE|FARMERS_MARKET|ICE_CREAM_SHOP|SMOOTHIE_SHOP|BAKERY|FARMERS_MARKET|PET_CAFE|YARN_STORE
96296204,1,ReCurSiON,1,112235.0,107488.0,4,262,6,7,0,143,0,0,37,20,6,10,-1,6,15,0,265,0,0,28,6,65,25,25,13,25,1,7,13,25,0,13,YARN_STORE|FARMERS_MARKET|ICE_CREAM_SHOP|SMOOTHIE_SHOP|BAKERY|FARMERS_MARKET|PET_CAFE|YARN_STORE
96300677,0,peikopon,0,128281.0,132865.0,5,277,10,4,0,126,6,2,32,20,6,11,-1,31,3,0,517,0,0,16,12,140,43,7,19,31,1,19,25,1,0,7,PIZZA_SHOP|ICE_CREAM_SHOP|SMOOTHIE_SHOP|FARMERS_MARKET|BRUNCH_SPOT|PIZZA_SHOP|BRUNCH_SPOT|BAKERY
96300677,1,Ryo Hasegawa,1,132865.0,128281.0,5,290,9,3,0,150,0,0,36,11,6,10,-1,0,31,0,149,0,0,8,0,64,43,7,19,31,1,19,25,1,0,7,PIZZA_SHOP|ICE_CREAM_SHOP|SMOOTHIE_SHOP|FARMERS_MARKET|BRUNCH_SPOT|PIZZA_SHOP|BRUNCH_SPOT|BAKERY
96300775,0,peikopon,1,85494.0,79920.0,5,277,10,4,0,100,33,2,32,20,6,11,-1,31,14,0,471,0,0,14,12,140,19,43,13,19,1,1,19,13,0,10,FARMERS_MARKET|ICE_CREAM_SHOP|PET_CAFE|YARN_STORE|PIZZA_SHOP|PET_CAFE|SMOOTHIE_SHOP|PET_CAFE
96300775,1,ReCurSiON,0,79920.0,85494.0,4,262,9,4,0,143,0,0,37,15,6,10,-1,12,22,0,265,0,0,28,6,67,19,43,13,19,1,1,19,13,0,10,FARMERS_MARKET|ICE_CREAM_SHOP|PET_CAFE|YARN_STORE|PIZZA_SHOP|PET_CAFE|SMOOTHIE_SHOP|PET_CAFE
96303007,0,Kaan Dınız,0,43091.0,49800.0,5,277,10,4,0,133,13,0,38,12,6,11,-1,8,18,0,284,0,0,56,0,197,19,37,1,19,1,7,19,13,0,12,BAKERY|PET_CAFE|SMOOTHIE_SHOP|PET_CAFE|PET_CAFE|ICE_CREAM_SHOP|ICE_CREAM_SHOP|YARN_STORE
96303007,1,Thomas Tschinkel,1,49800.0,43091.0,5,277,10,4,0,86,50,0,42,12,6,11,-1,0,2,0,237,6,0,31,0,47,19,37,1,19,1,7,19,13,0,12,BAKERY|PET_CAFE|SMOOTHIE_SHOP|PET_CAFE|PET_CAFE|ICE_CREAM_SHOP|ICE_CREAM_SHOP|YARN_STORE
96303028,0,webmaking,1,88664.0,87091.0,5,277,6,12,0,124,6,0,42,12,6,11,12,18,0,0,447,0,0,56,2,71,7,25,7,7,1,1,13,49,0,11,YARN_STORE|PIZZA_SHOP|PET_CAFE|SMOOTHIE_SHOP|YARN_STORE|YARN_STORE|YARN_STORE|PET_CAFE
96303028,1,Kostiantyn Isaienkov,0,87091.0,88664.0,5,277,6,8,0,154,12,0,19,12,6,11,-1,0,95,0,355,0,0,21,0,229,7,25,7,7,1,1,13,49,0,11,YARN_STORE|PIZZA_SHOP|PET_CAFE|SMOOTHIE_SHOP|YARN_STORE|YARN_STORE|YARN_STORE|PET_CAFE
96303074,0,Kobe BRYANT,0,94179.0,100935.0,5,277,10,4,0,132,6,0,38,12,6,11,-1,3,8,0,449,0,0,57,0,192,37,1,7,25,1,13,31,13,0,9,ICE_CREAM_SHOP|BAKERY|SMOOTHIE_SHOP|PIZZA_SHOP|BAKERY|YARN_STORE|ICE_CREAM_SHOP|ICE_CREAM_SHOP
96303074,1,Arman Tuganbaev,1,100935.0,94179.0,2,278,11,4,0,142,8,0,41,11,6,10,-1,120,42,0,173,19,0,107,30,146,37,1,7,25,1,13,31,13,0,9,ICE_CREAM_SHOP|BAKERY|SMOOTHIE_SHOP|PIZZA_SHOP|BAKERY|YARN_STORE|ICE_CREAM_SHOP|ICE_CREAM_SHOP
96303075,0,Izzoudine Mohamed KANTA,1,75608.0,63109.0,5,277,8,6,0,132,6,0,38,12,6,11,-1,0,44,0,482,0,0,48,0,189,19,43,13,13,1,7,7,25,0,12,PIZZA_SHOP|BRUNCH_SPOT|PET_CAFE|YARN_STORE|PET_CAFE|YARN_STORE|PET_CAFE|FARMERS_MARKET
96303075,1,SaiKushal185,0,63109.0,75608.0,5,277,10,4,0,129,5,0,42,12,6,11,-1,3,14,0,279,0,0,106,0,57,19,43,13,13,1,7,7,25,0,12,PIZZA_SHOP|BRUNCH_SPOT|PET_CAFE|YARN_STORE|PET_CAFE|YARN_STORE|PET_CAFE|FARMERS_MARKET
96303076,0,Ryo Hasegawa,0,82750.0,84061.0,5,290,5,10,0,207,0,0,25,11,5,9,-1,61,0,0,284,0,0,39,0,86,31,13,7,13,1,19,13,25,0,14,BAKERY|YARN_STORE|BRUNCH_SPOT|PET_CAFE|PIZZA_SHOP|YARN_STORE|ICE_CREAM_SHOP|BAKERY
96303076,1,tetsuya,1,84061.0,82750.0,6,308,5,11,0,162,0,0,30,15,7,10,-1,18,56,0,131,0,0,5,0,128,31,13,7,13,1,19,13,25,0,14,BAKERY|YARN_STORE|BRUNCH_SPOT|PET_CAFE|PIZZA_SHOP|YARN_STORE|ICE_CREAM_SHOP|BAKERY
96303079,0,Izzoudine Mohamed KANTA,1,122105.0,118342.0,5,277,6,12,0,152,4,0,34,17,6,11,12,22,0,0,808,0,0,32,0,248,25,19,7,31,1,7,19,25,0,2,SMOOTHIE_SHOP|YARN_STORE|YARN_STORE|PET_CAFE|ICE_CREAM_SHOP|FARMERS_MARKET|BRUNCH_SPOT|ICE_CREAM_SHOP
96303079,1,Arman Tuganbaev,0,118342.0,122105.0,2,284,8,15,0,141,0,2,39,11,6,11,-1,66,54,0,124,0,1,77,12,199,25,19,7,31,1,7,19,25,0,2,SMOOTHIE_SHOP|YARN_STORE|YARN_STORE|PET_CAFE|ICE_CREAM_SHOP|FARMERS_MARKET|BRUNCH_SPOT|ICE_CREAM_SHOP
96303080,0,peikopon,1,109580.0,107821.0,5,277,10,4,0,100,33,2,32,20,6,11,-1,31,1,0,500,0,0,15,12,140,37,25,19,31,1,7,25,1,0,6,ICE_CREAM_SHOP|PET_CAFE|FARMERS_MARKET|ICE_CREAM_SHOP|PIZZA_SHOP|FARMERS_MARKET|BAKERY|SMOOTHIE_SHOP
96303080,1,MiMi,0,107821.0,109580.0,5,292,11,3,0,140,2,10,59,12,5,10,12,3,6,0,244,0,0,21,0,18,37,25,19,31,1,7,25,1,0,6,ICE_CREAM_SHOP|PET_CAFE|FARMERS_MARKET|ICE_CREAM_SHOP|PIZZA_SHOP|FARMERS_MARKET|BAKERY|SMOOTHIE_SHOP
96303081,0,Excluding,1,51443.0,43124.0,5,298,8,3,0,190,0,10,24,13,6,9,-1,27,10,0,280,0,19,32,12,7,37,25,19,7,1,13,25,1,0,5,BAKERY|PIZZA_SHOP|BAKERY|PET_CAFE|PIZZA_SHOP|PET_CAFE|ICE_CREAM_SHOP|PIZZA_SHOP
96303081,1,peikopon,0,43124.0,51443.0,5,277,10,4,0,100,34,2,32,20,6,11,-1,30,2,0,509,0,0,14,12,140,37,25,19,7,1,13,25,1,0,5,BAKERY|PIZZA_SHOP|BAKERY|PET_CAFE|PIZZA_SHOP|PET_CAFE|ICE_CREAM_SHOP|PIZZA_SHOP
96303082,0,Subramanya N,1,73419.0,64040.0,6,304,11,2,0,156,51,0,21,18,6,10,-1,131,0,0,119,8,0,9,0,21,25,43,13,19,1,7,19,1,0,10,PIZZA_SHOP|PET_CAFE|PET_CAFE|ICE_CREAM_SHOP|PET_CAFE|BAKERY|SMOOTHIE_SHOP|FARMERS_MARKET
96303082,1,Arman Tuganbaev,0,64040.0,73419.0,2,230,7,4,0,142,24,0,20,26,7,9,-1,25,12,0,222,18,0,17,23,108,25,43,13,19,1,7,19,1,0,10,PIZZA_SHOP|PET_CAFE|PET_CAFE|ICE_CREAM_SHOP|PET_CAFE|BAKERY|SMOOTHIE_SHOP|FARMERS_MARKET
96303083,0,Subramanya N,1,72128.0,71114.0,6,303,4,13,0,152,58,0,16,15,6,10,-1,66,26,0,155,35,0,5,12,30,13,37,1,13,1,13,13,13,0,12,YARN_STORE|PET_CAFE|SMOOTHIE_SHOP|PET_CAFE|BAKERY|PET_CAFE|SMOOTHIE_SHOP|BAKERY
96303083,1,tetsuya,0,71114.0,72128.0,6,315,4,10,1,103,65,0,30,15,7,9,-1,0,0,0,93,18,0,18,6,90,13,37,1,13,1,13,13,13,0,12,YARN_STORE|PET_CAFE|SMOOTHIE_SHOP|PET_CAFE|BAKERY|PET_CAFE|SMOOTHIE_SHOP|BAKERY
96303084,0,tetsuya,0,97928.0,105958.0,6,309,11,4,0,143,0,18,27,10,7,10,-1,33,5,0,157,0,2,16,0,101,43,7,25,25,1,7,37,1,0,6,PIZZA_SHOP|FARMERS_MARKET|PIZZA_SHOP|BAKERY|PIZZA_SHOP|ICE_CREAM_SHOP|SMOOTHIE_SHOP|ICE_CREAM_SHOP
96303084,1,Subramanya N,1,105958.0,97928.0,6,301,14,2,0,105,11,26,25,18,6,8,-1,53,0,0,106,6,18,26,0,12,43,7,25,25,1,7,37,1,0,6,PIZZA_SHOP|FARMERS_MARKET|PIZZA_SHOP|BAKERY|PIZZA_SHOP|ICE_CREAM_SHOP|SMOOTHIE_SHOP|ICE_CREAM_SHOP
96307584,0,lucaskna,0,93850.0,98627.0,5,277,10,4,0,127,6,0,34,20,6,11,-1,2,12,0,244,0,0,16,12,59,37,13,13,31,1,19,13,13,0,9,SMOOTHIE_SHOP|FARMERS_MARKET|BAKERY|FARMERS_MARKET|YARN_STORE|ICE_CREAM_SHOP|BAKERY|BRUNCH_SPOT
96307584,1,Ryo Hasegawa,1,98627.0,93850.0,5,289,8,4,0,158,0,0,36,11,6,10,-1,55,13,0,213,0,0,8,0,59,37,13,13,31,1,19,13,13,0,9,SMOOTHIE_SHOP|FARMERS_MARKET|BAKERY|FARMERS_MARKET|YARN_STORE|ICE_CREAM_SHOP|BAKERY|BRUNCH_SPOT
96309836,0,SaiKushal185,1,65073.0,63515.0,5,277,6,8,0,129,5,0,42,12,6,11,-1,1,28,0,279,0,0,50,0,57,37,19,7,25,1,31,1,13,0,3,BAKERY|FARMERS_MARKET|YARN_STORE|PET_CAFE|BRUNCH_SPOT|BRUNCH_SPOT|BRUNCH_SPOT|BAKERY
96309836,1,Thomas Tschinkel,0,63515.0,65073.0,5,277,7,7,0,125,13,0,42,12,6,11,-1,0,61,0,206,0,0,31,0,47,37,19,7,25,1,31,1,13,0,3,BAKERY|FARMERS_MARKET|YARN_STORE|PET_CAFE|BRUNCH_SPOT|BRUNCH_SPOT|BRUNCH_SPOT|BAKERY
96314388,0,カワシギ,1,78346.0,77440.0,5,276,10,4,0,148,13,0,34,20,6,11,-1,5,13,0,496,0,0,45,3,203,37,13,19,19,1,19,13,13,0,7,PIZZA_SHOP|SMOOTHIE_SHOP|FARMERS_MARKET|BAKERY|BAKERY|BAKERY|YARN_STORE|FARMERS_MARKET
96314388,1,ReCurSiON,0,77440.0,78346.0,4,262,9,4,0,143,0,0,37,20,6,10,-1,12,0,0,265,0,0,28,6,67,37,13,19,19,1,19,13,13,0,7,PIZZA_SHOP|SMOOTHIE_SHOP|FARMERS_MARKET|BAKERY|BAKERY|BAKERY|YARN_STORE|FARMERS_MARKET
96314393,0,Efe Can Celiksoy,1,80533.0,76248.0,5,277,10,4,0,126,16,0,42,12,6,11,-1,23,21,0,435,0,0,29,0,193,37,19,19,37,1,19,13,1,0,4,BAKERY|FARMERS_MARKET|BRUNCH_SPOT|SMOOTHIE_SHOP|FARMERS_MARKET|FARMERS_MARKET|SMOOTHIE_SHOP|BAKERY
96314393,1,bplyc15,0,76248.0,80533.0,5,277,8,6,0,129,5,0,42,12,6,11,-1,0,60,0,314,0,0,51,0,185,37,19,19,37,1,19,13,1,0,4,BAKERY|FARMERS_MARKET|BRUNCH_SPOT|SMOOTHIE_SHOP|FARMERS_MARKET|FARMERS_MARKET|SMOOTHIE_SHOP|BAKERY
96314410,0,SaiKushal185,0,68733.0,69371.0,5,277,10,4,0,129,5,0,42,12,6,11,-1,3,14,0,279,0,0,106,0,57,25,25,13,25,1,7,13,25,0,13,FARMERS_MARKET|PET_CAFE|ICE_CREAM_SHOP|BAKERY|FARMERS_MARKET|YARN_STORE|YARN_STORE|SMOOTHIE_SHOP
96314410,1,Xiaowenhao404,1,69371.0,68733.0,5,277,10,4,0,127,49,0,42,12,6,11,-1,32,14,0,630,15,0,51,10,151,25,25,13,25,1,7,13,25,0,13,FARMERS_MARKET|PET_CAFE|ICE_CREAM_SHOP|BAKERY|FARMERS_MARKET|YARN_STORE|YARN_STORE|SMOOTHIE_SHOP
96316676,0,Victor @ Tufa Labs,0,69658.0,76980.0,5,277,6,12,0,133,2,0,33,20,6,11,12,7,4,0,1980,0,0,29,1,157,37,1,1,25,1,31,13,13,0,14,YARN_STORE|BAKERY|BRUNCH_SPOT|SMOOTHIE_SHOP|ICE_CREAM_SHOP|BAKERY|BRUNCH_SPOT|BAKERY
96316676,1,StackKnight,1,76980.0,69658.0,5,277,6,12,0,128,1,0,42,12,6,11,12,19,0,0,596,0,0,60,2,24,37,1,1,25,1,31,13,13,0,14,YARN_STORE|BAKERY|BRUNCH_SPOT|SMOOTHIE_SHOP|ICE_CREAM_SHOP|BAKERY|BRUNCH_SPOT|BAKERY
96316770,0,James Holland,0,97798.0,97811.0,5,278,10,4,0,123,5,0,42,12,6,11,-1,3,22,0,304,0,0,26,0,123,43,7,13,43,1,25,19,1,0,9,BRUNCH_SPOT|PIZZA_SHOP|BRUNCH_SPOT|ICE_CREAM_SHOP|SMOOTHIE_SHOP|BRUNCH_SPOT|FARMERS_MARKET|BRUNCH_SPOT
96316770,1,Hello San Francisco,1,97811.0,97798.0,5,277,8,6,0,133,13,0,42,12,6,11,-1,93,44,0,413,6,0,101,2,118,43,7,13,43,1,25,19,1,0,9,BRUNCH_SPOT|PIZZA_SHOP|BRUNCH_SPOT|ICE_CREAM_SHOP|SMOOTHIE_SHOP|BRUNCH_SPOT|FARMERS_MARKET|BRUNCH_SPOT
96316772,0,Seb (allegedly),0,78006.0,78238.0,7,309,5,14,0,130,0,0,30,19,4,8,10,11,31,0,230,0,0,15,6,20,43,13,13,31,1,13,19,13,0,9,YARN_STORE|FARMERS_MARKET|ICE_CREAM_SHOP|BAKERY|BAKERY|ICE_CREAM_SHOP|ICE_CREAM_SHOP|FARMERS_MARKET
96316772,1,Xiaowenhao404,1,78238.0,78006.0,5,277,6,12,0,142,10,0,42,12,6,11,12,13,35,0,1093,0,0,36,0,123,43,13,13,31,1,13,19,13,0,9,YARN_STORE|FARMERS_MARKET|ICE_CREAM_SHOP|BAKERY|BAKERY|ICE_CREAM_SHOP|ICE_CREAM_SHOP|FARMERS_MARKET
96318949,0,Xiaowenhao404,1,88772.0,86262.0,5,277,10,4,0,127,49,0,42,12,6,11,-1,30,27,0,631,15,0,33,10,154,31,31,7,37,1,19,13,1,0,3,PET_CAFE|ICE_CREAM_SHOP|SMOOTHIE_SHOP|FARMERS_MARKET|BRUNCH_SPOT|PET_CAFE|BRUNCH_SPOT|BRUNCH_SPOT
96318949,1,Victor @ Tufa Labs,0,86262.0,88772.0,5,277,10,4,0,125,5,0,42,12,6,11,-1,3,1,0,2064,0,0,37,0,135,31,31,7,37,1,19,13,1,0,3,PET_CAFE|ICE_CREAM_SHOP|SMOOTHIE_SHOP|FARMERS_MARKET|BRUNCH_SPOT|PET_CAFE|BRUNCH_SPOT|BRUNCH_SPOT
96321206,0,u,0,93681.0,100692.0,5,277,10,4,0,125,5,0,42,12,6,11,-1,15,7,0,418,0,0,57,0,212,37,19,7,25,1,19,19,1,0,1,ICE_CREAM_SHOP|ICE_CREAM_SHOP|FARMERS_MARKET|BAKERY|BAKERY|BAKERY|SMOOTHIE_SHOP|PET_CAFE
96321206,1,Ryo Hasegawa,1,100692.0,93681.0,5,290,8,3,0,163,0,0,36,11,6,10,-1,34,26,0,229,0,0,47,0,56,37,19,7,25,1,19,19,1,0,1,ICE_CREAM_SHOP|ICE_CREAM_SHOP|FARMERS_MARKET|BAKERY|BAKERY|BAKERY|SMOOTHIE_SHOP|PET_CAFE
96325761,0,James Holland,1,92923.0,91876.0,5,278,10,4,0,123,5,0,42,12,6,11,-1,3,25,0,304,0,0,26,0,123,19,37,1,25,1,13,19,1,0,12,ICE_CREAM_SHOP|SMOOTHIE_SHOP|PET_CAFE|PET_CAFE|SMOOTHIE_SHOP|BRUNCH_SPOT|PET_CAFE|BAKERY
96325761,1,SaiKushal185,0,91876.0,92923.0,5,277,10,4,0,129,5,0,42,12,6,11,-1,3,14,0,279,0,0,46,0,57,19,37,1,25,1,13,19,1,0,12,ICE_CREAM_SHOP|SMOOTHIE_SHOP|PET_CAFE|PET_CAFE|SMOOTHIE_SHOP|BRUNCH_SPOT|PET_CAFE|BAKERY
96325794,0,u,1,108087.0,108033.0,5,277,6,8,0,125,5,0,42,12,6,11,-1,0,74,0,398,0,0,61,0,212,25,13,25,25,1,1,25,25,0,5,FARMERS_MARKET|YARN_STORE|PIZZA_SHOP|FARMERS_MARKET|SMOOTHIE_SHOP|YARN_STORE|PIZZA_SHOP|SMOOTHIE_SHOP
96325794,1,Kaan Dınız,0,108033.0,108087.0,5,277,6,12,0,152,4,0,34,17,6,11,12,12,0,0,620,0,0,43,0,250,25,13,25,25,1,1,25,25,0,5,FARMERS_MARKET|YARN_STORE|PIZZA_SHOP|FARMERS_MARKET|SMOOTHIE_SHOP|YARN_STORE|PIZZA_SHOP|SMOOTHIE_SHOP
96325894,0,Kobe BRYANT,1,73288.0,71796.0,5,277,6,6,2,132,6,0,38,12,6,11,-1,0,10,16,561,0,0,53,0,192,43,37,25,31,1,19,1,1,0,4,FARMERS_MARKET|BRUNCH_SPOT|BAKERY|BAKERY|FARMERS_MARKET|FARMERS_MARKET|FARMERS_MARKET|PET_CAFE
96325894,1,ReCurSiON,0,71796.0,73288.0,4,262,9,4,0,143,0,0,37,15,6,10,-1,12,0,0,265,0,0,28,6,67,43,37,25,31,1,19,1,1,0,4,FARMERS_MARKET|BRUNCH_SPOT|BAKERY|BAKERY|FARMERS_MARKET|FARMERS_MARKET|FARMERS_MARKET|PET_CAFE
96325895,0,peikopon,1,123888.0,121569.0,5,278,12,3,0,126,5,4,34,12,6,11,-1,39,17,0,310,0,0,26,0,127,37,1,19,25,1,13,31,13,0,7,SMOOTHIE_SHOP|PIZZA_SHOP|PIZZA_SHOP|YARN_STORE|BRUNCH_SPOT|ICE_CREAM_SHOP|PIZZA_SHOP|BRUNCH_SPOT
96325895,1,Rayk Kretzschmar,0,121569.0,123888.0,5,277,10,4,0,125,5,0,42,12,6,11,-1,3,12,0,371,0,0,52,0,192,37,1,19,25,1,13,31,13,0,7,SMOOTHIE_SHOP|PIZZA_SHOP|PIZZA_SHOP|YARN_STORE|BRUNCH_SPOT|ICE_CREAM_SHOP|PIZZA_SHOP|BRUNCH_SPOT
96328144,0,Kostiantyn Isaienkov,1,103090.0,101311.0,5,277,8,4,2,131,12,0,42,12,6,11,-1,0,7,12,348,0,0,59,0,177,37,7,13,25,1,19,19,13,0,7,BRUNCH_SPOT|FARMERS_MARKET|ICE_CREAM_SHOP|YARN_STORE|SMOOTHIE_SHOP|PIZZA_SHOP|BAKERY|BAKERY
96328144,1,James Holland,0,101311.0,103090.0,5,278,10,4,0,123,5,0,42,12,6,11,-1,3,25,0,304,0,0,26,0,123,37,7,13,25,1,19,19,13,0,7,BRUNCH_SPOT|FARMERS_MARKET|ICE_CREAM_SHOP|YARN_STORE|SMOOTHIE_SHOP|PIZZA_SHOP|BAKERY|BAKERY
96328180,0,MiMi,0,103516.0,106154.0,5,290,4,8,0,139,12,8,56,12,5,10,12,6,4,0,190,0,0,28,0,17,31,13,19,31,1,7,19,25,0,13,YARN_STORE|BRUNCH_SPOT|FARMERS_MARKET|FARMERS_MARKET|YARN_STORE|PIZZA_SHOP|ICE_CREAM_SHOP|SMOOTHIE_SHOP
96328180,1,Izzoudine Mohamed KANTA,1,106154.0,103516.0,5,277,6,12,0,135,3,0,42,12,6,11,12,9,0,0,743,0,0,68,2,200,31,13,19,31,1,7,19,25,0,13,YARN_STORE|BRUNCH_SPOT|FARMERS_MARKET|FARMERS_MARKET|YARN_STORE|PIZZA_SHOP|ICE_CREAM_SHOP|SMOOTHIE_SHOP
96330264,0,SaiKushal185,1,65625.0,64431.0,5,277,10,4,0,129,5,0,42,12,6,11,-1,3,14,0,279,0,0,43,0,57,25,13,7,13,1,19,13,25,0,11,PIZZA_SHOP|BRUNCH_SPOT|PET_CAFE|YARN_STORE|BAKERY|SMOOTHIE_SHOP|YARN_STORE|BAKERY
96330264,1,qr Z1201,0,64431.0,65625.0,5,277,10,4,0,133,13,0,42,12,6,11,-1,9,18,0,371,0,0,47,0,192,25,13,7,13,1,19,13,25,0,11,PIZZA_SHOP|BRUNCH_SPOT|PET_CAFE|YARN_STORE|BAKERY|SMOOTHIE_SHOP|YARN_STORE|BAKERY
96330308,0,Ryo Hasegawa,1,163990.0,144311.0,5,289,13,9,0,137,0,0,30,11,6,10,-1,0,0,0,94,0,0,2,0,127,13,1,7,31,1,1,37,25,0,2,YARN_STORE|ICE_CREAM_SHOP|SMOOTHIE_SHOP|SMOOTHIE_SHOP|SMOOTHIE_SHOP|SMOOTHIE_SHOP|YARN_STORE|PIZZA_SHOP
96330308,1,tetsuya,0,144311.0,163990.0,6,312,4,10,1,126,0,0,40,15,7,9,-1,0,20,0,99,0,0,4,0,49,13,1,7,31,1,1,37,25,0,2,YARN_STORE|ICE_CREAM_SHOP|SMOOTHIE_SHOP|SMOOTHIE_SHOP|SMOOTHIE_SHOP|SMOOTHIE_SHOP|YARN_STORE|PIZZA_SHOP
96330309,0,Izzoudine Mohamed KANTA,0,88779.0,88790.0,5,277,6,12,0,152,4,0,34,17,6,11,12,12,0,0,883,0,0,32,0,248,7,25,1,19,1,1,19,37,0,11,PET_CAFE|YARN_STORE|YARN_STORE|SMOOTHIE_SHOP|YARN_STORE|PET_CAFE|ICE_CREAM_SHOP|SMOOTHIE_SHOP
96330309,1,tetsuya,1,88790.0,88779.0,6,318,5,9,1,148,62,0,24,8,7,10,-1,39,12,0,145,9,0,3,0,127,7,25,1,19,1,1,19,37,0,11,PET_CAFE|YARN_STORE|YARN_STORE|SMOOTHIE_SHOP|YARN_STORE|PET_CAFE|ICE_CREAM_SHOP|SMOOTHIE_SHOP
96330310,0,peikopon,1,152117.0,151249.0,5,278,10,4,0,123,5,0,38,12,6,11,-1,3,7,0,353,0,0,26,0,123,37,1,7,37,1,13,37,1,0,8,ICE_CREAM_SHOP|ICE_CREAM_SHOP|SMOOTHIE_SHOP|ICE_CREAM_SHOP|BRUNCH_SPOT|BAKERY|SMOOTHIE_SHOP|PIZZA_SHOP
96330310,1,Izzoudine Mohamed KANTA,0,151249.0,152117.0,5,277,10,4,0,132,6,0,38,12,6,11,-1,2,4,0,463,0,0,48,0,195,37,1,7,37,1,13,37,1,0,8,ICE_CREAM_SHOP|ICE_CREAM_SHOP|SMOOTHIE_SHOP|ICE_CREAM_SHOP|BRUNCH_SPOT|BAKERY|SMOOTHIE_SHOP|PIZZA_SHOP
96330311,0,Arman Tuganbaev,1,84892.0,80814.0,2,265,6,11,0,130,0,0,39,11,6,11,-1,24,67,0,170,0,0,90,24,176,31,7,7,19,1,25,13,13,0,14,YARN_STORE|FARMERS_MARKET|SMOOTHIE_SHOP|BAKERY|BAKERY|BAKERY|SMOOTHIE_SHOP|BAKERY
96330311,1,MiMi,0,80814.0,84892.0,5,293,7,7,0,164,12,0,43,22,5,10,12,0,0,0,271,2,0,26,0,25,31,7,7,19,1,25,13,13,0,14,YARN_STORE|FARMERS_MARKET|SMOOTHIE_SHOP|BAKERY|BAKERY|BAKERY|SMOOTHIE_SHOP|BAKERY
96330312,0,Excluding,1,73027.0,67650.0,5,301,13,3,0,146,0,7,30,13,6,10,-1,25,2,0,167,0,11,30,33,10,25,13,13,19,1,7,31,13,0,2,PIZZA_SHOP|BAKERY|SMOOTHIE_SHOP|PET_CAFE|SMOOTHIE_SHOP|YARN_STORE|PIZZA_SHOP|ICE_CREAM_SHOP
96330312,1,Izzoudine Mohamed KANTA,0,67650.0,73027.0,5,277,10,4,0,132,6,0,38,12,6,11,-1,3,8,0,445,0,0,54,0,192,25,13,13,19,1,7,31,13,0,2,PIZZA_SHOP|BAKERY|SMOOTHIE_SHOP|PET_CAFE|SMOOTHIE_SHOP|YARN_STORE|PIZZA_SHOP|ICE_CREAM_SHOP
96330314,0,Izzoudine Mohamed KANTA,0,98913.0,108113.0,5,277,10,4,0,132,6,0,38,12,6,11,-1,3,4,0,470,0,0,54,0,192,37,13,13,19,1,13,31,1,0,7,PIZZA_SHOP|ICE_CREAM_SHOP|SMOOTHIE_SHOP|BAKERY|ICE_CREAM_SHOP|PET_CAFE|PIZZA_SHOP|BAKERY
96330314,1,Subramanya N,1,108113.0,98913.0,6,305,18,2,0,110,11,0,38,12,6,11,-1,48,4,0,78,6,0,59,32,21,37,13,13,19,1,13,31,1,0,7,PIZZA_SHOP|ICE_CREAM_SHOP|SMOOTHIE_SHOP|BAKERY|ICE_CREAM_SHOP|PET_CAFE|PIZZA_SHOP|BAKERY
96330315,0,tetsuya,0,55990.0,57307.0,6,311,6,6,3,123,0,0,40,11,7,10,-1,0,5,0,115,0,0,14,0,108,31,31,7,19,1,19,7,13,0,0,BAKERY|BRUNCH_SPOT|ICE_CREAM_SHOP|PET_CAFE|PET_CAFE|FARMERS_MARKET|BAKERY|YARN_STORE
96330315,1,Izzoudine Mohamed KANTA,1,57307.0,55990.0,5,277,6,6,2,132,6,0,38,12,6,11,-1,0,22,16,539,0,0,51,0,192,31,31,7,19,1,19,7,13,0,0,BAKERY|BRUNCH_SPOT|ICE_CREAM_SHOP|PET_CAFE|PET_CAFE|FARMERS_MARKET|BAKERY|YARN_STORE
96332668,0,StackKnight,0,87987.0,88237.0,5,277,10,4,0,125,5,0,42,12,6,11,-1,9,17,0,319,0,0,37,0,57,31,19,13,31,1,13,19,13,0,1,PET_CAFE|ICE_CREAM_SHOP|SMOOTHIE_SHOP|YARN_STORE|BRUNCH_SPOT|PIZZA_SHOP|FARMERS_MARKET|BRUNCH_SPOT
96332668,1,lucaskna,1,88237.0,87987.0,5,277,10,4,0,125,5,0,42,12,6,11,-1,0,39,0,350,0,0,54,0,57,31,19,13,31,1,13,19,13,0,1,PET_CAFE|ICE_CREAM_SHOP|SMOOTHIE_SHOP|YARN_STORE|BRUNCH_SPOT|PIZZA_SHOP|FARMERS_MARKET|BRUNCH_SPOT
96334824,0,qr Z1201,0,53545.0,54980.0,5,277,10,4,0,133,13,0,42,12,6,11,-1,1,11,0,365,0,0,42,0,192,37,19,19,25,1,13,25,1,0,6,PET_CAFE|BRUNCH_SPOT|PIZZA_SHOP|SMOOTHIE_SHOP|BAKERY|FARMERS_MARKET|PIZZA_SHOP|ICE_CREAM_SHOP
96334824,1,Kaan Dınız,1,54980.0,53545.0,5,277,10,4,0,133,13,0,38,12,6,11,-1,2,17,0,284,0,0,59,0,197,37,19,19,25,1,13,25,1,0,6,PET_CAFE|BRUNCH_SPOT|PIZZA_SHOP|SMOOTHIE_SHOP|BAKERY|FARMERS_MARKET|PIZZA_SHOP|ICE_CREAM_SHOP
96339472,0,カワシギ,0,125963.0,141855.0,5,277,10,4,0,129,15,0,42,12,6,11,-1,4,14,0,422,0,0,27,7,189,43,7,19,25,1,13,31,1,0,6,PIZZA_SHOP|SMOOTHIE_SHOP|ICE_CREAM_SHOP|ICE_CREAM_SHOP|FARMERS_MARKET|PIZZA_SHOP|BAKERY|BAKERY
96339472,1,MiMi,1,141855.0,125963.0,5,294,14,3,0,142,10,8,48,12,5,10,12,2,6,0,249,0,0,9,6,35,43,7,19,25,1,13,31,1,0,6,PIZZA_SHOP|SMOOTHIE_SHOP|ICE_CREAM_SHOP|ICE_CREAM_SHOP|FARMERS_MARKET|PIZZA_SHOP|BAKERY|BAKERY
96339474,0,Kostiantyn Isaienkov,1,56147.0,55267.0,5,277,6,4,4,135,14,0,34,20,6,11,-1,8,10,12,552,0,0,14,10,126,31,37,7,19,1,19,13,1,0,0,BRUNCH_SPOT|PET_CAFE|BRUNCH_SPOT|BAKERY|PET_CAFE|PET_CAFE|ICE_CREAM_SHOP|PIZZA_SHOP
96339474,1,ReCurSiON,0,55267.0,56147.0,4,262,9,4,0,143,0,0,37,20,6,10,-1,12,0,0,265,0,0,28,6,67,31,37,7,19,1,19,13,1,0,0,BRUNCH_SPOT|PET_CAFE|BRUNCH_SPOT|BAKERY|PET_CAFE|PET_CAFE|ICE_CREAM_SHOP|PIZZA_SHOP
96339479,0,Efe Can Celiksoy,1,90546.0,86831.0,5,277,10,4,0,126,16,0,42,12,6,11,-1,9,21,0,426,0,0,29,0,192,37,37,13,31,1,13,13,1,0,4,ICE_CREAM_SHOP|BAKERY|ICE_CREAM_SHOP|FARMERS_MARKET|FARMERS_MARKET|PET_CAFE|PET_CAFE|BRUNCH_SPOT
96339479,1,Kostiantyn Isaienkov,0,86831.0,90546.0,5,277,10,4,0,131,12,0,42,12,6,11,-1,2,9,0,355,0,0,59,0,177,37,37,13,31,1,13,13,1,0,4,ICE_CREAM_SHOP|BAKERY|ICE_CREAM_SHOP|FARMERS_MARKET|FARMERS_MARKET|PET_CAFE|PET_CAFE|BRUNCH_SPOT
96339492,0,ReCurSiON,0,68368.0,71995.0,4,262,9,4,0,143,0,0,37,15,6,10,-1,12,3,0,265,0,0,28,6,67,19,43,19,13,1,1,19,13,0,10,PIZZA_SHOP|FARMERS_MARKET|YARN_STORE|PET_CAFE|PET_CAFE|PET_CAFE|SMOOTHIE_SHOP|PIZZA_SHOP
96339492,1,SaiKushal185,1,71995.0,68368.0,5,277,6,8,0,129,5,0,42,12,6,11,-1,1,38,0,279,0,0,96,0,57,19,43,19,13,1,1,19,13,0,10,PIZZA_SHOP|FARMERS_MARKET|YARN_STORE|PET_CAFE|PET_CAFE|PET_CAFE|SMOOTHIE_SHOP|PIZZA_SHOP
96341796,0,Seb (allegedly),1,58245.0,53060.0,7,298,12,3,0,99,0,0,25,20,4,8,-1,8,16,0,222,0,0,9,6,18,37,19,19,25,1,19,19,1,0,7,PIZZA_SHOP|PET_CAFE|PIZZA_SHOP|BRUNCH_SPOT|FARMERS_MARKET|BRUNCH_SPOT|SMOOTHIE_SHOP|BAKERY
96341796,1,lucaskna,0,53060.0,58245.0,5,277,10,4,0,123,7,0,34,20,6,11,-1,2,7,0,344,0,0,6,6,64,37,19,19,25,1,19,19,1,0,7,PIZZA_SHOP|PET_CAFE|PIZZA_SHOP|BRUNCH_SPOT|FARMERS_MARKET|BRUNCH_SPOT|SMOOTHIE_SHOP|BAKERY
96341797,0,Xiaowenhao404,1,139328.0,129191.0,5,277,6,12,0,142,10,0,42,12,6,11,12,9,10,0,1131,0,0,37,10,128,19,1,1,37,1,7,31,25,0,2,YARN_STORE|SMOOTHIE_SHOP|BRUNCH_SPOT|YARN_STORE|SMOOTHIE_SHOP|ICE_CREAM_SHOP|ICE_CREAM_SHOP|SMOOTHIE_SHOP
96341797,1,Ryo Hasegawa,0,129191.0,139328.0,5,290,6,7,0,154,0,0,47,11,6,9,-1,3,0,0,148,0,0,4,0,88,19,1,1,37,1,7,31,25,0,2,YARN_STORE|SMOOTHIE_SHOP|BRUNCH_SPOT|YARN_STORE|SMOOTHIE_SHOP|ICE_CREAM_SHOP|ICE_CREAM_SHOP|SMOOTHIE_SHOP
96344009,0,Kenjo1209,1,82843.0,82419.0,5,277,10,4,0,128,5,0,42,12,6,11,-1,109,8,0,400,0,0,76,0,154,25,25,13,25,1,13,7,25,0,13,SMOOTHIE_SHOP|FARMERS_MARKET|PET_CAFE|YARN_STORE|YARN_STORE|BRUNCH_SPOT|BAKERY|FARMERS_MARKET
96344009,1,SaiKushal185,0,82419.0,82843.0,5,277,10,4,0,129,5,0,42,12,6,11,-1,2,14,0,279,0,0,46,0,57,25,25,13,25,1,13,7,25,0,13,SMOOTHIE_SHOP|FARMERS_MARKET|PET_CAFE|YARN_STORE|YARN_STORE|BRUNCH_SPOT|BAKERY|FARMERS_MARKET
96344038,0,Victor @ Tufa Labs,0,39909.0,55015.0,5,277,10,4,0,125,5,0,42,12,6,11,-1,3,1,0,2064,0,0,37,0,135,31,43,19,13,1,7,19,1,0,10,PET_CAFE|PET_CAFE|ICE_CREAM_SHOP|BAKERY|PIZZA_SHOP|PET_CAFE|FARMERS_MARKET|PIZZA_SHOP
96344038,1,Thomas Tschinkel,1,55015.0,39909.0,5,277,10,4,0,86,50,0,42,12,6,11,-1,0,2,0,235,6,0,31,0,47,31,43,19,13,1,7,19,1,0,10,PET_CAFE|PET_CAFE|ICE_CREAM_SHOP|BAKERY|PIZZA_SHOP|PET_CAFE|FARMERS_MARKET|PIZZA_SHOP
96344047,0,Xiaowenhao404,1,80512.0,76907.0,5,277,10,4,0,131,6,0,34,20,6,11,-1,31,14,0,465,0,0,16,12,157,31,25,13,25,1,13,7,25,0,13,PET_CAFE|FARMERS_MARKET|ICE_CREAM_SHOP|YARN_STORE|FARMERS_MARKET|YARN_STORE|BRUNCH_SPOT|BAKERY
96344047,1,ReCurSiON,0,76907.0,80512.0,4,262,9,4,0,143,0,0,37,18,6,10,-1,12,15,0,265,0,0,28,6,67,31,25,13,25,1,13,7,25,0,13,PET_CAFE|FARMERS_MARKET|ICE_CREAM_SHOP|YARN_STORE|FARMERS_MARKET|YARN_STORE|BRUNCH_SPOT|BAKERY
96350778,0,peikopon,0,128779.0,131578.0,5,278,10,4,0,125,5,2,34,12,6,11,-1,3,7,0,308,0,0,26,0,129,31,19,19,25,1,1,31,13,0,5,FARMERS_MARKET|ICE_CREAM_SHOP|SMOOTHIE_SHOP|PIZZA_SHOP|ICE_CREAM_SHOP|YARN_STORE|PET_CAFE|PIZZA_SHOP
96350778,1,Thomas Tschinkel,1,131578.0,128779.0,5,277,10,4,0,125,13,0,42,12,6,11,-1,24,15,0,116,0,0,31,0,47,31,19,19,25,1,1,31,13,0,5,FARMERS_MARKET|ICE_CREAM_SHOP|SMOOTHIE_SHOP|PIZZA_SHOP|ICE_CREAM_SHOP|YARN_STORE|PET_CAFE|PIZZA_SHOP
96350866,0,u,1,113057.0,111031.0,5,277,10,4,0,125,5,0,42,12,6,11,-1,9,12,0,421,0,0,47,0,212,37,31,25,37,1,1,25,1,0,6,SMOOTHIE_SHOP|PIZZA_SHOP|FARMERS_MARKET|FARMERS_MARKET|ICE_CREAM_SHOP|PET_CAFE|ICE_CREAM_SHOP|FARMERS_MARKET
96350866,1,Anand,0,111031.0,113057.0,5,277,10,4,0,125,5,0,42,12,6,11,-1,9,23,0,371,0,0,50,0,192,37,31,25,37,1,1,25,1,0,6,SMOOTHIE_SHOP|PIZZA_SHOP|FARMERS_MARKET|FARMERS_MARKET|ICE_CREAM_SHOP|PET_CAFE|ICE_CREAM_SHOP|FARMERS_MARKET
96350934,0,Excluding,1,50874.0,42813.0,5,298,9,3,0,157,0,6,31,13,6,10,-1,39,13,0,282,0,14,49,36,6,31,25,13,7,1,19,19,1,0,0,BAKERY|SMOOTHIE_SHOP|PET_CAFE|BAKERY|PIZZA_SHOP|PET_CAFE|PIZZA_SHOP|BAKERY
96350934,1,Kobe BRYANT,0,42813.0,50874.0,5,277,8,6,0,131,6,0,38,12,6,11,-1,4,4,0,476,0,0,46,0,186,31,25,13,7,1,19,19,1,0,0,BAKERY|SMOOTHIE_SHOP|PET_CAFE|BAKERY|PIZZA_SHOP|PET_CAFE|PIZZA_SHOP|BAKERY
96355382,0,Subramanya N,0,105174.0,115263.0,6,301,5,3,0,53,31,1,50,16,6,10,-1,55,4,0,45,16,0,145,34,10,25,31,19,37,1,1,19,13,0,10,FARMERS_MARKET|SMOOTHIE_SHOP|FARMERS_MARKET|ICE_CREAM_SHOP|FARMERS_MARKET|PET_CAFE|SMOOTHIE_SHOP|YARN_STORE
96355382,1,Ryo Hasegawa,1,115263.0,105174.0,5,288,10,2,0,80,28,16,42,11,5,9,-1,32,8,0,76,0,3,6,0,65,25,31,19,37,1,1,19,13,0,10,FARMERS_MARKET|SMOOTHIE_SHOP|FARMERS_MARKET|ICE_CREAM_SHOP|FARMERS_MARKET|PET_CAFE|SMOOTHIE_SHOP|YARN_STORE
96355383,0,tetsuya,0,78206.0,85025.0,6,306,12,3,0,120,0,0,41,15,7,11,-1,48,13,0,77,0,0,2,0,104,19,13,1,31,1,13,25,13,0,1,ICE_CREAM_SHOP|PET_CAFE|BAKERY|SMOOTHIE_SHOP|SMOOTHIE_SHOP|YARN_STORE|SMOOTHIE_SHOP|BRUNCH_SPOT
96355383,1,Arman Tuganbaev,1,85025.0,78206.0,2,271,11,4,0,148,12,0,42,7,6,10,-1,116,50,0,210,31,0,99,12,142,19,13,1,31,1,13,25,13,0,1,ICE_CREAM_SHOP|PET_CAFE|BAKERY|SMOOTHIE_SHOP|SMOOTHIE_SHOP|YARN_STORE|SMOOTHIE_SHOP|BRUNCH_SPOT
96355385,0,Excluding,1,114015.0,98319.0,5,294,3,13,0,141,0,7,30,13,6,10,-1,20,51,0,183,0,17,37,22,10,25,7,13,25,1,7,19,37,0,2,YARN_STORE|YARN_STORE|BRUNCH_SPOT|FARMERS_MARKET|YARN_STORE|PIZZA_SHOP|ICE_CREAM_SHOP|SMOOTHIE_SHOP
96355385,1,Izzoudine Mohamed KANTA,0,98319.0,114015.0,5,277,6,12,0,135,3,0,42,12,6,11,12,16,0,0,745,0,0,65,2,200,25,7,13,25,1,7,19,37,0,2,YARN_STORE|YARN_STORE|BRUNCH_SPOT|FARMERS_MARKET|YARN_STORE|PIZZA_SHOP|ICE_CREAM_SHOP|SMOOTHIE_SHOP
96355386,0,Subramanya N,0,70692.0,78345.0,6,303,3,7,8,123,11,0,38,14,6,10,-1,11,12,20,106,3,0,66,6,28,31,19,7,25,1,19,7,25,0,14,BAKERY|BRUNCH_SPOT|YARN_STORE|FARMERS_MARKET|ICE_CREAM_SHOP|PET_CAFE|BRUNCH_SPOT|YARN_STORE
96355386,1,Arman Tuganbaev,1,78345.0,70692.0,2,281,7,9,0,130,0,0,35,26,7,10,-1,55,29,0,198,0,0,35,57,152,31,19,7,25,1,19,7,25,0,14,BAKERY|BRUNCH_SPOT|YARN_STORE|FARMERS_MARKET|ICE_CREAM_SHOP|PET_CAFE|BRUNCH_SPOT|YARN_STORE
96355387,0,peikopon,0,65846.0,66545.0,5,277,10,4,0,100,33,2,32,20,6,11,-1,14,2,0,588,0,0,14,12,140,31,49,13,19,1,13,7,1,0,0,FARMERS_MARKET|PET_CAFE|FARMERS_MARKET|BAKERY|ICE_CREAM_SHOP|BAKERY|PET_CAFE|PET_CAFE
96355387,1,tetsuya,1,66545.0,65846.0,6,307,7,6,3,94,28,0,40,9,7,11,-1,12,16,0,84,0,0,24,0,88,31,49,13,19,1,13,7,1,0,0,FARMERS_MARKET|PET_CAFE|FARMERS_MARKET|BAKERY|ICE_CREAM_SHOP|BAKERY|PET_CAFE|PET_CAFE
96355388,0,Arman Tuganbaev,1,125113.0,114308.0,2,285,9,10,0,134,8,0,41,9,6,10,-1,59,35,0,133,22,0,113,30,196,19,13,1,25,1,13,19,25,0,11,ICE_CREAM_SHOP|SMOOTHIE_SHOP|YARN_STORE|PET_CAFE|SMOOTHIE_SHOP|BAKERY|BRUNCH_SPOT|YARN_STORE
96355388,1,peikopon,0,114308.0,125113.0,5,277,10,4,0,127,7,0,34,20,6,11,-1,31,15,0,479,0,0,19,1,138,19,13,1,25,1,13,19,25,0,11,ICE_CREAM_SHOP|SMOOTHIE_SHOP|YARN_STORE|PET_CAFE|SMOOTHIE_SHOP|BAKERY|BRUNCH_SPOT|YARN_STORE
96355390,0,Izzoudine Mohamed KANTA,0,124710.0,130652.0,5,277,10,4,0,132,6,0,38,12,6,11,-1,3,4,0,480,0,0,57,0,192,37,19,25,43,1,7,25,1,0,6,SMOOTHIE_SHOP|ICE_CREAM_SHOP|FARMERS_MARKET|BRUNCH_SPOT|SMOOTHIE_SHOP|FARMERS_MARKET|FARMERS_MARKET|PIZZA_SHOP
96355390,1,Arman Tuganbaev,1,130652.0,124710.0,2,279,11,4,0,140,8,0,41,11,6,10,-1,116,59,0,160,19,0,38,30,164,37,19,25,43,1,7,25,1,0,6,SMOOTHIE_SHOP|ICE_CREAM_SHOP|FARMERS_MARKET|BRUNCH_SPOT|SMOOTHIE_SHOP|FARMERS_MARKET|FARMERS_MARKET|PIZZA_SHOP
96357791,0,Anand,0,126462.0,127313.0,5,277,6,12,0,145,3,0,34,17,6,11,12,31,0,0,748,0,0,68,0,250,19,1,13,19,1,7,31,25,0,2,SMOOTHIE_SHOP|YARN_STORE|PIZZA_SHOP|YARN_STORE|BAKERY|SMOOTHIE_SHOP|PIZZA_SHOP|SMOOTHIE_SHOP
96357791,1,Kaan Dınız,1,127313.0,126462.0,5,277,6,12,0,152,4,0,34,17,6,11,12,11,0,0,618,0,0,42,0,242,19,1,13,19,1,7,31,25,0,2,SMOOTHIE_SHOP|YARN_STORE|PIZZA_SHOP|YARN_STORE|BAKERY|SMOOTHIE_SHOP|PIZZA_SHOP|SMOOTHIE_SHOP
96362343,0,ReCurSiON,0,65999.0,85442.0,4,262,6,7,0,143,0,0,37,20,6,10,-1,6,15,0,265,0,0,28,6,65,25,37,13,13,1,13,1,25,0,0,YARN_STORE|PET_CAFE|FARMERS_MARKET|PET_CAFE|BAKERY|BAKERY|YARN_STORE|FARMERS_MARKET
96362343,1,Thomas Tschinkel,1,85442.0,65999.0,5,277,5,13,0,103,39,0,34,20,6,11,12,2,44,0,165,2,0,0,1,82,25,37,13,13,1,13,1,25,0,0,YARN_STORE|PET_CAFE|FARMERS_MARKET|PET_CAFE|BAKERY|BAKERY|YARN_STORE|FARMERS_MARKET
96362345,0,Kobe BRYANT,0,78942.0,80763.0,5,277,6,6,2,132,6,0,38,12,6,11,-1,0,36,15,487,0,0,54,0,192,31,31,7,25,1,19,7,13,0,0,BRUNCH_SPOT|BAKERY|FARMERS_MARKET|YARN_STORE|ICE_CREAM_SHOP|BRUNCH_SPOT|PET_CAFE|PET_CAFE
96362345,1,MiMi,1,80763.0,78942.0,5,290,6,7,0,168,12,0,43,12,5,10,12,0,0,0,269,0,0,12,0,24,31,31,7,25,1,19,7,13,0,0,BRUNCH_SPOT|BAKERY|FARMERS_MARKET|YARN_STORE|ICE_CREAM_SHOP|BRUNCH_SPOT|PET_CAFE|PET_CAFE
96362348,0,カワシギ,0,88633.0,98180.0,5,277,10,4,0,131,15,0,42,12,6,11,-1,17,15,0,379,0,0,48,7,143,31,19,13,25,1,7,19,25,0,13,ICE_CREAM_SHOP|PIZZA_SHOP|BRUNCH_SPOT|PET_CAFE|YARN_STORE|ICE_CREAM_SHOP|YARN_STORE|FARMERS_MARKET
96362348,1,MiMi,1,98180.0,88633.0,5,295,11,5,0,179,11,0,43,12,5,10,12,11,0,0,286,0,0,20,6,27,31,19,13,25,1,7,19,25,0,13,ICE_CREAM_SHOP|PIZZA_SHOP|BRUNCH_SPOT|PET_CAFE|YARN_STORE|ICE_CREAM_SHOP|YARN_STORE|FARMERS_MARKET
96362350,0,Anand,1,84479.0,83038.0,5,277,10,4,0,125,5,0,42,12,6,11,-1,10,47,0,371,0,0,50,0,192,37,13,19,19,1,13,13,25,0,13,ICE_CREAM_SHOP|FARMERS_MARKET|FARMERS_MARKET|BAKERY|YARN_STORE|BAKERY|PIZZA_SHOP|YARN_STORE
96362350,1,Kostiantyn Isaienkov,0,83038.0,84479.0,5,277,10,4,0,131,12,0,42,12,6,11,-1,2,7,0,348,0,0,59,0,177,37,13,19,19,1,13,13,25,0,13,ICE_CREAM_SHOP|FARMERS_MARKET|FARMERS_MARKET|BAKERY|YARN_STORE|BAKERY|PIZZA_SHOP|YARN_STORE
96364464,0,ReCurSiON,1,124882.0,123128.0,4,262,6,7,0,143,0,0,37,20,6,10,-1,6,15,0,265,0,0,28,6,65,25,25,13,37,1,7,19,13,0,1,YARN_STORE|FARMERS_MARKET|FARMERS_MARKET|SMOOTHIE_SHOP|ICE_CREAM_SHOP|SMOOTHIE_SHOP|BRUNCH_SPOT|PET_CAFE
96364464,1,Efe Can Celiksoy,0,123128.0,124882.0,5,277,6,8,0,146,16,0,34,20,6,11,-1,0,0,0,361,3,0,8,0,203,25,25,13,37,1,7,19,13,0,1,YARN_STORE|FARMERS_MARKET|FARMERS_MARKET|SMOOTHIE_SHOP|ICE_CREAM_SHOP|SMOOTHIE_SHOP|BRUNCH_SPOT|PET_CAFE
96364470,0,SaiKushal185,0,93168.0,93261.0,5,277,6,12,0,150,3,0,34,20,6,11,12,6,0,0,568,0,0,76,0,110,13,25,7,19,1,1,25,25,0,12,PET_CAFE|YARN_STORE|SMOOTHIE_SHOP|PIZZA_SHOP|ICE_CREAM_SHOP|YARN_STORE|PET_CAFE|SMOOTHIE_SHOP
96364470,1,Izzoudine Mohamed KANTA,1,93261.0,93168.0,5,277,6,12,0,152,4,0,34,17,6,11,12,12,0,0,808,0,0,43,0,233,13,25,7,19,1,1,25,25,0,12,PET_CAFE|YARN_STORE|SMOOTHIE_SHOP|PIZZA_SHOP|ICE_CREAM_SHOP|YARN_STORE|PET_CAFE|SMOOTHIE_SHOP
96364616,0,lucaskna,1,98515.0,94173.0,5,278,10,4,0,125,5,0,42,12,6,11,-1,3,12,0,290,0,0,54,0,57,25,13,13,31,1,1,43,1,0,8,PET_CAFE|PIZZA_SHOP|PIZZA_SHOP|ICE_CREAM_SHOP|SMOOTHIE_SHOP|SMOOTHIE_SHOP|ICE_CREAM_SHOP|SMOOTHIE_SHOP
96364616,1,Kostiantyn Isaienkov,0,94173.0,98515.0,5,277,10,4,0,154,12,0,19,12,6,11,-1,2,9,0,355,0,0,21,0,229,25,13,13,31,1,1,43,1,0,8,PET_CAFE|PIZZA_SHOP|PIZZA_SHOP|ICE_CREAM_SHOP|SMOOTHIE_SHOP|SMOOTHIE_SHOP|ICE_CREAM_SHOP|SMOOTHIE_SHOP
96364618,0,Ryo Hasegawa,1,95948.0,86008.0,5,290,7,7,0,158,0,0,39,11,6,9,-1,3,12,0,144,0,0,43,0,95,37,13,25,31,1,13,19,13,0,4,PIZZA_SHOP|YARN_STORE|BRUNCH_SPOT|PIZZA_SHOP|FARMERS_MARKET|BRUNCH_SPOT|FARMERS_MARKET|SMOOTHIE_SHOP
96364618,1,SaiKushal185,0,86008.0,95948.0,5,277,6,12,0,150,3,0,34,20,6,11,12,22,0,0,568,0,0,89,0,104,37,13,25,31,1,13,19,13,0,4,PIZZA_SHOP|YARN_STORE|BRUNCH_SPOT|PIZZA_SHOP|FARMERS_MARKET|BRUNCH_SPOT|FARMERS_MARKET|SMOOTHIE_SHOP
96364620,0,Xiaowenhao404,0,106891.0,112002.0,5,277,10,4,0,127,14,0,42,12,6,11,-1,10,24,0,625,0,0,61,10,152,37,7,31,25,1,1,43,1,0,6,SMOOTHIE_SHOP|PIZZA_SHOP|PIZZA_SHOP|PIZZA_SHOP|FARMERS_MARKET|SMOOTHIE_SHOP|PIZZA_SHOP|ICE_CREAM_SHOP
96364620,1,カワシギ,1,112002.0,106891.0,5,277,10,4,0,124,14,0,42,12,6,11,-1,2,7,0,620,0,0,59,10,132,37,7,31,25,1,1,43,1,0,6,SMOOTHIE_SHOP|PIZZA_SHOP|PIZZA_SHOP|PIZZA_SHOP|FARMERS_MARKET|SMOOTHIE_SHOP|PIZZA_SHOP|ICE_CREAM_SHOP
96364621,0,Seb (allegedly),1,53766.0,45936.0,7,293,14,3,0,90,0,0,25,19,4,8,-1,9,9,0,181,0,0,41,0,21,25,25,13,19,1,13,25,1,0,1,PIZZA_SHOP|PIZZA_SHOP|PET_CAFE|PET_CAFE|BRUNCH_SPOT|SMOOTHIE_SHOP|BAKERY|SMOOTHIE_SHOP
96364621,1,Kaan Dınız,0,45936.0,53766.0,5,277,10,4,0,133,13,0,38,12,6,11,-1,8,17,0,284,0,0,52,0,198,25,25,13,19,1,13,25,1,0,1,PIZZA_SHOP|PIZZA_SHOP|PET_CAFE|PET_CAFE|BRUNCH_SPOT|SMOOTHIE_SHOP|BAKERY|SMOOTHIE_SHOP
