Rank,TeamId,TeamName,LastSubmissionDate,Score,SubmissionCount,TeamMemberUserNames
1,16623608,"Dmitry Larko","2026-09-02 19:13:28",2945.6,2,dmitrylarko
2,16633790,curiosity,"2026-09-02 15:16:42",2932.6,2,chmffwn1
3,16714457,"Crop Dusta","2026-09-01 02:01:06",2926.4,2,rishigottumukkala
4,16622898,"sbol ball","2026-09-02 20:50:54",2904.5,2,"linearbasis,maksimkostritsya"
5,16755705,"Semyon Epanov","2026-09-03 00:31:23",2895.0,2,semyonepanov
6,16723620,3정훈,"2026-09-02 22:23:50",2894.7,2,az05192000gmailcom
7,16654266,古德拜吃,"2026-09-02 19:25:06",2894.5,2,nosaewang
8,16705139,gogogo,"2026-09-03 01:11:31",2893.9,2,huzech
9,16768043,cygn,"2026-09-03 03:24:19",2888.8,2,tfriedel
10,16655098,"Brotron Carbide","2026-09-03 03:16:18",2886.8,2,brotroncarbide
11,16792542,RB25det,"2026-09-03 01:25:57",2883.2,2,rb25det
12,16742139,ALLAI,"2026-09-03 02:10:02",2865.1,2,glorysing
13,16698308,Yuan800,"2026-09-02 09:49:58",2861.5,2,yuan800
14,16711752,"Atakan Aldemir","2026-09-02 13:55:27",2858.8,2,atakanaldemir
15,16625060,"Subin An","2026-09-02 22:51:32",2854.9,2,subinium
16,16671767,Kaileh57,"2026-09-03 02:59:21",2851.5,2,kaileh57
17,16727103,sword3522,"2026-09-03 02:37:30",2847.7,2,"qinyanqiu,sword3522"
18,16670041,tc-al,"2026-09-03 02:19:51",2845.0,2,bobmyersthesecond
19,16623990,senkin13,"2026-09-03 03:05:36",2836.5,2,senkin13
20,16756764,"Alperen Aydın","2026-09-02 16:57:01",2835.3,2,alperen5252525
21,16731186,Naru041104,"2026-09-03 05:02:12",2832.8,2,naru041104
22,16795062,"Satoshi Nguyen","2026-09-03 03:16:38",2832.8,2,satoshinguyenai
23,16713262,"Seyit kaan Gunes","2026-09-02 11:37:57",2827.6,2,seyitkaangunes
24,16665809,"Saravanan Jaichandaran","2026-09-02 17:56:43",2827.4,2,saranchandar
25,16735252,LagrangianLocomotive,"2026-09-03 00:06:08",2826.5,2,lagrangianlocomotive
26,16651244,"Knight of Favonius","2026-09-03 02:57:15",2822.9,2,ladyfaye
27,16729280,"Ryoya Tsuruoka","2026-09-02 21:55:55",2820.4,2,"irohasorange,mrooto,rahaia"
28,16762957,邪悪な暁山瑞希、ジャガイモを量産してフライドポテト市場を独占,"2026-09-02 16:00:32",2815.1,2,yinzimike
29,16656776,ShaoCharles,"2026-09-03 02:50:36",2810.2,2,shaocharles
30,16663649,"Akhil Chinta","2026-09-03 01:26:54",2810.1,2,akhilchinta1505
31,16780279,"N Divij","2026-09-02 17:41:10",2805.2,2,divijio
32,16774712,icelemon2004,"2026-09-02 13:50:54",2804.8,2,"guanghuchen,icelemon2004,mustard64"
33,16659920,vkhydras,"2026-09-02 20:00:49",2804.1,2,vickimar
34,16784561,"Rodrigo Ramón","2026-09-02 21:07:55",2800.8,2,rodrigoramn
35,16767215,keiz,"2026-09-03 04:46:08",2798.8,2,keizkeiz
36,16684202,Ignat,"2026-09-03 00:12:57",2796.6,2,ignatgotin
37,16627600,"NiA Farms","2026-09-02 23:16:33",2794.7,2,"adriaft,natliablascoandreo"
38,16731686,SaiKushal185,"2026-09-02 19:32:04",2794.4,2,saikushal185
39,16779388,"Mohammad Alnajdawi","2026-09-02 12:12:12",2794.3,2,mohammadalnajdawi
40,16677847,ShiviWhivi,"2026-09-03 00:02:25",2792.3,2,blackpearls1
41,16635029,"Oleg Melnik","2026-09-02 21:05:03",2791.3,2,olegmelnik
42,16743647,bono,"2026-09-02 19:48:14",2790.2,2,kjoonha
43,16730761,ElephtAI,"2026-09-02 21:57:31",2787.5,2,yuchengj
44,16728071,AI是我的豆包,"2026-09-03 02:31:06",2785.2,2,"blht2026,wocenmma"
45,16664111,"John Park","2026-09-02 18:18:46",2777.4,2,sigint
46,16637597,venks,"2026-09-02 21:33:23",2776.1,2,vterli
47,16741542,Jiro2,"2026-09-03 01:23:12",2776.0,2,amonkizawa
48,16749520,"Andrey Tikhomirov","2026-09-02 18:24:48",2774.8,2,andreytikhomirov
49,16656514,"Kaggle chan","2026-09-03 02:10:09",2774.6,2,praveensahukari
50,16712258,Yizhou,"2026-09-03 01:40:21",2770.2,2,yaphellee
51,16657449,Timass,"2026-09-02 21:54:43",2770.0,2,timmass2
52,16622454,automatylicza,"2026-09-02 19:21:39",2757.3,2,automatylicza
53,16785523,Doranap,"2026-09-02 20:36:29",2753.0,2,doranap
54,16768603,Kinance,"2026-09-03 00:53:56",2752.8,2,kinance
55,16781166,Ant,"2026-09-03 02:47:35",2752.0,2,anthonytrevino
56,16622567,"Georgy Mamarin","2026-09-02 18:51:53",2750.2,2,georgymamarin
57,16714134,"Raul Tinajero","2026-09-02 23:46:23",2748.0,2,raultinajeroo
58,16660483,TIM,"2026-09-03 00:45:55",2747.1,2,daynoryamil
59,16685634,"Syed Asad Ali","2026-09-03 03:34:10",2746.1,2,syed3000
60,16707144,Kirderf,"2026-09-02 21:13:49",2744.5,2,kirderf
61,16761293,cha7ura,"2026-09-02 09:37:46",2739.2,2,cha7ura
62,16762019,yukino,"2026-09-02 14:55:02",2739.0,2,"jifengjianhao666,mqingcs"
63,16723955,chunsuri,"2026-09-03 02:13:43",2736.0,2,chunsuri
64,16640807,TS,"2026-09-03 00:42:18",2734.0,2,"milkcoffeen,takumi0220"
65,16637987,Xander,"2026-09-02 11:43:33",2731.2,2,canqiang
66,16672315,CemBas,"2026-09-03 05:26:45",2729.4,2,cembas
67,16677337,"xi luo","2026-09-03 00:43:33",2727.5,2,xiluo00
68,16782520,Durian,"2026-09-03 05:17:22",2726.3,2,rainyjin
69,16734914,bharat,"2026-09-03 03:52:32",2725.7,2,bharatmohan
70,16665829,Shadowfishes,"2026-09-02 23:24:53",2721.3,2,"boandme,ronitagarwal1,shauryasahdev2"
71,16663783,WBF_USA_NYC,"2026-09-03 03:24:35",2720.6,2,wbfranci
72,16624484,"Tomoki Hirose","2026-09-02 15:58:38",2719.9,2,tomokihirose
73,16665641,"Alexander Shahramanyan","2026-09-02 17:19:54",2715.9,2,alexshah
74,16670967,xnryxd,"2026-09-02 21:03:44",2712.5,2,al55522me
75,16667922,JungHwan,"2026-09-03 00:01:32",2710.4,2,najunghwan
76,16806862,JudyWatermelon,"2026-09-02 23:16:13",2708.3,2,judywatermelon
77,16624921,"sky machine","2026-09-02 23:08:47",2707.4,2,"gunhcolab,hweowe"
78,16732210,tanadai,"2026-09-02 18:10:46",2707.1,2,da0516
79,16655789,"wen chong yu","2026-09-02 22:15:30",2706.5,2,wenchongyu
80,16624893,"GURU Prasaatha S","2026-09-03 01:43:01",2703.7,2,guruprasaathas111
81,16806195,unreal,"2026-09-02 12:35:10",2699.2,2,gauravgs1007
82,16635745,DataRockstar,"2026-09-03 00:20:51",2698.8,2,"amaropeter,jvlegend"
83,16671150,Mc10nys0n,"2026-09-02 15:22:42",2698.7,2,rattanunt
84,16736120,"Ricky #2","2026-09-03 03:02:21",2698.5,2,rickyds97
85,16730323,fufufukakaka,"2026-09-03 03:12:23",2695.5,2,fufufukakaka
86,16622459,"Munal Singh","2026-09-03 01:12:07",2691.8,2,munalsingh
87,16743392,tellurium_rrr,"2026-09-02 18:06:34",2691.8,2,telluriumrrr
88,16783173,"Michael Shihong Zhang","2026-09-02 17:51:16",2683.5,2,"excelexx,festyve"
89,16746599,Borrun,"2026-09-02 20:40:23",2681.7,2,borrun
90,16791248,"Ioannis Tzachristas","2026-09-03 00:42:46",2681.4,2,ioannistzachristas
91,16769836,weense,"2026-09-03 00:58:21",2680.9,2,weense
92,16632224,"牧瀬 紅莉栖","2026-09-03 02:55:02",2680.9,2,yamakawanin
93,16645426,Jun_value,"2026-09-03 01:11:51",2679.1,2,junvalue
94,16660209,"Whyme Labs","2026-09-03 02:51:15",2677.3,2,whymelabs
95,16732292,takaygiiiiiiii,"2026-09-03 00:27:00",2676.0,2,takaygiiiiiiii
96,16778340,NayuNayu,"2026-09-03 00:12:54",2675.5,2,nayunayu1005
97,16663867,"Stephen Schott","2026-09-03 03:43:45",2673.2,2,steve421471
98,16768236,Baligh,"2026-09-01 11:15:18",2671.5,2,balighmehrez
99,16745569,kitchs,"2026-09-03 02:00:55",2671.0,2,kitchs
100,16794730,Fanch,"2026-09-03 03:44:56",2669.6,2,fanch123
101,16715733,peikopon,"2026-09-03 05:14:12",2666.7,2,peikopon
102,16667604,L7n,"2026-09-02 17:43:38",2664.8,2,znwe342
103,16732051,Jeryos,"2026-09-03 03:28:27",2662.4,2,joulskaf
104,16693534,HireMe,"2026-09-03 04:15:06",2661.3,2,junta1104
105,16763669,cm391,"2026-09-02 18:07:06",2660.2,2,mccocoful
106,16659464,"Héctor Valverde","2026-09-03 02:19:51",2659.3,2,hvpareja
107,16711376,"Arman Tuganbaev","2026-09-02 11:55:09",2659.3,2,armantuganbaev
108,16797543,Tarang222,"2026-09-03 00:02:32",2658.7,2,tarang222
109,16632783,chocolat,"2026-09-03 01:02:42",2654.7,2,chocolatnya999
110,16661743,"Sergey Kutepov","2026-09-02 16:04:40",2654.2,2,natsyst
111,16670537,Silhouette,"2026-09-03 01:11:11",2653.8,2,jamessargsyan
112,16655129,"Morylov Yehor","2026-09-03 00:55:41",2651.5,2,morylov
113,16811461,wangxi608,"2026-09-03 01:59:44",2651.3,2,wangxi608
114,16672128,Cliffton,"2026-09-03 03:49:29",2650.6,2,rieltzx
115,16623716,tetsuya,"2026-09-03 00:49:35",2649.4,2,"tetsuya3510,yuanzhezhou"
116,16688787,Fih,"2026-09-02 08:01:59",2647.8,2,vencerlanz09
117,16674508,"Giulio Ravasio","2026-09-02 22:13:31",2647.3,2,giuliorav
118,16623382,diamond_hoe,"2026-09-02 08:18:46",2644.8,2,bbrage
119,16655519,CurveCowboy,"2026-09-03 00:10:15",2644.3,2,curvecowboy
120,16744979,"Ahmed Alhassan","2026-09-02 14:14:55",2644.0,2,ahmed55
121,16730719,Xiaowenhao404,"2026-09-03 03:41:57",2642.7,2,xiaowenhao404
122,16697767,"Teddy Tennant","2026-09-03 03:48:54",2642.6,2,thtennant
123,16730735,YUK,"2026-09-02 15:18:14",2638.8,2,yu0307
124,16806014,"weihao huang2004","2026-09-03 04:02:14",2638.4,2,weihaohuang2004
125,16712863,ominteam,"2026-09-03 04:41:13",2636.7,2,"luantony,suruikk"
126,16644808,"Rotation Theory","2026-09-03 04:03:36",2636.4,2,mikhsank
127,16773964,trung,"2026-09-02 17:00:58",2633.1,2,trung2006
128,16755099,"Aleksandr Ulianin","2026-09-02 16:17:37",2631.5,2,aleksandrulianin
129,16672997,"Francesco Montone","2026-09-02 15:13:04",2630.2,2,francescomontone
130,16677149,"Umataro Tenma","2026-09-02 21:01:13",2629.9,2,umatarotenma
131,16745006,UjjwalPardeshi,"2026-09-03 04:05:50",2628.9,2,ujjwalpardeshi
132,16662883,OceanMix,"2026-09-03 03:37:27",2625.9,2,"cggonzalezsc,fierus,liesvyvalladares"
133,16780141,"One Zero001","2026-08-31 15:50:37",2623.0,2,onezero001
134,16676321,"tao wu11","2026-09-02 14:12:45",2621.1,2,"taowu11,xujchill"
135,16793553,hoon0303,"2026-09-03 01:47:23",2620.3,2,hoon0303
136,16704247,WeAreFarmers,"2026-09-03 04:15:58",2619.1,2,gbmorris1
137,16630752,motemen,"2026-09-03 03:55:13",2618.3,2,motemen
138,16732714,Mforg,"2026-09-02 20:30:48",2617.2,2,mforg74911
139,16697229,"Masashi Nishimoto","2026-09-02 19:34:49",2615.0,2,masashinishimoto
140,16621315,"Reyhan Ksatria","2026-09-02 18:03:19",2611.7,2,reyhanksatria
141,16692956,VanKoha,"2026-09-03 00:45:38",2611.2,2,kohasama
142,16635062,DL,"2026-09-02 16:13:38",2610.2,2,distiller
143,16753974,"David Goldrajch","2026-09-02 16:37:51",2609.3,2,elie2003
144,16634312,"Linh Le","2026-09-02 14:01:54",2605.3,2,linhlethuy
145,16668262,spbforce,"2026-09-02 20:53:55",2604.9,2,spbforce
146,16689748,cheesytoasts,"2026-09-03 01:36:37",2604.8,2,cheesinnn
147,16655520,"kaggle Osaka","2026-09-02 23:29:15",2599.5,2,toshiyukitanaka
148,16807411,tamura_aicon,"2026-09-02 14:27:03",2599.3,2,hayatetaf
149,16727171,yfy,"2026-09-02 16:22:23",2599.3,2,qwidndbdjss
150,16654995,"Artem Voronov","2026-09-02 21:42:07",2599.0,2,artemyvoronov
151,16734447,"Ali Bauyrzhan","2026-09-02 13:59:43",2596.6,2,alibauyrzhan
152,16645596,Kosakunin,"2026-09-02 15:04:56",2595.8,2,yugoawawa
153,16641077,lucaskna,"2026-09-02 14:48:27",2591.3,2,lucaskna
154,16712189,"Kostiantyn Isaienkov","2026-09-02 21:45:16",2590.8,2,isaienkov
155,16707562,Snipine,"2026-09-03 01:59:46",2590.4,2,boluosnow
156,16702975,RicardoLópez,"2026-09-02 16:08:51",2588.8,2,richi2489
157,16749466,"The Wolf of Wheat Street","2026-09-02 18:05:09",2588.5,2,"lijuantang19,yuemengzheng01"
158,16805778,"Dương Đức Anh","2026-09-03 00:54:15",2588.4,2,dda2k6
159,16709435,"Artyom Lyan","2026-09-02 12:43:34",2585.1,2,arli2016
160,16746025,Hamachi,"2026-09-02 20:41:16",2584.3,2,hamatz
161,16632715,cmasch,"2026-09-02 08:54:55",2583.9,2,cmasch
162,16670371,rkd,"2026-09-03 02:18:11",2583.2,2,ryookd
163,16789946,"Oriol Pi Morell","2026-09-03 04:18:37",2582.8,2,oriolpi
164,16732735,MMMMMMMMMMMM,"2026-09-03 02:43:11",2582.6,2,hyh273279
165,16748733,"Driz Lo","2026-09-02 23:28:29",2582.3,2,drizlo
166,16782203,"rui xiong","2026-09-02 16:25:53",2582.1,2,xiongruihumingyu
167,16659776,"Ben Hamilton","2026-09-03 03:45:17",2580.3,2,kineticaxisstudio
168,16660255,"Revanth Tambisetty","2026-09-03 02:28:10",2580.0,2,revanthtambisetty
169,16734580,shyjin,"2026-09-03 00:20:20",2579.8,2,shyjin
170,16654068,"Renoir Vieira","2026-09-02 11:17:07",2578.5,2,renoirvieira0
171,16730676,ActiveMusyoku,"2026-09-03 02:52:14",2577.8,2,"daiki0381,kohei0okazaki,noriyukimori,ryonatori,seipon"
172,16695664,Bantam,"2026-09-02 06:51:24",2577.1,2,bantam
173,16784217,MMN0222,"2026-09-03 04:01:49",2576.9,2,mmn0222
174,16731415,BOB,"2026-09-03 01:45:58",2575.8,2,hotpotbro
175,16675063,"King Tian","2026-09-02 09:51:32",2572.6,2,tianwang1210
176,16632423,goh,"2026-09-03 03:12:02",2572.3,2,bungohatayama
177,16795853,GaoKui,"2026-09-02 17:35:50",2569.7,2,gaokui
178,16734979,NiuLAI,"2026-09-02 08:00:03",2569.7,2,"chunsingyu,chunyinhui,jaminmei"
179,16688460,lllleeeo,"2026-09-02 06:37:32",2569.6,2,lllleeeo
180,16660840,"An Garcia","2026-09-03 00:51:20",2566.8,2,angarcia
181,16658343,aisamhottman,"2026-09-03 01:13:14",2566.0,2,heuingttiang
182,16629165,lingyu07,"2026-09-03 00:56:41",2565.7,2,lingyu07
183,16656432,"CornHub Premium","2026-09-02 23:40:50",2563.3,2,nihilisticneuralnet
184,16728069,Taisei7,"2026-09-03 03:09:26",2562.0,2,taisei7
185,16720797,"Vibe Farmer","2026-09-02 16:43:00",2556.1,2,pulakkantibhowmick
186,16684045,zekenoe,"2026-09-03 02:01:17",2553.3,2,"yizhewong,zekenos"
187,16714159,Lonnie,"2026-09-02 19:07:22",2553.3,2,lonnieqin
188,16719123,"Thomas Tschinkel","2026-09-03 02:19:59",2552.2,2,thomastschinkel
189,16806000,wyz0210,"2026-09-03 03:29:03",2551.3,2,weiyouzhen
190,16806587,"Dear Shark","2026-09-03 02:16:14",2549.8,2,dearshark
191,16626732,islet,"2026-09-03 05:08:52",2548.9,2,kojimar
192,16810275,Adam,"2026-09-03 00:29:24",2548.5,2,potonglantie93
193,16745949,"Miaohua Zhang","2026-09-03 00:34:57",2548.3,2,miaohuazhang
194,16688896,"JianYuan Deng","2026-09-03 05:06:04",2546.5,2,jianyuandeng
195,16762735,"Zenith Ye","2026-09-02 02:25:46",2545.1,2,zenithye
196,16764089,UtaAzu,"2026-09-02 23:44:37",2541.8,2,utaazu
197,16638994,wpl,"2026-09-02 20:25:07",2541.2,2,peilwang
198,16681405,"Yusuke Hayashi","2026-09-03 05:37:04",2539.9,2,yhay81
199,16665294,"Thái Văn Tài","2026-09-02 10:02:36",2538.6,2,thivnti
200,16811247,"Luca Mussino","2026-09-02 23:02:54",2537.9,2,lucamussino
201,16631421,cg,"2026-09-03 04:35:34",2537.0,2,chaitanyagarg2
202,16662121,One-For-All,"2026-09-02 15:34:38",2536.4,2,indarkarhana
203,16684402,vn1111,"2026-09-03 05:26:34",2536.1,2,vn1111
204,16623630,noobanot,"2026-09-03 01:22:00",2530.0,2,noobanot
205,16654715,"Aqib Raza","2026-09-02 19:21:26",2529.3,2,aqibrazadev
206,16742439,"Shangshang Zhang","2026-09-03 02:52:04",2528.7,2,msvzss
207,16740996,ikevayansky,"2026-09-02 18:43:34",2525.0,2,ikevayansky
208,16786102,"Anay Garodia","2026-09-03 00:30:31",2524.5,2,anaygarodia
209,16633226,test_money,"2026-09-02 21:11:44",2522.3,2,michaelsemenoff
210,16695931,"Kers Aoyagi","2026-09-02 22:51:45",2520.5,2,kersaoyagi
211,16679688,"Sathwik Chinthakayala","2026-09-03 00:37:08",2520.1,2,sathwikchinthakayala
212,16624979,"Mohamed abdelrazik","2026-09-02 06:19:46",2519.6,2,mohamed3abdelrazik
213,16723379,local,"2026-09-02 08:33:02",2519.2,2,matteo123383iend
214,16777406,"Toheeb Ogunade","2026-09-02 20:38:36",2519.1,2,toheebogunade
215,16657032,"Ayaan Ghosh","2026-09-03 04:59:08",2516.4,2,ayan9001
216,16730076,SJY321,"2026-09-02 18:31:33",2514.6,2,sjy321
217,16637546,Forrest,"2026-09-03 00:22:01",2514.0,2,yinxiaogang
218,16811571,"Daniel Guo","2026-09-03 03:20:07",2507.2,2,denialguo
219,16740405,ibyyue,"2026-09-03 02:11:37",2506.4,2,ibyyue
220,16623400,Less,"2026-09-02 23:37:45",2505.8,2,jiaoyouzhang
221,16636079,"Pawan Rama Mali","2026-09-03 03:36:12",2503.7,2,pawanmali
222,16677810,"Maksim Borisov","2026-09-03 00:05:04",2503.6,2,ma4ypic4y
223,16732578,nao.kwmr,"2026-09-03 02:16:23",2503.4,2,naokwmr
224,16799934,auhulu,"2026-09-03 03:04:19",2499.3,2,auhulu
225,16644724,"Yiheng Wang","2026-09-03 03:31:21",2499.0,2,yiheng
226,16802410,"Aleksandr  Larko","2026-09-03 02:33:23",2497.4,2,alexxanderlarko
227,16665746,Chiranjieev,"2026-09-02 13:23:37",2495.2,2,"abhirajhiwale,amitambhore27,himanshu2605"
228,16670879,"old macdonald","2026-09-01 15:55:31",2494.2,2,djschmit
229,16669148,"Syed Muhammad Gillani","2026-09-02 21:23:29",2492.8,2,syedmuhammadgillani
230,16698136,"David Estevez","2026-09-03 04:35:02",2492.4,2,destbreso
231,16736435,Dieter,"2026-09-02 23:12:03",2492.0,2,"arc144,christofhenkel,crodoc"
232,16641138,"Bharath Varma","2026-09-02 15:43:14",2490.4,2,bharath111l
233,16669926,Jince,"2026-09-03 01:44:15",2490.2,2,jincesaju
234,16662833,"umair zia","2026-09-03 01:56:46",2489.3,2,aimerscoding
235,16683936,Cyrus,"2026-09-02 18:40:18",2486.3,2,jamalsaeedi
236,16764605,"Bandito Gangesterito","2026-09-02 14:43:01",2481.3,2,"mrtrueteller,restovrator"
237,16622349,"Mengfei Li","2026-09-02 21:07:09",2480.2,2,meli19
238,16688568,Sophie555,"2026-09-02 20:46:15",2477.9,2,sophie555
239,16811224,yuya,"2026-09-03 04:19:56",2477.4,2,yuomori
240,16623458,datnt114,"2026-09-03 03:51:41",2475.8,2,kingkong153
241,16749205,"Wish Coding Guy","2026-09-02 10:33:15",2475.7,2,tommycyd
242,16783642,base_camp_2002,"2026-09-03 03:44:07",2474.7,2,basecamp2002
243,16677568,yarneo,"2026-09-02 22:40:17",2474.7,2,yarneo
244,16660726,分比我低就受着,"2026-09-02 15:49:53",2473.1,2,gengsr
245,16743836,"Auto Fermers","2026-09-03 03:30:55",2472.5,2,"artemboltaev,dmitriigluzdov"
246,16669856,StrugglerK,"2026-09-02 19:45:01",2472.1,2,muhammedkaanlker
247,16655277,GUAM,"2026-09-02 21:10:59",2471.8,2,"analyticaobscura,jeongminlee92,kmmmvs,wnmgrn"
248,16682879,"Ace Team","2026-09-03 04:47:58",2470.9,2,drpatrickchan
249,16684954,"Suneeth reddy","2026-09-02 15:00:03",2470.8,2,suneethreddy
250,16752740,BorisV,"2026-09-02 12:19:20",2469.5,2,bvoskresenskii
251,16669826,Jesse,"2026-09-03 02:18:19",2468.8,2,jesneuman
252,16736542,YuRuiZe,"2026-09-02 18:37:15",2466.6,2,ruoyuruize
253,16634765,democatXamer,"2026-09-02 15:56:37",2466.5,2,w1326627677
254,16710140,Lynxx,"2026-09-03 03:04:41",2466.3,2,lynnsakurai
255,16740207,"As Long As You Love Me","2026-09-02 13:58:41",2464.4,2,theunforgiven7
256,16621590,Yaroslav,"2026-09-03 01:13:46",2460.4,2,yaroslavrogoza
257,16657877,zigiella,"2026-09-02 11:35:22",2456.6,2,zigiella
258,16784056,"anh nông dân may mắn","2026-09-03 01:00:31",2456.0,2,nguyen1tri
259,16621063,"Aikyatan Sinha","2026-09-02 11:27:34",2455.8,2,"aikyatansinha,vamshikrishnaemmadi"
260,16757809,dasfds,"2026-09-03 04:53:57",2455.6,2,dasfds
261,16742369,"Ömer Faruk Yüce","2026-09-02 15:50:49",2454.3,2,merfarukyce
262,16790585,wzyxp_123,"2026-09-03 05:44:17",2453.6,2,cloudssdut
263,16730344,lvisdd,"2026-09-03 02:33:37",2453.2,2,lvisdd
264,16623799,"Akhilesh godugu","2026-09-02 13:46:26",2453.2,2,"akhileshgodugu,ashokgodugu"
265,16738822,shakedamo0w0,"2026-09-03 04:05:48",2452.5,2,shakedamo0w0
266,16735353,我是刘大聪,"2026-09-02 14:52:16",2452.2,2,smartorz
267,16624056,Raggriculture,"2026-09-02 14:53:48",2450.6,2,ravi123a321at
268,16681116,Kagamihara,"2026-09-02 16:38:03",2449.7,2,kagamihara
269,16664836,"Adnan Zaman","2026-09-02 18:18:04",2449.1,2,adnanzamanniloy
270,16683199,"Filippo Gombac","2026-09-02 17:16:47",2448.5,2,filippogombac
271,16641169,boatlee,"2026-09-02 12:45:49",2446.9,2,boatlee
272,16784401,east,"2026-09-03 04:00:35",2446.4,2,eastxe
273,16719884,ykhnkf,"2026-09-02 12:47:32",2445.6,2,ykhnkf
274,16661118,"Sirui Zeng","2026-09-02 18:51:24",2444.1,2,siruizeng
275,16667964,Shuiys,"2026-09-02 12:47:23",2441.9,2,ysshui
276,16734551,"junseok lee","2026-09-03 00:36:56",2441.4,2,jaslee2
277,16783721,"LI Mufeng","2026-09-03 03:45:47",2441.2,2,"alkaidchen,limufeng"
278,16716821,めめっち,"2026-09-02 12:21:28",2441.0,2,mechi22
279,16720316,"Hưng Trần","2026-09-02 12:02:27",2440.1,2,hungtrabiz
280,16630331,"Mohamed El-Nageeb","2026-09-03 01:19:22",2438.8,2,thelastsmilodon
281,16671017,"Pablo César Ruíz","2026-09-03 02:39:59",2438.0,2,pcruiher08
282,16763897,BackFiring,"2026-09-02 17:33:38",2437.6,2,backfiring
283,16769059,"Shaw Sebastian","2026-09-02 21:58:27",2437.3,2,"shawsebastian,tvtdddd"
284,16691867,huyang111,"2026-09-03 04:05:22",2436.7,2,huyang111
285,16637973,StephenNedumpally,"2026-09-02 14:34:46",2436.4,2,stephennedumpally
286,16799304,"Rlug mb","2026-09-03 01:48:02",2435.2,2,"minhtrph,rlugmb"
287,16779957,养了一群扫福瑞,"2026-09-02 12:13:01",2434.5,2,whq0q7
288,16674312,yuxuan,"2026-09-02 16:21:20",2431.6,2,yuxuan1221
289,16668227,Yusuraume,"2026-09-02 15:06:44",2429.8,2,sugitatomohiko
290,16808178,qianyuatkaggle,"2026-09-03 00:20:10",2428.7,2,qianyuatkaggle
291,16746010,"Khoi Tuan Nguyen","2026-09-02 16:07:55",2427.4,2,khoingt
292,16672251,"Kavinkumar M","2026-09-03 02:37:11",2427.0,2,kavinkumarrkm
293,16811072,Rafael,"2026-09-02 21:30:49",2425.1,1,rafaeldsjhkas
294,16757621,Kurokawa,"2026-09-02 12:49:54",2425.1,2,hiroshikurokawa
295,16775076,hiros,"2026-09-03 04:15:51",2424.1,2,hiroshige1
296,16801457,"Who Stole My Vegetables?","2026-09-03 04:48:31",2422.5,2,subaru486
297,16632493,"oni chan arigato","2026-09-02 18:34:13",2420.9,2,"kindasomethin,nabidnur"
298,16635067,"Berat Egemen Gök","2026-09-02 19:52:19",2420.6,2,berategemengk
299,16747577,"Nolan BONHOMME","2026-09-02 14:19:30",2418.7,2,nolanbonhomme
300,16623805,"Howon Kang","2026-09-03 00:42:26",2418.7,2,howonkang
301,16680144,AM,"2026-09-02 18:13:13",2418.6,2,adammekky
302,16737237,"Ayodeji Adesegun","2026-09-02 12:09:57",2417.6,2,ayodejiadesegun
303,16676278,"Om Sangwan","2026-09-02 19:27:26",2416.6,2,omsangwan
304,16681369,GanadorPlusUltra,"2026-09-02 20:53:05",2412.9,2,ganadorplusultra
305,16760244,"Alex Paul","2026-09-03 00:02:13",2411.5,2,alexazander
306,16695685,"kwon yong deuk","2026-09-02 13:03:40",2411.1,2,kwonyongdeuk
307,16654881,Freddy,"2026-09-02 22:13:37",2411.0,2,twoxding
308,16651695,"Abnormal Guys","2026-09-03 05:18:35",2410.6,2,"gwey1025,koushikrudra"
309,16809874,もたざる,"2026-09-03 01:52:50",2410.1,2,havenox
310,16811251,poijio,"2026-09-03 01:59:13",2409.3,1,poijio
311,16735094,RngRng,"2026-09-02 23:51:40",2408.3,2,rngrng
312,16634704,"Maham Haroon","2026-09-02 14:59:44",2406.9,2,mahamhc
313,16669490,hinemos,"2026-09-02 17:14:45",2405.3,2,hinemos
314,16677107,gagacrow,"2026-09-02 23:03:53",2405.3,2,gagacrow
315,16657576,"SUBHASH B","2026-09-02 14:20:11",2405.0,2,"rishikrish1,subhashb21022"
316,16797251,"Nguyễn Mạnh Niên","2026-09-02 06:19:44",2403.9,2,jacobrichard312
317,16763505,"Sai Reddy Pothireddy","2026-09-02 22:56:19",2402.0,2,saireddypothireddy
318,16767960,"Yuvraj Bhati","2026-09-03 00:00:06",2401.1,2,avioon
319,16686424,"Thần Thoại","2026-09-02 17:01:58",2400.8,2,thanthoai
320,16629033,"Igor V","2026-09-02 20:09:06",2400.4,2,rostigor
321,16631640,"Danielle Lesin fan","2026-09-02 14:31:59",2398.6,2,caoyupeng
322,16664640,"Tiannan Zhang","2026-09-02 19:19:18",2396.9,2,underestimated
323,16635351,AAAMIKASA,"2026-09-03 03:03:11",2396.5,2,aaamikasa
324,16774823,fan2goa1,"2026-09-02 21:51:39",2395.8,2,zfun0926
325,16799554,dengddd,"2026-09-02 14:02:40",2395.2,2,dengdgq
326,16798172,"Dmytro Maliarenko","2026-09-02 21:28:17",2393.8,2,arxitekton
327,16725793,Krilin,"2026-09-02 12:31:11",2393.4,2,krilin
328,16732403,ymg_aq,"2026-09-02 23:15:29",2388.1,2,ymgpalaqs
329,16699165,lime0001,"2026-09-02 12:48:30",2387.6,2,lime0001
330,16777767,"Miyanogawa Yuya","2026-09-02 23:52:37",2387.0,2,veritalogos
331,16656496,"Vaibhav Gupta","2026-09-03 02:26:06",2385.6,2,vaihero
332,16722888,GarrieD,"2026-09-02 22:12:21",2385.4,2,garried
333,16623635,HiroyukiSasaki,"2026-09-03 00:15:22",2385.3,2,hiroyukisasaki815
334,16806006,2,"2026-09-03 04:15:39",2385.2,2,smallvv
335,16622198,"THUNDER THUNDER","2026-09-02 18:29:05",2384.9,2,thunderthunder
336,16760523,"Joseph Ayanda","2026-09-02 23:45:58",2384.3,2,josephayanda
337,16749061,"Wang H2O","2026-09-02 09:13:34",2384.2,2,wangh2o
338,16659870,"Tien N.","2026-09-03 04:00:51",2383.5,2,tientrum
339,16758882,mtmr_s1,"2026-09-03 00:33:13",2382.3,2,mtmrs1
340,16704466,"QQ Farming","2026-08-31 14:47:21",2382.1,2,"dzjiann,hdhsjdjd,mitubant,ngyzly"
341,16806219,"Yiwei Pu","2026-09-02 17:43:52",2381.3,2,"lvyihan1210,raven20010261,yiweipu"
342,16630689,yw8837,"2026-09-03 01:05:53",2381.2,2,yw8837
343,16806053,hisatarosu,"2026-09-03 00:10:09",2380.3,2,tomako4390
344,16810308,"Congying Ma","2026-09-02 23:47:08",2380.2,2,congyingma
345,16657594,"Wojciech Krasowski","2026-09-02 20:37:04",2377.3,2,ci3l4k
346,16811890,Bobbbbbbbbx,"2026-09-03 02:56:07",2376.8,1,bobbbbbbbbx
347,16731926,"Pardheev Krishna","2026-09-03 05:38:25",2376.5,2,"anandkumar0901,ayushjiwatramani,nidhibsh,nitindatanylatics,pardheev"
348,16766128,"Oleksandr Parfionov","2026-09-03 04:20:50",2374.9,2,parfyon
349,16658221,"Roshan Roy","2026-09-02 15:45:05",2372.8,2,"adhilvt,mohamedarifj,roshanroy333"
350,16722995,July,"2026-09-02 09:58:07",2363.7,2,julyzseven
351,16740815,Remielle,"2026-09-03 04:41:59",2357.9,2,remielle
352,16630804,"Emre Cirak","2026-09-02 18:17:23",2356.9,2,biohack44
353,16676114,Gekkotron,"2026-09-01 09:05:08",2356.7,2,gekkotron
354,16764546,Thirst,"2026-09-01 13:34:19",2356.5,2,wahidakram
355,16697089,"aghbalou Anass","2026-09-02 19:45:47",2355.8,2,aghbalouanass
356,16716078,WENJIE_Wang,"2026-09-01 17:08:17",2354.4,2,"jenzenhuang,luwyeb,wafflebear,wenjiewangdev"
357,16664788,rian,"2026-09-03 04:39:25",2352.2,2,rian55
358,16702754,"ИТМОНИ AI B2B 67 SaaS","2026-09-02 09:09:40",2351.1,2,"borismatsakov,kirya1"
359,16781279,zhyphirus,"2026-09-02 20:48:29",2349.0,2,zhyphirus
360,16682932,"Iulian Curte","2026-09-03 05:21:17",2347.2,2,iuliancurte
361,16668783,Zyy7390,"2026-09-02 08:42:39",2342.1,2,"tigerrrrrr,zyy7390"
362,16675344,PP_Azelearn,"2026-09-03 04:01:20",2339.1,2,"androidss,keitookamoto,pptakehirokawada"
363,16738424,Yunioshi,"2026-09-01 14:51:54",2337.7,2,yunioshi
364,16691270,"Piyal Chowdhury","2026-09-02 19:33:56",2337.1,2,piyalchowdhury
365,16736874,mhiro2,"2026-09-03 00:01:19",2333.0,2,mhiro2
366,16633340,"Tim Zagrebelny","2026-09-03 03:54:40",2330.9,2,timzagrebelny
367,16658677,大山,"2026-09-02 23:16:12",2330.8,2,mapodoufu
368,16663247,Ak,"2026-09-01 10:35:43",2330.4,2,abisheksrivastav
369,16765884,洛希边际,"2026-09-03 03:01:44",2323.9,2,bxz2003
370,16665416,"zeyu lau","2026-09-02 18:58:33",2321.8,2,zeyulau
371,16701258,ln,"2026-09-02 19:00:54",2318.6,2,nazarov
372,16675671,Marlubie,"2026-09-03 04:41:03",2318.3,2,kchuang
373,16665637,Luvsh81,"2026-09-03 00:00:30",2318.0,2,luvsh81
374,16705830,"Grim Reaper","2026-09-03 05:09:23",2317.1,2,fathomable
375,16659957,"Jaydon J P","2026-09-02 04:45:33",2315.4,2,jaydonjp
376,16644481,Liquidus,"2026-09-02 01:29:04",2313.5,2,liquidus
377,16675684,washamba_bots,"2026-09-03 03:14:12",2313.1,2,"billygmwangi,futurecentaur,peterkibetspidey,stephanenjoki"
378,16713281,SirShifu,"2026-08-31 09:19:51",2312.9,2,sirshifu
379,16655190,"Will Rice","2026-09-02 08:03:17",2311.9,2,willrice
380,16663175,Anaconda,"2026-09-03 02:37:08",2311.6,2,anaconda
381,16779254,MaxZhuCHN,"2026-09-03 03:24:41",2310.8,2,maxzhuchn
382,16751152,"Andrew Reed","2026-09-03 02:40:26",2309.1,2,andrewreed
383,16654403,"Skibidi Six Seven","2026-09-03 05:19:47",2308.9,2,iam4722202468
384,16677855,Mehrdad_LU,"2026-09-02 20:06:20",2308.4,2,mehrdadal2023
385,16645203,easonyanyan,"2026-09-03 04:46:56",2305.2,2,easonyanyan
386,16670948,wally0593,"2026-09-02 08:31:29",2305.1,2,wally0593
387,16778946,yuki0731,"2026-08-31 00:00:21",2304.9,2,yuki0731
388,16696738,rekhasri,"2026-09-03 00:01:07",2304.0,2,rekhasri
389,16621500,"Reinforcement Larping","2026-09-01 15:56:45",2301.0,2,egortkachenko
390,16661570,"sissoko cheick","2026-09-02 21:45:33",2300.9,2,sissokocheick
391,16664969,"wuliao luis","2026-09-02 10:17:30",2299.0,2,wuliaoluis
392,16707915,MGöksu,"2026-09-01 15:00:15",2297.2,2,mgoksu
393,16640510,SpaTaro,"2026-09-03 02:54:45",2297.0,2,tarosqrd2
394,16647192,"Sailor Ren","2026-09-02 13:28:42",2296.9,2,sailorren
395,16658038,Khanh,"2026-09-03 05:19:36",2296.1,2,khanhp142
396,16626332,"MD. Nazmus Sakib Anik","2026-09-03 00:00:29",2295.9,2,beyondlogic
397,16674174,"Ramesh Arvind","2026-08-31 03:25:39",2295.3,2,rameshln
398,16696999,"HD h Joratos","2026-09-03 00:44:58",2294.8,2,hdhjoratos
399,16634149,"Hozuma ITOBAYASHI","2026-08-31 22:48:33",2294.4,2,hozumaitobayashi
400,16796937,Alan,"2026-09-02 14:03:32",2293.9,2,amunsentom
401,16632593,skomuro,"2026-09-01 12:43:55",2292.3,2,skomuro
402,16803103,hugghngkai,"2026-09-03 01:33:21",2291.6,2,hugghngkai
403,16623877,Chikuwabu,"2026-09-02 23:18:35",2291.2,2,prgckwb
404,16665233,"Akash Deep","2026-09-02 08:50:29",2291.1,2,akashdeepo
405,16709068,Vib,"2026-09-01 04:44:16",2290.7,2,viblal
406,16686918,JustinLee,"2026-09-03 00:21:14",2290.6,2,justin2061
407,16716475,"dong & shen","2026-09-03 04:47:45",2288.0,2,"dongcookies,muyouqian4"
408,16670384,"Gordeev Max","2026-09-02 06:22:58",2287.8,2,gordeevmax
409,16736427,KouFu,"2026-09-02 09:58:52",2285.9,2,kouheif
410,16797063,Nianhua1,"2026-09-03 04:54:41",2284.2,2,nianhua1
411,16696743,"wennan cao","2026-09-02 00:34:12",2284.1,2,wennancao
412,16699741,Tom3,"2026-09-01 19:55:33",2281.8,2,tomohiroaz
413,16661039,Abracadabra,"2026-09-02 16:56:01",2280.0,2,giovannicr
414,16655912,sssskilo,"2026-09-01 23:48:09",2279.7,2,wellkilo
415,16657229,"Adam Li","2026-09-03 03:49:20",2279.4,2,lizhiiii
416,16628951,"Hiro Nomo","2026-09-02 12:05:55",2275.7,2,morinokuma3
417,16802039,"Anna Currie","2026-09-01 17:53:02",2275.7,2,hcnfgxsghvbkhbty
418,16777107,Pipiripipap,"2026-09-02 22:01:45",2274.9,2,yohalf
419,16810171,kta_jpn,"2026-09-03 01:46:34",2272.2,2,ktajpn
420,16693965,ra5anchor,"2026-09-01 12:12:05",2270.2,2,junmitsui
421,16731966,ねねね,"2026-09-01 00:02:16",2269.2,2,napier1550
422,16674102,没落者,"2026-09-01 16:03:45",2268.4,2,needless090
423,16741819,"Paritosh Kumar Tripathi","2026-08-31 17:24:32",2267.7,2,paritoshtripathi5
424,16731678,ShadowT_T,"2026-09-02 20:57:42",2267.3,2,shadowtt
425,16743858,kawauso9n,"2026-09-02 22:38:40",2267.0,2,kawauso9n
426,16733766,Paarthpowa,"2026-09-02 16:29:16",2263.4,2,paarthpowa
427,16658149,X,"2026-09-02 18:36:28",2259.8,2,lohithhb
428,16629972,"forever young","2026-09-03 03:08:09",2254.8,2,keisukeyokota0428
429,16792109,rogerrogerroger3r,"2026-09-02 14:25:47",2252.2,2,rogerrogerroger3r
430,16725899,Zhenghongshuang,"2026-09-02 01:44:40",2250.5,2,zhenghongshuang
431,16732878,modelcollapse,"2026-09-01 10:23:20",2250.2,2,modelcollapse
432,16790091,ChengxuGu,"2026-08-30 12:52:07",2249.7,2,chengxugu
433,16709967,Matsu,"2026-09-03 01:07:27",2248.0,2,matsuzawahayato
434,16753567,Davics,"2026-09-02 03:13:14",2247.7,2,davics
435,16738759,YJR,"2026-09-03 02:04:15",2242.4,2,misakamikoto66
436,16738852,ZJUwlm,"2026-09-01 02:44:23",2242.2,2,zjuwlm
437,16658830,"Farhat Pachisa","2026-09-01 12:21:28",2242.1,2,farhatpachisa
438,16701685,shawloong,"2026-09-03 04:44:59",2241.2,2,shawloong
439,16768104,"Ivan Aleksandrov","2026-09-02 23:40:03",2240.1,2,ivanblch
440,16806023,"Eesh saxena","2026-09-03 01:25:55",2240.1,2,eeshsaxena
441,16685763,"koren sabag","2026-09-03 04:49:26",2238.7,2,korensabag
442,16740851,Zefirrr,"2026-09-01 16:46:15",2238.5,2,zefirrrr
443,16684093,"fog flower","2026-09-03 04:46:59",2237.7,2,fogflower
444,16741500,weichy7,"2026-09-02 07:15:59",2237.2,2,weichy7
445,16630675,"Lucien de Rubempre","2026-08-30 17:20:05",2236.8,2,lucienderubempre
446,16709176,Efnutrrionpy,"2026-09-01 22:41:29",2236.7,2,efnutrrionpy
447,16663264,Adarsh,"2026-09-01 13:51:29",2235.9,2,madarshbb
448,16630548,"YJ Wee 2807","2026-09-02 15:48:55",2235.5,2,yjwee2807
449,16727544,"Mostafa H","2026-09-01 10:03:53",2235.0,2,mostafahaghiri68
450,16775286,DanilAbdullin,"2026-09-02 05:42:51",2234.8,2,danilabdullin
451,16735744,老乡,"2026-09-03 04:38:32",2233.0,2,hboyang
452,16783459,LKQ669,"2026-09-02 14:33:50",2231.8,2,lkq669
453,16806394,Flowers,"2026-09-02 04:03:16",2231.8,1,"guyueyuan,oliver34"
454,16701051,"Komi ShouKo","2026-09-03 05:24:55",2231.1,2,asdwswdxd
455,16746395,Levin,"2026-09-02 06:17:02",2230.6,2,"sophiexs,zhengliwen"
456,16673303,"Samuel Sundararaman ","2026-09-02 06:16:43",2230.6,2,neopok919
457,16733851,tangaii,"2026-09-02 09:31:11",2229.8,2,tangai1
458,16623488,"Kevin E R MILLE","2026-09-02 05:54:32",2228.4,2,kevinermille
459,16705659,"srijan k.r keshri","2026-09-02 06:15:51",2228.3,2,srijankrkeshri
460,16626462,mango,"2026-09-02 00:56:25",2227.9,2,mango789
461,16705390,"Subramanya N","2026-08-25 16:45:45",2227.9,2,subramanya1997
462,16632245,u,"2026-09-03 01:04:17",2227.4,2,"apostoloskontarinis,curbotron13,halzweiman,josephmcgonaglebrown,shreyanshpoddar"
463,16692845,"Yassine Ben Zekri","2026-09-01 12:05:28",2227.2,2,yassinebenzekri
464,16792410,"Taewoong Kim","2026-09-03 00:07:51",2226.9,2,aleaiest
465,16802745,"Fuat Çakıcı","2026-09-02 12:04:20",2226.4,2,fuatcakiicii
466,16676885,"Riva Kajangu","2026-09-02 20:38:21",2226.4,2,rivakajangu
467,16718033,TheMightiestMan,"2026-09-01 14:13:04",2226.0,2,themightiestman
468,16764349,Solo,"2026-09-03 04:39:17",2225.7,2,solosolo
469,16654158,"Md. Hamid Hosen","2026-09-01 08:31:35",2225.5,2,"esfersami50,foysalemonshanto,hosen42"
470,16775350,"Sourabh Nirwanevht","2026-09-02 09:30:20",2223.8,2,sourabhnirwanevht
471,16670276,"Egor Trushin","2026-09-02 18:56:14",2223.7,2,egortrushin
472,16802322,HongchenDai,"2026-09-01 10:08:03",2222.0,2,hongchendai
473,16697893,YWehbe,"2026-09-02 07:09:03",2221.5,2,youssefwehbe
474,16688217,"The Grower","2026-09-01 15:35:50",2220.2,2,vigneshsankar1962
475,16657785,"Himanshu Kumar","2026-09-02 19:08:40",2220.1,2,himanshujha2812
476,16741096,"Yohanes Lengkong","2026-09-02 22:29:16",2219.4,2,yohanesfc
477,16802630,takotakosan,"2026-09-02 15:25:45",2216.7,2,takotakosan
478,16734803,guoziyi123456,"2026-09-01 02:05:21",2216.4,2,"ax1lec,guoziyi123456,linhexlu,xuanzhechen"
479,16642570,"Mathurin Ache","2026-09-02 06:17:18",2216.1,2,mathurinache
480,16794740,"Alexander R Luz","2026-09-03 01:23:23",2213.0,2,alexanderrluz
481,16729102,"Bruce Zheng","2026-09-02 14:29:10",2210.5,2,brucezheng666
482,16754112,"rhythm master","2026-09-02 02:01:23",2210.2,2,lukaswong
483,16734715,史永刚,"2026-09-02 06:35:46",2210.0,2,shizehao
484,16627888,atl132,"2026-09-03 03:11:31",2209.6,2,atl132
485,16760515,"Kazuo Watanabe","2026-09-03 04:35:24",2209.4,2,watanabekazuo
486,16652710,Ryutogrrr,"2026-09-01 08:02:58",2209.1,2,ryutogrrr
487,16790432,"Field General","2026-09-01 01:53:02",2208.5,2,kevinarvai
488,16743484,"薄和叶 Lv.INF","2026-09-01 22:35:56",2208.5,2,lumine01
489,16789561,"Rohan Kishibe","2026-09-03 02:49:50",2208.5,2,anbianluban1
490,16730675,"SOUTA Sakurai","2026-09-02 18:55:22",2207.5,2,soutasakurai
491,16627032,"Kaito Fukami","2026-09-02 08:23:15",2207.3,2,kaitofukami
492,16795131,XuanxuChem,"2026-09-02 14:51:58",2207.3,2,zhaonoah
493,16667479,"Leon Christians","2026-09-03 00:07:03",2206.9,2,leonchristians
494,16763375,Alex75,"2026-09-01 19:06:00",2205.9,2,alexmartinez75
495,16625798,grifth,"2026-09-01 01:10:39",2203.2,2,grifth
496,16774727,"Dannya AbdulHadi","2026-09-02 06:00:08",2202.3,2,dannyaabdulhadi
497,16740892,"yuki matsumori","2026-09-02 23:30:23",2202.0,2,yukimatsumori
498,16639565,yasu,"2026-08-31 06:23:59",2201.8,2,yasutakababa
499,16661607,choqui62,"2026-09-01 13:56:18",2199.5,2,choqui62
500,16754823,"tiki tiki tiki","2026-09-02 12:39:13",2198.4,2,slangitup
501,16659550,"Sai Syam","2026-09-01 06:56:47",2197.4,2,saisyam
502,16662318,"Bardia Bahadori","2026-09-03 01:56:29",2194.9,2,bardiabahadori
503,16791924,magu1234,"2026-09-01 06:35:21",2194.6,2,magu1234
504,16631460,Kosuke.T,"2026-09-02 06:08:27",2193.5,2,kosuke1992
505,16743582,ShunkiKyoya,"2026-09-03 00:45:23",2191.5,2,shunkikyoya
506,16681744,team_fn,"2026-09-02 08:29:02",2191.2,2,fjklmn
507,16634179,daoviet,"2026-09-01 04:19:33",2190.6,2,daoviet
508,16674385,"qr farm","2026-09-03 02:43:41",2190.4,2,qrz1201
509,16692185,"Xu Suyi","2026-09-01 11:32:05",2190.2,2,xuyuhaosuyi
510,16671012,"Sean Zhang","2026-09-03 02:59:51",2190.1,2,seanzhang2445
511,16726915,"인공저능연구소( Artificial Idiocy Lab )","2026-09-03 01:10:33",2189.6,2,megayak
512,16689430,"Terry Luo","2026-09-02 10:05:48",2189.1,2,eimhluo1764
513,16639625,"Dr Chandrasen Pandey","2026-09-01 03:02:40",2188.4,2,devchandra
514,16717794,souldrive,"2026-09-01 00:28:30",2185.1,2,souldrive
515,16782954,"Team Dajiang","2026-09-02 12:18:53",2184.7,2,"jihuaye,toolazyhhh123"
516,16759578,Randy,"2026-09-02 20:12:41",2183.8,2,rvndyerwin
517,16775242,"Timothee Henry","2026-09-02 18:06:53",2181.7,2,timhenry
518,16658300,"Thành Toàn Vương","2026-09-01 13:22:01",2181.3,2,thnhtonvng
519,16775474,ERS,"2026-09-01 11:18:15",2181.0,2,shingo257
520,16793396,...,"2026-09-02 11:12:27",2180.4,2,shackles6966
521,16722705,我的AI是豆包,"2026-09-02 15:39:46",2178.2,2,"carrotliang,haoxuanjng,kaoqiangzhang,rainhuang0220"
522,16805952,hatakazu93,"2026-09-03 02:27:56",2177.3,2,hatakazu93
523,16657316,SCNU,"2026-09-02 08:58:16",2177.3,2,jasonxusk
524,16810490,katlun,"2026-09-02 23:10:14",2177.2,2,katlun
525,16684748,"nailong alpha","2026-09-02 04:15:02",2176.4,2,"dejavucry,weiyun22021,yoruet"
526,16716566,"Junliang Ye","2026-09-03 04:02:10",2175.8,2,junliangye
527,16772109,Yashvs56,"2026-09-02 03:15:48",2173.9,2,yashvs56
528,16636536,tetsu2131,"2026-09-01 13:46:29",2173.8,2,tetsutani
529,16716533,wiffany,"2026-09-02 14:51:09",2172.6,2,wiffany
530,16734966,kigasudayooo,"2026-09-03 03:00:02",2172.3,2,argon1215
531,16786595,"dbvz sbsbs","2026-09-02 09:40:48",2172.1,2,dbvzsbsbs
532,16661768,"Lợi Trần Bảo","2026-09-03 01:59:46",2171.7,2,litrnbo
533,16661708,"Stanley Honkpehedji","2026-09-01 23:02:42",2170.2,2,stanleyhonkpehedji
534,16785483,xiongrui666,"2026-09-03 03:55:04",2169.9,2,xiongrui666
535,16736124,GIN,"2026-09-01 10:01:59",2169.8,2,runjinzhang
536,16740010,"Kobe BRYANT","2026-09-03 04:44:17",2168.9,2,kobebryantjohn
537,16621585,"Rokaiya Somapti","2026-09-01 12:16:52",2168.9,2,rokaiyasomapti
538,16633944,Toru59er,"2026-09-02 12:50:42",2167.2,2,toru59er
539,16622420,RuiFSPinto,"2026-09-01 19:46:40",2166.8,2,ruifspinto
540,16721501,αίνιγμα,"2026-09-01 18:22:08",2166.6,2,"muditnagori09,shahidnadaf001"
541,16796840,ezalbxx,"2026-09-02 14:26:04",2166.2,2,ezalbxx
542,16797154,"Elvern Neylmav Tanny","2026-09-03 04:45:14",2165.4,2,elvernneylmavtanny
543,16749576,heralces,"2026-09-02 13:59:21",2165.4,2,heralces
544,16758954,shenjj02,"2026-09-03 00:57:48",2163.4,2,shenjj26
545,16767360,"Sinh Nguyễn Đức","2026-09-02 12:29:18",2162.2,2,sinhnguync
546,16624919,"Juste Me (●'◡'●)","2026-09-01 12:00:52",2159.8,2,degnonguidi
547,16634104,FarmGoose,"2026-09-02 14:56:52",2158.9,2,yizhanglou
548,16775571,Gaurav06520,"2026-09-02 12:00:14",2158.4,2,gaurav06520
549,16786126,"Max Bloom","2026-09-03 05:06:36",2158.0,2,maxbloom
550,16742159,mimi！,"2026-09-02 09:43:12",2157.8,2,"morongzhu,we111135"
551,16697898,"Yin Li","2026-09-02 04:34:48",2157.3,2,kevin250304
552,16804863,JezzLynn,"2026-09-02 16:49:03",2156.4,2,jezzlin
553,16659961,faahh,"2026-09-02 10:14:47",2154.9,2,shivam98saini
554,16652536,Satoshi_SsSs,"2026-09-02 13:57:44",2153.9,2,satoshissss
555,16665311,"huayang sun","2026-09-02 09:02:22",2152.9,2,okami001
556,16718480,PLReddy23,"2026-09-03 00:19:46",2150.8,2,plreddy23
557,16769885,kurushun,"2026-09-03 04:08:16",2150.0,2,kurushun
558,16659555,"Joseph Adamski","2026-09-01 18:25:44",2149.0,2,josephadamski91
559,16738503,dddmd,"2026-09-01 14:31:12",2148.4,2,dddmdd
560,16622842,Will,"2026-09-01 10:21:09",2148.3,2,wguesdon
561,16793474,"Liu Classmate","2026-09-02 03:50:31",2147.3,2,liuclassmate
562,16662492,"Lester Leong","2026-09-01 09:17:42",2143.0,2,lesterleong
563,16762935,"ibr mo sal","2026-09-02 17:30:54",2141.6,2,ibrmosal
564,16742183,alessandrozonta,"2026-09-02 11:07:56",2141.4,2,azonta
565,16641751,Hikari_30,"2026-09-03 05:42:15",2140.9,2,hikari30
566,16682494,Phi,"2026-09-02 04:05:44",2139.6,2,ajinomoto132
567,16668157,"vineet dairashri","2026-09-01 17:46:14",2139.5,2,vineetdairashri
568,16695046,"Farmers Is All You Need","2026-09-03 02:20:28",2138.2,2,"aurax7,coolinlai,davidsarrat,pseree,zongzishuang"
569,16730223,Ojaswy,"2026-09-03 03:33:40",2138.0,2,ojaswy
570,16795798,"Refrain 1","2026-09-01 09:36:19",2136.0,2,"chisatoy,refrain1"
571,16655150,"Benjamin H Pepper","2026-09-03 04:39:35",2135.2,2,bhpepper
572,16682195,celefefwefwe1,"2026-09-02 16:48:52",2133.8,2,celefefwefwe1
573,16679694,"Yaro Perventsev","2026-09-02 16:18:13",2133.4,2,yaroslavperventsev
574,16634952,"Igor Zharov","2026-09-02 12:07:34",2130.6,2,flexonafft
575,16662628,AbhiniveshSharma5354,"2026-09-02 04:24:07",2129.5,2,abhiniveshsharma5354
576,16803930,"Farrukh Ismoilov","2026-09-02 11:30:29",2128.0,2,fismoilo
577,16742684,Inzilbêth,"2026-09-03 05:11:48",2127.2,2,inzilbth
578,16735837,yaki-imo,"2026-09-02 05:06:46",2126.0,2,taichiakiyama
579,16775684,ketterking,"2026-09-01 12:16:58",2125.5,2,"ketterwang,wwppyywwww"
580,16725195,易研学社,"2026-09-02 12:03:20",2125.4,2,"chency17,fengwann,mingyingxin,sjojasdq,tbtbbb"
581,16797393,lingmingzi,"2026-09-02 13:45:50",2125.4,2,lingmingzi
582,16652272,"nadhir hasan","2026-09-02 09:46:26",2124.9,2,nadhirhasan
583,16739633,kwa,"2026-09-02 05:24:22",2124.1,2,ikaroskaggle
584,16624040,kumk,"2026-09-02 11:26:15",2123.7,2,kknagoya
585,16727998,hidsaito,"2026-09-03 04:12:43",2123.3,2,hidsaito
586,16773041,Lixin73,"2026-09-03 01:59:06",2122.3,2,lixin73
587,16665134,edteoh,"2026-09-03 02:43:28",2121.5,2,edteoh
588,16806376,pardival,"2026-09-02 14:12:45",2121.2,2,pardival
589,16777394,antadam127,"2026-09-02 09:36:25",2120.9,2,antadam127
590,16624934,"Haramball forever!","2026-09-02 09:18:08",2120.6,2,envyy23120093
591,16732748,"revenge pokekaggler","2026-09-02 16:58:09",2119.4,2,denden12
592,16784416,tatt:)ch,"2026-09-02 08:19:42",2118.7,2,tattch
593,16674919,yukiZ,"2026-09-02 00:40:52",2117.7,2,hideyukizushi
594,16804859,DevashishSoni123,"2026-09-02 08:18:03",2117.3,2,devashishsoni123
595,16740659,haodou092,"2026-09-02 13:27:06",2114.6,2,haodou092
596,16656011,"Jiashun Tan","2026-09-02 07:55:59",2112.2,2,jiashuntan
597,16652750,"Bahadir Selim Bakla ","2026-09-02 11:21:09",2111.3,2,bahadirselimbakla
598,16796238,"Zhongyi Dai","2026-09-01 09:19:24",2110.0,2,zhongyidai
599,16658732,Olympus,"2026-09-03 00:18:32",2109.3,2,jiseungwoo
600,16651792,LX,"2026-09-02 10:29:49",2107.7,2,sunnylx
601,16709126,"Jamie Nojek","2026-09-03 02:14:49",2107.2,2,jamienojek
602,16681927,"Dariush Afshar","2026-09-01 23:50:46",2106.6,2,dariushafshar
603,16774674,"Perminov Matvey","2026-09-02 17:13:00",2106.2,2,mperminiov
604,16738820,"Ying Li","2026-09-02 14:39:23",2106.0,2,lyee919
605,16644145,"Mehdi Azouz","2026-08-31 10:03:12",2105.2,2,mehdiazouz
606,16681007,AkiraOnojp,"2026-09-02 13:01:48",2102.2,2,akiraonojp
607,16715235,l1aF,"2026-09-02 11:05:45",2102.0,2,hhhoang
608,16687901,Khalid,"2026-09-03 01:10:48",2100.9,2,khalid000000
609,16654704,mandgeee,"2026-09-02 19:24:00",2098.3,2,mandgeee
610,16730473,Kyohei,"2026-09-02 21:57:46",2097.6,2,kyohei3
611,16659395,HyperX,"2026-09-01 15:04:00",2094.1,2,"diversedharun,harishinkaggle"
612,16785321,HaoChi,"2026-09-02 08:32:17",2093.1,2,"lishi321,moxi21"
613,16694149,maxout,"2026-09-03 04:34:34",2092.5,2,"aadijoshi19,kavyabhand"
614,16626093,"Pilkwang Kim","2026-09-03 02:19:53",2091.9,2,pilkwang
615,16653044,"Bửu Phạm Quốc","2026-09-03 02:24:44",2091.6,2,"binhdth,buphmquc,hainguyenthien,pntan17"
616,16653199,Koba,"2026-09-02 15:11:48",2091.1,2,zone0906
617,16623371,MoZayed,"2026-09-01 20:31:54",2089.1,2,mohamedzayedahmed
618,16626191,"kevin park","2026-09-02 22:46:35",2086.5,2,k3v1npark
619,16778388,"straw hats","2026-09-03 05:05:01",2085.5,2,rushikeshgaonkar
620,16769990,delai50,"2026-09-02 16:01:52",2085.1,2,delai50
621,16730301,wonder777,"2026-09-03 03:15:10",2084.7,2,wonder777
622,16731834,Kamma,"2026-09-02 02:35:42",2083.9,2,"cheliu0307,makerfly"
623,16654585,"David Pedersen","2026-09-03 04:21:40",2081.4,2,semalytics
624,16665700,张广麒,"2026-08-31 08:41:33",2076.4,2,zzggqq
625,16682183,lihaha.36,"2026-09-02 16:51:46",2076.2,2,lihaha36
626,16793656,王子铖,"2026-09-02 15:06:03",2076.1,2,aurantium
627,16693215,"Izzoudine Mohamed KANTA","2026-09-02 23:45:23",2073.7,2,izzoudeenkanta
628,16655311,"Plant City Planter","2026-09-02 19:03:12",2073.1,2,michaellombard
629,16712121,"Hai Dang","2026-08-30 08:06:26",2072.3,2,haidang2405
630,16750416,G!vIOne,"2026-08-31 05:37:40",2071.7,2,gvione
631,16707467,kay.liechtenstein,"2026-09-02 21:02:43",2071.4,2,kayliechtenstein
632,16634156,"Hiroyasu Okuno","2026-09-02 14:06:50",2070.3,2,hiroyasuokuno
633,16622509,Ali,"2026-09-02 17:27:25",2069.2,2,asalhi
634,16639871,"Aura Farming","2026-08-31 18:01:31",2067.7,2,gauthieravite
635,16739543,"Akshay #2","2026-08-31 15:39:22",2067.7,2,theakshay
636,16622919,Waffle,"2026-09-03 00:25:52",2065.2,2,waffle3z
637,16749034,digitalChaos,"2026-08-31 14:50:30",2064.6,2,digitalchaos666
638,16632566,maco-macoo,"2026-09-01 12:51:49",2063.4,2,macomacoo
639,16783124,Logorhythms,"2026-09-03 03:20:25",2062.6,2,mohammadsaidulislam
640,16779831,地里偷偷尿尿,"2026-09-02 04:17:57",2062.0,2,jjsdfd22
641,16694016,"Prajwal M","2026-09-02 16:15:52",2061.0,2,estrick
642,16762289,NineThree,"2026-09-02 15:53:24",2060.1,2,xiaoazuzong
643,16717536,c0nrad,"2026-09-02 23:12:25",2058.8,2,stuartlarsen
644,16758982,Boredom,"2026-09-02 22:52:58",2058.1,2,cudacoding
645,16655758,patience,"2026-09-02 14:16:06",2053.2,2,"weirdocurry,wenjunkai124"
646,16665357,XW,"2026-08-31 14:08:45",2048.2,2,xuewei
647,16730707,"James Michael","2026-09-02 14:42:57",2046.9,2,ingenio
648,16764068,"Chika Komari","2026-09-02 11:18:48",2046.0,2,gothamjocker
649,16748866,masayoshi,"2026-09-01 11:16:36",2045.6,2,masayoshi64
650,16690805,"Alejandro Ayestaran","2026-09-03 00:29:38",2045.4,2,alejandroayestaran
651,16779519,"Xiangsong Tian","2026-09-02 06:06:16",2045.2,2,xiangsongtian25
652,16760490,"nir afek","2026-08-30 21:08:22",2045.0,2,nirafek
653,16769967,"Bill Fan","2026-09-02 08:23:52",2042.8,2,billfan88
654,16762769,"Jacques Buis","2026-09-02 15:30:28",2042.7,2,jacquesbuis
655,16714057,"T0m0t0m0 W","2026-08-30 07:55:00",2041.9,2,t0m0t0m0w
656,16778792,"Karthik #2","2026-09-02 17:15:47",2038.5,2,karg14
657,16753646,"[Deleted] 7d100524-25e6-4751-98db-b4fdce26a5ee","2026-09-02 14:22:45",2037.5,2,del=effabded1aa6d176
658,16732221,ringbearer,"2026-08-30 09:45:04",2036.5,2,mehmetbarankrat
659,16659103,Arin,"2026-09-01 16:15:10",2036.4,2,skarin
660,16656500,我的豆包是AI,"2026-09-03 01:25:55",2036.3,2,"a982295350,bertmacutata,blencanierice,dangzhiyuan,imoxzm"
661,16811433,"Bx LLLLLLLL","2026-09-03 01:52:59",2033.0,1,bxllllllll
662,16712329,"Andrej Carpenter","2026-09-02 07:07:24",2032.9,2,andrejcarpenter
663,16669911,"Batuhan Ustun","2026-09-02 11:38:43",2032.7,2,batustun
664,16696720,"JAZ COLD HORN","2026-09-02 17:14:43",2031.9,2,"evanmaksud,jazivxt,maulikgajera,niazmohaimanabtahi,victorhorn"
665,16634580,akmr,"2026-09-02 17:22:35",2031.2,2,akimaru
666,16664609,Re2lawd,"2026-08-31 05:42:43",2030.8,2,re2lawd
667,16693904,DeeperNet,"2026-09-02 09:14:44",2030.1,2,deepernet
668,16633552,Unkn0wn,"2026-08-31 21:04:39",2028.2,2,"harnadshilpa,nagendraadisesha"
669,16773069,Grant,"2026-09-03 04:55:18",2028.2,2,leolin05
670,16798174,"Jan Bartos","2026-09-01 21:31:27",2025.9,2,janbartos
671,16794536,HirokiTaniai,"2026-09-03 05:24:33",2025.2,2,nyokinyoki
672,16691512,"Hongxin Su","2026-08-30 12:14:25",2025.0,2,hongxinsu
673,16694186,souju00,"2026-09-01 09:06:28",2024.4,2,souju00
674,16745761,mitomeat823,"2026-09-03 05:12:00",2024.0,2,mitomeat823
675,16746796,kaguramena,"2026-09-01 09:53:07",2023.1,2,kaguramena
676,16640873,"Takumu Hata","2026-08-31 09:40:42",2022.0,2,takumuhata
677,16730881,hank0123,"2026-09-02 15:16:00",2021.2,2,hank0123
678,16726559,william,"2026-09-02 02:50:48",2019.8,2,hiricodev
679,16655296,"peeta pit","2026-09-02 12:57:59",2018.3,2,peetapit
680,16775353,"YK Pan","2026-09-02 16:06:15",2017.5,2,vansher
681,16727536,lelelove1225,"2026-08-31 21:51:00",2015.6,2,lelelove1225
682,16770424,masspeaks,"2026-09-03 04:40:32",2015.0,2,masspeaks
683,16702429,iamlonely,"2026-08-30 14:58:21",2013.9,2,iamlonely
684,16734822,Zcy,"2026-08-30 15:01:54",2013.8,2,laura831
685,16721384,Hackoholics,"2026-09-02 02:00:49",2012.2,2,"limyenhui,richierx"
686,16660987,AdrianWang2003,"2026-09-02 10:11:16",2012.1,2,"adrianwang2003,benlou04"
687,16683567,supr3mum,"2026-08-31 17:58:38",2011.0,2,friklez
688,16667767,t3l3k3n3sis,"2026-08-30 21:11:34",2010.4,2,"daffafariq,hashmatzamaryali,malsabbagh05"
689,16696997,coolin666,"2026-09-02 11:27:39",2009.4,2,coolin666
690,16687649,track,"2026-08-31 11:08:57",2008.1,2,"ahmedberatozer,omerlleez"
691,16659215,"Zhizhou Sha","2026-08-31 12:43:52",2006.5,2,zhizhousha
692,16793600,mogura2.0,"2026-09-03 00:12:25",2005.8,2,mogura20
693,16625220,thisray,"2026-09-01 07:55:59",2005.7,2,thisray
694,16728996,autowin,"2026-09-02 17:32:29",2002.2,2,atharvjairath
695,16680172,TTANE,"2026-09-03 01:52:55",2000.8,2,otmaneelmahdaouy
696,16707547,Lin,"2026-09-02 14:26:11",2000.4,2,linjianrong
697,16771558,"Vitalie Cervinschi","2026-09-01 00:08:11",2000.2,2,vitaliecervinschi
698,16718138,Haalandspring,"2026-09-02 08:32:01",1999.8,2,haalandspring
699,16623897,satoooh,"2026-08-30 23:16:07",1999.6,2,satoooh
700,16672136,chupaletas,"2026-09-03 04:46:26",1999.1,2,urvesh
701,16657657,ArnabKarmakar,"2026-09-03 03:27:51",1996.9,2,arnabkarmakar
702,16662914,"Apollo's cattles","2026-09-02 21:41:39",1996.5,2,"icr007,kennethlie16,romanrozen"
703,16732879,daulettoibazar,"2026-09-03 03:48:53",1995.9,2,daulettoibazar
704,16722487,Zotar,"2026-08-30 19:24:43",1995.3,2,chunhinma
705,16779564,oycr,"2026-09-01 09:54:58",1994.9,2,"oyxiaobai159,wdt124"
706,16763767,"Carson Zhang","2026-08-30 07:05:07",1992.5,2,zmcddn
707,16736198,JetJetGo,"2026-09-02 18:15:44",1991.3,2,psykrishna
708,16761641,Diavolo,"2026-08-30 18:32:16",1991.1,2,jeanmarcbah
709,16657931,t-enstar,"2026-09-02 20:05:01",1991.0,2,tstustatama
710,16770089,ouga,"2026-08-30 07:52:29",1989.2,2,ouga1shizawa
711,16642128,"MAC SAHO","2026-09-02 03:11:46",1987.2,2,macsaho
712,16639731,williamrawling,"2026-09-03 00:00:59",1986.8,2,williamrawling
713,16659295,snaykey,"2026-09-01 10:18:21",1986.0,2,snaykey
714,16658962,"Fabian Friedland","2026-09-01 02:35:18",1985.3,2,fabotelli
715,16679987,"Said Mohamed Omary","2026-09-02 20:39:13",1984.9,2,saidmohamedomary
716,16739419,danilka200300,"2026-08-31 12:47:04",1984.8,2,daniilsergeevda
717,16670715,i3,"2026-09-02 15:26:33",1983.8,2,ishijima
718,16731605,datatuu,"2026-09-03 01:13:17",1983.7,2,yaoguang516
719,16651332,"Le Viet","2026-09-03 04:26:23",1983.5,2,sleepyssr
720,16671425,"Gajenddra Raj","2026-09-02 15:47:38",1982.9,2,gajenddra
721,16673870,"Yuxiao Wang","2026-09-01 23:47:26",1982.2,2,yuxiaowangx
722,16684716,kumanomi,"2026-09-02 12:27:06",1981.4,2,kkkggg
723,16721248,"Raef Guizani","2026-09-02 12:28:40",1981.2,2,raefguizani
724,16633178,"Cow Boy","2026-09-02 14:46:23",1981.0,2,shanzhong8
725,16640472,"Vsevolod Rakita","2026-08-31 10:13:51",1981.0,2,vsevolodrakita
726,16721980,pend_ts19,"2026-09-03 03:03:36",1980.0,2,pendts19
727,16759501,BaconT,"2026-09-01 22:47:21",1979.7,2,bacont
728,16757635,"Sridip Basu","2026-08-30 14:10:40",1979.5,2,sridipbasu
729,16805870,"Ngo Trung","2026-09-03 05:20:51",1978.6,2,trungngotdt
730,16727266,ebisu_ya,"2026-09-03 01:33:26",1976.0,2,ebisuya
731,16718649,"Zakaria Aala","2026-09-02 20:53:54",1974.6,2,zlordgrim
732,16735628,perrodawn,"2026-09-03 02:33:32",1974.1,2,perrodawn
733,16681601,Hanaro,"2026-09-02 06:57:34",1974.1,2,lucas040
734,16732521,redblackbst,"2026-09-03 04:53:15",1974.1,2,redblackbst
735,16660485,"Colin Gaffney","2026-09-02 21:34:24",1973.0,2,colingaffney1
736,16623451,Ueddy,"2026-08-30 08:11:25",1972.7,2,ku0807
737,16785924,Abhinav_26104,"2026-08-31 15:17:41",1969.7,2,abhinav26104
738,16734225,"Vijay athithya ","2026-09-02 07:06:29",1969.4,2,vijay09
739,16713543,"Rustam Bazarbayev","2026-08-31 18:28:57",1968.3,2,rustambazarbayev
740,16731630,SatoshiN04,"2026-09-03 05:04:13",1968.2,2,satoshinakamura04
741,16795041,"Denis Revenko","2026-09-01 13:02:36",1968.1,2,denizzko
742,16668370,"Matthew Labrador","2026-08-31 03:08:15",1967.9,2,m4tyuuu
743,16658665,ChandramouliNagasundaram,"2026-09-02 08:56:11",1966.7,2,"enginegeneral,mouliindian"
744,16731264,kiduna1228,"2026-09-02 14:09:18",1966.7,2,kiduna
745,16766498,"Castian Hans","2026-08-31 15:49:17",1966.7,2,castianhans
746,16682210,Boiled-Sweet-Potato,"2026-09-03 04:23:10",1966.6,2,boiledsweetpotato
747,16689863,yukichi0403,"2026-08-30 16:10:08",1966.4,2,yukitake93
748,16728262,wakawakayu,"2026-09-01 02:48:50",1965.2,2,wakawakayu
749,16801995,"XD tsui","2026-09-02 17:55:33",1964.3,2,xdtsui
750,16718956,hassan,"2026-09-01 16:14:25",1964.0,2,hasankhhan
751,16757064,"coke lu","2026-09-03 05:42:56",1961.8,2,cokelu
752,16769411,Beyond,"2026-09-03 04:53:59",1961.7,2,themanysh
753,16732530,可抽奖的冰棒,"2026-09-01 13:00:28",1959.4,2,daniel1547
754,16767929,Timbydude,"2026-09-01 18:47:59",1957.3,2,timbydude
755,16783517,"dongdong zhang","2026-09-02 17:00:47",1954.7,2,mcdongdongzhang
756,16730524,"THIRD FARM CLUB","2026-09-02 10:37:58",1954.0,2,"bowwowforeach,mooegi,shunrcn,simann"
757,16738534,"Sakito Horie","2026-09-02 17:47:51",1950.9,2,sakitohorie
758,16644229,"Amy Yuan","2026-09-03 05:17:52",1950.1,2,cozytato
759,16663827,magoemu,"2026-09-02 23:14:13",1948.8,2,magoemu
760,16634239,"Radhakrishnan Guhan","2026-09-01 10:31:57",1947.9,2,rmsgrk
761,16671163,"Suyash Verma","2026-08-30 12:01:20",1947.8,2,suyashdiamond1
762,16673205,"Arda Ceylan","2026-09-02 11:41:34",1947.6,2,ardacey
763,16810078,Sam-wiz,"2026-09-03 05:26:10",1946.1,2,samwiz
764,16642036,enddl22,"2026-09-02 17:36:57",1945.6,2,enddl22
765,16731803,JYShane,"2026-09-01 04:55:55",1943.9,2,jyshane
766,16621075,"Octavi Grau","2026-09-01 21:13:22",1943.3,2,octaviograu
767,16750314,Captainuknow,"2026-09-01 03:27:57",1943.1,2,captainuknow
768,16693439,"Ankit Hemant Lade","2026-09-03 02:51:45",1943.1,2,"ankitlade12,jsaikrishna"
769,16717113,"Dovydas Ruokis","2026-09-02 20:59:10",1941.8,2,dovydasruokis
770,16754022,Pico,"2026-09-01 17:21:49",1940.0,2,charithgr
771,16655631,"Djamila Benchikh","2026-09-02 16:29:17",1939.9,2,djamilabenchikh
772,16693488,HarvestZero,"2026-08-31 21:48:42",1939.1,2,bernardboatey
773,16661667,"Wufang Hong","2026-08-31 03:16:22",1937.9,2,wufanghong
774,16655505,Debmalya,"2026-09-02 16:30:18",1937.4,2,debmalya84
775,16672549,"ReinFARMent Learning?","2026-09-02 03:19:58",1937.3,2,arksey
776,16668737,"Abish Pius","2026-09-02 20:42:21",1936.2,2,abishpius
777,16771200,DeeSaa,"2026-09-02 13:42:55",1936.1,2,deesaa
778,16629685,mikelou1,"2026-08-30 10:12:39",1936.1,2,mikelou1
779,16713335,"Muhammad Imran","2026-08-30 08:37:34",1935.5,2,muhammadimranchitral
780,16672241,dupakdungking,"2026-08-31 07:26:32",1935.2,2,primarizki
781,16700634,"Alperen Söylen","2026-09-02 17:13:38",1935.2,2,alperensylen
782,16667951,KoRo2_JP,"2026-08-31 05:47:23",1935.0,2,koro2jp
783,16657395,"Uchechukwu Ajuzieogu","2026-09-03 03:17:40",1934.4,2,uchechukwuajuzieogu
784,16679393,"Anvith Pothula","2026-09-03 04:03:20",1934.0,2,anvithpothula
785,16669686,"Mert Bayraktar","2026-09-02 11:21:45",1931.8,2,mertbayraktar
786,16658287,ArturoSirvent,"2026-09-02 05:07:04",1931.1,2,arturosirvent
787,16793344,zyichi,"2026-09-02 06:41:30",1928.6,2,zyichi
788,16644255,Rister,"2026-09-02 23:33:16",1927.8,2,rister101
789,16652175,"Lucas Boesen","2026-08-31 17:11:04",1926.8,2,lucasboesen
790,16748154,taiseiu,"2026-09-02 13:31:23",1926.7,2,taiseiu
791,16725856,"Abhi Datta","2026-08-31 17:40:35",1926.2,2,abhidatta87
792,16793427,wuwuwu,"2026-08-31 12:11:37",1924.8,2,wu1570
793,16756591,"Hamed Vakili","2026-09-02 05:26:44",1923.9,2,"hamedvakilit0,maryam7713"
794,16791254,"Prashant Bhattarai093","2026-09-02 20:14:50",1923.7,2,prashantbhattarai093
795,16655633,johnny,"2026-08-31 04:55:56",1923.4,2,jonykarki
796,16693976,rererenore,"2026-09-01 08:29:27",1923.2,2,rererenore
797,16657825,MilanJoshi,"2026-09-01 12:04:31",1922.8,2,mlnjsh
798,16655610,GPTatoes,"2026-08-31 13:13:44",1922.7,2,"angran,kaixuanosmas"
799,16632867,"Rayk Kretzschmar","2026-08-31 18:26:11",1921.6,2,raykkretzschmar
800,16746275,LittleScottyy,"2026-09-01 18:12:37",1921.5,2,fongwaiyong
801,16662204,SM_30,"2026-09-01 08:55:29",1920.7,2,sagarmane104
802,16657100,"Jacky Chan","2026-08-31 02:56:30",1920.1,2,jhkchan
803,16621154,Zain96,"2026-09-02 02:08:28",1919.4,2,zain96
804,16671306,Yeswanthperni,"2026-09-02 03:00:19",1919.2,2,"tanvicaaa,yeswanthperni"
805,16656659,"James Y","2026-08-31 09:51:47",1918.1,2,redoctopusk
806,16796600,skyShenzi5822,"2026-09-03 05:48:32",1916.6,2,skyshenzi
807,16659160,"Dmitry Bardonov","2026-09-02 21:15:39",1912.8,2,bdesim
808,16795134,"jiawei li","2026-09-01 15:26:21",1911.5,2,jiaweiaaa
809,16782564,"Chris Tu","2026-09-03 05:25:55",1911.4,2,christu831004
810,16806249,CLJY_2026,"2026-09-03 03:09:38",1911.3,2,cljy2026
811,16743427,Under遊具,"2026-09-02 02:10:18",1910.8,2,andayougui
812,16728492,ほのぼの牧場,"2026-09-01 13:14:15",1910.2,2,masatoshitaniguchi
813,16730495,joinus,"2026-08-31 22:49:08",1908.3,2,joinus2003
814,16678462,"Eric Han Wang","2026-09-03 00:58:51",1907.0,2,ericwang03
815,16661846,"Jeffrey Pike","2026-09-02 11:35:46",1905.7,2,jeffreypikeai
816,16777961,qiwaki,"2026-08-30 10:24:55",1904.8,2,resonayu
817,16688732,tully_boss,"2026-09-02 01:21:17",1904.5,2,"gnux1408,tanakaai24"
818,16811637,mohui666,"2026-09-03 02:34:14",1903.4,2,mohui666
819,16655478,Bruce,"2026-08-31 12:21:40",1902.4,2,bruceqdu
820,16804549,Feidudu,"2026-09-03 04:22:48",1901.6,2,zenanshao
821,16768323,thuvuduy16,"2026-08-31 18:59:54",1900.8,2,thuvuduy16
822,16785753,"Mizero Lucky Gall","2026-09-01 19:58:38",1899.7,2,mizeroluckygall
823,16679812,"Xiang Li","2026-08-30 17:13:30",1899.1,2,xianglipee
824,16715828,samg,"2026-08-31 02:43:01",1897.7,2,samgreen2046
825,16764228,"Kaixi Zha","2026-08-31 03:32:32",1896.4,2,"huadutry,kaixizha"
826,16686483,"all in kaggle","2026-09-01 10:36:39",1896.3,2,leonstew
827,16654669,"Jordi Corbilla","2026-08-31 07:00:59",1895.5,2,jordicorbilla
828,16791943,tamref,"2026-09-03 05:15:54",1894.3,2,tamreff3290
829,16632172,Ayodeji,"2026-08-31 09:17:22",1894.1,2,ayodejiibrahimlateef
830,16714365,meryol,"2026-09-02 18:50:39",1893.5,2,meryol
831,16659843,"Amer Alkhalili","2026-09-02 09:58:48",1892.1,2,ameralkhalili
832,16698999,Odyssey,"2026-09-03 01:53:15",1891.4,2,a1spirit
833,16678693,"Maher el Ouahabi","2026-09-02 15:09:39",1889.2,2,maherelouahabi
834,16709101,"Djaafar Lecheheb DL","2026-09-03 00:40:29",1887.2,2,djaafarlechehebdl
835,16692432,"Les 2 oies","2026-09-03 05:03:09",1886.8,2,"sanarceate,youyoucrf"
836,16706442,tipstar0125,"2026-09-02 23:15:01",1886.0,2,dragonty
837,16655686,Kyle,"2026-09-01 13:47:44",1883.2,2,kylezhouzhou
838,16740420,Laplacenvmv,"2026-09-02 10:54:42",1882.5,2,laplacenvmv
839,16732552,RyutoKeshi,"2026-09-02 16:10:45",1882.4,2,ryutokeshi
840,16696762,SOSyuki,"2026-08-31 15:37:09",1881.2,2,sosyuki
841,16761418,"Piggy Piggy","2026-08-31 15:36:35",1881.1,2,txgg123
842,16731194,"Neglected Turtle","2026-09-03 04:29:55",1881.0,2,pleaselike
843,16791163,woldy,"2026-09-02 21:46:16",1880.9,2,woldywei
844,16653927,"Fernando GH H","2026-09-01 19:22:12",1880.7,2,fernandoghh2
845,16777134,Tom&Jerry,"2026-09-01 17:54:50",1879.4,2,tomjerry101
846,16685950,"Planned Economy","2026-09-02 12:28:01",1878.8,2,alturutin
847,16794090,Euphor_M,"2026-09-03 00:02:48",1878.6,2,euphor
848,16794527,linyifangzhenshuai,"2026-09-03 02:31:41",1878.1,2,linyifangzhenshuai
849,16621595,OverfitOracle,"2026-08-31 12:03:26",1876.1,2,alisalmanrana
850,16660488,tehyoni,"2026-08-30 12:25:15",1875.7,2,"gooberdambi,sidcat,suaeng,tehyoni"
851,16763706,断罪の孤高の神・大宇宙草莓覇皇,"2026-09-03 05:25:58",1875.6,2,qilejiang76
852,16635340,"zhuo wamg","2026-08-30 09:35:25",1874.0,2,zhuowamg
853,16693050,Shoko,"2026-09-02 10:12:39",1873.9,2,abreyton
854,16732727,brightest66,"2026-08-31 03:04:51",1873.0,2,brightest66
855,16668564,"Rikito Kanda","2026-08-30 07:12:30",1870.9,2,rikitokanda
856,16786109,"Thomas Deng","2026-09-03 01:56:41",1870.9,2,tdeng24
857,16623643,LiXingtao,"2026-09-03 03:54:16",1869.6,2,lixingtao123
858,16654027,shiv,"2026-08-30 23:28:51",1868.6,2,shivaurora
859,16737937,xamad,"2026-09-01 13:19:27",1867.8,2,giannicerrato
860,16677597,InformaBook2,"2026-09-01 01:34:10",1866.8,2,informabook2
861,16779652,cheezyp,"2026-08-31 06:26:25",1866.7,2,cheezyp
862,16700510,"Shadow Recon","2026-08-31 13:10:58",1865.6,2,gaurav065
863,16644480,"Umut Keltek","2026-09-01 14:34:19",1865.1,2,umutkeltek
864,16793895,"Moh Notif","2026-09-03 05:13:38",1857.6,2,mohnotif
865,16768016,JohnBlake,"2026-09-03 03:51:59",1857.3,2,jaybeeja
866,16701728,"katya barzova","2026-09-02 21:10:34",1856.8,2,"nipah1,sigmaborov"
867,16721805,kavunidze,"2026-08-30 16:04:50",1855.5,2,kartu72
868,16744983,Gappy,"2026-09-03 02:49:11",1853.2,2,takahirohigasa
869,16721688,"Hi Im Ryo","2026-08-30 02:14:22",1852.4,2,loto610
870,16668215,renta.k,"2026-09-02 00:10:15",1850.0,2,renta0426
871,16751411,"lamb Liu","2026-09-01 05:04:42",1849.4,2,liuxiaohua72
872,16707057,tamo,"2026-08-31 11:37:06",1848.3,2,ryotakasuya
873,16655169,Musliadi,"2026-08-31 05:51:39",1848.2,2,timscientia
874,16799598,RameshG888,"2026-09-01 05:20:53",1848.1,2,ramesh888
875,16658248,Aaweg,"2026-08-31 12:28:56",1848.0,2,aawegbhaladhare
876,16621616,insuperabilehart,"2026-09-03 04:49:37",1844.6,2,insuperabile
877,16798544,esprit,"2026-08-31 23:47:56",1843.4,1,takuji
878,16750575,Gronk,"2026-09-02 19:10:03",1842.2,2,jianyicai
879,16635663,"Pascal Pfeiffer","2026-08-31 08:47:35",1841.1,2,ilu000
880,16768385,neibyr,"2026-09-03 01:19:40",1840.0,2,neibyr
881,16623603,"Renji Starfall","2026-08-31 12:09:57",1839.0,2,renjistarfall
882,16663252,"MD Concepcion","2026-09-02 20:26:16",1838.4,2,mikedconcepcion
883,16735253,银龙,"2026-08-31 15:05:30",1837.7,2,boyanyanbo
884,16725177,misaka12435,"2026-09-01 05:06:54",1837.6,2,misaka12435
885,16684128,NIklitaCheporev,"2026-09-01 11:32:08",1836.4,2,niklitacheporev
886,16641183,"Team Name Pending","2026-08-30 15:18:19",1836.1,2,"abdaathaillahhadyan,oliverspiby"
887,16640540,QYQ1693,"2026-09-02 11:52:45",1834.3,2,qyq1693
888,16748941,"Farmer Shuang","2026-08-31 03:59:28",1833.6,2,shuangxue
889,16798724,"junfan shen","2026-09-03 02:59:38",1831.7,2,junfanshen
890,16738492,"Follow Me Gradient","2026-08-31 14:03:13",1831.5,2,farukece
891,16637255,"Peter Parker","2026-09-03 02:40:52",1830.2,2,superallen001
892,16793287,"Kim Jinseo","2026-08-30 13:47:02",1828.7,2,kimjinseo1
893,16717186,"Roumak Das","2026-09-03 03:21:00",1828.7,2,roumak77
894,16710499,sukeke,"2026-09-03 00:04:50",1828.2,2,sukeke
895,16661558,안녕하세요이세입니다잘부탁드립니다,"2026-09-03 04:56:48",1826.8,2,"moonswalk,municef1"
896,16731501,"Shiv Satyam","2026-09-01 19:17:59",1825.6,2,shivsatyam
897,16727110,yemaoye,"2026-09-01 03:50:23",1824.8,2,yemaoye
898,16772723,"Zhou Haonan","2026-08-30 10:40:14",1822.2,2,hatsuseizuna
899,16780455,wadigongren,"2026-08-31 00:43:19",1821.3,2,wadigongren
900,16760241,"Collin Christensen","2026-09-03 04:51:14",1820.3,2,cchristens
901,16662684,"Harshini Reddy","2026-09-02 01:00:45",1819.6,2,luffyh04
902,16778072,oonumberone,"2026-08-30 02:54:33",1819.0,2,oonumberone
903,16756630,Shreyas,"2026-08-30 09:58:08",1818.7,2,shreyasdongre25
904,16751820,yy,"2026-09-01 01:09:45",1818.5,2,hirokiyamazaki
905,16663626,"yvn kaggriculture","2026-08-30 20:03:11",1818.1,2,"garnikdavtyan,mikayelgr"
906,16633853,Alan_Nasibullin,"2026-08-31 23:03:42",1818.1,2,alannasibullin
907,16623875,"Pavlo Ivanin","2026-08-29 22:54:19",1817.9,2,pavloivanin
908,16794841,thisArmin,"2026-08-31 04:29:30",1817.0,1,thisarmin
909,16668406,"VAP RF5","2026-08-30 14:45:00",1817.0,2,vaprf5
910,16623890,"rapika rosalia","2026-09-01 17:40:24",1816.1,2,rapikarosalia
911,16747069,l'rug,"2026-09-02 23:49:12",1814.8,2,sdfsfsfsdf
912,16773026,アルモンド,"2026-09-01 00:34:11",1814.3,2,almondman0707
913,16641524,AkiraIshikawa,"2026-09-02 02:04:33",1814.3,2,akiraishikawa
914,16626655,"Surya milenial","2026-08-30 08:21:22",1813.9,2,suryamilenial
915,16784164,Yaojinming,"2026-08-30 12:22:07",1813.6,2,yjm0905
916,16663485,"Jacob Alstrup","2026-08-31 15:36:13",1812.9,2,jacobalstrup
917,16756633,TheDanKing,"2026-08-31 05:49:23",1812.9,2,thedanking
918,16762248,KongKongDe,"2026-08-30 07:11:45",1812.8,2,kongkongde
919,16764342,malone001,"2026-08-30 13:45:22",1812.4,2,malone001
920,16778627,LXZ538,"2026-09-03 04:08:41",1812.1,2,lxz538
921,16760158,"apple farmer","2026-08-30 01:15:01",1812.1,2,gustavoknudsen
922,16682514,"Pavel Pavlov","2026-08-30 07:31:48",1812.1,2,akakii
923,16658382,vladee,"2026-09-02 11:39:29",1811.7,2,vladee
924,16738487,"Andrey Shpigar","2026-09-01 08:06:47",1811.4,2,andreyshpigar
925,16743788,"Emmanuel Lo","2026-09-01 00:56:59",1811.0,2,emmanuello
926,16722399,"Meta learners","2026-08-30 22:01:59",1809.5,2,aditya2909rb
927,16716613,Arvin,"2026-09-01 07:49:12",1807.4,2,chesterx
928,16731074,UmutUygurr,"2026-08-31 17:00:52",1806.4,2,umuttuygurr
929,16701638,"John Stupid","2026-08-30 09:28:55",1805.8,2,bryxosmmm
930,16769435,"Nguyễn Mạnh","2026-08-30 10:34:31",1805.6,2,nguyenmanh97
931,16757418,Janus,"2026-09-02 18:50:22",1803.7,2,khaled1alhasan
932,16756153,INV,"2026-09-02 16:49:21",1803.5,2,yutomuroshima
933,16664392,AdamHsieh,"2026-09-03 01:35:09",1801.4,2,adamhsieh
934,16725410,LE4VES,"2026-09-01 14:40:14",1800.9,2,le4ves
935,16658946,theredbluepill,"2026-09-01 03:10:33",1800.7,2,poonszesen
936,16803448,jiatu.l,"2026-09-01 14:42:47",1800.4,1,jiatul
937,16777923,Sho,"2026-09-02 19:35:36",1800.1,1,shoito08190904
938,16623974,Canon,"2026-09-03 03:38:46",1799.9,2,sotakurihara1
939,16630312,beijijun,"2026-08-30 08:53:44",1799.8,2,beijijun
940,16655654,Cacinie,"2026-09-01 14:05:58",1799.7,2,cacinie
941,16660121,10pi,"2026-09-02 01:21:07",1799.0,2,meredith10pi
942,16634432,KARGI,"2026-09-02 20:57:47",1798.1,2,learningkin
943,16773020,HyperNeonByte,"2026-09-01 21:07:13",1797.6,2,hyperneonbyte
944,16740431,yuikag,"2026-09-03 02:37:50",1797.0,2,yuikag
945,16623530,khursani,"2026-09-02 20:40:39",1796.7,2,khursani8
946,16751899,peggy,"2026-09-02 06:50:35",1795.3,2,refrigerator21
947,16792681,MorS,"2026-08-30 12:33:42",1795.0,2,mors1337
948,16790931,100rabh,"2026-09-03 04:56:54",1794.1,2,saurabhkumar234
949,16733016,Quillbolt,"2026-09-02 04:49:03",1793.9,2,tunminhhunh
950,16765327,master_ssx,"2026-08-30 10:01:34",1793.6,2,masterssx
951,16633950,"Matt Motoki","2026-09-01 14:01:55",1791.7,2,mmotoki
952,16790765,Aristotle.Chen,"2026-09-02 10:29:35",1791.7,2,aristotlechen
953,16781110,yqz,"2026-09-03 04:39:46",1791.2,2,yuqizheng
954,16673370,JeovaAnderson,"2026-09-03 03:15:05",1791.2,2,jeovaanderson
955,16657941,"Nick Styles","2026-08-31 21:15:49",1790.3,2,styles
956,16644565,Suda,"2026-08-31 16:19:38",1790.2,2,chaneyma
957,16675351,-Beterraba,"2026-09-03 00:41:10",1789.4,2,"afonsoo,miguelottoni"
958,16737650,sime_saba,"2026-09-03 04:34:25",1788.7,2,watarukawashima
959,16657796,"parv goyal2","2026-09-02 03:18:09",1788.2,2,parvgoyal2
960,16660020,"Gaddam Shiva Teja","2026-08-31 17:27:25",1787.9,2,shivateja005
961,16765233,Shun,"2026-09-03 05:26:55",1786.5,2,shunchan0677
962,16755229,theearthcheng,"2026-09-02 14:23:55",1785.9,2,theearthcheng
963,16717114,uninhibited-scholar,"2026-09-03 04:15:41",1785.9,2,uninhibitedscholar
964,16795391,MECHINE,"2026-09-01 03:05:47",1785.8,2,nainglinwai
965,16791712,"xiang W","2026-09-03 04:16:07",1785.1,2,"dekonsu,xiangwaaaaa"
966,16705523,"Brian Chua","2026-09-03 05:01:01",1785.1,2,chuazhengweibrian
967,16779321,HarryP12,"2026-08-30 00:57:22",1785.0,2,harryp12
968,16723528,"Singaraj B","2026-09-02 16:37:59",1784.7,2,singarajb
969,16805609,Gleb,"2026-09-01 22:11:48",1784.2,1,korelin
970,16623691,KevlarZanderChi,"2026-08-31 17:19:02",1780.6,2,kevlarzanderchi
971,16740644,Terence0914,"2026-08-31 23:55:50",1778.0,2,terence0914
972,16639979,naphthalene,"2026-09-01 10:40:26",1777.8,2,"aaa0342,leehyungjoon,minjek,trv449"
973,16641536,"Michael Timbs","2026-08-27 07:30:56",1777.4,2,michaeltimbs
974,16659467,AlexMoura2026,"2026-09-03 03:17:39",1776.3,2,alexmoura2023
975,16806048,duck_raccooon,"2026-09-02 15:03:04",1773.9,2,duckraccooon
976,16775190,bianfu,"2026-09-02 21:43:22",1773.8,2,bianfu
977,16632558,"Made a Beautiful Bouquet","2026-09-02 03:49:52",1772.9,2,zaiwubian
978,16671088,jasonstillchasin,"2026-08-28 13:02:54",1772.9,2,jasonstillchasin
979,16774475,LoveB4Sunrise,"2026-09-01 04:42:09",1772.6,2,demacia1314
980,16667242,"Gleb Tumanov","2026-09-03 05:39:59",1771.6,2,crachton
981,16768143,KingDellaFarm,"2026-09-02 12:49:02",1769.3,2,"alessandrodestasi,disteroas"
982,16759913,"Peter Cnudde","2026-08-31 14:53:21",1765.5,2,petercnudde
983,16760480,yat0i811,"2026-09-02 13:25:15",1764.4,2,yat0i811
984,16725851,hetspookjee,"2026-08-31 19:44:01",1764.1,2,hetspookjee
985,16663946,"Hello San Francisco","2026-08-29 16:48:21",1763.3,2,"circiumaru,dulgherustefan,radugoga"
986,16748511,HarshPandey-yt-auto,"2026-09-02 08:58:44",1762.5,2,harshpandeyytauto
987,16741551,"Vedant Tiwari","2026-09-02 20:48:05",1762.2,2,vedant7312
988,16621153,"Addison Howard (ineligible)","2026-09-02 23:28:33",1760.5,2,addisonhoward
989,16741965,Ryuichi,"2026-09-03 04:21:03",1760.5,2,ryuichigt
990,16791828,Ling,"2026-08-30 03:32:21",1759.9,2,lingbia
991,16629873,UncleWKTK,"2026-08-29 01:15:07",1759.8,2,unclewktk
992,16644287,"Ryo Hasegawa","2026-08-19 04:08:02",1759.6,2,ryohasegawa926
993,16667020,SCLim2022080004,"2026-08-30 16:02:10",1759.2,2,sclim2022080004
994,16669089,YujieXing10,"2026-09-03 04:57:15",1758.2,2,yujiexing10
995,16765154,dreamcxy,"2026-08-31 03:54:16",1757.4,2,dreamcxy
996,16778019,Mr.Frundles,"2026-09-03 02:21:58",1757.4,2,watehell
997,16775378,TK256,"2026-09-03 04:48:58",1756.9,2,tk256ailab
998,16645705,wataru420,"2026-09-03 01:09:25",1756.3,2,wataru420
999,16752019,"Kaipeng Zheng","2026-09-03 04:35:30",1755.3,2,kaipengzheng
1000,16726889,stnick,"2026-09-01 13:01:48",1755.0,2,stnick
1001,16669843,"hikaru kitagawa","2026-09-01 17:42:05",1752.1,2,hikarukitagawa
1002,16634426,ertu,"2026-09-03 00:52:18",1752.0,2,ozertuu
1003,16623577,"Jiayi Tang","2026-09-02 06:12:43",1751.3,2,mannguo
1004,16719451,"Syed Toubur","2026-09-02 07:58:35",1751.2,2,syedtoubur
1005,16662338,jaepyeocho,"2026-09-03 04:24:50",1751.1,2,jaepyeocho
1006,16716317,yzyhello,"2026-09-03 04:16:02",1748.7,2,yzyhello
1007,16735794,宗宗没有英文名,"2026-09-02 03:36:31",1748.1,2,iver666
1008,16654196,"Aryaman Chokhani","2026-08-31 06:30:01",1747.3,2,"aryamanchokhani,pranrocky"
1009,16743172,moonzfxs,"2026-09-02 14:30:05",1745.7,2,moonzfxs
1010,16758381,"Yang Kuang Ou","2026-08-31 00:26:04",1743.7,2,yangkuangou
1011,16779110,markastra,"2026-09-02 14:26:25",1742.9,2,markastra
1012,16810299,spencersi123,"2026-09-03 02:12:33",1740.5,2,spencersi123
1013,16639520,"Cary Jin","2026-09-03 00:48:59",1740.4,2,strigiformes
1014,16625339,kazusw,"2026-09-02 10:13:45",1740.4,2,kazusw
1015,16661393,"razab Bawa","2026-09-02 19:07:24",1736.3,2,razabbawa
1016,16773125,kuroko1t,"2026-09-03 01:28:37",1735.9,2,kuroko1t
1017,16808396,Dr_F,"2026-09-02 10:02:09",1735.7,1,algebraictopology
1018,16769849,"Shuwen(Shawn) Ge","2026-08-28 06:05:36",1734.6,2,shuwenshawnge
1019,16765484,smsxgz,"2026-08-28 06:36:48",1733.0,2,smsxgz
1020,16678061,"Sushanth Tiruvaipati","2026-09-02 10:01:36",1732.9,2,sushanthtiruvaipati
1021,16655381,"Varshith K","2026-09-02 07:13:47",1732.7,2,var3604
1022,16745995,"Guido Tapia","2026-09-03 02:20:23",1732.6,2,guidotapia
1023,16784725,prairieee,"2026-08-28 14:23:36",1732.0,2,"haideptry,prairieee"
1024,16762926,"Ricky RTG","2026-09-01 14:48:46",1731.3,2,rickyrtg
1025,16759058,Miz,"2026-08-31 02:14:38",1730.4,2,ryota040
1026,16661665,"Leonardo Viola10","2026-09-01 18:16:04",1729.7,2,leonardoviola10
1027,16689881,"yuki #2","2026-09-02 12:25:29",1729.4,2,hosikusa
1028,16764431,"William Diment","2026-09-01 02:33:07",1727.7,2,williamdiment
1029,16760569,"Otter Vibe","2026-09-03 02:16:31",1727.7,2,gyuminsong
1030,16666188,"XueFeng Chen","2026-09-02 14:16:49",1725.8,2,chxfmcs
1031,16747408,すずき,"2026-08-29 21:27:31",1724.6,2,shumpeace
1032,16631752,"Junichiro Morita","2026-08-31 13:33:29",1724.0,2,junichiromorita
1033,16623746,Juyong,"2026-09-03 03:59:00",1723.9,2,kimdoong
1034,16790658,lxymmd,"2026-09-03 04:22:29",1723.3,2,lxymmd
1035,16704818,probably6767,"2026-08-28 13:03:16",1722.6,2,probably6767
1036,16746191,だれかっち,"2026-08-31 05:25:39",1721.9,2,drktti
1037,16686444,"Syakirin Pahimi","2026-08-31 01:45:58",1721.7,2,syakirinpahimi
1038,16730049,"r2d2 Dasari","2026-09-02 12:17:08",1721.1,2,r2d2dasari
1039,16630274,yutoAb,"2026-09-01 01:08:37",1721.0,2,yutoab
1040,16726547,"Ezra Kho","2026-08-28 04:04:46",1720.7,2,ezrakho
1041,16771457,"HK Fama","2026-09-03 01:38:55",1720.1,2,kenho211
1042,16719002,Astraeus,"2026-09-02 17:10:21",1718.9,2,astraeusdotdev
1043,16667724,"Masashi Onda","2026-09-02 12:43:58",1718.0,2,masashionda
1044,16653260,"Kadouci Abdelhak","2026-08-29 00:16:50",1717.6,2,kadouciabdelhak
1045,16710466,"Charles Backman on LinkedIn","2026-08-31 23:46:50",1717.2,2,charlesbackman
1046,16662696,"Cengizhan Tümer","2026-08-31 20:54:21",1717.2,2,cengizhantmer
1047,16671741,Excluding,"2026-08-24 11:37:13",1717.1,2,excluding
1048,16724755,K.nosaka,"2026-08-28 04:55:49",1716.5,2,kenseinosaka
1049,16671520,sci-shi,"2026-08-29 01:10:54",1716.3,2,scishi
1050,16791752,bayachay,"2026-09-02 22:30:37",1715.8,2,bayachay
1051,16734699,PangMinShih,"2026-08-28 08:39:27",1713.3,2,shihbonbon
1052,16773607,sky1,"2026-09-01 14:13:15",1712.4,2,skyk1jn
1053,16730247,DOM-VASCONCELOS,"2026-09-03 05:42:03",1711.9,2,domcreator
1054,16763200,"Alexander Nord","2026-08-28 19:47:12",1711.8,2,"alexandernord123,pizza987"
1055,16633688,Ryo,"2026-08-29 07:58:06",1711.4,2,ryosukekurakami
1056,16662222,MinerUNLEASHED,"2026-08-24 16:28:40",1710.3,2,minerunleashed
1057,16793106,"Пал Лаич","2026-08-30 12:45:34",1708.5,1,skypunkaudiowalker
1058,16731776,ASH,"2026-09-01 06:05:15",1707.1,2,pentannnn
1059,16683435,CoorDi,"2026-09-01 07:10:19",1706.0,2,bxy0125
1060,16732507,iwashhh,"2026-09-02 22:08:42",1705.2,2,yuinokogawa
1061,16783630,"fan yanbing","2026-08-30 11:33:12",1703.6,2,jackpudding
1062,16741639,kirito83,"2026-09-02 04:15:29",1701.5,2,lishsh83
1063,16665224,tyz123456,"2026-08-25 16:52:50",1701.1,2,tyz123456
1064,16748187,"Violet Notes","2026-09-03 04:54:02",1700.7,2,dominicjamil
1065,16657637,"Ronnie Atuhaire","2026-09-03 02:40:39",1700.6,2,ronnieatuhaire
1066,16732857,Rojiomote,"2026-09-03 02:50:57",1700.3,2,rojiomote
1067,16669403,mrgrishninsb,"2026-08-30 07:38:50",1700.0,2,mrgrishninsb
1068,16743639,Hanserong,"2026-09-03 01:26:30",1699.4,2,"ronghedragon,rufus666"
1069,16664619,"Trupen Patel","2026-09-02 16:09:34",1697.2,2,trupenpatel
1070,16677565,"Avish Sinha","2026-08-28 19:30:34",1696.0,2,avish006
1071,16755049,gamesu7107,"2026-08-31 03:11:27",1695.9,2,gamesu7107
1072,16772119,Workybara.ai,"2026-09-03 03:21:54",1695.9,2,workybaraai
1073,16712714,MiMi,"2026-08-31 08:39:16",1695.7,2,"frank0921,rickytsou"
1074,16678534,"Filip Strzałka","2026-08-28 18:42:16",1695.5,2,snufkin77
1075,16775443,NoName,"2026-08-28 21:11:20",1695.4,2,thesonalsingh
1076,16659081,"JALKARNA GAUTAM","2026-08-27 11:53:22",1694.5,2,jalkarnagautam
1077,16671476,"Mingkang YAN","2026-08-26 08:13:57",1694.1,2,mingkangyan
1078,16659670,MeeMee,"2026-08-29 09:22:18",1693.7,2,yagi46
1079,16672468,ComposeMage,"2026-09-03 04:09:25",1692.9,2,composemage
1080,16745416,yamato035073,"2026-08-30 22:24:34",1692.8,2,yamato035073
1081,16639550,"HIDEYO CHIBA","2026-08-26 17:10:15",1692.0,2,hideyochiba
1082,16621481,"zero waste","2026-08-30 10:50:27",1691.5,2,chinnaphatkhun
1083,16739019,quzhihang,"2026-08-30 10:12:25",1691.5,2,quzhihang
1084,16632377,"Legend Brothers","2026-08-31 13:16:58",1690.7,2,"holeguma,shunhirota"
1085,16715358,wuy1hao,"2026-09-02 07:12:49",1690.6,2,wuy1hao
1086,16633850,Pascal,"2026-09-01 21:53:38",1690.3,2,pascalledesma
1087,16686827,Kronki,"2026-08-26 12:41:40",1689.9,2,kronki
1088,16771361,"It's Ratcha","2026-08-28 09:23:00",1689.6,2,itsratcha
1089,16777137,Bernardus,"2026-08-31 18:30:43",1689.3,2,bernubritz
1090,16780317,jrcjrcjrc,"2026-09-02 09:18:57",1689.0,2,jrcjrcjrc
1091,16766941,"S Kim","2026-08-31 16:22:19",1688.4,2,sunnyk92
1092,16665077,"Mohit Babel","2026-08-31 22:56:51",1688.3,2,mohitbabel
1093,16759632,"Rifqi Haikal","2026-08-31 00:10:15",1688.2,2,rifqihaikal
1094,16717440,那个男人,"2026-08-27 16:27:08",1687.1,2,muran169633
1095,16630015,星之海,"2026-09-02 18:51:54",1686.7,2,web3cainiao
1096,16655477,Aurora,"2026-09-01 22:53:16",1686.5,2,"niteshranjansingh,themeghajoshi"
1097,16623466,len8487,"2026-08-27 01:41:01",1685.1,2,len8487
1098,16701024,Selene,"2026-09-01 00:58:10",1685.1,2,ejlthomas
1099,16669935,"Roman Svet","2026-09-03 05:03:33",1684.7,2,romansvet
1100,16728160,Ozi,"2026-09-03 03:38:32",1684.3,2,muhammaduzair21
1101,16688642,"Natalia Mawyin","2026-08-29 20:28:24",1683.8,2,nmawyin
1102,16790233,"prateek chandra","2026-08-30 15:55:55",1683.5,2,prateekchandra7005
1103,16689154,CrossEngineered,"2026-08-28 19:01:41",1683.3,2,"danyalsahin1,gkenurk"
1104,16626582,"Omer Faruk Merey","2026-09-02 10:38:00",1683.2,2,omerfarukmerey
1105,16672202,HealthStone,"2026-08-29 21:04:07",1682.6,2,healthstone
1106,16641982,ZotAZaw3,"2026-08-28 09:43:47",1681.5,2,zotazaw3
1107,16707453,"Kaan Dınız","2026-08-28 09:11:10",1681.4,2,kaandnz
1108,16671412,Xman,"2026-09-02 13:44:22",1681.1,2,xuanzhang001
1109,16790391,"Kevin Cao","2026-08-29 13:38:03",1680.5,1,kevincao2
1110,16781506,un0o7,"2026-08-28 11:47:12",1680.2,2,hjhsdsdww
1111,16698688,JeremiahMannings,"2026-09-03 05:31:47",1680.1,2,jmannings
1112,16762537,Controlvector,"2026-08-25 08:28:11",1679.6,2,"controlvector,yxdu01"
1113,16748382,shiiin9,"2026-08-29 15:30:13",1679.0,2,shiiin9
1114,16689569,JovanaLab,"2026-08-27 22:43:51",1678.9,2,"choonesenlu,joxitsai"
1115,16708546,"Blue Rain","2026-08-27 17:44:12",1678.2,2,bluefeather386
1116,16775803,Robson,"2026-08-30 17:27:12",1678.1,2,robsonsan
1117,16763001,Eb3lss,"2026-08-26 00:25:53",1677.7,2,eb3lss
1118,16676762,"Tomas Escobar Rivera","2026-08-27 23:25:05",1677.4,2,tomasescobarrivera
1119,16654914,Nozprod,"2026-08-27 18:44:09",1676.8,2,nozprod
1120,16765834,Oakzen,"2026-08-31 12:25:21",1676.5,2,gyx517120273
1121,16771010,42X,"2026-08-28 15:45:11",1674.8,2,infcyx
1122,16773170,"yy li","2026-08-28 07:05:37",1674.5,2,yangyili11
1123,16752733,zjukop1,"2026-08-25 03:29:28",1674.2,2,zjukop1
1124,16748000,"Rohit Raj Singh","2026-09-01 11:08:18",1673.4,2,rohitrajsingh555
1125,16712432,hengck23,"2026-08-25 17:58:30",1673.0,2,hengck23
1126,16685450,Nadeem,"2026-08-25 09:21:14",1672.9,2,nadeembinshajahan
1127,16771080,"Ricky Shao","2026-08-31 10:59:44",1672.5,2,rickyshao
1128,16661325,"Max Fofanov","2026-08-26 14:28:28",1672.5,2,maxfofanov
1129,16730065,Blu3s,"2026-08-29 22:33:42",1672.3,2,atteincueo
1130,16778489,dataWr3cker,"2026-08-28 20:40:52",1671.8,2,gourabr0y555
1131,16732670,minoneru,"2026-09-02 09:31:12",1671.4,2,kotaminoshima
1132,16748647,"Adar Cohen","2026-08-24 21:27:43",1670.5,2,adarcohen
1133,16664537,"Lenin Goud","2026-08-27 01:07:37",1670.5,2,leningoud
1134,16656312,"retiring to farm","2026-08-23 17:04:44",1670.4,2,"avnermlim,belati,hilariusjeremy,matthewpramana,nicholasarditirta"
1135,16713797,CrazyDave111,"2026-08-31 16:22:36",1669.2,2,crazydave111
1136,16631115,prvsiyan,"2026-09-02 08:54:42",1669.1,2,prvsiyan
1137,16666468,"J Penman","2026-08-29 11:53:02",1669.1,2,jpenman
1138,16638781,itsuki-data,"2026-08-31 11:06:29",1668.7,2,itsuki89
1139,16668748,"Harrison Interactive","2026-09-01 21:10:50",1668.7,2,nosiru
1140,16797457,Aamod06,"2026-09-01 06:26:53",1668.6,2,aamod06
1141,16727214,"Jaivardhan Raahi","2026-09-02 08:50:18",1668.6,2,jaivardhanraahi
1142,16755328,"yang zhang","2026-09-02 06:28:10",1668.2,2,zhang1221ai
1143,16666805,Kaggs,"2026-08-30 04:15:17",1668.0,2,ayush21042004
1144,16701768,darasty,"2026-09-03 02:26:40",1667.9,2,darasty
1145,16713457,"Poor farmer","2026-09-01 12:30:05",1667.5,2,trnhip
1146,16728229,twomoon,"2026-08-27 12:35:54",1667.4,2,twomoon036
1147,16770927,kaptaan45,"2026-08-28 08:06:32",1667.0,2,kaptaan45
1148,16622422,ss,"2026-08-31 14:23:59",1667.0,2,forest2026
1149,16728084,iwance,"2026-08-24 12:23:07",1666.9,2,iwance
1150,16730946,"Bohannn Wang","2026-09-03 04:48:18",1666.4,2,bohannnwang
1151,16674451,NycteacoBa,"2026-08-28 23:49:23",1666.0,2,nycteaowl
1152,16744503,"Jun AKita","2026-08-26 13:20:13",1665.3,2,junakita
1153,16669810,CREART,"2026-08-29 16:06:18",1665.2,2,gustardust
1154,16770055,"san yin26","2026-09-02 16:29:57",1665.0,2,"amadeusan,sanyin26"
1155,16715066,akahane,"2026-08-30 00:31:26",1665.0,2,shuheiakahane
1156,16768065,"Gradient Grazing","2026-08-31 21:17:50",1664.7,2,adamhusein
1157,16778334,"Onkar Belure","2026-09-01 00:20:13",1664.1,2,onkarbelure
1158,16778358,"Lê Nguyễn Việt Cường","2026-08-28 03:46:51",1663.9,2,lengvietcuong
1159,16627472,CloverFarm,"2026-09-02 07:48:13",1663.6,2,ljs2546
1160,16674948,habe.sq,"2026-08-26 11:48:32",1663.1,2,habesq
1161,16729906,"Krzysztof Madziar","2026-08-28 05:05:13",1662.8,2,krzysztofmadziar
1162,16698340,"Yanxi Jiang","2026-08-26 03:24:55",1662.5,2,yanxijiang
1163,16778808,"Candace Dudleson","2026-08-31 23:19:12",1662.4,2,candacedudleson
1164,16755921,"Natnael Yerga","2026-08-24 16:43:22",1662.1,2,natnaelyerga
1165,16623399,Kendamarron,"2026-08-24 11:25:26",1660.5,2,kazuhirokuriyama
1166,16764738,Lucasty,"2026-08-25 07:04:36",1659.6,2,lucaswty
1167,16750268,"Harris Bashir","2026-09-02 16:35:23",1659.3,2,harrisbashir
1168,16639746,"Kyle Wang","2026-09-01 02:17:00",1659.2,2,ky1ewan9
1169,16676455,"Sarthak Sharma ","2026-08-29 20:41:53",1659.0,2,sarthaksharma14
1170,16780995,"Silver Surfer","2026-08-29 06:37:04",1658.1,2,hausch11
1171,16764901,"Han Chen","2026-08-27 20:00:09",1658.0,2,puffohan
1172,16765763,latter0206,"2026-08-27 13:53:01",1657.9,2,shoheiyamanaka
1173,16668761,"Lorenzo Regalado","2026-09-01 20:57:46",1657.7,2,lregaladohdez
1174,16782193,nal_nh906,"2026-09-02 01:42:32",1657.6,2,hhan09
1175,16674949,"Lev Neganov","2026-09-03 04:55:48",1657.4,2,levoel
1176,16689741,shinamonmon,"2026-08-24 03:05:45",1656.8,2,shinamonmon
1177,16632327,midnq,"2026-08-25 18:36:32",1656.1,2,midnqly
1178,16684994,"Katasonov Evgeny","2026-08-30 01:39:34",1655.9,2,katasonoveugene
1179,16748907,EdwardHwang@123,"2026-08-24 15:32:00",1655.5,2,edwardhwang123
1180,16752121,adhsdrtjh,"2026-08-23 15:02:25",1655.4,2,adhsdrtjh
1181,16668622,"Michael McGrain","2026-09-02 16:05:34",1655.2,2,michaelmcgrain
1182,16710546,"Russlan Ramdowar","2026-08-28 03:27:30",1655.1,2,russlan
1183,16688294,"hft farming","2026-08-29 17:14:26",1654.9,2,markslavin
1184,16761019,"yiwen hou","2026-08-25 14:48:43",1654.7,2,hevenhina
1185,16681125,"M & M & P & Q","2026-09-03 01:06:55",1654.6,2,"morimo,msd0110,piiiiiiiii,qistripute"
1186,16755414,Danzzzl,"2026-08-30 12:53:27",1654.5,2,okunevda
1187,16632516,"Jiachen Li","2026-08-25 08:16:42",1654.2,2,llccqq624
1188,16641884,Blacklions.,"2026-08-26 14:05:59",1654.0,2,blacklions
1189,16623199,"Jesse Ferguson","2026-08-31 15:33:09",1653.4,2,jesseferguson
1190,16659419,"Chahat Mehra","2026-08-31 12:35:51",1652.7,2,chahatmehra
1191,16753125,"Rudransh Singh Rathore","2026-08-26 03:10:23",1651.6,2,rudranshsinghrathore
1192,16719578,blueblue222,"2026-09-02 15:13:48",1651.1,2,blueblue222
1193,16728076,uuu,"2026-08-24 10:02:45",1650.8,2,vovafinogenov
1194,16704603,Tmaxxer,"2026-08-28 14:45:38",1650.8,2,tmaxxer
1195,16733839,"Fabian Ruiz","2026-09-01 15:26:07",1650.7,2,fabianruiz3
1196,16762302,OxFFFs,"2026-08-24 13:49:44",1650.1,1,oxfffs
1197,16724298,Orig_lab,"2026-08-23 18:39:17",1649.7,2,chengxixixi
1198,16743656,Deskbo,"2026-08-26 16:14:12",1649.2,2,deskbo
1199,16762139,AltriaE,"2026-08-25 15:27:52",1649.1,2,altriae
1200,16702590,"Aashka Kapadia","2026-09-02 20:51:08",1648.7,2,aashka
1201,16770397,Ryu,"2026-08-30 19:53:50",1648.6,2,bexultanashenov
1202,16692443,xmkevin2004,"2026-08-30 02:44:13",1648.5,2,xmkevin2004
1203,16738626,李BCDEFGA,"2026-08-25 06:55:39",1648.2,2,bcdefga
1204,16626272,"ömer kiraz","2026-08-29 19:24:10",1647.6,2,merkiraz
1205,16687294,"Madiyar Khamzanov","2026-08-29 20:07:26",1647.5,2,mkhamzanov
1206,16760656,CharTFboy,"2026-08-24 09:19:37",1647.4,2,chartfboy
1207,16746632,tingyu516,"2026-08-24 06:05:33",1647.3,2,tingyu516
1208,16633132,"Kaggledew Valley","2026-08-25 16:39:59",1646.9,2,yanzhou06
1209,16627799,"navazsh fathi","2026-08-26 17:10:17",1646.8,2,navazshfathi
1210,16748765,"A. R. SEKKAT","2026-08-25 20:36:41",1646.2,2,arsekkat
1211,16738279,zhangshuosc,"2026-08-26 05:11:57",1645.7,2,zhangshuosc
1212,16774410,"Rishabh Roy","2026-08-26 09:01:38",1645.6,1,rishabhr0y
1213,16654710,"Ray Brothers","2026-08-31 21:16:18",1645.5,2,"madhurjyaray,vibekodr"
1214,16682867,sneaky6767,"2026-08-28 13:03:35",1645.4,2,sneaky6767
1215,16761788,"Corenthin Buffard","2026-08-26 13:16:28",1645.0,2,cbuffard
1216,16655255,MalelizarazoP,"2026-08-26 13:34:53",1644.6,2,malelizarazop
1217,16633773,copasta,"2026-09-03 04:53:19",1643.7,2,copasta
1218,16660988,"AI After Hours","2026-09-01 16:43:31",1643.0,2,"akshaythammana,mmehersaipreetam"
1219,16700771,"Disuru Coba Ama Jaki","2026-08-31 09:50:50",1642.3,2,reiiihel
1220,16709115,"PARK HYUNSIK","2026-08-26 01:51:31",1642.0,2,hyunsikpark
1221,16672456,hangglider5,"2026-08-26 08:39:29",1641.8,2,hangglider5
1222,16654526,"Jin Niu","2026-08-26 18:25:33",1641.0,2,gufanmingmie
1223,16759250,"Harsh Jain","2026-08-28 06:55:29",1640.7,2,harshjain123
1224,16665402,PrasadChopade213,"2026-09-02 18:29:35",1639.7,2,prasadchopade213
1225,16768676,Doit,"2026-08-25 02:09:47",1639.5,1,aifccnb
1226,16732129,"payne yam","2026-09-02 01:23:13",1639.3,2,payneyam
1227,16758791,"qw yi123","2026-09-03 01:18:59",1639.2,2,qwyi123
1228,16779067,fishwg,"2026-08-28 09:12:54",1638.9,2,fishwg
1229,16755244,SZU蓝心,"2026-09-01 11:50:45",1638.0,2,jiazhanliu
1230,16744342,"glupez ","2026-08-31 19:07:18",1636.8,2,glupez
1231,16796980,ChenyuBaii,"2026-09-01 21:22:16",1635.6,2,chenyubaii
1232,16695695,"Siva Kumar","2026-09-02 08:55:35",1635.2,2,sivapnlr80
1233,16753194,"Saicharan Ramineni","2026-08-26 19:33:02",1635.1,2,godlydonuts
1234,16679389,"JOMIN URK21CS1077","2026-09-02 21:12:31",1635.0,2,jominurk21cs1077
1235,16662819,THeLAB,"2026-08-17 18:55:16",1634.8,2,feuorme
1236,16769082,"Little Xi","2026-08-26 03:31:32",1634.5,2,littlexi0
1237,16621515,"Alexander Gremyakov","2026-08-31 21:09:58",1634.3,2,alexandergremyakov
1238,16732586,Juniex,"2026-08-29 00:11:02",1633.1,2,juniex
1239,16720056,"Heads or Tails","2026-08-29 15:06:32",1632.6,2,headsortails
1240,16630516,"Seb (allegedly)","2026-09-02 11:38:59",1631.9,2,sebmallia
1241,16667147,"Daksh Bhalala","2026-08-26 06:41:04",1631.8,2,dakshbhalala
1242,16691247,"Aneesh Rao","2026-08-27 17:11:07",1631.2,2,sidrao2006
1243,16639507,Homii_N,"2026-08-24 21:14:01",1631.1,2,homeshwarrao
1244,16665337,BHackers,"2026-08-26 17:13:11",1630.6,2,clarencepagaduan
1245,16671454,Shadow,"2026-09-03 01:37:14",1630.2,2,uziahmd
1246,16756902,"Matt Palmer","2026-09-02 19:47:57",1629.5,2,palmsey
1247,16786255,OceFFFF,"2026-09-02 12:50:49",1629.0,2,oceanfujimoto
1248,16758279,"GO HIROSHIMA 2","2026-08-29 02:51:47",1628.9,2,gohiroshima2
1249,16777894,"Matthew Neba","2026-08-31 15:59:03",1628.6,2,matthewneba
1250,16635504,"Datta Dhebe","2026-08-30 01:52:44",1628.2,2,dattadhebe
1251,16634519,"Darshan Makwana","2026-08-24 04:10:09",1627.8,2,ellipticaloranges
1252,16655083,ktyser,"2026-08-22 21:44:20",1627.7,2,keithtyser
1253,16770998,ket,"2026-08-31 22:14:53",1627.7,2,kentken
1254,16665753,"Mansour A. S. Ataa","2026-08-26 10:28:34",1627.5,2,profmansoor
1255,16784611,sardarkhanyadav,"2026-08-28 16:45:33",1626.8,2,sardarkhanyadav
1256,16703045,ReCurSiON,"2026-08-14 14:14:52",1626.8,2,ashok205
1257,16682843,underline12311,"2026-08-29 09:12:45",1626.8,2,underline12311
1258,16747982,"Affriza Wildan Fauzan","2026-09-03 01:30:27",1626.8,2,affrizawildanfauzan
1259,16742267,chandora,"2026-09-02 11:20:41",1626.4,2,chandora
1260,16666977,"Tagir Analyzes","2026-08-29 00:10:35",1626.0,2,tagirkhairutdinov
1261,16693342,takemo,"2026-09-03 05:36:46",1625.6,2,takemoriyuto
1262,16749257,rsraki,"2026-09-01 13:56:02",1624.2,2,rsraki
1263,16760509,"gnanadeepika karanam","2026-08-29 03:35:25",1623.9,2,gnanadeepikakaranam
1264,16759508,george-nigmatulin,"2026-09-01 08:28:06",1623.8,2,georgenigmatulin
1265,16639771,"DK Armada","2026-08-30 14:43:29",1622.7,2,dkarmada
1266,16786517,"TongYi Hong_HENU","2026-09-03 05:02:28",1622.1,2,"hongtongyi,lizhe125,ypeng1234"
1267,16689274,Anyeson,"2026-08-30 09:24:43",1621.8,2,anyeson
1268,16721382,"Milan Leonard","2026-09-03 04:35:05",1621.7,2,milanleonard
1269,16670883,G*Sim,"2026-08-28 07:55:59",1621.5,2,guillaumesimiand
1270,16685548,"Erfan Eshratifar","2026-09-03 00:05:12",1621.3,2,erfaneshrati
1271,16621497,"Victor @ Tufa Labs","2026-08-26 20:41:50",1621.3,2,vmerckle
1272,16727404,Yichi,"2026-08-27 16:06:01",1620.9,2,yichi02
1273,16770299,"أحمد فهد الربيش","2026-08-25 09:55:13",1620.7,2,ghr111
1274,16706523,"Aussie lover","2026-08-30 21:08:39",1620.6,2,aussielover
1275,16670569,Ezzzzzekki,"2026-08-27 16:49:31",1620.5,2,abdullahelzeki
1276,16633100,"Emile Andrieu","2026-08-27 15:36:35",1620.4,2,emileandrieu
1277,16744837,JuliaGastellu,"2026-08-29 17:55:01",1620.3,2,juliagastellu
1278,16734435,"Jai Kamal","2026-08-31 19:27:36",1619.2,2,jtheyogi
1279,16677252,カワシギ,"2026-09-03 05:11:27",1619.1,2,kawashigi
1280,16791369,dataix,"2026-09-02 21:54:55",1618.8,2,codymachody
1281,16735341,Ryui68925,"2026-08-24 16:22:30",1618.6,2,ryui68925
1282,16796235,"Keside Onyeocha","2026-08-31 20:04:15",1618.3,2,kesideonyeocha
1283,16655704,heinado,"2026-08-25 13:29:15",1618.1,2,heinado
1284,16800775,SunSeeker染汐,"2026-09-01 16:47:33",1617.6,2,sunseekerrx
1285,16716263,"Ugnė Miklovaitė","2026-09-03 05:10:18",1617.5,2,ugnmiklovait
1286,16742825,"Ritwik Raha","2026-08-27 20:20:34",1616.9,2,ritzraha
1287,16764206,yanjixiang,"2026-08-25 11:37:34",1616.2,2,yanjixiang
1288,16634153,AnpAn_Men,"2026-08-29 19:47:31",1616.2,2,anpanmen
1289,16768702,"Crop It Like It's Hot","2026-09-03 05:02:33",1615.1,2,"davidben10,rachel79"
1290,16676739,"Jonathan Zheng Jiahao","2026-08-28 03:22:42",1615.0,2,jonathanzhengjiahao
1291,16669191,"Mohammed Nomaan","2026-08-28 18:14:25",1614.7,2,nomaanz
1292,16666393,saikyo,"2026-08-22 16:09:23",1614.5,2,kyosaikyo
1293,16740392,"Amey Thakur","2026-08-25 12:01:41",1614.4,2,ameythakur20
1294,16762101,"Kazama Yusuke","2026-09-02 23:42:57",1614.3,2,kazamayusuke
1295,16741826,StackKnight,"2026-08-28 02:12:12",1613.8,2,stackknight
1296,16666195,"Yihan Guo","2026-08-28 08:44:06",1613.7,2,yihanguo
1297,16732433,syuuuuu,"2026-09-02 18:25:23",1613.3,2,syuuuuukun
1298,16717572,kiyomiya-k,"2026-08-27 09:30:13",1612.8,2,kiyomiyak
1299,16682753,"Cam-Luan Truong","2026-08-28 04:28:48",1612.7,2,luantruong
1300,16763274,vinceybb,"2026-09-03 04:11:33",1612.6,2,vinceybb
1301,16706576,王一凡,"2026-08-20 02:24:40",1611.5,2,"liuziyang1016,mikakohinata68"
1302,16764545,ArX,"2026-08-24 09:44:45",1611.4,2,arx1993
1303,16730705,chris,"2026-09-03 02:16:48",1611.1,2,chris62
1304,16700846,"Vaibhav Patel","2026-09-02 15:52:42",1610.8,2,vaibhavpatel
1305,16659715,masb,"2026-09-02 16:41:58",1609.9,2,affansaied
1306,16733708,RyanHo,"2026-08-29 03:59:12",1609.8,2,ryanrx
1307,16752082,"Tian hao Qing Nano7ko","2026-08-25 05:25:19",1609.3,2,tianhaoqingnano7ko
1308,16641230,"An V1","2026-09-02 18:38:38",1609.2,2,barakuga
1309,16754974,BurntPotato,"2026-08-25 08:25:24",1609.1,2,burntpotato
1310,16693663,"YoungCheol Son","2026-08-27 00:51:34",1606.7,2,sonyc5720
1311,16798989,"Harvest Sun","2026-09-01 02:30:57",1606.5,2,zaoooo29
1312,16768047,アメリカ農業研究会,"2026-08-25 17:19:10",1606.4,2,flnkhome
1313,16773098,Apa,"2026-09-03 02:15:16",1605.1,2,yasso1
1314,16668071,"Ali Eren Oğuztaş","2026-08-31 19:52:03",1605.1,2,alierenouzta
1315,16660492,"Deven Bagul","2026-08-29 11:56:30",1604.8,2,devenbagul
1316,16759402,Capitaalgain,"2026-08-25 05:11:47",1604.8,2,capitaalgain
1317,16765313,Hosuke,"2026-09-01 04:19:31",1603.9,1,hosuke
1318,16733932,"Jasper Turnidge","2026-08-24 06:36:23",1603.9,2,jasperturnidge
1319,16659771,DieByTheSword,"2026-08-27 06:19:29",1602.6,2,przemysawstroiws
1320,16692744,"VAIBHAV RASTOGI 90","2026-08-29 19:13:31",1600.7,2,vaibhavrastogi90
1321,16638804,"Anhad Mahajan","2026-08-26 12:44:36",1599.4,2,anhadmahajan06
1322,16706227,"Wise Fancy","2026-08-24 06:35:55",1598.9,2,wisefancy
1323,16771337,titako0000,"2026-09-01 15:15:47",1598.3,2,titako0000
1324,16633445,Wal8800,"2026-08-26 05:25:48",1597.9,2,wal8800
1325,16763437,"⸻AgentZZ ⸻","2026-08-23 20:47:44",1595.9,1,agentzz
1326,16691572,"Lord Momo","2026-08-23 11:54:53",1595.5,2,stevenleehans
1327,16764459,chaojiwudiwujie,"2026-08-24 04:10:59",1594.9,1,chaojiwudiwujie
1328,16706185,"Bab Kek","2026-08-25 21:04:53",1594.5,2,babkek
1329,16678609,quantcrypto3,"2026-09-01 19:19:00",1593.6,2,quantcrypto3
1330,16623459,"Peng Wang","2026-08-24 03:17:52",1593.4,2,pengwang91
1331,16654511,"Syed Shayan Ali Shah","2026-08-27 14:26:19",1593.1,2,dsshayan
1332,16756925,"Dread Development","2026-09-01 19:04:20",1592.6,2,"dreaddevelopment,seanornberg"
1333,16752104,WYSSR1225,"2026-09-03 02:37:22",1592.5,2,wyssr1225
1334,16670999,Maksonch1k,"2026-08-28 23:01:42",1591.8,2,maksonch1k
1335,16732851,chenry2003,"2026-08-24 02:27:53",1591.7,2,chenry2003
1336,16621165,"xisheng feng","2026-09-02 04:40:18",1590.9,2,xishengfeng
1337,16753515,"Yosif EL-Rammaal","2026-08-25 16:57:09",1590.8,2,yosifelrammaal
1338,16632214,roomer,"2026-08-29 08:47:48",1590.5,2,"matsuphy,mqme526,yasunamiura"
1339,16693431,Jonewang,"2026-08-30 06:38:15",1590.1,2,jone520
1340,16624571,"Baidalin Adilzhan [dsml.kz]","2026-08-25 08:52:17",1590.0,2,baidalinadilzhan
1341,16759705,2nod,"2026-08-23 03:42:04",1589.5,2,tsunoten
1342,16671659,Jiang,"2026-08-28 05:29:29",1589.0,2,jncq2006
1343,16716549,notoverkil,"2026-08-28 08:16:38",1588.5,2,notoverkil
1344,16660601,"Rabbiya affan","2026-09-02 19:35:06",1588.0,2,rabbiyaaffan
1345,16739925,nofreewill42,"2026-08-24 06:41:31",1586.8,2,nofreewill
1346,16767625,"Saurabh Yadav","2026-08-24 17:56:22",1586.8,1,saurabhyadav1305
1347,16701633,"Jacob Davis","2026-08-23 15:06:50",1586.1,2,jacobtdavis
1348,16724228,LSS0334,"2026-08-26 00:15:54",1585.6,2,lss0334
1349,16630323,kaggricultureomnidimensionalut,"2026-08-28 10:51:28",1584.6,2,kumarandatascientist
1350,16757320,Jingxiang,"2026-08-28 09:15:03",1584.5,2,jingxiango
1351,16745499,"lurs lurs","2026-08-29 02:02:15",1584.4,2,lurslurs
1352,16684401,WQAAAA,"2026-09-03 02:09:35",1584.3,2,wqaaaa
1353,16664002,"Guilherme Zanini de Sá","2026-09-03 04:01:14",1584.1,2,guilhermezaninides
1354,16738721,"Luan Kunyu","2026-08-21 14:42:27",1582.5,2,luankunyu
1355,16744914,"El Mehdi EL JAIR","2026-08-25 10:47:01",1582.2,2,elmehdieljair
1356,16758817,Ruwawa,"2026-08-30 18:23:19",1582.0,2,ruwawa
1357,16723991,"James Holland","2026-08-17 01:40:17",1581.6,2,jkhollandjr
1358,16630711,"Aleks Lviv","2026-08-30 11:46:50",1580.4,2,alekslviv
1359,16668260,"Yangle Ma","2026-08-30 04:29:01",1579.8,2,yanglema
1360,16626814,"Vu Tran Hoang","2026-08-27 09:46:58",1579.5,2,hoangvux
1361,16660220,tomo11111,"2026-09-02 14:04:04",1577.8,2,tomo11111
1362,16670453,141,"2026-09-03 05:32:40",1577.5,2,"muhammadmustafaxo,siddiqshah"
1363,16657276,"Пётр П","2026-09-03 05:08:13",1576.5,2,petrinvest
1364,16802775," SonSheungmin","2026-09-02 12:51:39",1576.3,1,sonsheungmin
1365,16770979,"Paulo Martins","2026-08-30 05:28:35",1574.7,2,paulomartins87
1366,16715244,uri_kkyhr,"2026-08-15 04:53:37",1573.8,2,urikkyhr
1367,16664566,"Lormann ","2026-08-23 06:24:29",1573.4,2,lormann
1368,16682353,"counter puncher","2026-08-27 19:00:05",1573.4,2,ahmadabdoumalickdiop
1369,16740404,BarrelAged,"2026-08-31 03:14:48",1571.2,2,johnhosack
1370,16708965,"Witold Dziurdz","2026-08-23 16:33:47",1569.8,2,witolddziurdz
1371,16692639,"Bharat Kumar0925","2026-09-02 20:37:42",1568.9,2,bharatkumar0925
1372,16666165,ChrisLeiteScha,"2026-08-24 15:20:36",1568.1,2,chrisleitescha
1373,16768543,caas_sicca,"2026-08-31 10:25:30",1567.8,2,caassicca
1374,16672709,"RS Turley","2026-08-28 22:21:12",1567.8,2,rturley
1375,16674310,"Ayaz Ahmed Kazi","2026-08-29 18:49:13",1567.4,2,ayazahmedkazi
1376,16655383,MtN,"2026-09-02 12:41:44",1567.4,2,mariotrsn
1377,16704580,"Yunho Hwang","2026-08-25 06:50:17",1566.3,2,yunhohwang
1378,16623559,DECEM,"2026-08-24 17:50:06",1565.9,2,zy1343930734
1379,16696593,bplyc15,"2026-09-02 07:42:03",1564.9,2,bplyc15
1380,16691154,UnknownRobi,"2026-08-31 22:50:27",1564.8,2,canrobichaud
1381,16668721,"Efe Can Celiksoy","2026-08-13 22:00:41",1564.7,2,efecnc
1382,16740159,CY,"2026-08-30 03:27:33",1564.3,2,aimeny
1383,16734199,Iliamna,"2026-09-02 03:11:56",1564.3,2,decotoj
1384,16782196,"jingyang tu","2026-09-01 01:49:08",1563.8,2,jingyangtu
1385,16623736,Garigariyong,"2026-09-01 04:31:17",1563.4,2,garigariyong
1386,16795086,Leroll,"2026-09-01 01:54:12",1563.0,2,leroll
1387,16764394,haseryooooo,"2026-09-03 02:50:02",1562.4,2,haseryooooo
1388,16693549,別班,"2026-08-15 06:47:38",1561.7,2,"kusurizuke,pepushi,tomokiaki"
1389,16675960,"Audric LOKO","2026-08-31 15:38:30",1561.4,2,audricloko
1390,16711608,"Thomas Greissler","2026-08-24 00:01:46",1560.7,2,thomasg22202020
1391,16769028,"Rishabh Yadav","2026-09-02 08:49:36",1560.6,2,riishabhhh
1392,16693193,"Efrain Garay","2026-08-28 00:36:49",1560.4,2,efraingaray7
1393,16708880,yotsutose,"2026-08-31 03:20:51",1560.3,2,yotsutose
1394,16727182,FinalSunFlower,"2026-08-26 12:57:56",1560.2,2,finalsunflower
1395,16709203,Ayush_Patel,"2026-08-25 03:34:12",1559.7,2,ayushpatel1305
1396,16757123,"Sripad Modali","2026-08-25 11:28:18",1559.6,2,sripadmodali
1397,16680065,Vishodhan,"2026-08-14 23:46:15",1559.6,2,vishodhan
1398,16688450,SpiralTip,"2026-09-02 23:24:28",1557.8,2,spiraltip
1399,16794205,"kiwi apple","2026-09-01 18:56:25",1557.6,2,kiwiapple
1400,16758074,"mountain Lee111","2026-08-22 09:12:30",1557.3,2,BNBUDINGSHANLee21
1401,16622937,"Sheep 🐑","2026-08-20 03:02:38",1556.7,2,kabilrh
1402,16666665,Team-Veraxion,"2026-08-31 08:24:24",1556.4,2,"anuragvelekat,ayushiitomar,faizmemon,hariharigandikota"
1403,16662651,CoatiAI,"2026-08-29 22:23:39",1556.4,2,gjhordan
1404,16661701,premjampuram,"2026-08-20 18:36:21",1556.1,2,"aasthasinha9,anji2705,premjampuram,sheetallodhi"
1405,16736138,Anand,"2026-08-21 06:00:12",1556.0,2,gazzal
1406,16689183,Hawksartelier,"2026-08-29 20:24:38",1555.1,2,satyapb2002
1407,16710128,"KeHao Liu","2026-08-14 01:52:29",1554.2,2,kehaoliu
1408,16726816,"Games Jadley","2026-09-01 18:32:04",1553.9,2,gamesjadley
1409,16762195,eliasruntime,"2026-08-31 22:34:30",1553.6,2,eliasruntime
1410,16669666,RhoenSprudel,"2026-08-24 21:05:02",1553.2,2,rhoensprudel
1411,16766320,vp_mass,"2026-08-25 20:19:08",1552.7,2,vpmass
1412,16740464,"Jorrawar Grewal","2026-08-21 05:30:14",1552.4,2,jorrawargrewal
1413,16664379,N_Matsumoto24,"2026-09-02 08:17:44",1551.7,2,nmatsumoto24
1414,16758634,Ernnnn4u,"2026-08-24 17:00:46",1551.6,2,ernnnn4u
1415,16779275,XuetingWang,"2026-09-01 08:50:53",1551.0,2,snoopy262
1416,16683193,Paami,"2026-08-24 01:21:00",1550.6,2,coldpaami
1417,16623398,"Kaggle Agent","2026-09-03 03:26:18",1550.0,2,"jiweiliu,tonylica"
1418,16708315,beeyan,"2026-08-21 13:40:53",1549.2,2,beeyan0821
1419,16697139,Stocks152,"2026-08-23 15:00:19",1548.9,2,stocks152
1420,16716081,"dunky su","2026-08-23 06:36:50",1548.9,2,dunkysu
1421,16725304,"Alexandru A","2026-08-29 07:34:25",1548.7,2,alexandrua01
1422,16730357,"t fuku","2026-09-03 04:35:02",1548.6,2,"jjinho,ttyn4519"
1423,16702547,Dean0016,"2026-08-13 17:56:10",1548.6,2,dean0016
1424,16691946,"Hassan Algizani","2026-08-13 20:20:09",1548.5,2,hassanalgizani
1425,16654091,webmaking,"2026-08-19 05:28:56",1547.7,2,webmaking
1426,16660268,"Sébastien Mametz (Pixs)","2026-08-14 09:08:39",1547.1,2,sbastienmametzpixs
1427,16730834,TomoyaM,"2026-08-31 15:44:11",1546.8,2,tomoyamiyaake
1428,16623463,porply,"2026-08-27 09:16:10",1546.4,2,porply
1429,16728774,あなまか,"2026-08-30 17:15:37",1546.2,2,arakish
1430,16765135,neuro168,"2026-08-26 05:02:01",1546.2,1,lordmc
1431,16675610,"Srikar Medisetti","2026-08-30 12:06:25",1546.0,2,deathaunter
1432,16654076,"Son Pham","2026-08-22 18:32:36",1546.0,2,sonphamorg
1433,16663748,Calmracer,"2026-09-02 02:25:08",1545.9,2,ethanhall123
1434,16743016,"MD Zeeshan","2026-08-20 18:13:32",1545.7,2,makrovh
1435,16756510,tongmian1314,"2026-09-02 23:35:50",1545.4,2,tongmian1314
1436,16750364,Tangruichen,"2026-08-26 17:38:42",1545.2,2,device666kunkun
1437,16744905,"Nator X","2026-08-26 22:15:29",1544.9,2,natorx
1438,16722619,vlavlalva,"2026-08-23 00:37:53",1544.6,2,cppcph
1439,16664751,"Cindy Meng90","2026-08-26 01:10:52",1544.6,2,cindymeng90
1440,16702275,Joyal,"2026-08-31 15:54:17",1543.8,2,joyalseejo
1441,16743904,minamoto,"2026-08-25 16:53:16",1543.5,2,usermina
1442,16793229,"Waseem Mushtaq","2026-08-30 13:38:14",1543.1,1,waseemmushtaq045
1443,16715933,Scomics,"2026-08-20 07:33:14",1543.0,2,"bruceche7797,dongyiqun,jyxxxx"
1444,16640048,"extra eclaire","2026-08-20 05:41:57",1542.8,2,extraeclaire
1445,16771394,"ZHIRUI ZHAO","2026-08-29 06:27:03",1542.7,2,zhiruizhao
1446,16743356,"Azat Akhtyamov","2026-09-02 20:20:12",1542.4,2,azakhtyamov
1447,16688907,青烟,"2026-08-24 12:39:28",1542.2,2,"imagine4391,mortal4416"
1448,16746317,xingyun_byto,"2026-09-01 16:16:59",1542.0,2,xingyunbyto
1449,16741683,"Lance Wu","2026-08-24 09:40:14",1541.3,1,lancewu722
1450,16666057,StopPlantingStartGameTheorying,"2026-08-27 03:13:02",1541.0,2,mymelodyenjoyer
1451,16735232,"Johnson Chishimba","2026-09-03 04:13:50",1540.9,2,johnsonchishimba
1452,16726287,BBaRRel.,"2026-08-22 08:29:00",1540.8,2,yujinkk0609
1453,16745312,"Alexie Huynh","2026-08-22 08:27:27",1540.5,1,alexiehuynh
1454,16665214,Epiphany_Thu,"2026-08-21 12:06:53",1539.1,2,epiphanythu
1455,16692725,"Zhen Li","2026-08-29 13:41:00",1538.9,2,zhenlisak
1456,16633507,"Ivan Vorfolomeev","2026-08-20 12:54:05",1538.7,2,ivanvorfolomeev
1457,16743216,xerkey,"2026-08-31 08:05:19",1538.0,2,xerkey
1458,16759075,"Michael Day","2026-08-24 10:38:52",1537.8,2,michaelday99
1459,16768955,Hunedjekdsfkd,"2026-08-25 03:56:30",1537.3,1,hunedjekdsfkd
1460,16748933,Lixrixy,"2026-08-26 06:11:03",1536.9,2,lixrixy
1461,16709950,"Ryan Myers","2026-08-23 17:57:55",1536.6,2,ryanmyers03
1462,16651672,"Xiaolei Lian","2026-08-19 03:18:04",1536.4,2,xiaoleilian
1463,16719563,"GPT-5.6 Sol🏆","2026-09-02 12:11:02",1536.0,2,"ctfxiao,gaoruihua,otherworldly777,wennaliu2007,xgentle"
1464,16662949,"Will English","2026-08-18 17:13:22",1535.7,2,dubascudes
1465,16781550,Lumberjacks,"2026-09-03 01:51:56",1535.2,2,jamesmcgarryiv
1466,16755203,TY0912,"2026-08-31 15:25:47",1535.0,2,samejimatink0
1467,16668152,ksew364,"2026-08-24 14:39:18",1535.0,2,ksew364
1468,16683755,"Meng Di","2026-09-02 16:06:28",1535.0,2,hughshaoqz
1469,16784133,"HASNAIN HAIDER","2026-09-01 17:02:27",1534.9,2,techzero
1470,16655501,Savko,"2026-08-21 00:33:21",1534.5,2,savchenko
1471,16739898,"solo levelling","2026-08-18 21:08:16",1534.3,2,munibmemon
1472,16658245,ziliangCok,"2026-08-28 16:08:13",1532.4,2,ziliangcok
1473,16732446,"Nuri DUDAK","2026-08-29 09:00:59",1530.7,2,nuridudak
1474,16661362,BEETRiX🦋,"2026-08-11 14:42:28",1529.7,2,johannaleighdeley
1475,16691038,"animal crossing","2026-08-25 00:43:44",1529.7,2,hoonchoonc
1476,16765215,"arlenjim ","2026-08-24 19:32:48",1529.6,2,arlenjim
1477,16754560,Kam,"2026-08-21 14:02:39",1529.1,1,kamting
1478,16677592,keniii,"2026-08-25 00:29:31",1529.0,2,kartheeswaran28
1479,16710094,winwinwin,"2026-08-23 06:16:53",1528.9,2,"ouyangruize,teecemackenieo"
1480,16696098,Valmorlee,"2026-08-23 19:40:07",1528.1,2,valmorlee
1481,16718937,62326368,"2026-08-23 17:28:44",1527.9,2,mooniim
1482,16727784,Baen,"2026-08-24 06:44:33",1527.7,2,cairh22
1483,16651806,shawnYiB,"2026-09-02 15:18:07",1526.5,2,shawnyib
1484,16661050,Master_S1ave,"2026-08-31 22:45:16",1526.2,2,masters1ave
1485,16754086,Beenvvv,"2026-08-25 05:57:29",1525.9,2,beenvvv
1486,16726994,bird,"2026-08-23 05:00:19",1525.4,2,whitebird
1487,16670297,"Gebreab K. Zewdie","2026-08-26 00:22:15",1525.1,2,gzewdie
1488,16679560,LEET,"2026-08-15 00:45:52",1524.7,2,soufianelasfar
1489,16737843,"Muhammad Shoaib Memon","2026-08-23 19:52:52",1524.6,2,muhammadshoaibmemon
1490,16667843,"durgesh dere","2026-08-21 16:10:13",1524.6,2,durgeshdere08
1491,16730142,static,"2026-08-28 10:43:31",1524.5,2,huangshunhao
1492,16718819,Majkel1337,"2026-09-03 01:23:27",1524.2,2,majkel1337
1493,16719262,sadjeen00,"2026-08-14 02:15:50",1524.2,1,sadjeen00
1494,16697395,darktetradgod,"2026-08-22 18:26:00",1524.0,2,darktetradgod
1495,16640785,"syouya tobita","2026-08-27 07:07:31",1523.0,2,syouyatobita
1496,16717665,"Christoffer Thimsen","2026-08-29 17:38:39",1522.9,2,lowasitgoes
1497,16664573,AdhithyaRokhith,"2026-08-22 20:34:38",1522.0,2,adhithyarokhith
1498,16741672,张菠,"2026-08-28 09:28:25",1521.4,2,ysqdababa
1499,16740399,"Lynn Pigott","2026-08-24 03:32:08",1521.0,2,lynnpigott
1500,16742228,"bangqun ZHAO","2026-08-27 05:20:56",1520.8,2,bangqunzhao
1501,16654662,"2/3 rounded to two decimals","2026-08-22 00:36:50",1520.6,2,rnold2
1502,16753925,"Tyler Durden","2026-08-28 13:44:04",1520.5,2,jeedimetlacharan213
1503,16682318,Bibek,"2026-08-19 08:41:54",1520.1,2,bibek777
1504,16779780,SiVitr2fDrXS.2N,"2026-08-30 15:06:17",1519.9,2,sivitr2fdrxs2n
1505,16791549,"Eugenio Schiavoni","2026-08-31 19:14:40",1519.6,2,eugeniokukes
1506,16621741,"Andrey Naymushin","2026-08-24 09:46:41",1519.5,2,andrewsokolovsky
1507,16750457,"Adrian Ricardo da Silva","2026-08-25 11:21:43",1519.2,2,adrianricardodasilva
1508,16763813,Sydney,"2026-09-02 14:25:07",1518.4,2,n3yan7
1509,16753618,mushichou4,"2026-08-22 10:20:51",1517.6,2,mushichou4
1510,16687363,"elegantangel (628700)","2026-08-24 09:58:52",1517.6,2,elegantangel
1511,16769795,"Edi Marian","2026-08-25 11:01:09",1517.1,2,edimarian
1512,16728914,d0gied,"2026-08-17 15:12:08",1517.1,2,d0gied
1513,16728109,"Sidharth Hulyalkar","2026-09-02 18:26:48",1516.8,2,sidharthhulyalkar21
1514,16709501,Galaxantic,"2026-09-02 21:17:47",1516.7,2,neel21yt
1515,16661772,R3ddrag0n,"2026-09-02 19:43:09",1516.6,2,r3ddrag0n
1516,16731911,"liu bo","2026-08-25 11:19:02",1516.6,2,liuboo45586
1517,16752018,三浦桂基,"2026-08-30 04:00:30",1516.5,2,keikipc
1518,16692272,Ddere008,"2026-08-21 18:43:56",1516.2,2,ddere008
1519,16730320,Rosebuddychomp,"2026-08-25 14:51:40",1516.1,2,rishabhshetye
1520,16707193,"radji kraim","2026-08-26 11:53:17",1515.9,2,radjikraim
1521,16729192,1m0ke,"2026-08-18 09:25:53",1515.5,2,smokelate
1522,16762208,"The Great Alliance","2026-09-02 17:06:20",1514.7,2,sorcererbi
1523,16756477,Ender,"2026-08-26 03:00:12",1514.6,2,eamonnkashyap
1524,16669715,housssaamos,"2026-08-16 19:54:39",1514.5,2,housssaamos
1525,16726011,"Dawid Fleischer","2026-08-25 18:37:25",1514.1,2,dawidfleischer
1526,16664132,kojingbo,"2026-08-22 19:11:23",1513.8,2,kojingbo
1527,16713007,"Jerry Hwa","2026-08-23 12:20:13",1513.6,2,jerryhwa
1528,16724452,Jay,"2026-08-20 00:34:34",1513.6,2,jayshimada
1529,16758152,MiguelLFCG,"2026-08-30 11:20:49",1513.5,2,miguellfcg
1530,16698223,"Feng Jiahui","2026-08-18 08:35:04",1513.1,2,junipersky
1531,16759699,"Mason Cao","2026-08-22 17:47:14",1513.1,1,mzcao7
1532,16674878,KirillKlem,"2026-08-13 17:41:24",1513.0,2,kirillklem
1533,16644578,"Team Name","2026-08-23 03:25:05",1512.6,2,baytree1238
1534,16663767,"Tommy Mancino","2026-08-31 23:03:57",1511.9,2,tommymancino
1535,16745351,ChrisXie,"2026-08-20 01:56:24",1511.8,2,chrisstan
1536,16738745,"Anh Quân","2026-08-24 13:41:30",1511.5,2,qunanh
1537,16675905,HydFarms,"2026-08-30 11:22:11",1511.2,2,"kumaramar,ronithjaju,shiveshcgatech,vidhishah115"
1538,16664477,"The T-MAN","2026-08-26 18:51:40",1511.2,2,otmaneelmahda
1539,16725342,little_d1d1,"2026-08-16 04:24:39",1511.1,2,littled1d1
1540,16717253,Sybery_AI,"2026-08-31 20:38:45",1510.8,2,syberyai
1541,16706897,"Akshay Mathur","2026-08-30 20:38:59",1510.7,2,akshaymathur777
1542,16782984,crinoid,"2026-09-02 10:59:06",1509.9,2,takemi
1543,16732813,Soomana1z,"2026-09-02 09:39:06",1509.8,2,soshionodera
1544,16763444,"crazy achiever","2026-08-28 18:51:13",1509.6,2,crazyachiever
1545,16720720,道海孤舟,"2026-08-21 06:59:41",1509.5,2,unseenanch
1546,16653805,mohsen2050,"2026-08-23 12:36:20",1508.9,2,mohsen2050
1547,16763551,"PRASHANT SHUKLA91","2026-08-30 15:03:15",1508.3,2,prashantshukla91
1548,16669269,"yash bhaskar","2026-08-25 19:44:32",1508.1,2,yash9439
1549,16689186,NCK,"2026-08-24 09:44:38",1507.6,2,drnchaitanyakumar
1550,16716431,m&m,"2026-08-16 16:21:07",1507.5,2,ntrlmt
1551,16723967,dk2lone,"2026-08-20 05:00:59",1506.6,2,dk2lone
1552,16690401,Skyspace,"2026-08-21 12:50:09",1506.0,2,empireblue
1553,16621628,pupen_o,"2026-08-22 19:12:01",1506.0,2,pupeno
1554,16657623,Restart:),"2026-08-20 08:35:50",1505.8,2,wayne127
1555,16699455,vijaikm,"2026-09-03 03:10:52",1505.8,2,vijaikm
1556,16654193,fvong,"2026-08-30 00:02:24",1505.6,2,fvong35963
1557,16769769,"Artur Shafiev","2026-08-29 05:29:31",1505.5,2,arturshafiev
1558,16672003,carlscamt,"2026-08-14 17:19:42",1505.4,2,carlscamt
1559,16720841,liuhc1017,"2026-09-02 09:17:45",1505.3,2,liuhc1017
1560,16642139,"Arnav Goel","2026-08-29 07:24:09",1505.0,2,arnavgoel17
1561,16732792,amaotone,"2026-08-20 14:27:36",1504.8,2,amaotone
1562,16622934,"Ümit Anık","2026-08-21 04:46:16",1504.7,2,mitank
1563,16746112,"Jonathan Martschinke","2026-08-24 08:52:51",1504.6,2,jonathanmartschinke
1564,16709824,pizzahut,"2026-09-02 20:49:27",1504.1,2,csalazoltntams
1565,16719536,"Mandy Lin","2026-08-14 03:18:29",1503.7,2,ydnamlin
1566,16655718,eveyxy,"2026-08-31 13:57:52",1503.4,2,eveyxy
1567,16747036,Illusion,"2026-08-31 15:25:11",1503.1,2,briankimtaikab
1568,16780130,与君作田,"2026-08-29 14:01:35",1502.9,2,zhaoxi1244
1569,16668700,"Pranshu Ghori","2026-08-17 22:02:35",1502.4,2,pranshughori
1570,16659942,"Abdoulaye DIAW","2026-08-21 09:57:06",1502.1,2,abdoulayediaw25
1571,16664128,"Michael Todd Overdorf","2026-08-17 00:32:51",1502.1,2,michaeltoddoverdorf
1572,16722731,"E&M Pioneer","2026-08-30 11:18:55",1502.0,2,hzq2004
1573,16714498,Zubekanov,"2026-08-18 01:14:49",1501.9,2,zubekanov
1574,16743342,"Артём Свинобоев","2026-08-23 13:06:19",1501.8,2,ssstelmah
1575,16806346,"Mike chen666","2026-09-02 19:22:07",1501.7,2,mikechen666
1576,16713540,Anruan,"2026-08-25 17:34:49",1501.5,2,xiaowanshen
1577,16637329,Rucbic,"2026-08-19 17:32:21",1501.5,2,rucbic
1578,16726281,rperez04,"2026-08-22 23:15:13",1500.9,2,rperez04
1579,16728708,"Rishi Jain","2026-08-18 07:27:14",1500.9,2,rishijain07
1580,16709246,"Tariku Mehdi","2026-09-03 00:25:56",1500.2,2,tarikumehdi
1581,16756750,Charu,"2026-08-22 00:45:03",1500.1,2,charu13a
1582,16778744,"Shunsuke Hayashi","2026-08-28 02:48:54",1499.8,2,shunsukehayashi1993
1583,16623515,fishcat,"2026-08-26 01:20:04",1499.7,2,fishcat37
1584,16707561,"Nick Rom111","2026-09-02 12:36:48",1499.5,2,nickrom111
1585,16644303,"kevin zhou","2026-08-20 04:00:36",1499.0,2,kevinzhou66
1586,16786341,"Farmula One","2026-08-29 09:24:08",1498.4,2,"joesland,mer4yyy,ricaaaovo,zhangxingzhe"
1587,16666578,STRAF,"2026-08-23 23:07:25",1498.3,2,nikosstraf
1588,16732654,Goated_Farmers,"2026-08-23 17:09:50",1497.8,2,"mugundhjb,srinathduvvuri"
1589,16654379,"Sebastian Mateus","2026-08-25 00:49:27",1496.9,2,sebastianmateus
1590,16632612,Farmville,"2026-08-24 02:12:45",1496.8,2,rafaelfigueiredo13
1591,16719733,CleoCantCompete,"2026-08-25 02:27:27",1496.2,2,cleocantcompete
1592,16755071,"Varun Rao","2026-08-26 18:46:59",1496.0,2,varunraosfanlkan
1593,16643693,"Kerem çelik","2026-08-19 10:12:47",1495.9,2,keremelik
1594,16698294,"John Doe","2026-08-22 11:05:36",1495.2,2,johndoe90843
1595,16715319,ocha_heaven,"2026-08-19 13:10:14",1494.3,2,ochaheaven
1596,16656394,"Pushkar K.G","2026-08-18 09:29:08",1494.3,2,dejokz
1597,16675161,iVl44d,"2026-08-19 22:50:26",1494.3,2,ivl44d
1598,16799362,"James Weatherhead","2026-09-01 05:30:54",1493.8,2,jamesweatherhead
1599,16726461,mocatti,"2026-09-02 01:32:15",1493.5,2,mocatti
1600,16665543,"Charan Manthena","2026-08-24 15:32:19",1493.0,2,charanmanthena
1601,16725947,SamarthRawat18,"2026-08-22 13:31:06",1492.1,2,samarthrawat18
1602,16762319,"郑诗籍 ZhengShiJi","2026-08-25 03:48:33",1491.6,2,zhengshiji
1603,16628897,"Kyoungwon Jeong","2026-09-02 05:31:31",1491.2,2,kyoungwonjeong
1604,16739488,Restodecoca,"2026-08-19 16:42:34",1491.0,2,restodecoca
1605,16725441,lemon1219,"2026-08-21 15:37:35",1490.1,2,lemon1219
1606,16664487,houlidai-jiekiulai,"2026-08-21 11:02:07",1489.1,2,houlidaijiekiulai
1607,16655877,"Harish K","2026-08-25 19:09:49",1488.8,2,harishk2209
1608,16717901,"Ahmed Hazem Abdeltawab","2026-08-29 22:18:39",1487.9,2,ahmedhazem23
1609,16687479,kowalskii,"2026-08-23 19:42:49",1487.4,2,anirudhkumaraheer
1610,16691506,Dipak_ISM,"2026-08-29 13:07:18",1487.3,2,dipakism
1611,16729273,"Munib Ur Rehman Memon","2026-08-24 20:48:08",1487.1,2,muniburrehmanmemon
1612,16791999,"Dashi Tsybikzhapov","2026-09-01 07:13:57",1487.1,2,dashitsybikzhapov
1613,16731990,Karl0106,"2026-09-03 02:43:36",1487.1,2,karl0106
1614,16641372,ShoaibSSM,"2026-08-29 10:18:25",1486.0,2,"naveenlx111249971939,shoaibssm"
1615,16687159,Max64738CB,"2026-08-30 18:22:51",1485.7,2,max64738cb
1616,16664490,llllllc666,"2026-09-02 08:24:49",1485.6,2,llllllc666
1617,16730688,zy,"2026-08-27 07:25:40",1484.0,2,justforwin
1618,16729640,"Наталья Скляр","2026-08-21 18:11:07",1483.5,2,natsklyar
1619,16681049,"SiLin “Can SiLin” Can","2026-09-03 03:15:21",1483.4,2,"k3rn3l,silincansilincan"
1620,16737041,presucc,"2026-08-24 15:36:32",1483.2,2,presucc
1621,16736079,Maxy5illion,"2026-08-26 14:33:39",1482.9,2,maxy5illion
1622,16671376,Lebxgue.,"2026-08-18 04:40:25",1482.5,2,yukieja
1623,16661304,"Jonathan Roy","2026-09-03 03:03:29",1482.4,2,jonathanroy7
1624,16730728,"Le Trong Hieu","2026-08-18 01:04:19",1482.2,2,backtracking
1625,16773244,"Yudai Ueno","2026-09-02 10:45:04",1481.8,2,yudaiueno
1626,16632262,Milkomeda,"2026-08-19 13:45:02",1481.3,2,milkomeda74583
1627,16716697,"Habil Tobi","2026-08-28 20:57:52",1481.0,2,habiltobi
1628,16665352,"Paul Nassiri","2026-08-22 20:15:33",1480.8,2,laszlolevray
1629,16641548,"Indium AI Labs","2026-08-24 15:01:50",1480.6,2,"devaanshpa,wolframbopp"
1630,16741131,"Adarsh Balanolla","2026-08-23 19:09:08",1480.5,2,adarshreddyb
1631,16632304,"Masataka Suzuki","2026-08-31 12:30:27",1480.4,2,masatakasuzuki
1632,16684641,t.me/aetheranime,"2026-08-25 17:49:10",1480.0,2,yfrite
1633,16622319,"Roman Tamrazov 52","2026-08-21 07:51:48",1479.6,2,romantamrazov
1634,16685047,Yvonne.,"2026-08-28 05:48:42",1479.2,2,zdawer250
1635,16632777,"Alexandrine Cakpo","2026-08-20 10:20:22",1478.8,2,alexandrinecakpo
1636,16713267,"yq l68135","2026-08-21 21:35:52",1478.7,2,yql68135
1637,16744127,Faiz,"2026-08-21 20:33:33",1478.6,2,souraditya26
1638,16651939,"Yogesh Jadhav","2026-08-24 05:50:52",1476.9,2,dynamo14324
1639,16646679,tong00,"2026-08-17 12:02:11",1476.9,2,tong00
1640,16663445,"ali dzaki","2026-08-30 15:57:51",1476.6,2,alidzaki
1641,16736250,Yizhi,"2026-08-31 06:03:48",1476.1,2,yizhitao
1642,16738899,Grayden_Lee,"2026-08-21 11:42:07",1476.1,2,haozelii
1643,16624969,tf,"2026-08-24 12:08:56",1475.4,2,tfukuhara
1644,16737057,Wiz,"2026-08-24 03:15:13",1474.7,2,williamzhou001
1645,16689844,"Hồ Tuấn Khôi","2026-08-22 15:27:41",1474.6,2,htunkhi
1646,16712535,"Benjamin Beaujard","2026-08-18 11:03:03",1474.5,2,benjaminbeaujard
1647,16662735,"Kurian George","2026-08-23 18:16:30",1474.3,2,kuriangeorge
1648,16690970,"Raoul Biagioni","2026-08-22 06:37:40",1473.9,2,raoulbiagioni
1649,16679214,alban,"2026-08-27 22:36:43",1473.9,2,albantiacoh
1650,16654021,"Swachhith B","2026-08-24 08:40:04",1473.1,2,swachhithb
1651,16712185,"Vishal Khomane","2026-09-02 15:32:38",1472.9,2,vishal567
1652,16661073,PyJa,"2026-08-22 12:31:53",1472.8,2,pixiux
1653,16770884,VegetabledogNeo,"2026-08-31 01:23:25",1472.5,2,vegetabledogneo
1654,16628664,"Anton Tikhonov","2026-08-17 16:05:18",1472.1,2,itwastony
1655,16680524,Nealdarkdarkdark,"2026-08-26 15:13:50",1471.8,2,wklyb1
1656,16733297,sohasoha42,"2026-08-18 17:50:51",1471.6,2,sohasoha42
1657,16658203,Lan_Sky,"2026-09-01 15:04:56",1471.6,2,lansky6
1658,16638177,stpete_ishii,"2026-08-30 05:35:41",1471.2,2,stpeteishii
1659,16700068,"My Little Pony","2026-08-17 13:41:17",1471.2,1,"buxiangzaoqi66,juliezhang131,yaoyilv"
1660,16724584,"Jinx JK","2026-08-18 09:08:26",1470.9,2,jinxjk
1661,16758895,daphne,"2026-09-02 14:17:07",1470.7,2,daphne4sg
1662,16659328,"Muhammed Ashiq Abdul Khader","2026-08-26 06:32:42",1470.6,2,ashiqabdulkhader
1663,16726660,"Prime Leo","2026-08-23 14:21:53",1470.6,2,primeleo
1664,16662051,"Salem Ali","2026-08-26 07:57:33",1469.7,2,salemali7
1665,16675486,"SALAH ELDIN ELNABARAWY","2026-08-18 21:17:22",1469.6,2,salaheldinelnabarawy
1666,16696607,"Manish modak","2026-08-16 07:37:54",1469.2,2,manishmodak
1667,16783328,AggriTrader,"2026-08-28 14:37:10",1468.8,2,leoluo
1668,16731275,carbonapi,"2026-08-24 21:08:43",1468.4,2,nonempty
1669,16726064,"sana slama","2026-08-15 17:01:13",1468.2,1,sanaslamamm
1670,16694710,ponsuk,"2026-08-17 19:01:09",1468.0,2,ponsuk
1671,16655195,Pirhosseinlou,"2026-08-24 18:17:43",1467.8,2,pirhosseinlou
1672,16778417,"TANG BUDU 19SD195","2026-08-30 02:41:39",1467.0,2,tangbudu19sd195
1673,16683813,WangQrkkk,"2026-08-17 06:54:07",1466.6,2,wangqrkkk
1674,16676336,lemon13418,"2026-08-18 07:34:03",1466.3,2,lemon13418
1675,16654742,"Aastik Rajan15","2026-08-22 23:25:10",1466.2,2,aastikrajan15
1676,16675503,"Jeff Marc E. Cadet","2026-08-30 17:56:07",1465.7,2,jeffmarcecadet
1677,16728067,"Chenzhao Li","2026-08-18 08:04:21",1465.6,2,heartquest
1678,16786013,sakarush,"2026-09-02 13:17:42",1465.6,2,sakarush
1679,16769116,qiuqiu,"2026-09-02 14:42:17",1465.2,2,qiuqiuh
1680,16690612,"Mina Gayid","2026-08-16 12:59:16",1465.0,2,minagayid
1681,16677938,"Hajime Tamura","2026-08-21 13:52:44",1464.9,2,thajime
1682,16661352,"Porch Goose","2026-08-21 02:52:24",1464.0,2,jaclyndeem
1683,16706395,"Kunal Desale","2026-08-17 15:49:39",1463.7,2,kunaldesale2408
1684,16741932,"Michael Chen","2026-08-31 06:08:41",1463.6,2,fuqiangchen
1685,16741720,MarKoz,"2026-08-20 15:31:09",1463.2,2,sirgauda
1686,16659763,clarkzhang1031,"2026-08-13 12:27:10",1463.1,2,"clarkzhang1031,huafeihuang"
1687,16722303,JohannPongratz,"2026-09-02 19:20:43",1463.0,2,johannpongratz
1688,16724351,"Luxshan Thavarasa","2026-08-24 09:58:38",1462.9,2,luxluxshan
1689,16674684,next-best-agent,"2026-08-17 15:28:53",1462.4,2,"minhduy13ly,tdtu981"
1690,16744043,Take,"2026-08-23 14:17:27",1462.0,2,takeuchidaisuke2001
1691,16696099,moss,"2026-08-20 15:52:48",1462.0,2,kenyashimizu
1692,16725996,MatheusPSorancoDeCarvalho,"2026-08-17 22:12:37",1460.7,2,matheussoranco
1693,16682032,"Satkar sarvankar","2026-08-27 07:19:02",1460.7,2,satkar003
1694,16736969,"york li13","2026-08-19 01:07:02",1460.4,2,yorkli13
1695,16729554,"JingSong Yang","2026-08-28 05:33:55",1460.2,2,jingsongyang
1696,16689601,"Prathmesh Adsod","2026-08-18 03:55:13",1460.0,2,prathmeshadsod
1697,16654373,thwaitsusa2,"2026-08-26 23:19:40",1459.4,2,thwaitsusa2
1698,16696304,"Utkarsh #2","2026-08-26 08:46:02",1459.3,2,n0va007
1699,16623470,rurumi,"2026-09-02 05:21:15",1458.3,2,rurururumi
1700,16685074,"Emir Can","2026-08-30 20:16:36",1458.2,2,aerospacer
1701,16635668,"Mirza Yasir Abdullah Baig","2026-08-21 14:13:17",1457.7,2,myab07
1702,16654841,"ABHIRUP DAS","2026-08-28 04:51:44",1457.7,2,abhirupdas10
1703,16729691,YinuoChen271,"2026-08-17 15:42:51",1457.7,2,yinuochen271
1704,16714474,"Glenn Dalbey","2026-08-22 20:44:17",1457.6,2,glenndalbey
1705,16707383,chizhu,"2026-08-19 13:40:03",1457.2,2,chizhu2018
1706,16749079,mraz1006,"2026-08-26 09:32:57",1457.2,2,mraz1006
1707,16725335,"Chris #2","2026-08-29 15:32:47",1457.2,2,kagglecompetechris
1708,16630839,steubk,"2026-08-21 21:55:39",1457.1,2,steubk
1709,16623368,"Evgeniy Veselkov","2026-08-18 05:26:04",1456.4,2,evgeniyveselkov
1710,16638557,"Araik Tamazian","2026-08-26 13:27:28",1456.2,2,atamazian
1711,16651804,"Bocen Li","2026-08-29 06:20:37",1456.2,2,bocenli
1712,16722319,"༺ANIS YT༻","2026-08-19 13:08:47",1456.1,2,anisyt
1713,16709214,"Ariel Suntasig","2026-08-17 19:46:09",1455.7,2,arielsuntasig2001
1714,16709930,llRX,"2026-08-25 05:33:21",1455.1,2,"bankkobe,leojeel,ruikaihong"
1715,16698576,monnu,"2026-08-19 05:55:01",1454.4,1,fuumin621
1716,16639732,"Junbeom Lee23","2026-08-15 02:45:23",1454.2,2,junbeomlee23
1717,16728238,ubcict232,"2026-08-24 11:17:08",1454.0,2,ubcict232
1718,16725081,ZhouYongqi,"2026-08-27 08:47:02",1454.0,2,xy0v0zhang
1719,16757384,straw_Yu,"2026-09-02 02:37:45",1454.0,2,strawyu
1720,16740419,IamDiganta.7,"2026-09-03 01:03:25",1453.9,2,iamdiganta7
1721,16721070,LiuChen1350,"2026-08-26 05:30:30",1453.7,2,liuchen1350
1722,16717289,JackChenghao,"2026-08-22 12:07:06",1453.5,2,jackchenghao
1723,16735582,"Tumaini Makena","2026-08-18 06:01:09",1453.0,1,tumainimakena
1724,16655379,Ikeda0516,"2026-08-27 08:52:18",1452.3,2,ikeda0516
1725,16727191,"Alexander Kokshenin","2026-08-20 02:08:15",1452.1,2,kokshenin
1726,16632735,"No Free Lunch, Only Melons","2026-08-22 03:09:45",1451.8,2,kawaharataishi
1727,16661575,skw1990,"2026-08-27 06:49:03",1451.6,2,skw1990
1728,16790548,"Francesco Del Sesto","2026-08-31 10:47:27",1450.8,2,francescodelsesto
1729,16727842,"Iadh Jarray","2026-08-17 13:45:11",1450.7,2,iadhjarray
1730,16673234,MACvengers,"2026-08-19 16:34:04",1450.6,2,"astrojaswanthkumar,ikpikp"
1731,16777359,"Dmitriy Ulybin","2026-09-03 00:17:59",1450.6,2,dmitriyulybin
1732,16647324,GG-bond,"2026-08-24 03:14:55",1450.0,2,wyhwyh123
1733,16632164,"Tim Shini","2026-08-30 18:04:29",1449.5,2,timshini
1734,16732763,"Raihan Ramadistra","2026-08-18 13:59:22",1449.2,1,raihanramadistra
1735,16710389,GuerillaMoon,"2026-08-19 22:33:46",1449.1,2,guerillamoon
1736,16757903,"Om Singh","2026-08-27 07:05:06",1448.1,1,spoilyfrog
1737,16715506,"Moo Point","2026-08-17 21:44:26",1446.8,2,"gnarlycow,tianmeiwang"
1738,16623580,matsu997,"2026-08-21 16:16:52",1446.8,2,mastu997
1739,16692923,"Pavel Kazlou","2026-08-31 16:10:22",1446.4,2,paulik
1740,16636094,Hax2456,"2026-08-15 10:05:01",1446.2,2,hax2456
1741,16671607,"Chanhyuk Han","2026-09-02 13:04:02",1446.0,2,chanhyukhan
1742,16639800,"Yong Ming-Jia","2026-08-21 11:23:07",1445.6,2,ymingj
1743,16782227,"chen yue li","2026-09-03 01:34:30",1445.6,2,yueelc
1744,16625856,takai380,"2026-09-01 02:34:05",1445.2,2,takai380
1745,16653129,"Prashanth Reddy Biyyani","2026-08-20 13:53:37",1445.0,2,"prashanthbiyyani,shivagurrala,sumu1526"
1746,16685160,Yura,"2026-08-17 07:27:50",1445.0,2,yuratrubitsyn
1747,16695242,"Utkarsh Prakash Srivastava","2026-08-25 19:22:39",1444.9,2,utkarshps
1748,16665927,"bhavya shah","2026-08-17 11:06:22",1444.8,2,bhavyashah007
1749,16742048,SuperGiantLam,"2026-08-25 02:08:17",1444.6,2,zptpsz
1750,16735066,"Saber #2","2026-09-02 17:00:51",1444.3,2,yzheng21
1751,16658931,"somewhere after","2026-08-19 08:16:29",1443.8,2,amaterasuuuuu
1752,16734492,Orynx,"2026-08-19 08:01:33",1443.5,2,"inderj1,jayveersingh6"
1753,16621163,john,"2026-08-16 14:06:25",1443.2,2,jaejohn
1754,16732666,"Stefano Blando","2026-08-30 17:43:12",1441.8,2,stefanoblando
1755,16701362,"Papa Annan","2026-08-20 21:26:39",1441.2,2,papaannan
1756,16721237,phoenixai0,"2026-08-19 06:22:13",1441.2,2,phoenixultra
1757,16675655,TrebolNoir_,"2026-09-01 12:59:42",1441.1,2,trebolnoir
1758,16771677,"hedy huangyuheng","2026-08-27 02:13:28",1441.0,2,hedyhuangyuheng
1759,16736685,kentaro_kato,"2026-08-24 00:36:31",1441.0,2,kentarokato
1760,16635818,F.A.Nina,"2026-08-16 20:15:06",1440.6,2,nina2025
1761,16697922,TingyuanLi277,"2026-08-21 03:39:03",1440.1,2,tingyuanli277
1762,16735075,"Ronchen Luo","2026-08-18 04:29:47",1439.7,2,ronchenluo
1763,16719006,bouiboui,"2026-08-20 18:55:02",1438.0,2,bouiboui
1764,16661784,"XU XUXIANG","2026-08-27 12:57:06",1437.6,2,"mikeaaaa14,xuxuxiang"
1765,16721383,"Emon xu","2026-08-21 16:14:05",1437.5,2,emon0xuyym
1766,16655109,"Tia He","2026-08-14 19:58:44",1437.4,2,altheahe
1767,16639796,rmizuta,"2026-08-28 15:07:43",1436.7,2,rmizuta
1768,16664232,"Eddy Despradel","2026-09-01 23:58:35",1436.5,2,eddydespradel
1769,16744842,juisajdiasd,"2026-08-30 04:51:42",1436.4,2,juisajdiasd
1770,16724060,"Mạnh Linh Hoàng","2026-08-15 15:54:52",1436.4,2,manhlinh1501
1771,16699947,HKmgikao,"2026-08-22 05:24:13",1436.4,2,hitoshikmgai
1772,16741178,guruguru000,"2026-08-21 08:43:29",1436.0,2,guruguru000
1773,16633222,maxingkong733,"2026-08-18 23:32:58",1435.3,2,maxingkong733
1774,16707990,Snorlax,"2026-08-25 01:32:23",1435.3,1,pku1400010735
1775,16715579,Uvais,"2026-08-24 00:58:56",1434.9,2,joshuaedwinjacobv24f
1776,16730810,mgoto51004,"2026-08-23 02:46:30",1433.9,2,mgoto51004
1777,16728901,dqvide,"2026-08-17 19:53:39",1433.8,2,dqvide
1778,16719414,SahilKumarTolani,"2026-09-01 19:45:22",1433.3,2,sahilkumartolani
1779,16708185,XiaoYan12,"2026-08-30 15:57:47",1432.8,2,xiaoyan12
1780,16725403,tabetai28,"2026-08-18 14:38:57",1432.7,2,taichiabewaseda
1781,16662810,HarshitSama,"2026-08-16 12:54:17",1432.6,2,harshitsama
1782,16723096,Shabuuu,"2026-09-01 18:44:54",1432.3,2,shabuuu
1783,16632291,"alex chilton","2026-08-31 12:18:09",1431.9,2,alexchilton
1784,16693934,evnchn,"2026-08-23 15:41:50",1431.8,2,evnchn
1785,16630380,JM,"2026-08-27 00:39:05",1431.7,2,julianmukaj
1786,16690923,"Maqsoud Tawaliou","2026-08-23 20:52:18",1431.7,2,maqsoudtawaliou
1787,16698439,"Pournami Prakash","2026-08-25 17:44:57",1431.7,2,pprakas
1788,16698930,MrKiwi,"2026-08-19 09:34:31",1430.2,2,mrkiwi
1789,16654548,DataSluts,"2026-08-28 07:00:12",1430.0,2,"rahulmedida,siddarthnayak50,sivasu07"
1790,16727147,"Alan Smith","2026-08-27 03:44:28",1429.8,2,acorncupcake
1791,16733576,"Ojas Aklecha","2026-08-17 18:34:02",1429.2,2,ojasaklecha
1792,16715187,maker2026,"2026-08-28 07:13:03",1429.0,2,maker2026
1793,16675807,cubreto,"2026-08-26 15:00:34",1428.4,2,cubreto
1794,16727350,"T Hansda","2026-08-19 14:57:55",1428.3,2,hansda
1795,16665336,"maoyuan ma","2026-08-18 11:41:09",1428.2,2,maoyuanma
1796,16759813,tyf_scu,"2026-08-23 17:11:18",1428.1,2,tyfscu
1797,16724353,PrathamGupta,"2026-08-17 02:04:38",1427.1,2,prathamguptaaaaaaa
1798,16725346,sokoranohimazin,"2026-08-18 19:39:07",1426.9,2,sokoranohimazin
1799,16638375,"Tran H Hoang","2026-08-14 17:01:27",1426.8,2,tranhhoang
1800,16664762,"John Marinton","2026-08-25 12:10:10",1426.6,2,marintonjohn
1801,16677945,"Quân Trần","2026-08-25 06:43:39",1426.1,2,wuntrn
1802,16729372,"Gaspard Plt","2026-08-17 21:58:55",1425.4,2,gaspardplt
1803,16660477,SeaGoat,"2026-09-02 00:01:49",1425.3,2,vbandaru
1804,16687068,digiliwigili,"2026-08-22 12:49:07",1424.5,2,kukchyievervin
1805,16716991,XristosFilip,"2026-08-18 16:43:34",1424.4,2,xristosfilip
1806,16696703,"Aleksei Churashev","2026-08-20 17:02:01",1424.1,2,alekseic
1807,16651833,"Hồ Khánh Duy","2026-08-14 17:52:23",1423.8,2,hkhnhduy
1808,16756557,"Marius Heuser","2026-08-24 21:41:31",1422.8,2,mariusheuser
1809,16739298,"ricardo assaad","2026-08-18 19:03:22",1422.6,2,ricardoassaad
1810,16730462,"Xiang Tang","2026-08-28 15:11:51",1422.6,2,flyonthewater
1811,16623152,"agentic warriors","2026-08-21 08:59:44",1422.5,2,"ibadia,isabellawoo01"
1812,16750344,Vaasu0501,"2026-08-28 16:49:39",1422.2,2,vaasu0501
1813,16656931,pns,"2026-08-15 09:45:46",1422.1,2,"nikhilkasyap07,premsivasai,saranboddu"
1814,16716012,LaiCxm,"2026-09-02 01:11:05",1422.0,2,laicxm
1815,16678172,"Eishkaran Singh","2026-08-19 19:12:02",1421.9,2,eishkaran
1816,16653379,"Asakawa Ruriko","2026-08-30 00:31:08",1421.9,2,asakawaruriko
1817,16738278,yansf677,"2026-09-01 12:24:29",1421.9,2,yansf677
1818,16685556,binghua_123,"2026-09-03 05:26:41",1421.5,2,binghua123
1819,16748559,GodofThunder2407,"2026-08-21 10:30:22",1421.5,2,godofthunder2407
1820,16659972,"Pelamovic ","2026-08-25 18:03:34",1420.7,2,pelamovic
1821,16668430,"john inan","2026-08-17 18:44:07",1420.5,2,johninan
1822,16640077,larry54321zhao,"2026-08-25 16:20:29",1420.4,2,larry54321zhao
1823,16653311,"Stanislav Tsepa","2026-09-01 23:50:06",1419.0,2,mrtsepa
1824,16793261,Von_Feynman,"2026-08-30 13:35:43",1418.9,1,terrenceluo1017
1825,16634166,Yuki.O,"2026-08-19 01:38:42",1418.6,2,yukiohkawa
1826,16729054,"Shantanu Kesarkar","2026-08-27 05:50:23",1418.6,2,shantanukesarkar
1827,16643125,"CARLOS CAADA ROSTRO","2026-08-21 19:23:34",1418.5,2,carloscaadarostro
1828,16708624,"Aboubacar HEMA","2026-08-19 14:24:02",1418.4,2,"aboubacarhema,marcmare,wilfredkouadjo"
1829,16661622,"Ergin Akın","2026-08-20 16:45:19",1418.3,2,erginakin
1830,16697458,"Lissandra Kruse Fuganti","2026-09-01 15:19:00",1417.9,2,lissandrakruse
1831,16674683,"Ali Esam","2026-08-14 18:13:12",1417.7,2,zyxsu0
1832,16730634,Priestess,"2026-08-21 14:10:31",1417.2,2,kalypheus
1833,16654783,quantara.cv,"2026-08-29 07:26:16",1416.8,2,goth55
1834,16651402,"Mille Initiate","2026-08-31 04:04:11",1416.4,2,milleinitiate
1835,16712943,"Cesar Marcondes","2026-09-02 13:03:59",1416.4,2,cmarcond
1836,16668162,AlejandroAlvarez,"2026-08-26 12:31:45",1416.2,2,theworm
1837,16712134,cf696666,"2026-08-31 01:35:15",1416.2,2,cf33333
1838,16759625,gkg223,"2026-08-23 19:00:17",1415.8,2,gkg223
1839,16623445,"Hasin Raihan Dhrubo","2026-08-16 09:28:12",1415.8,1,hasinraihandhrubo
1840,16732685,Tanmay,"2026-08-23 18:16:07",1415.4,2,blankkz
1841,16621294,dpquoc,"2026-08-31 04:22:00",1415.3,2,dpquoc
1842,16672199,Vachan,"2026-08-20 07:33:48",1415.3,2,vachanpadival
1843,16655500,"Zhao Liying","2026-08-16 02:50:53",1414.9,2,yeohzhonghanervin
1844,16771277,zhaowenyi7,"2026-08-31 09:18:04",1414.3,2,zhaowenyi7
1845,16701868,AJ,"2026-08-24 23:56:36",1414.2,2,abduljabbarcalica
1846,16757689,YanXiaohan666,"2026-09-01 15:57:45",1414.0,2,yanxiaohan666
1847,16701612,Kiki,"2026-08-17 08:54:03",1414.0,2,rouiou
1848,16664120,SaiDuttaAbhishekDash,"2026-08-21 20:30:01",1413.0,2,saiduttaabhishekdash
1849,16745294,"Ahmed Ehab Fathi","2026-08-20 17:15:31",1412.8,2,ahmedehabfathi
1850,16667324,"Muhammed selim Bilic","2026-08-26 17:02:17",1412.4,2,muhammedselimbilic
1851,16634128,ZechHuang,"2026-08-20 05:07:33",1412.4,2,zechhuang
1852,16663240,"Rilen T. L.","2026-08-18 13:45:46",1412.3,2,"jairosilvabastos,rilentl"
1853,16709295,"Isaac Owomugisha","2026-08-20 16:22:52",1412.1,2,cmplxxyttmt
1854,16710661,"Pengyi Peng1","2026-08-22 02:06:40",1411.7,2,pengyipeng1
1855,16660250,Moshel,"2026-08-24 12:36:19",1411.5,2,moshel
1856,16702691,"Zengyi Mei","2026-08-28 17:01:51",1411.4,2,sfkmzy
1857,16639250,"Hamed Seyed-allaei","2026-08-21 19:11:09",1411.3,2,pinocchio
1858,16724801,Noir,"2026-09-03 00:11:46",1411.1,2,nuitnoir
1859,16655368,"Mohammed Maqsood L","2026-08-19 10:40:17",1411.0,2,mohammedmaqsoodl
1860,16741516,"Anh Tu","2026-08-28 05:10:34",1410.8,2,natcs98
1861,16736404,¡olé!,"2026-08-19 03:30:32",1410.7,2,hjx1024
1862,16670118,"Álvaro Benítez","2026-08-29 15:46:04",1410.7,2,lvarobentezlvarez
1863,16695615,Celinao,"2026-08-14 08:02:47",1410.5,2,celinao
1864,16720088,"Oiti Roy","2026-08-14 06:26:04",1410.2,1,oitiroy
1865,16659614,"Heikki Leskelä","2026-08-22 16:35:42",1409.8,2,heikkileskela
1866,16721079,"six seven swag","2026-08-23 09:08:28",1409.6,2,polinababiichuk
1867,16625241,"Mutoy Choi","2026-09-01 07:42:20",1409.6,2,mutoy1
1868,16644643,today,"2026-08-20 14:09:31",1409.5,2,today55
1869,16690867,HowardLeeTW,"2026-08-15 09:14:17",1409.2,2,howardleetw
1870,16623370,kenmatsu4,"2026-08-14 09:03:08",1409.1,2,kenmatsu4
1871,16805370,"Gaiar Baimuratov","2026-09-03 05:34:15",1408.7,2,baimuratov
1872,16622242,"Robert Koval","2026-08-15 07:02:17",1408.7,2,robertkoval
1873,16699745,"Norbert Szolnoki","2026-08-18 11:39:55",1408.6,2,norbertszolnoki
1874,16664293,"Adam Lloyd","2026-08-17 07:09:50",1408.4,2,alloyd256
1875,16760295,"Luke Hurt","2026-08-24 01:03:42",1408.4,2,lukehurt
1876,16724262,"Obu obu","2026-08-15 10:48:05",1408.4,2,obuobu
1877,16727379,"Nicholas Chua","2026-08-20 16:28:44",1407.9,2,nickckb
1878,16690113,m0chi1216,"2026-08-16 15:07:24",1407.8,2,m0chi1216
1879,16670791,Hugelidus,"2026-08-25 03:43:18",1407.6,2,hugelidus
1880,16710141,htatsumi,"2026-08-15 01:07:11",1407.6,1,tatsumihasebe
1881,16631595,CuteClaw,"2026-08-14 01:25:52",1407.6,2,bloodmoonwq
1882,16748421,lulzx,"2026-08-20 17:52:11",1407.4,2,lulzxy
1883,16764422,"ong bee","2026-08-28 06:07:55",1407.2,2,ongbee
1884,16671361,"Hangyu Yu","2026-08-15 13:46:57",1405.4,2,cqupthangyuyu
1885,16656296,Fususu,"2026-08-25 03:03:04",1405.2,2,phuongncn
1886,16708226,asi1024,"2026-08-16 13:14:53",1405.1,2,asi1024
1887,16765953,"Muhammad Ahmed","2026-08-26 13:46:48",1405.0,2,muhammad4hmed
1888,16660041,"Hoàng Quốc Việt ","2026-08-27 10:39:10",1404.8,2,viethwang3i
1889,16731432,sieradni,"2026-09-01 06:12:00",1404.6,2,sieradni
1890,16666939,20237208_黄奕恺,"2026-08-22 12:53:27",1403.9,2,mrhuangyy
1891,16722112,nyori,"2026-08-18 10:35:38",1403.9,2,nyoriworks
1892,16698214,Juandix,"2026-08-18 03:35:51",1403.9,2,juandix
1893,16744355,"Sameera T","2026-08-22 10:13:47",1403.7,2,sameeramaq
1894,16682892,"Alvaro Llamojha","2026-09-02 19:40:04",1403.6,2,alvarollamojha
1895,16686583,techtech69,"2026-08-22 16:19:05",1403.3,2,techtech69
1896,16774237,"Dennis SH Lai","2026-08-30 17:21:31",1403.2,2,dshihlai
1897,16683865,Shin7jp,"2026-08-14 09:51:13",1403.2,2,shin7jp
1898,16749347,Shibungi,"2026-09-01 06:52:21",1403.2,2,shibungi
1899,16719100,"Abhiraj Singh","2026-08-14 12:02:33",1403.0,2,cyberdrago
1900,16659711,williams,"2026-08-31 16:37:57",1402.8,2,williams
1901,16656584,Spintronic,"2026-08-19 15:24:17",1402.4,2,spintronic
1902,16629624,"Sayandeep Ghosh","2026-09-02 19:57:53",1402.2,2,sayandeepghosh
1903,16674831,"nk for work","2026-08-29 02:31:21",1402.1,2,nkforwork
1904,16671694,evananann,"2026-08-19 07:46:36",1402.0,2,evananann
1905,16717756,Dominick,"2026-09-02 15:29:00",1401.8,2,kcinimod
1906,16697891,KuziJA,"2026-08-20 20:35:43",1401.7,2,kuzija
1907,16761875,eugenn,"2026-09-02 17:10:30",1401.5,2,eugennekhai
1908,16635969,"Omkar Kadam","2026-08-31 15:22:20",1401.5,2,"itzzomkar,khanayanayub,princypaonam"
1909,16658474,huyimin517517,"2026-09-03 03:49:49",1401.3,2,"huyimin517517,touyouzhaji,wumingshi2006"
1910,16697936,"Sami Cakiral","2026-08-15 19:43:40",1401.3,2,samicakiral
1911,16644702,cracker_1_war,"2026-08-23 18:26:39",1400.9,2,cracker1war
1912,16713127,Felis,"2026-08-25 20:07:16",1400.2,2,ilyaafanasenko
1913,16714902,HunterBlue,"2026-08-13 18:54:47",1399.6,2,marianacodebase
1914,16662940,"The Coder Geek Squad Leader","2026-08-17 09:23:58",1399.4,2,soulemaneisissifou
1915,16713743,oliver,"2026-08-22 16:48:18",1399.0,2,ollibolli
1916,16682306,岸本湧士郎,"2026-08-31 01:59:46",1398.9,2,yushiro20021111
1917,16722120,nekoha,"2026-08-15 15:01:16",1398.7,2,nekoha
1918,16678872,ibrahim,"2026-08-17 19:30:32",1398.6,2,skyfish77
1919,16672033,"Mohan Prasath P","2026-08-21 10:08:16",1398.5,2,mohanprasath21
1920,16658150,Gravity-x73d,"2026-08-17 09:16:29",1398.4,2,gravityx73d
1921,16729421,Oblivix,"2026-09-02 04:16:25",1398.3,2,"aradhyatiwariii,oblivix"
1922,16693942,"Lisan al-Gaib","2026-08-31 12:31:42",1398.2,2,azrihasin
1923,16653890,YUKRUB,"2026-08-20 07:37:27",1398.2,2,yukrub
1924,16743528,JunWenZhu_1314,"2026-09-02 23:36:09",1398.0,2,junwenzhu1314
1925,16678346,"Farhan Abid","2026-08-16 08:41:15",1397.3,2,farhanabidtech786
1926,16719238,"Rômulo Siqueira","2026-08-20 00:15:16",1397.3,2,romulosiqueira
1927,16663590,"Jakub Dolének","2026-08-13 13:08:32",1396.9,2,dolenek
1928,16730180,zshandy,"2026-08-19 22:29:48",1396.6,2,zshandy
1929,16682471,Soumya2003,"2026-08-25 17:58:29",1395.8,2,soumya2003uyvv755
1930,16737561,"Raj Aryan Singh","2026-08-18 11:50:54",1395.4,2,kratos14raj
1931,16698884,VVVoyager,"2026-08-14 03:55:10",1394.9,2,"haoxuanshan,hengnui"
1932,16656399,CROW,"2026-08-14 04:59:30",1394.7,2,"aaayangxh,hanifnoerrofiq"
1933,16705499,byncpy,"2026-08-17 17:18:47",1394.5,1,jinliangbi
1934,16691987,0xalgos,"2026-08-17 09:35:28",1394.1,2,anandvashishtha5362
1935,16660735,"Bassel Elbahnasy","2026-09-02 21:01:51",1393.8,2,basselashraf
1936,16622367,mg,"2026-08-23 17:49:21",1393.7,2,"egorkashpar,sashaboriskin,smooky"
1937,16680967,Tyooughtul,"2026-08-16 00:58:06",1393.7,2,yooughtul
1938,16621683,Shivangoudaa,"2026-08-26 11:45:55",1393.2,2,ishivapatil
1939,16658345,Ficu∞$,"2026-08-28 08:43:18",1393.1,2,mikeintokyo
1940,16667734,SuroRitch,"2026-08-15 16:23:52",1392.5,2,suroritch
1941,16670524,"Nat Bel ML Fun","2026-09-02 22:48:16",1391.9,2,natbel4ml
1942,16633096,anvai_agents,"2026-08-20 05:50:45",1391.4,2,"anandgaikwad7781,vaidehidhamnikar"
1943,16726071,"PDF ULTRA","2026-08-20 19:36:33",1391.3,2,"alengevorgyan,gab0yan"
1944,16683488,"Ripudaman Parmar","2026-08-23 12:06:07",1390.8,2,"ktkgpt,ripudamanparmar"
1945,16641893,"Kashyapsinh gohil","2026-08-15 16:10:05",1390.8,2,kashyapsinhgohil
1946,16774141,Evelyn3976,"2026-08-31 01:13:23",1389.7,2,evelyn3976
1947,16715628,Dian,"2026-08-17 01:57:33",1389.7,2,clas233
1948,16659210,HASHP100D,"2026-09-01 03:52:29",1389.5,2,hashp100d
1949,16729488,"Bala vighnesh Reddy","2026-08-26 07:35:49",1389.5,2,balavighneshreddy
1950,16722818,"Mukesh R","2026-08-16 13:07:44",1388.9,2,mukeshr06
1951,16658554,Pai,"2026-08-31 07:45:14",1388.6,2,rajathrpai
1952,16656519,"Chris Laska","2026-08-25 19:45:39",1388.2,2,chrislaska
1953,16652764,hikahika,"2026-08-16 00:35:31",1388.1,2,naganohikaru
1954,16694091,"Nan Leng","2026-08-23 07:41:41",1387.8,2,nleng66ca
1955,16781170,"Ulugbek Salohiddinov","2026-08-28 02:38:15",1387.7,2,ulugbeksalohiddinov
1956,16672530,GUGUGAGA,"2026-08-14 04:33:54",1387.4,2,"ruiyangzhang23,taoguo079"
1957,16621219,"Inna Campo","2026-08-15 09:08:23",1387.0,2,innacampo
1958,16691830,"Nikita Lugovoy","2026-08-15 03:39:17",1386.8,2,nikital7
1959,16669643,"Athenix Kaggriculture","2026-08-24 18:23:54",1386.7,2,sdafdsfsdfgdsg
1960,16657803,"Arya Mazloomi","2026-08-14 00:17:11",1386.5,2,aryamazloomi
1961,16713178,Funno,"2026-08-19 17:32:54",1386.4,2,yes711
1962,16654490,"Furious Monk","2026-09-03 05:12:19",1386.4,2,furiousmonk
1963,16664860,ANUJPUROHIT18,"2026-09-01 05:03:07",1386.2,2,anujpurohit05
1964,16655766,前衛,"2026-08-15 00:17:53",1385.8,2,"atharvranjan,shreyasgandhe,siddharth9077"
1965,16736838,アナコンダ,"2026-08-24 08:29:45",1385.8,2,"ei1333,unosss"
1966,16701897,"Alejandro Lavandeira Casais","2026-08-14 12:56:12",1385.6,2,alejandrolavandeira
1967,16632006,"Adwait Tagalpallewar","2026-08-16 08:44:12",1385.2,2,adwaittagalpallewar
1968,16759652,Fnoa,"2026-08-23 12:26:39",1384.9,2,trasibulo
1969,16716698,gisgisgis,"2026-08-15 05:35:47",1384.3,2,gisgisgis
1970,16663851,"Harshith revuru","2026-08-21 22:15:33",1383.9,2,harshithrevuru
1971,16727090,"Deep Blue Pasture","2026-08-17 02:28:34",1383.9,2,shamanah
1972,16634246,just_calculate,"2026-08-20 08:22:38",1383.3,2,justcalculate
1973,16663818,"Mike Mordetsky","2026-08-18 11:49:58",1383.2,2,mikemordetsky
1974,16726232,"sayed rafi","2026-08-18 21:13:00",1383.2,2,sayedrafi
1975,16724947,teacherli0,"2026-08-16 03:09:09",1383.2,2,teacherli0
1976,16721453,"Random Mambo","2026-09-01 09:41:19",1382.8,2,beaten67
1977,16669897,"Tahsan Ferdous","2026-08-14 19:30:09",1382.2,2,tahsanferdous
1978,16634093,gezi,"2026-08-27 12:56:56",1382.2,2,goldenlock
1979,16770648,"Yoshitaka Nozaki","2026-08-26 00:38:06",1382.1,1,yoshitakanozaki
1980,16623408,shiggriculture,"2026-09-03 01:04:28",1382.0,2,shimishige
1981,16675777,"Ml BOY","2026-09-02 17:45:23",1382.0,2,mlboy1
1982,16635317,"KAKA Minishijie","2026-08-26 04:36:55",1381.5,2,kakaminishijie
1983,16687596,AjPrem,"2026-08-21 02:37:39",1379.7,2,"ajprem,jefferysingh,neelcasula"
1984,16712459,松原琉喜,"2026-08-14 14:54:47",1379.5,2,ryuki12kyo
1985,16630315,janson,"2026-08-19 10:54:37",1379.1,2,johnjanson
1986,16657228,"Vladimir Babin","2026-08-30 02:28:50",1379.0,2,vovababin
1987,16798694,"Young Uk Song","2026-09-03 04:08:54",1378.9,2,nintendojoa
1988,16665125,"David Schindler15","2026-08-14 04:58:39",1378.6,2,"davidschindler15,mz3207"
1989,16721947,groots,"2026-08-16 06:32:40",1378.6,2,muhammadismail433
1990,16688313,"Gnosys Labs","2026-08-30 00:29:34",1378.1,2,gnosyslabs
1991,16632757,taopy2,"2026-09-03 02:35:30",1377.9,2,taopy2
1992,16691976,"Harini Panigrahi","2026-08-14 16:57:32",1377.8,1,harinipanigrahi
1993,16623226,"Hafida Belayd","2026-08-28 12:41:48",1376.5,2,hafidabelayd
1994,16717792,han10086,"2026-08-13 15:05:21",1376.4,2,han10086
1995,16682885,风沙星辰,"2026-08-23 03:28:27",1376.0,2,"duoliya,linyeping,sereinovov,wangying2026"
1996,16623836,awarse,"2026-08-14 06:00:45",1375.8,2,awarse
1997,16622531,"musya lyusya team","2026-08-19 11:22:46",1375.5,2,vswz2nqp
1998,16719083,"Justin Mai 16","2026-08-24 06:06:16",1375.4,2,justinmai16
1999,16801797,Tv,"2026-09-02 14:04:08",1375.1,2,linyeah
2000,16676034,"Songyot P","2026-08-18 15:56:07",1373.6,2,songyotpi
2001,16722986,"Abhiram 9803","2026-08-15 18:43:09",1373.0,2,abhiram9803
2002,16765601,"Dinesh Makireddy 7389","2026-08-31 04:30:54",1372.6,2,dineshmakireddy7389
2003,16758709,dk07dk,"2026-08-26 08:45:35",1372.1,2,dk07dk
2004,16723941,teraSurfer40141,"2026-08-16 01:16:49",1371.9,2,r00tt00r
2005,16759037,Yuyannnn,"2026-08-29 15:36:43",1371.7,2,yuyannnn
2006,16764476,daviddnd,"2026-08-31 15:11:13",1371.6,2,daviddnd
2007,16668069,jackhsia,"2026-08-23 15:56:13",1371.6,2,jackhsia
2008,16727019,uitsnf,"2026-08-23 15:45:22",1371.6,2,uitsnf
2009,16734667,sadanamaru,"2026-09-02 17:23:12",1371.2,2,sadanamaru
2010,16652912,"Kyle Ellard","2026-09-02 15:28:17",1371.1,2,kyleellard
2011,16724795,yangqi1234,"2026-08-23 08:26:23",1370.6,2,yangqi1234
2012,16694138,Alex,"2026-09-01 18:56:13",1370.2,2,alex789
2013,16743790,"yuji y","2026-08-28 10:53:06",1369.9,2,yujiyyy
2014,16621355,Raiden.B,"2026-08-12 05:49:42",1369.6,2,raidenb
2015,16709339,"Mohammad Javad Dianat","2026-09-02 20:39:25",1369.2,2,dianatofficial
2016,16682557,"Soumalya Mandal","2026-08-14 14:57:29",1369.2,2,mrcyberhunter
2017,16649313,"Jiajun HAN","2026-08-14 07:13:57",1369.0,2,jiajun1
2018,16655335,Justus,"2026-08-19 14:18:38",1369.0,2,justus0
2019,16750477,"Tapabrata Biswas","2026-08-25 13:11:13",1368.9,2,"dumbakaash,ishanhira"
2020,16666054,Ani,"2026-08-28 04:10:27",1368.6,2,anirudhk333
2021,16718572,MLarpers,"2026-08-22 14:06:48",1368.6,2,"koteikachannel,mrhornetik"
2022,16634238,SoWwe,"2026-08-29 18:17:46",1368.4,2,sowwe4
2023,16685850,K,"2026-08-14 06:37:41",1368.4,2,kolci017
2024,16664164,"Elzandi Irfan Zikra","2026-08-15 15:53:21",1368.4,2,"dyahayuretnoningsih2,zangetsufuin"
2025,16667787,"Daryl Brach","2026-08-17 09:41:51",1368.4,2,dbrach
2026,16785505,"Rishiraj Acharya","2026-08-29 03:10:09",1367.5,1,rishirajacharya
2027,16711398,Claude我崇拜你啊,"2026-09-03 04:08:11",1367.4,2,chenxizhao21
2028,16664759,OrGanAIc,"2026-08-14 22:58:18",1367.1,2,arghyaranjandas
2029,16685342,"Kanth Da","2026-09-03 05:24:23",1366.8,2,"kanthda,riteeshreddybysani"
2030,16713155,AdarshAleti,"2026-08-18 05:39:57",1366.5,2,adarsh1077
2031,16688130,"Lujia Liang","2026-08-24 09:15:27",1366.1,2,lujialiang123
2032,16726431,Manav,"2026-08-16 17:51:03",1366.0,2,manavsangwan
2033,16703300,"Fahd EL ANSARI","2026-08-15 23:47:17",1365.9,2,fahdelansari
2034,16807038,mitsuki,"2026-09-02 08:06:26",1365.8,2,mk00000
2035,16655263,rishavsaigal,"2026-08-29 17:52:32",1365.5,2,rishavsaigal
2036,16632444,"Issac “Izreal” Davis","2026-08-13 20:42:03",1365.3,2,issacizrealdavis
2037,16718745,"Vishwamitra Mishra","2026-09-02 00:23:18",1364.9,2,vishwa007
2038,16628295,qwertykeypadapple,"2026-08-13 19:05:04",1364.8,2,qwertykeypadapple
2039,16666884,"Antonio Stanciu","2026-08-15 14:33:52",1364.6,2,stanciuantonio
2040,16761593,"stsa asts","2026-09-02 19:16:22",1363.2,2,stsaasts
2041,16714162,MarvinTMB,"2026-09-01 05:45:37",1362.5,2,marvintmb
2042,16661034,"Devesh Mehta","2026-08-30 23:55:02",1360.8,2,deveshmehtaaie
2043,16671738,Exposed,"2026-08-22 07:02:02",1360.8,2,erickeller2
2044,16710421,SZ_00_zyz,"2026-08-20 02:54:53",1360.5,2,sz00zyz
2045,16705176,"Ruslan Raupov","2026-08-20 09:10:24",1360.3,2,ruslanraupoff
2046,16679443,albu,"2026-08-15 19:22:12",1359.9,2,albuslaev
2047,16696561,"Ali Ramazanov","2026-09-02 06:12:30",1359.5,2,aliramazanov
2048,16676904,researchstudio.site,"2026-09-03 01:48:43",1358.9,2,fistyee
2049,16725354,"Swaroop piduguralla","2026-08-19 14:23:28",1358.4,2,pnsaimanitejaswaroop
2050,16634691,bot-farmer,"2026-08-19 06:16:19",1358.0,2,shauryam25
2051,16749352,"Ian Virchenko","2026-08-25 17:36:35",1357.9,2,yvainr
2052,16739939,crescent_star,"2026-08-24 15:50:25",1357.3,2,cenzop
2053,16667998,Speril,"2026-08-16 09:13:41",1355.9,2,speril
2054,16655179,"I Need an Internship","2026-08-15 02:39:23",1355.6,2,dimasibnumuthi
2055,16751140,onick_man,"2026-08-31 19:42:43",1355.1,2,ftakahas
2056,16707598,Kamazarashi,"2026-08-18 05:40:15",1355.0,2,kamazarashi
2057,16697689,"Pavel Pakhmutov","2026-08-12 23:11:23",1354.2,2,pavelpakhmutov
2058,16624896,"Akmal Azzam o'g'li","2026-08-18 06:03:51",1353.3,1,akmalmir
2059,16634143,"manual player","2026-08-14 00:41:13",1353.2,2,prospal
2060,16670755,"Amine zeDDouk","2026-08-18 09:37:41",1352.7,2,aminezeddouk
2061,16691524,"Martim Nascimento","2026-09-02 02:25:53",1352.6,2,martimnascimento
2062,16661509,JSON_Voorhees,"2026-09-03 00:14:35",1352.1,2,michaelgreenhut
2063,16698256,Mint,"2026-08-17 18:39:08",1351.9,2,rorandangerous
2064,16796544,"Xiaonan FU","2026-09-02 08:23:49",1351.4,2,xiaonanfu999
2065,16728723,"Ronith Rashmikara","2026-08-18 03:28:52",1350.8,2,ronithrr
2066,16659123,sd,"2026-08-18 17:46:56",1350.2,2,siddharthadevkota
2067,16730334,EUGENEYEUNG,"2026-08-22 13:03:33",1350.0,2,eugeneyeung
2068,16697223,"Azizii Gill","2026-08-29 20:38:00",1349.4,2,aziziigill
2069,16666018,"H vv sathwik","2026-08-26 06:49:10",1348.8,2,hvvsathwik
2070,16722902,"Grigorii IU","2026-08-22 01:54:09",1348.7,2,grigorii220
2071,16675088,"Andrei Chulkov","2026-08-15 19:43:12",1348.7,2,andreichulkov
2072,16711725,meatori-nu,"2026-08-16 19:28:03",1348.7,2,meatorinu
2073,16658081,ando,"2026-08-20 01:52:23",1348.6,2,andoshunsuke
2074,16691702,kss,"2026-08-13 19:30:20",1348.5,2,l0glikelihood
2075,16668788,ConnieCodes,"2026-08-17 13:40:25",1348.4,2,conniecodes
2076,16786092,Shiru2,"2026-08-29 02:15:44",1347.6,2,shiru2
2077,16655688,"Ryan Shan","2026-08-13 02:43:38",1346.0,2,codegold
2078,16794207,AlekseiProvorov,"2026-08-31 09:59:52",1346.0,2,leoprovorov
2079,16644877,lu_fish,"2026-08-16 14:13:53",1345.3,2,thefish114514
2080,16674479,"Alan Rosston","2026-08-14 08:20:49",1344.7,2,alanrosston
2081,16726948,Stitch,"2026-08-29 03:58:50",1343.9,2,mitsuaccessjam
2082,16640368,"Nkosi Ndwandwe","2026-08-22 05:40:06",1343.7,2,nkosindwandwe
2083,16728571,hasibirok0,"2026-09-02 13:06:51",1343.6,2,hasibirok0
2084,16778410,"uriel villegas govea","2026-08-28 00:25:47",1343.4,2,urielvillegasgovea
2085,16658777,"Jiarui (Jerry) Cao","2026-08-15 03:44:07",1342.4,2,jiaruicao7
2086,16792927,EnricRovira,"2026-09-02 22:19:03",1341.7,2,enric1296
2087,16696631,"saya akan lawan!","2026-08-21 18:42:23",1341.4,2,nurhadibudhy
2088,16657610,"H Bharath","2026-08-31 18:54:57",1341.3,2,hbharath
2089,16735125,mtskggle,"2026-08-22 04:50:43",1340.7,2,matsusakaggle
2090,16775473,LuanHengYu,"2026-08-31 04:20:45",1340.7,2,apexml
2091,16719090,CHSTO,"2026-08-16 23:43:52",1340.5,1,haotianqi
2092,16621407,Kh0a,"2026-08-27 11:25:28",1340.4,1,llkh0a
2093,16654791,"Dev Rath","2026-09-02 12:52:27",1340.3,2,devbratrath
2094,16671424,cicen1139,"2026-08-22 09:37:51",1339.0,2,cicen1139
2095,16698069,k_4821,"2026-08-12 06:43:09",1338.6,2,edgarondoodevilclub
2096,16655305,"Junior Sohou","2026-08-14 00:15:42",1338.4,2,juniorsohou
2097,16696983,"JKM Ventures","2026-08-17 22:58:03",1338.2,2,jeffreydrew
2098,16738825,RishabhSpark,"2026-08-28 05:11:27",1337.9,2,rishabhspark
2099,16723988,yuyinghuang,"2026-09-01 23:51:29",1337.6,2,yuyinghuang
2100,16748246,"Eric S","2026-08-26 12:50:54",1336.2,2,ericsangberg
2101,16725242,chinchilla,"2026-08-19 10:53:07",1336.0,2,tgwstr
2102,16716930,"Direc M","2026-08-31 04:54:06",1335.7,2,direcm
2103,16678618,"Manu Nicholas Jacob","2026-08-23 23:03:35",1335.1,2,manunicholasjacob
2104,16663969,"Aarush Kute","2026-08-19 22:06:48",1334.7,2,aarushkute
2105,16709304,"Aleksey SCHUKIN","2026-09-03 05:47:13",1334.5,2,alekseyschukin
2106,16729828,spunkrock,"2026-08-16 20:08:06",1334.1,1,spunkrock
2107,16669494,"Abdullah Razi","2026-08-20 17:41:24",1334.0,2,abdullahroninrazi
2108,16671940,LJazya,"2026-09-02 06:10:00",1333.2,2,jihanelek
2109,16692851,ichnixhelle,"2026-08-12 22:20:24",1332.8,2,ichnixhelle
2110,16743737,"Joanna C.","2026-08-20 23:07:09",1332.7,2,joannaciesielski
2111,16624303,seven,"2026-08-31 05:21:16",1332.4,2,morikawatakeshi
2112,16743741,Arooran,"2026-08-24 13:37:47",1332.1,2,arooransivakarunai
2113,16763418,overwhelmer,"2026-08-25 08:22:55",1331.9,2,overwhelmer
2114,16735238,DHKim0324,"2026-08-25 08:49:34",1331.9,2,dhkim0324
2115,16766401,"Gobi Elangovan","2026-09-02 17:16:14",1331.3,2,gobielangovan
2116,16721259,Qsj,"2026-08-28 09:20:10",1330.1,2,qiaoshiji
2117,16730903,noynkmr,"2026-08-25 05:47:01",1329.8,1,noynkmr
2118,16651623,"Sarvesh Talele","2026-08-28 05:18:58",1329.6,2,sarveshtalele
2119,16726115,helloworld311,"2026-08-17 05:52:20",1329.1,2,helloworld311
2120,16770149,rikutokuwayama,"2026-08-27 10:40:56",1329.1,2,rikutokuwayama
2121,16725642,"Arav Sharma","2026-08-17 03:51:14",1329.0,2,aravsharma26
2122,16650372,Greed,"2026-08-12 17:18:47",1328.8,2,greedshen
2123,16738895,SangGold,"2026-08-18 15:48:23",1328.6,1,sanggold
2124,16740320,NguyenAn27,"2026-08-20 00:46:32",1327.8,2,nguyenan27
2125,16688153,"Panchajanya Banerjee (Pancham)","2026-08-16 20:28:27",1327.5,2,delayedkarma
2126,16658618,"philip georgiev","2026-08-29 21:47:04",1327.5,2,philipgeorgiev
2127,16630825,"Black Mamba Farm","2026-09-03 05:13:12",1327.3,2,"asherjyd,qizhiran,yukundu231100"
2128,16700204,"ZHOU HONGYI","2026-08-21 12:47:28",1327.2,2,zhouhyz
2129,16701969,旧楚狂人,"2026-08-15 14:20:59",1327.0,2,jiuchukuangren
2130,16769866,"Suzuki Riki","2026-08-25 12:11:09",1326.8,2,suzukiriki
2131,16731836,"Theo Venturian","2026-09-01 21:33:41",1326.6,2,theodorraulventurian
2132,16775412,"moo moo","2026-08-30 15:18:26",1326.3,2,"amrof122,yassinamr11"
2133,16735102,"Zhiqi Liu","2026-08-31 02:57:12",1326.2,2,crazyqiqi
2134,16709529,alhlbx5,"2026-09-02 23:53:54",1326.1,2,alhlbx5
2135,16661423,"Rishavendra Sharma","2026-08-31 08:38:23",1325.8,2,rishavendrasharma
2136,16656948,"alexander kern","2026-08-24 18:02:17",1325.4,2,alexanderkern
2137,16723132,Bridgeport,"2026-08-21 20:25:32",1325.1,2,bridgeport
2138,16665237,"get some fries","2026-09-03 05:35:45",1325.1,2,"rainchen0411,richardsilence,tongyuexiao"
2139,16675704,reeemii,"2026-08-26 08:51:15",1324.6,2,reeemii
2140,16726545,whm8016,"2026-09-02 14:13:54",1324.3,2,whm8016
2141,16664761,"Udit Jain #2","2026-08-19 14:15:29",1323.8,2,iamudit
2142,16693272,ush,"2026-08-16 12:44:31",1323.7,2,kusuha
2143,16649314,"Yuka,Ota","2026-08-17 03:42:23",1323.6,2,yukaika
2144,16639230,Rylan,"2026-08-15 13:15:45",1323.6,2,"liuruihan333,wangxiaodundun"
2145,16770715,"Vicens Gaitan","2026-09-01 16:11:46",1323.5,2,vicensgaitan
2146,16664334,"Satishvaran Ragu","2026-08-28 03:07:19",1323.3,2,satishvaranragu
2147,16675512,Corgi-Samoyed,"2026-09-02 13:31:10",1322.9,2,corgisamoyed
2148,16663229,kakuteki,"2026-08-28 04:08:43",1322.8,2,kakuteki
2149,16728460,oh-Artistburger-AHA-TastyMeat!,"2026-08-16 11:54:46",1322.5,1,akikukeo1
2150,16697923,"Vincent Debout","2026-09-02 23:46:43",1322.0,2,vdebout
2151,16622939,"Kamal Das","2026-08-27 12:47:13",1321.1,2,kmldas
2152,16774228,"Anggit Maulana Abdi","2026-08-28 14:37:01",1321.1,2,anggitmaulanaabdi
2153,16695093,"Ryota Murai","2026-08-27 15:28:04",1320.4,2,rmuraix
2154,16691012,"Sanzhar Almasuly","2026-08-29 07:28:34",1319.8,2,sanzharalmasuly
2155,16634650,UnfriendlyAI,"2026-08-24 11:44:47",1319.7,2,unfriendlyai
2156,16728272,"Daris Dzakwan Hoesien","2026-08-16 10:48:22",1319.7,1,darisdzakwanhoesien2
2157,16700995,"Maram Ali","2026-08-15 09:13:15",1319.6,2,msama01
2158,16758893,"Sercan Yeşilöz","2026-08-28 19:16:26",1318.7,2,sercanyesiloz
2159,16640264,DhanaLakshmiMalla,"2026-08-21 09:38:58",1318.4,2,dhanalakshmimalla
2160,16766640,watana,"2026-08-30 07:55:08",1318.2,2,yukiwat
2161,16677832,"Maryam Tahir","2026-08-25 15:07:42",1317.8,2,maryamtahir09
2162,16786603,"Shutong Hou","2026-09-03 04:50:05",1317.5,2,praxel123
2163,16740103,Adjakou,"2026-08-24 07:31:02",1317.1,2,adjakou
2164,16751358,Cristiano,"2026-08-24 15:04:54",1316.8,2,zhuangbility
2165,16689447,"Ivan Berrutto","2026-08-13 04:14:38",1316.7,2,ivanberrutto
2166,16668647,"THIRUPATHI KANNAN K","2026-08-27 15:40:29",1316.1,2,thirupathikannank
2167,16714058,"Ahmet Erdem Pamuk","2026-08-12 18:59:18",1315.8,2,ahmeterdempamuk
2168,16715024,"Ömer Özbek","2026-08-22 13:50:34",1315.2,2,omerozb
2169,16681893,morality0707,"2026-08-31 06:50:24",1315.1,2,morality0707
2170,16693557,"Ifeoluwa Adewumi","2026-08-19 17:00:37",1315.1,2,ifeadewumi
2171,16756415,"Mihai Balan","2026-08-31 06:39:25",1314.9,2,mihaibalan
2172,16731270,"Arthurs Torres24","2026-09-03 05:43:50",1314.4,2,arthurstorres24
2173,16622034,"Aryan Yadav","2026-08-15 18:49:17",1314.3,2,simplexcomplex
2174,16629292,"Syed Saad Hasan Emad","2026-08-17 06:14:38",1314.2,1,syedsaadhasanemad
2175,16714980,Chenaters,"2026-08-16 08:41:10",1314.1,2,chenaters
2176,16623749,Tejas,"2026-08-17 09:52:29",1313.7,2,tejuuss
2177,16756399,"old Ryne Mac had a farm","2026-08-21 19:44:11",1313.1,1,rynemac
2178,16623791,rakumo,"2026-08-19 23:46:04",1313.1,2,sirakumo
2179,16770832,"Harish Yadav","2026-08-27 06:18:09",1312.8,2,harishyadav0506
2180,16623020,Muhandro,"2026-08-20 16:29:57",1312.7,2,muhandro
2181,16671821,donglee,"2026-08-13 09:13:09",1311.9,1,dongleeovo
2182,16665596,chunhu666,"2026-08-30 07:05:40",1311.9,2,chunhu666
2183,16666853,"Bisola Olasehinde","2026-08-31 13:08:21",1311.5,1,bizzyvinci
2184,16723893,iring58,"2026-08-22 04:43:36",1311.5,2,iring58
2185,16726870,"Svanik Kolli","2026-08-16 00:11:14",1311.4,1,svanikkolli
2186,16624047,GUOHAOYANG,"2026-08-12 22:23:02",1311.0,2,pkuszboi
2187,16731243,"[Deleted] dab36be1-9992-4710-95f4-39a9f7a2cd3c","2026-08-24 15:13:27",1310.7,2,del=fd92954ed0c92f1a
2188,16662615,"Anurag irawit","2026-09-01 14:16:49",1310.7,2,anuragirawit
2189,16651257,PursueML,"2026-09-02 16:26:41",1310.7,2,pursueml
2190,16658409,AlexMasip,"2026-09-01 14:37:26",1310.2,2,alexmasip
2191,16778206,yuanlao153,"2026-08-28 15:00:04",1309.9,2,yuanlao153
2192,16802578,Yuuki4543,"2026-09-02 16:17:09",1309.5,2,yuuki4543
2193,16672168,"Justin Rutkowski","2026-08-14 17:34:37",1309.4,2,justinrutkowski
2194,16685626,"Livingstone Selassie","2026-08-16 00:26:50",1309.4,2,"hackerx019,livingstoneselassie"
2195,16665050,"Praneeth Palugula","2026-08-14 06:28:56",1309.4,2,praneethpalugula
2196,16736050,SuperZero11,"2026-09-01 16:15:49",1309.3,2,anandaverma
2197,16699610,"Sneha ","2026-08-17 01:00:34",1309.2,2,kharya3
2198,16765065,"Rohith T R","2026-08-26 13:28:38",1309.0,2,rohithtrgod
2199,16691714,"Wesley Juraschek","2026-08-19 06:07:37",1308.9,2,wesleyjuraschek1
2200,16624339,"Дворкин Евгений Владимирович","2026-09-02 18:53:01",1308.8,2,evgendvorkin
2201,16655567,Heisnotanimposter,"2026-08-25 00:47:27",1308.8,2,test013
2202,16658290,rrishavrraj,"2026-08-22 11:00:34",1308.6,2,"rrishavrraj,shubhamkumar9812"
2203,16784485,betterme,"2026-08-28 13:39:45",1308.6,2,betterme12345
2204,16695691,neural-canvas,"2026-08-12 20:46:37",1308.4,2,mrsanap
2205,16747161,wqlun06,"2026-08-20 08:02:11",1308.2,2,wqlun06
2206,16714059,Yentür,"2026-08-12 18:47:44",1308.1,1,meryentr
2207,16770282,colt,"2026-08-25 09:55:29",1307.7,1,xiaomaguo
2208,16655582,"Yang Jinneng","2026-08-29 13:01:07",1307.3,2,adurey
2209,16656340,InfiHeart,"2026-08-17 10:02:11",1307.0,1,infiheart
2210,16733547,"Mark Grayson","2026-08-17 18:53:21",1306.9,2,flyingsinclair
2211,16732428,"Darren Amadeus Martin","2026-08-19 00:48:02",1306.8,2,darrenamadeusmartin
2212,16671504,Agentmaster,"2026-08-28 06:33:07",1306.8,2,"kinjaza,shawnno"
2213,16623708,"Chekhlov Dmitrii","2026-08-18 10:11:47",1306.7,2,zoli800
2214,16772993,"dirty farmers","2026-08-26 06:33:12",1306.5,2,jamesgui2007
2215,16766796,panda__MB__maximus,"2026-08-25 12:54:58",1306.4,1,tanishmohokar09
2216,16765526,"Kotala Kishan Reddy","2026-08-24 08:56:22",1306.0,1,kotalakishanreddy
2217,16662314,"Hanh Tran","2026-08-13 12:29:31",1306.0,1,honghanhhh
2218,16706207,Wonderwall,"2026-08-21 07:04:04",1305.7,2,yuxiang328
2219,16732462,"Aji Samudra","2026-08-24 09:05:21",1305.6,2,ajisamudra
2220,16775386,kaggler,"2026-08-31 09:29:41",1305.5,1,deepkim
2221,16673881,"Sebastian Johansson","2026-08-27 08:39:07",1305.5,2,sebbejohansson
2222,16748717,mt,"2026-08-20 13:09:12",1305.4,1,mtanakaslgfreak
2223,16672653,Cultuurstelsel,"2026-08-13 16:59:47",1305.2,2,ryuorlandotamin
2224,16761652,"Dhruv #2","2026-09-02 12:37:22",1305.1,2,dhruvrama
2225,16655632,"Dmitry Kozlov","2026-08-28 10:06:54",1304.8,2,dkozlov
2226,16805244,nari,"2026-09-01 19:34:04",1304.0,1,shoheiyoshinari
2227,16633179,infamemconculcemus,"2026-09-02 07:32:27",1304.0,2,jcgweb
2228,16701759,xycai,"2026-08-14 17:23:35",1303.6,2,xycaipku
2229,16717630,Amer,"2026-08-13 21:23:41",1303.4,2,amerhu
2230,16640552,"rupsa roy","2026-08-31 16:11:57",1303.4,2,rupsarroy
2231,16779451,kibuna,"2026-08-27 12:00:58",1303.0,2,kibuna
2232,16622032,"Raunak Dey","2026-08-13 17:22:49",1302.7,2,raunakdey07
2233,16707036,"Just a Farmer","2026-09-01 11:52:57",1302.6,2,gunianxue
2234,16623988,"Charismatic Pizza Party🍕","2026-08-30 03:55:06",1301.8,2,debugendless
2235,16812062,姜上（Integ）,"2026-09-03 05:17:23",1301.8,2,integjs
2236,16711910,"Artem Zapara","2026-08-18 16:48:51",1301.5,2,artemzapara
2237,16634654,unknown,"2026-08-13 02:11:22",1301.4,2,abdullahshafi2021
2238,16625219,MJVinay,"2026-08-21 09:37:02",1301.3,2,mallajayanthvinay
2239,16728135,sukirman,"2026-08-17 12:24:20",1301.3,1,rakbidb
2240,16757566,"Ankit Kumar","2026-08-23 12:03:53",1301.3,2,imankit57
2241,16781516,"Hongbin Guokaggle","2026-08-29 04:16:00",1300.9,2,hongbinguokaggle
2242,16770952,"Satyajeet Kumar","2026-08-25 20:42:40",1300.8,2,m4rcuseryx
2243,16692548,"Rockstar Farmer","2026-08-19 05:15:37",1300.6,2,yuhaili
2244,16680931,"Rattan Singh","2026-08-16 04:23:37",1300.2,2,rattans
2245,16662023,"Vikas Kumar","2026-08-26 16:42:14",1300.0,2,vikshit104
2246,16628456,kiro,"2026-09-01 10:06:31",1300.0,2,kirosamurai
2247,16624651,"Zihao Zeng","2026-08-21 11:58:35",1299.7,2,zihaozeng0021
2248,16738657,Mactorr,"2026-09-02 22:44:15",1299.6,2,mactorr
2249,16663759,🔥🦫📿🗽,"2026-08-26 06:37:41",1299.4,2,datafad
2250,16663284,"Aman Prakash","2026-08-12 20:58:28",1299.2,2,amanprakash777
2251,16641710,yjshyfy,"2026-09-03 05:26:57",1298.9,2,yjshyfy
2252,16632788,"Bright O.H.","2026-08-23 03:45:36",1298.8,2,brightoh
2253,16709793,"Victor Hotz","2026-08-13 18:48:06",1297.5,2,victorhotz
2254,16651052,lty,"2026-08-18 02:33:01",1296.8,2,linwei9
2255,16779171,Xunden,"2026-08-27 09:14:10",1296.8,1,xunden
2256,16739537,"Bina Salama","2026-09-02 20:01:30",1296.4,2,binasalama
2257,16663929,"Erman Man","2026-08-18 03:47:58",1296.4,2,ermanman
2258,16621687,ropeadope,"2026-08-25 10:36:05",1296.4,1,silkross
2259,16665838,wenbodai,"2026-09-01 12:41:51",1296.3,2,wenbodai
2260,16709462,"KK #2","2026-08-14 09:06:37",1296.3,2,kk2909
2261,16730288,matsurih,"2026-08-22 12:03:05",1296.2,1,matsurihime
2262,16630713,"Grzegorz Sionkowski","2026-08-16 16:31:57",1296.0,2,sionek
2263,16657728,"T Soo","2026-08-13 06:36:25",1295.9,1,ttgrcgrc
2264,16630418,butterchicken,"2026-08-28 16:45:23",1295.9,2,"ritanshuprasad,sriramlingavel01"
2265,16622251,"Moroz Roman","2026-08-20 06:22:05",1295.3,2,crissyro
2266,16773266,newbyy,"2026-08-26 05:21:47",1295.1,1,newbyy
2267,16768022,"Miles Oberting","2026-08-31 23:48:39",1294.5,2,milesoberting
2268,16622820,"Sergey Nefedov","2026-08-25 10:52:44",1294.2,2,sergionefedov
2269,16772450,"Muneeba Badar","2026-08-25 21:19:13",1294.2,2,muneebabadar
2270,16627796,tizawa3,"2026-08-19 00:28:23",1293.8,2,tizawa
2271,16773559,"Abhishek Mahto","2026-08-26 06:40:07",1293.1,1,abhishek3115
2272,16661648,"Vân Nguyễn","2026-08-26 18:34:06",1293.1,2,vunnguyen
2273,16625214,Malla,"2026-08-21 09:55:13",1292.9,2,mallaphalguni
2274,16656807,Yoganjaneyulu,"2026-08-13 09:20:17",1292.9,2,yoganjaneyulu
2275,16722849,"Dhruv Bansal","2026-08-28 08:01:42",1292.9,2,dhruvb2028
2276,16734450,"Ian Teigen","2026-08-18 00:04:38",1292.7,2,ianteigen
2277,16707303,meTeam,"2026-08-23 15:01:49",1292.7,2,aaronzribi
2278,16655844,MAFIN,"2026-08-13 01:53:06",1292.6,2,moneyman91
2279,16668049,"Masayoshi Kurihara","2026-08-14 06:20:21",1292.5,2,masayoshikurihara
2280,16710587,durgasai,"2026-09-01 13:14:36",1292.1,2,dsainvg
2281,16766982,"Sir Dona ","2026-08-25 15:54:46",1291.9,2,sirdona
2282,16759864,exaucedossou,"2026-08-22 17:56:40",1291.0,2,exaucdossou
2283,16671133,Kazeneko,"2026-08-22 00:18:50",1290.6,2,kazeneko77
2284,16656990,"NALLA SUMANG","2026-08-30 03:15:46",1290.3,2,sumangnalla
2285,16690020,shantaitichu,"2026-08-17 09:40:30",1289.7,2,shantaitichu
2286,16667839,Viet-Tien,"2026-08-22 19:46:21",1289.2,2,tiena2cva
2287,16758839,"Yusuf Murtaza","2026-08-23 04:08:43",1288.7,2,yusufmurtaza01
2288,16700737,HechtJP,"2026-08-13 11:12:06",1288.7,2,hechtjp
2289,16755808,"Van-Phuc Huynh","2026-08-22 10:43:46",1288.5,1,hvanphucs112
2290,16764850,"cy zhang","2026-08-27 11:08:45",1288.3,2,zcy20051117
2291,16658803,"Rahul Jiwane","2026-08-21 06:19:57",1287.8,2,rahuljiwane
2292,16761849,viber3221,"2026-08-24 13:38:59",1287.8,2,viber3221
2293,16736670,"Mark Astrid","2026-09-01 13:06:24",1286.5,2,markastrid
2294,16727745,auouer,"2026-08-16 08:20:31",1286.4,2,"auouer,guriken,hkamna,insightfulthinking"
2295,16688368,"Lam Vo","2026-08-15 16:39:23",1286.2,2,nhatlam
2296,16679004,"Kevin Zhao","2026-08-23 10:45:26",1286.1,2,kevinzhao666
2297,16712888,Vux,"2026-08-20 14:32:16",1286.0,2,weiyu85
2298,16766840,"Andrey ","2026-08-24 14:27:38",1285.9,1,anti1111
2299,16652631,"Panagiotis Anagnostou","2026-08-31 14:16:41",1285.4,2,panosanag
2300,16732754,ikeuchy,"2026-08-29 04:10:41",1285.3,2,ikeuchy
2301,16672243,"Fazil Putra","2026-08-14 01:24:17",1285.3,2,fazilputra
2302,16753985,"Narenthira Balaji","2026-08-21 10:54:17",1285.3,1,narenthirabalaji
2303,16659314,Sandeep063,"2026-08-25 12:44:22",1285.2,2,sandeep063
2304,16624276,陈胜吴广,"2026-09-02 13:10:56",1285.2,2,"horizen12,zejunfool"
2305,16663694,"Dimitri ZABRE","2026-08-12 21:00:12",1284.9,2,dimitrizabre
2306,16753710,tax_free,"2026-08-25 03:16:23",1284.7,2,taxfreepython
2307,16748330,Okan,"2026-08-21 11:15:17",1284.3,2,okanzkaya
2308,16696887,kt-Kitayama,"2026-09-01 13:23:49",1284.2,2,ktkitayama
2309,16778707,momohuhu_kkkkkarrot,"2026-09-03 03:37:32",1283.6,2,kjy666
2310,16783265,"Xiangjiang Zhou","2026-08-28 06:33:05",1283.3,1,xiangjiangzhou
2311,16770302,stardxx,"2026-08-26 02:21:35",1283.0,2,stardxx
2312,16747273,ra1nac1d,"2026-08-22 19:00:23",1283.0,2,ra1nac1d
2313,16766905,Antigone_duckduck,"2026-08-24 16:38:37",1282.9,2,antigonexzh
2314,16724533,"Yusei Ito","2026-08-22 19:18:19",1282.9,2,yuseiito
2315,16763120,"Shivam Singh #2","2026-08-23 16:56:35",1282.8,1,shivamsingh17072001
2316,16750614,"Shivansh Chaudhary","2026-08-22 14:22:57",1282.7,2,shivanshchoo
2317,16769419,dylanaki,"2026-08-26 13:30:43",1282.4,2,dylanaki
2318,16667080,King-damon,"2026-09-02 12:20:33",1282.3,2,kingdamon
2319,16726512,shash,"2026-08-15 19:41:18",1282.2,1,zshashz
2320,16633580,Vinymo,"2026-08-23 15:32:23",1281.6,2,vinymo
2321,16636909,"wking edewd","2026-08-21 11:21:57",1280.9,1,wkingedewd
2322,16750317,"ELhamdaoui AM","2026-08-30 19:29:43",1280.6,2,elhamdaouiabdelmajid
2323,16639570,"Vishesh Banna","2026-08-25 04:24:34",1280.5,2,visheshbanna
2324,16693962,"Changyuan Chen","2026-08-17 14:18:21",1279.9,2,changyuanchenmit
2325,16632294,"Rajan Nagarajan","2026-09-01 14:22:29",1279.3,2,narajan
2326,16763978,"Swayam Gode","2026-08-30 13:49:27",1278.2,2,swayamgode2
2327,16750843,jammings,"2026-08-25 14:15:33",1278.1,1,jammings
2328,16635747,"Jeki Wan Taufik","2026-09-03 00:10:42",1277.9,2,jek1wantaufik
2329,16625611,"Karl Smile","2026-08-28 16:42:46",1277.8,2,karlsmile
2330,16722378,waticson,"2026-08-26 14:39:35",1277.2,2,yutodennou
2331,16677342,Fedor,"2026-09-02 17:13:55",1276.5,2,fedorchuprakov
2332,16634172,"Mario Cicala","2026-09-02 02:20:17",1276.4,2,mariocicala
2333,16722330,"Jean-Louis Roy","2026-08-31 07:44:08",1275.9,2,jeanjean111
2334,16634824,yuki16,"2026-08-27 02:55:04",1275.6,2,yuki16
2335,16729484,"Sankalp Nagineni","2026-08-16 17:35:31",1275.6,2,sankalpnagineni
2336,16731751,"Nikita Pudovkin","2026-08-17 09:15:54",1275.4,1,nickpudovkin
2337,16665919,"Labmem Tang","2026-08-31 03:06:37",1275.0,2,labmemtang
2338,16673013,TTT,"2026-08-27 06:40:10",1274.8,2,tadahiroasami
2339,16655682,"Azamat Sadikov","2026-08-30 23:56:28",1274.7,2,azamatsadikov
2340,16658349,lingxiaojun,"2026-09-03 05:16:55",1274.7,2,lingxiaojun
2341,16730578,IsThereAnyCode,"2026-09-03 01:59:06",1273.4,2,"isthereanycode,lynnkim0"
2342,16748524,TongY26,"2026-08-21 08:33:16",1273.4,2,tongy26
2343,16655559,"Fajri Yanuar Shiddiq Juanda","2026-08-13 01:40:20",1273.4,2,fajriyanuar
2344,16771843,"Surekha Ramireddy","2026-09-01 15:34:18",1273.3,2,surekharamireddy
2345,16675780,susutem,"2026-08-21 04:03:32",1272.7,2,susutem
2346,16774250,"C R Suthikshn Kumar","2026-08-26 08:22:03",1272.6,1,crsuthikshnkumar
2347,16689488,"Ming Fong","2026-08-27 01:41:31",1272.4,2,evilpegasus
2348,16623753,HZM,"2026-08-21 07:14:11",1272.0,2,leehann
2349,16632743,"Krizsó Gergely","2026-08-31 23:07:09",1270.9,2,lucifer19
2350,16633709,"kitory Yeah やきとり","2026-08-15 22:30:08",1270.6,2,kitoryyeah
2351,16663992,小陈同学,"2026-08-18 07:26:54",1269.9,1,czastu
2352,16644160,"Saravana Rajan B","2026-08-23 14:50:39",1269.7,2,saravanarajanb
2353,16724109,"small fry in the underworld","2026-08-26 11:00:37",1269.3,2,wwwwhitley
2354,16654381,"Dmitry Belan","2026-08-30 17:16:29",1267.7,2,dimong4
2355,16675739,"Jithendra Maddala","2026-09-01 16:28:46",1267.3,2,jithendramaddala
2356,16663241,"Kris Adamatzky","2026-08-13 09:49:19",1266.8,2,krisadamatzky
2357,16791862,"Emmanuel Mireku","2026-08-31 19:35:19",1266.8,2,eldermireku
2358,16716468,"Sakhawat Hossen","2026-08-15 03:28:07",1266.3,2,sakhawathossen
2359,16689952,"Lazarus Ogero","2026-08-11 16:44:08",1265.9,2,lazarusogero
2360,16695229,X1a0Ch3n,"2026-08-12 18:04:39",1265.7,2,xiaochen20236673
2361,16623806,黒田彩人,"2026-08-17 04:05:34",1263.9,2,ayato0705
2362,16768647,vaultguard,"2026-09-02 04:04:17",1263.6,2,vaultguard
2363,16744658,Shree85,"2026-08-29 12:38:55",1263.4,2,shree85
2364,16749618,Fon1as,"2026-08-21 09:36:42",1263.3,2,fon1as
2365,16705790,clora,"2026-09-02 14:37:25",1263.2,2,clora16
2366,16689389,Chukunder,"2026-08-16 02:25:12",1262.1,2,"farbricated,sarikajivrajika"
2367,16677423,songling,"2026-09-02 01:45:08",1261.8,2,"lvbingrong,oralia"
2368,16734578,"Pascal Andreas","2026-08-26 17:42:14",1261.5,2,pascalandreas
2369,16663313,onlysmrtsumx,"2026-08-12 01:29:30",1261.1,2,onlysmrtsumx
2370,16808914,slfmmm,"2026-09-02 11:50:26",1260.3,1,slfmmm
2371,16740700,"Vyas Senthilkumar","2026-08-19 04:26:42",1259.9,2,vyassenthilkumar
2372,16624682,FrederikZ,"2026-09-02 10:17:51",1259.5,1,zkirederf
2373,16663352,"Avnish Sharma","2026-08-31 14:42:23",1259.0,2,kewlaz
2374,16744573,"Oleksandr Kovalchuk","2026-08-31 23:19:22",1258.7,2,oleksandrkovalchuk
2375,16769277,卡心农场,"2026-09-02 06:45:03",1258.6,2,"hkd2333,hsiaosuan"
2376,16639844,MaxChen303,"2026-08-13 02:25:24",1257.9,2,maxchen303
2377,16623856,aowhite,"2026-08-30 12:18:44",1254.9,2,brandnewyork
2378,16649108,"Steve AVOMO","2026-08-17 03:12:41",1253.7,2,aurelsteve77
2379,16751267,Guojun1,"2026-08-21 01:57:23",1253.6,1,guojun1
2380,16727893,mmwstudy,"2026-08-25 10:25:36",1253.2,2,mmwstudy
2381,16718947,"Dani Ortega","2026-08-25 07:07:35",1253.0,2,daniortega99
2382,16653955,"tanmay singhal","2026-08-29 12:00:53",1250.1,2,anexperiencedidiot
2383,16767164,"yuhan wu","2026-08-26 09:37:53",1249.8,2,yuhanwu487
2384,16674586,"Stanislav Ilin","2026-08-17 06:45:46",1248.9,2,stanislavilin2026ai
2385,16667052,"Dandan Li","2026-08-15 18:07:17",1246.4,2,clcll532x
2386,16663999,"Colton Martin","2026-09-03 00:05:44",1246.0,2,coltonmartinnn
2387,16767528,"Umut Toygar Göz","2026-08-30 13:01:54",1245.5,2,umuttoygargoz
2388,16643554,"Arnie Jimenez","2026-08-20 16:48:24",1243.7,2,arniejimenez
2389,16729227,Marjao,"2026-08-16 16:49:12",1243.6,2,muniburrehman2020
2390,16703099,GansPiro,"2026-08-13 18:34:26",1242.5,2,ganspiro
2391,16706321,lumen,"2026-09-02 05:44:20",1241.9,2,lumenyuto
2392,16805980,Kifine,"2026-09-02 05:25:41",1241.7,2,liaoyingxi
2393,16697249,"Sudharsana Rajasekaran","2026-08-13 06:25:58",1241.6,2,sudhan03
2394,16667729,"Daniel Wu","2026-08-15 14:35:27",1240.9,2,danielwuu
2395,16708296,LUCKY2,"2026-09-02 10:24:32",1239.7,2,carolezountangni
2396,16635509,simmons1025,"2026-09-03 03:34:37",1238.7,2,simmons1025
2397,16695501,brocade,"2026-08-15 00:01:12",1238.6,2,brocade
2398,16656731,"Muhammad Ali","2026-08-14 06:47:06",1237.2,2,sardaralimaqsood
2399,16761728,"Vybhav Nath C A","2026-08-30 12:19:48",1236.2,2,shadowfax2000
2400,16789509,"Yang Wei Hao","2026-08-29 08:39:19",1234.7,1,aichangeworld
2401,16657857,hust_xll,"2026-08-12 05:38:12",1232.5,2,hustxll
2402,16679767,Salut!,"2026-08-12 21:56:55",1232.5,2,denismekhanikov
2403,16757987,maverick_ss_26,"2026-09-01 14:07:17",1232.0,2,maverickss26
2404,16693159,"Zonglin Han","2026-08-13 17:10:08",1231.9,2,zonglinhan
2405,16657494,Trex,"2026-08-12 14:00:14",1231.2,2,trexzone
2406,16758767,"Mikhail Karchevskiy","2026-09-02 18:54:00",1231.0,2,suvalex
2407,16645712,"Changye Li","2026-08-24 06:23:33",1231.0,2,antoinegg1
2408,16697024,"Jiri Prudky","2026-08-20 20:58:26",1230.9,2,jiprud
2409,16688436,Zuu3scode,"2026-08-12 15:19:16",1230.4,2,zuu3scode
2410,16658801,"Thuc Nguyen Dang 111","2026-08-28 19:45:47",1230.4,2,thucnguyendang111
2411,16658014,Bharath,"2026-09-02 19:08:50",1230.3,2,pes2ug23cs121
2412,16682303,"Kapadiya Nirav Kumar","2026-08-18 06:24:30",1230.3,2,kapadiyaniravkumar
2413,16660711,ricardo,"2026-08-15 22:34:26",1229.5,2,magania
2414,16625615,"Mobeen Fatima","2026-08-28 16:47:17",1229.4,2,mobeenfatimah
2415,16690763,chungkuangwen,"2026-08-19 20:27:55",1228.9,2,chungkuangwen
2416,16673110,"Sri Jayavel K","2026-08-20 08:18:31",1228.3,2,srijayavelk
2417,16695608,"Elie Elias","2026-08-12 14:14:48",1228.2,2,elieelias
2418,16664072,"victor aguilera","2026-09-02 00:46:28",1228.1,2,viaguilera
2419,16709744,"Emre Bayram","2026-08-14 09:04:57",1227.7,2,emrebayram
2420,16671666,showtree,"2026-09-02 01:53:55",1227.4,2,showtree
2421,16684163,MohamedFD,"2026-08-13 12:32:47",1227.0,2,mohamedfd
2422,16681275,"CUG HeQiao","2026-08-12 09:06:14",1226.0,2,cugheqiao
2423,16670504,Shirabe,"2026-09-03 03:30:08",1225.2,2,carlmakt
2424,16668998,WarRusher,"2026-09-02 23:43:55",1224.9,2,warrusher
2425,16692090,sans,"2026-08-12 03:14:55",1223.4,2,sans6262q
2426,16673250,Prashant,"2026-08-12 05:06:08",1223.2,2,"kajalsinghrajpoot,prashantxo"
2427,16683441,Eura73,"2026-08-21 08:07:47",1222.9,2,eura73
2428,16692138,"Bishwa Thakur","2026-08-21 11:44:03",1222.5,2,bishwathakur
2429,16700116,Goldian,"2026-08-21 16:13:40",1220.1,2,goldian
2430,16627400,"Krasnov Daniil","2026-08-11 06:04:48",1219.5,2,daniilkrasnovvv
2431,16673230,saitamad,"2026-08-12 04:20:31",1219.5,2,saitamad
2432,16674649,寿!,"2026-08-12 06:45:37",1219.5,1,taka3776toshi
2433,16692164,Abdulrahman.su10,"2026-08-11 20:35:39",1219.5,1,abdulrahmansu10
2434,16693058,"Yuvraj singh","2026-08-13 14:03:24",1219.5,2,yuvrajsingh789
2435,16685014,"Vishal Kishore","2026-08-29 14:37:26",1218.7,2,kishorevishal
2436,16799832,"Maman Salto","2026-09-03 02:47:53",1218.2,2,saddamaditya
2437,16692110,"Ahmed Khudair","2026-08-11 22:33:06",1217.5,1,ahmedkhudair121
2438,16632021,istinetz,"2026-09-01 14:55:53",1216.9,2,istinetz
2439,16635314,"Aurora wy","2026-09-02 22:09:19",1216.7,2,aurorawy
2440,16732381,Raphdraft,"2026-09-03 01:11:34",1216.5,2,raphdraft
2441,16738467,EnriFermi,"2026-08-26 23:51:18",1216.1,2,enrifermi
2442,16666733,"Alberto MV","2026-08-10 23:06:33",1213.8,2,albertomv
2443,16636004,"Ragunath Ravi","2026-08-11 10:59:07",1212.9,2,ragunathravi
2444,16811576,Zi,"2026-09-03 01:52:15",1212.9,1,kaigaokaigao
2445,16682936,"Latifa Riziki","2026-08-12 09:38:13",1212.7,2,latifariziki
2446,16678638,Loshtradz,"2026-08-26 18:40:35",1212.0,2,loshtradz
2447,16705584,"Adil Munawar","2026-08-29 21:18:33",1211.1,2,adilmunawar
2448,16806886,dreamtear,"2026-09-02 05:55:56",1211.1,1,mohanzeng
2449,16660233,ko9ma,"2026-08-26 02:43:46",1211.1,2,kohojung
2450,16803913,"SUJIB BARMAN","2026-09-01 16:42:07",1211.0,1,cardata
2451,16662380,"Brandon Calderon-Morales","2026-09-03 01:56:43",1210.6,2,bmoe640
2452,16657646,mountainbob,"2026-09-03 03:05:05",1210.5,2,shongpakmanoon
2453,16729650,"Tapiwa Makandigona - Zimbabwe21","2026-08-31 11:36:48",1209.4,2,mukanya1994
2454,16668688,"Nezihe Sözen","2026-09-02 14:06:02",1209.0,2,nezihesozen
2455,16688808,"Niranjan Nakkala","2026-08-11 12:26:14",1208.8,1,niranjanmudhiraj
2456,16767431,Nine1Eight,"2026-08-24 16:51:12",1208.8,1,wethepeople918
2457,16621799,"🌽 High Frequency Farming 🌽","2026-08-30 15:26:12",1208.7,2,veshkinartem
2458,16697675,"Isaac Grossman","2026-08-30 23:21:35",1208.3,2,kingisaac
2459,16695176,"Zakaria Settar","2026-08-16 21:52:31",1207.3,2,zakariasettar
2460,16733748,"Ashutosh Agarwal","2026-09-02 06:43:29",1206.9,2,ashutoshagarwal088
2461,16707584,sadatch,"2026-08-13 05:18:28",1206.5,2,sadatch
2462,16695964,"JiMing Feng","2026-08-17 10:56:45",1206.4,2,jimingfeng
2463,16632579,ZZfancy,"2026-08-11 12:04:42",1205.8,2,zzfancy
2464,16699082,Sakthei,"2026-09-02 20:02:02",1205.2,2,sakthei
2465,16809211,"Aleix López","2026-09-03 00:02:29",1204.4,2,aleixlopez
2466,16656691,"Sahaj Deep Singh","2026-08-12 01:39:36",1204.3,2,sahajdeepsingh9877
2467,16709468,"Andrey Chankin","2026-09-01 18:33:15",1204.0,2,bluepill
2468,16706315,"Desert Fox88","2026-08-11 12:02:03",1203.8,2,desertfox88
2469,16724779,"Gavin Cao","2026-08-16 09:00:53",1203.3,2,gavinxgcao
2470,16680690,MYOUCER,"2026-09-01 01:20:04",1202.8,2,myoucer
2471,16700314,Giallar,"2026-08-14 16:45:53",1202.8,2,andreykrotkikh
2472,16705370,TS2333,"2026-08-11 03:40:40",1202.0,2,ts2333
2473,16706283,haogood666,"2026-08-11 08:25:40",1201.1,1,haogood666
2474,16656316,"Richard Tang","2026-08-11 01:09:34",1200.8,2,richardgtang
2475,16654042,B.Pushpanjali,"2026-08-25 11:04:54",1199.9,2,"bpushpanjali,vinithwade"
2476,16748142,"Hikaru Umeda","2026-09-03 02:59:59",1199.8,2,hikarumeda1030
2477,16621735,VN-Orion,"2026-08-21 11:42:27",1199.7,2,fastthanh78
2478,16692457,t2better,"2026-08-12 11:56:41",1199.2,2,t2better
2479,16708573,Benser,"2026-08-15 14:41:24",1199.0,2,benser
2480,16624645,"Closed Loop","2026-09-02 21:29:58",1198.8,2,hobbisttech
2481,16677217,Panos,"2026-08-30 08:37:11",1198.3,2,panosc
2482,16681749,"rohith vinice","2026-08-11 23:55:16",1198.3,2,rohithvinice
2483,16660911,"Animesh Ratna","2026-08-23 22:01:35",1197.9,2,animeshratna
2484,16660479,"Lakhindar Pal","2026-08-31 13:26:49",1197.8,1,lakhindarpal
2485,16660333,"Deanos Crew","2026-08-11 13:10:19",1197.6,2,jamescole0101
2486,16669256,Shivam_2212,"2026-08-11 09:59:19",1197.4,2,shivam2212
2487,16690065,JiangWenfeng1,"2026-08-12 01:25:29",1197.3,2,jiangwenfeng1
2488,16653068,"Shuichi Fushimi","2026-08-11 10:55:05",1197.0,2,shuichifushimi
2489,16771703,"Moomin and his farm","2026-08-29 15:04:40",1196.9,1,ataraxyyeah
2490,16710672,"Yasemin Koç","2026-08-14 05:52:52",1196.4,2,yaseminmkoc
2491,16709300,炫酷的小克里斯,"2026-08-19 15:54:28",1196.4,2,tinfufans
2492,16655128,"Somasundar V","2026-09-01 15:05:48",1196.1,2,somasundarv
2493,16701573,"Haggai Musoda","2026-08-17 20:04:00",1196.1,2,haggismusoda
2494,16635973,"Code by Nadiia","2026-08-31 13:09:44",1195.9,2,codebynadiia
2495,16689770,"Abdillah Sagif","2026-08-11 10:11:23",1195.7,2,abdillahsagif
2496,16709473,"Selahattin Günter","2026-08-23 14:07:42",1195.4,2,selahattingnter
2497,16699722,Dicere,"2026-08-13 08:00:17",1195.3,2,thedark735
2498,16699659,"Dimas Pasha Akrilian","2026-09-01 01:59:59",1194.5,2,dimaspashaakrilian
2499,16670433,"Mohammad Osamah Atif","2026-08-19 08:46:32",1194.4,2,osamatif
2500,16667731,"Agent 33","2026-08-28 13:20:28",1194.3,2,agent33
2501,16632675,"Baran Kucuk","2026-08-11 15:09:58",1193.7,2,barankucuk
2502,16659803,nRuaif,"2026-08-22 02:47:10",1193.5,2,phngdoan
2503,16763383,"Alexandru Sitaru","2026-08-25 07:05:06",1192.9,2,sitaru
2504,16663569,XYZ,"2026-09-03 03:25:18",1192.7,2,h249748fkv7lyhik897
2505,16702774,FilipJ,"2026-08-16 18:34:05",1192.0,2,filipjarmua
2506,16697021,Vaishnavi22052006,"2026-08-11 18:43:08",1190.6,2,vaishnavi22052006
2507,16672374,"kelly waldeck","2026-08-11 21:07:30",1190.0,2,kellywaldeck
2508,16659890,"Cu Spoon","2026-08-25 22:02:11",1189.6,2,cuspoon
2509,16792586,dodoshark,"2026-09-02 03:05:56",1189.5,2,dodoshark
2510,16664217,Shushantw,"2026-09-03 00:33:49",1189.3,2,shushantw
2511,16634873,shin0000,"2026-08-28 13:16:29",1188.9,1,shin0000
2512,16692711,Deniz,"2026-08-30 09:23:13",1188.7,2,denizeryilmaz
2513,16662166,duy,"2026-08-31 08:50:51",1188.5,2,hduynguyen
2514,16635280,"Narendra Sirvi","2026-08-12 06:43:07",1188.2,2,narendras78
2515,16655826,KKY,"2026-08-11 20:29:38",1188.0,2,evilpsycho42
2516,16656382,Aevion-Labs,"2026-08-10 14:44:32",1187.8,2,aevionlabs
2517,16663919,hnhyhj,"2026-08-13 04:05:56",1187.8,2,hnhyhj
2518,16754838,"Berkay Özkan","2026-08-30 12:51:07",1187.4,2,berkayzkan
2519,16662846,"Kerem Ercin","2026-08-27 05:44:23",1186.9,2,keremercin
2520,16660371,"José Luis Gómezz","2026-08-13 01:37:42",1185.8,2,josluisgmezz
2521,16632146,Haker_Sam,"2026-08-27 10:45:31",1184.9,1,hakersam
2522,16724366,"YASH JAIN","2026-09-02 16:55:20",1184.3,2,yashjain911
2523,16723318,グレイラットルーデウス,"2026-09-02 16:16:36",1183.7,2,rudeus666
2524,16803141,"Zachariah Zhang","2026-09-03 05:26:00",1183.0,2,xinweizhang003
2525,16676356,"Wander waal","2026-08-11 02:48:56",1182.9,2,wanderwaal
2526,16693886,spellstriker,"2026-08-12 22:03:20",1182.8,2,spellstriker
2527,16700630,apoyusiken,"2026-08-12 06:10:52",1182.6,2,umutarpay
2528,16633414,"sagar tripathy","2026-08-13 15:57:56",1181.8,2,sagar8trip
2529,16659692,"Hùng Nguyễn Huy (Hiirooo)","2026-08-11 03:47:45",1181.7,2,hngnguynhuy
2530,16676043,"Tejash Rai","2026-08-14 07:16:01",1181.4,2,tejashrai
2531,16730375,Floth,"2026-09-01 14:39:47",1181.0,2,suwat513
2532,16696769,"maximo lorenzo y losada","2026-08-12 13:07:35",1180.9,2,maximolorenzoylosada
2533,16623381,cocoaAI,"2026-08-21 06:03:38",1179.5,2,cocoaai
2534,16802535,"To be happy","2026-09-01 11:08:41",1179.5,1,yaokaixinya123
2535,16687594,"Andrew Markley","2026-08-13 01:19:04",1179.2,2,andrewmarkley1
2536,16729863,Monkeyzl,"2026-08-22 20:02:21",1179.0,2,monkeyzl
2537,16657091,raw2clean,"2026-08-12 08:12:12",1178.9,2,raw2clean
2538,16679371,ΛYMΞNRH,"2026-08-11 06:43:55",1178.8,2,aymnrh
2539,16691591,"Dheeraj Kumar #3","2026-08-12 04:05:32",1178.8,2,kdheeraz
2540,16728955,"Chris Murphy","2026-08-18 00:02:10",1177.4,2,mur418
2541,16684012,ceh,"2026-08-16 04:58:18",1177.2,2,emilhessman
2542,16695376,Garv88,"2026-08-13 12:19:20",1177.2,2,garv88
2543,16687724,Yijue1,"2026-08-11 02:15:05",1177.1,2,yijue1
2544,16669778,UknesIruka,"2026-08-11 11:13:46",1176.9,2,uknesiruka
2545,16692103,HaniJezo,"2026-08-11 20:32:40",1176.8,1,hanijezo
2546,16663214,"Mathieu W","2026-08-24 14:42:56",1176.8,2,mathieuw
2547,16659679,Civitasmass,"2026-09-03 05:24:29",1175.9,2,godhand
2548,16687824,"André Dkw","2026-08-10 17:17:25",1175.8,2,andrdkw
2549,16709069,"James Mcquay","2026-08-14 18:05:40",1175.8,2,jamesmcquay
2550,16728959,"no pain no gain","2026-08-26 09:02:31",1175.6,2,ilyayurov2000
2551,16640058,"Justin CH123","2026-08-11 09:15:28",1174.9,2,justinch123
2552,16672448,"Crisis Liu","2026-08-11 23:49:49",1174.4,2,crisisliu
2553,16652904,TonightIsOver,"2026-09-03 05:21:47",1173.9,2,tonightisover
2554,16662681,"Vernon Campbell","2026-08-12 23:18:18",1173.7,2,vernoncampbell
2555,16652741,"Sergi Bas","2026-08-12 16:05:13",1173.4,2,sergibas
2556,16707639,Fujinawa,"2026-09-01 21:15:54",1172.5,2,wasshoiwasshoi
2557,16745092,zakihiro,"2026-08-21 07:59:39",1172.4,2,zakihiro
2558,16627995,"Fire Bird","2026-08-11 20:36:45",1171.5,2,xuanleekaggle
2559,16708333,"Phạm Vương","2026-08-11 16:17:10",1169.2,2,vuongphamqq
2560,16704622,ray,"2026-08-11 16:30:13",1168.7,2,rayenezanned
2561,16651331,"Mohamed Saeed","2026-08-11 18:58:08",1168.6,2,m0sm71
2562,16749342,crasal,"2026-09-02 15:03:06",1167.9,2,crasal
2563,16635238,"Tai Tien Ta","2026-09-03 03:25:55",1167.7,2,tittin
2564,16707993,"Sangita Bannore","2026-08-11 14:33:47",1167.4,1,sangitabannore
2565,16675240,Leifson1337,"2026-08-30 16:47:49",1167.3,2,leifson1337
2566,16650485,nasu726,"2026-08-13 13:51:20",1166.2,2,nasu726
2567,16701074,Yan,"2026-08-10 21:29:25",1166.1,1,qujiahui
2568,16660331,A.K.NITHIN,"2026-08-12 12:07:32",1165.9,2,aknithin
2569,16702482,"Carlos Navarro","2026-08-14 05:26:26",1165.6,2,navarr0
2570,16679245,"Krzysztof Gonia","2026-08-28 06:42:51",1165.6,2,krzysztofgonia
2571,16698134,Hossein,"2026-08-12 02:56:17",1165.1,2,tomi85
2572,16676154,"Tuan Tran","2026-08-10 16:29:40",1164.9,2,thtuan
2573,16695137,"Samantha Nicole Bracamonte","2026-08-12 00:35:56",1164.7,2,snrbracamonte
2574,16698942,"PRADHAN RS","2026-08-13 18:06:58",1164.3,2,pradhanrs
2575,16697877,"Sky kun","2026-08-24 12:52:49",1164.3,2,skykun
2576,16660395,ljx59141421,"2026-08-12 01:27:08",1163.8,2,ljx59141421
2577,16793275,"Biao Cao","2026-08-30 13:44:48",1163.8,1,biaocao398
2578,16688136,"Armanzhan Ayan","2026-08-11 16:49:36",1163.8,2,armanzhanayan
2579,16667233,EdGy2k,"2026-08-10 10:41:12",1163.5,2,edgy2k
2580,16657277,"Dude and Destroy","2026-08-31 17:43:38",1162.9,2,raymondbrookman
2581,16679519,"Петьо Лазаров","2026-08-10 22:30:35",1162.7,2,pesosz
2582,16732104,sizumita,"2026-09-03 05:22:32",1162.4,2,sizumita
2583,16739578,"Pietro Valocchi","2026-09-02 21:41:24",1161.9,2,pietrovalocchi
2584,16681848,Haraguchi-T,"2026-09-01 09:03:21",1160.9,2,haraguchit
2585,16658185,"Juwon Kweon","2026-08-25 00:45:16",1160.9,2,juwonkwon
2586,16692490,"Enes Coşkun","2026-08-11 05:37:38",1160.8,2,enscskn
2587,16684075,"Tianfang Li","2026-08-13 14:20:13",1159.8,2,tianfangli1
2588,16655952,"Tianfu Wang (王天夫)","2026-08-12 15:08:12",1159.0,2,wangtf96
2589,16737113,"Sergei Myshianov","2026-08-20 03:24:23",1159.0,2,sergeimyshianov
2590,16701466,"HELIOS reasonning","2026-08-11 22:38:55",1158.4,2,heliosreasonning
2591,16739181,yamu_duck,"2026-08-27 16:28:47",1158.1,2,crazyleg11
2592,16660678,"Chaitanya Sonaje","2026-08-11 13:30:49",1158.1,2,chaitanya205
2593,16655715,Chin,"2026-08-12 06:20:32",1157.3,2,qinyukun
2594,16712651,riicon,"2026-09-02 14:36:28",1157.0,2,risakashiwabara
2595,16696608,beanbamboozled,"2026-08-10 10:45:19",1156.9,2,beanbamboozled
2596,16706004,Divyansh,"2026-08-25 16:38:00",1156.6,2,sehgaldivyansh
2597,16698726,"Honeey L","2026-09-02 07:41:10",1156.1,2,honeeyl
2598,16697411,VynoDePal,"2026-09-02 14:30:09",1156.0,2,kvynodjo
2599,16657429,"xiao cat q","2026-08-12 01:41:13",1155.7,2,xiaocatq
2600,16655474,Focus,"2026-08-31 09:10:43",1154.8,1,overvalueawareness
2601,16639263,Yam,"2026-08-23 15:01:21",1154.6,2,minyam
2602,16632231,"Samrish B","2026-08-30 16:06:48",1153.7,2,samrishb
2603,16671837,"Ronald K Wilson ","2026-08-28 13:09:38",1152.6,2,ronaldkwilson
2604,16643319,Jules,"2026-08-30 13:24:53",1152.5,2,julesvanligtenberg
2605,16624625,"Harsha Vardhan","2026-08-10 07:33:35",1152.4,2,harshacode101
2606,16640869,taijunhao,"2026-08-12 10:26:30",1152.2,2,taijunhao
2607,16786082,"Noberto Frota","2026-08-29 00:40:42",1151.8,1,nobertofrota
2608,16624088,Pomiro,"2026-08-11 04:41:24",1151.4,2,pomiro
2609,16705192,"John Ogah","2026-08-16 03:54:21",1151.1,2,johnogah
2610,16681620,wanwanuil,"2026-08-13 12:43:19",1151.0,2,wanwanuil
2611,16805699,amrrs,"2026-09-02 02:22:18",1150.9,2,nulldata
2612,16689366,"Cuong Le","2026-08-14 08:16:33",1150.9,2,ad1999
2613,16660281,"xiy lin","2026-09-03 05:26:56",1150.6,2,xiylin
2614,16768644,Momoko,"2026-08-25 03:22:50",1150.5,1,yangmengyuanmomoko
2615,16695903,cerensukaramese,"2026-08-14 09:18:05",1150.5,2,cerensukaramese
2616,16633006,Kaiser,"2026-09-01 06:36:38",1150.3,1,kaiserm
2617,16687935,"Sardak Pavel","2026-08-24 11:51:58",1150.2,1,bebra3222
2618,16666296,A.P.R.I.L,"2026-08-24 09:32:28",1148.5,2,puneeth333
2619,16633886,mudesteven,"2026-08-16 02:54:25",1148.3,2,fastlight2007
2620,16659662,MOHSIN525,"2026-09-01 15:43:49",1148.1,2,mohsin525
2621,16677723,"Trip Meiners","2026-08-11 19:26:55",1148.0,2,tripmeiners
2622,16673097,"Sonu Kushwaha","2026-09-01 11:10:15",1148.0,2,sonukushwaha124
2623,16736816,LLE,"2026-08-22 16:50:40",1147.9,2,"rajaditya01,saiash"
2624,16807802,嘴爷,"2026-09-03 02:14:56",1147.5,2,zui0711
2625,16631777,KiKi,"2026-09-03 04:27:02",1147.5,2,kingkiller2164
2626,16746507,Ushimaru,"2026-08-21 09:01:51",1145.8,2,behindkun
2627,16660037,shehai.lrs,"2026-08-11 13:37:32",1145.3,2,shehailrs
2628,16731983,Gracie,"2026-08-30 16:53:05",1144.5,2,gracie428
2629,16661983,"Victor's Team","2026-08-12 12:05:19",1144.2,2,"dlordsjustified,jezrealmomoh,joludare,victorokpe"
2630,16704027,"Alan Cai","2026-08-10 22:36:40",1144.0,1,alancai27
2631,16726422,"Praveen Kumar","2026-08-29 11:25:55",1142.3,2,pankajrepswal
2632,16725287,NoahRyan,"2026-09-01 16:43:26",1142.2,2,beginner080
2633,16665058,"Llin Ding","2026-09-01 05:38:32",1142.1,2,llinding
2634,16725680,henri66,"2026-08-15 21:09:47",1141.1,2,henri665
2635,16639476,耶✌,"2026-08-30 19:52:36",1140.8,1,qifeihhh666
2636,16659618,"Jeevan Jolly","2026-08-13 13:51:52",1140.7,2,jeevanjolly
2637,16804961,explise,"2026-09-02 08:13:03",1140.0,2,explise
2638,16732140,Miaa1526,"2026-08-24 08:58:42",1139.5,2,miaa1526
2639,16675305,"Justin Sabu Sebastian","2026-08-22 23:19:57",1139.4,2,justinsabusebastian
2640,16655210,Amon,"2026-08-16 06:09:04",1139.2,2,kingaemon
2641,16745059,mekduy,"2026-08-29 11:42:07",1138.7,2,mekduy
2642,16724233,"Rafal Porwol","2026-08-21 18:42:37",1137.3,2,rafalporwol
2643,16780558,hxrdxk,"2026-08-29 18:36:48",1137.1,2,hxrdxk
2644,16661093,"INDRAJIT SWAIN","2026-08-15 13:23:37",1136.8,2,indrajitswain
2645,16675582,DavidX,"2026-08-11 06:05:18",1136.5,2,davidasx
2646,16719551,JamesYip7,"2026-08-20 10:24:50",1136.3,2,jamesyip7
2647,16688281,"Luke Stafford","2026-09-03 01:16:04",1136.3,2,luketstafford
2648,16623378,"nvidia fan","2026-09-02 20:25:05",1135.8,2,outwrest
2649,16655693,DePie,"2026-08-10 08:01:37",1134.7,2,phucthaiv02
2650,16652212,"Варим сельский самогон","2026-08-10 16:23:21",1134.5,2,asimandia
2651,16699586,"Linda Liu","2026-09-02 05:38:13",1134.2,2,lpoint
2652,16676275,Scorpi,"2026-08-12 01:34:25",1133.1,2,scorpi
2653,16663603,xsong2020,"2026-09-01 03:17:10",1132.5,2,xstargate
2654,16660594,XIAODOUZI,"2026-08-17 12:06:50",1131.9,2,xiaodouzi666
2655,16633212,goosehaaan,"2026-08-31 23:14:19",1131.4,2,goosehaaan
2656,16662176,"jorge fabian avila","2026-08-10 18:51:13",1131.1,2,jorgefabianavila
2657,16711204,"harden james","2026-08-12 08:00:14",1130.8,1,ffusername
2658,16656181,Vishwa,"2026-08-11 05:46:58",1130.5,2,rv1922
2659,16658983,"Titi Huang","2026-08-24 11:38:29",1130.2,2,titihuang
2660,16697142,Kujaomega,"2026-08-10 22:13:02",1128.9,1,kujaomega
2661,16710469,Qimra1729,"2026-08-13 00:09:57",1128.6,1,qimra1729
2662,16672579,"Udbhaw Anand","2026-08-22 13:15:18",1127.6,2,udbhawanand
2663,16690567,"Falih Kaleel","2026-08-29 10:09:06",1126.9,2,alphajet185
2664,16633793,adakoda,"2026-08-12 01:49:13",1126.0,2,adakoda
2665,16666410,"Binil George","2026-08-12 10:40:43",1125.8,2,binilg
2666,16691275,"Muhiminul Islam   Mahim","2026-08-12 10:04:35",1125.4,2,muhiminulislammahim
2667,16739363,kulukkuluu,"2026-09-03 02:59:00",1125.0,2,kulukkuluu
2668,16688265,"Kyle #2","2026-08-11 01:51:35",1124.6,2,georgeturbo
2669,16664481,"Siddhu Jaykay","2026-08-12 14:02:29",1124.3,2,siddhujaykay
2670,16709504,U023,"2026-08-11 22:04:04",1124.2,1,ryutek
2671,16672075,"Kameron Green","2026-08-11 05:49:32",1122.4,2,hgenix20
2672,16691001,"Mahmoud Abdelshafy","2026-09-02 10:47:38",1121.8,2,mahmoudabdshafy
2673,16652849,Hejunhui,"2026-08-16 14:15:29",1121.5,2,website98
2674,16701221,"Othman Istaiteh","2026-08-10 13:25:38",1121.4,2,istatieh
2675,16796370,MioValentine,"2026-09-03 04:40:51",1121.4,2,yuyizhu
2676,16790115,Starumi,"2026-08-31 00:39:22",1121.3,2,starumi
2677,16705441,CooperJiang,"2026-08-13 06:57:44",1120.4,2,gingersna
2678,16643233,"Marco DG","2026-08-11 06:20:14",1118.9,2,marcodg
2679,16662653,"Jordan Schaeffer","2026-09-03 01:53:45",1118.7,2,jordanmschaeffer
2680,16674353,"Lakshmanan R","2026-09-02 06:32:53",1117.6,2,lakshmanankumar02
2681,16731924,CuddleYokai,"2026-08-19 10:57:11",1116.8,2,cuddleyokai
2682,16685743,"Alex Oranov","2026-08-28 19:30:54",1116.7,2,aoranov
2683,16736429,Rudra278,"2026-08-18 12:07:42",1116.2,1,rudra278
2684,16675752,"Simon Rüba","2026-08-10 14:23:16",1114.9,2,simonrba
2685,16729800,"Alchemical Retard.","2026-08-20 07:28:07",1114.2,2,alchemicalretard
2686,16644891,yankang_XZK,"2026-09-02 18:29:53",1113.2,2,yankang233
2687,16668334,Suavemango,"2026-08-12 05:18:03",1113.2,2,suavemango
2688,16662712,"Roman Stupin","2026-08-27 23:52:01",1112.8,2,rcnegby
2689,16730236,扑晒大街,"2026-09-03 05:09:42",1112.5,2,zihaokang
2690,16690019,Around30,"2026-09-01 15:36:11",1111.7,2,"cyanspring,masahiromatsuda,sutesute000012"
2691,16733111,qihuaz,"2026-09-02 19:21:58",1111.6,2,qihuaz
2692,16761975,lixiuqixiaoke,"2026-08-26 09:59:11",1110.8,2,lixiuqixiaoke
2693,16749435,SGY2512,"2026-08-28 16:10:11",1110.7,2,sgy2512
2694,16666632,to1_10i,"2026-08-19 20:27:42",1108.9,2,to110i
2695,16672040,"Tom Yim","2026-08-12 05:12:30",1108.5,2,tomyim
2696,16666282,"Bang sion","2026-08-22 10:06:06",1107.4,2,bangsioni
2697,16780967,"black hole sun","2026-09-01 02:25:21",1107.3,2,danielefiorino
2698,16653153,Gbining,"2026-08-09 12:21:06",1107.3,2,gbining
2699,16747306,"Yasasvi Josyula","2026-09-02 05:00:23",1104.7,2,yasasvijosyula
2700,16729212,lilishyxf,"2026-09-02 07:18:46",1103.5,1,lilishyxf
2701,16639236,"Dhavan Shah","2026-08-12 18:20:38",1102.2,2,dhavanshah99
2702,16657587,PxlPau,"2026-09-02 13:17:04",1100.6,2,studybeetutoring
2703,16677596,Sere1n,"2026-08-24 06:51:52",1099.8,2,chacc0
2704,16630984,TakamaruEX,"2026-08-31 20:42:33",1099.4,2,takamaruex
2705,16790005,"Rohit Kumar Sahoo","2026-09-02 18:06:49",1096.5,2,rohit4118
2706,16680646,Naym0425,"2026-08-14 04:20:36",1096.4,2,naym0425
2707,16635195,my,"2026-08-18 06:01:08",1096.3,2,ryyymy
2708,16694744,XiaoZhiren,"2026-08-10 13:03:56",1096.1,2,"ruikangan,xiaozhiren"
2709,16658109,edward1503,"2026-08-17 04:22:50",1094.6,2,nguynnc
2710,16698206,"Bark at the Barnyard","2026-08-21 03:21:19",1094.3,2,mming0430
2711,16654122,"Peter Thompson","2026-08-10 17:59:36",1093.8,2,mightytreefolk
2712,16746592,Harvester,"2026-08-21 13:57:05",1092.9,2,yudhis16
2713,16737482,Lindicaphxag,"2026-08-27 03:41:59",1091.4,2,oblivicore
2714,16713031,"Nahid Hossain Redom","2026-08-13 15:38:30",1090.1,2,nahidhossainredom
2715,16662718,xlnt,"2026-08-22 12:37:49",1090.0,2,"princebisht,xlnt404"
2716,16730449,"Shinichiro Yoshida","2026-08-29 16:24:21",1089.8,2,sysd00
2717,16639969,"Sheep Are All You need","2026-08-29 10:49:33",1088.4,2,aliyelbekov
2718,16655323,roma,"2026-08-09 19:49:51",1087.9,2,mnroma
2719,16659430,"John Keith Weber","2026-08-13 05:18:03",1087.7,2,johnkeithweber
2720,16663166,Rey4Dan,"2026-09-03 00:47:39",1084.5,2,rey4dan
2721,16693374,"Henfry De Los Santos","2026-08-12 11:43:51",1084.1,2,henfrydelossantos
2722,16658044,"Roshan Singh","2026-08-22 08:47:57",1083.6,2,roshanavadheshsingh
2723,16659610,gareeb,"2026-08-10 15:46:50",1083.3,2,"arjund29,saqlainsqx,yashawl194"
2724,16713590,"Александр Арутюнян","2026-08-13 05:20:18",1080.9,2,alexarut17
2725,16756592,"Abdalrahman Eissa","2026-08-23 23:43:11",1080.7,2,abdalrahmaneissa
2726,16656810,IskanderAkhmetov,"2026-08-11 07:43:50",1080.3,2,iskander2017
2727,16670545,"Mouad AIT HA","2026-08-18 20:03:55",1080.0,2,mo0103
2728,16695799,Vaycheslav,"2026-08-09 19:44:14",1079.3,2,vaycheslav
2729,16698735,Larfii,"2026-08-21 18:01:02",1079.2,2,larfii
2730,16644378,"hicham bedrani","2026-08-28 11:33:17",1079.2,2,hichambedrani
2731,16654109,"Mohamed Amine Aichaoui","2026-08-22 13:54:01",1078.8,2,mohamedamineaichaoui
2732,16631101,"Muneeb ul Hassan","2026-08-10 09:56:41",1077.3,2,muneeb2405
2733,16705907,Adrià,"2026-08-29 21:57:05",1077.0,2,adriamb3
2734,16633133,"[Deleted] ef4f021b-198c-4d19-9134-3805e9f76f46","2026-08-19 08:49:58",1076.0,2,holeneckles
2735,16760841,KIsXcl,"2026-08-24 14:34:11",1075.7,2,kisxcl
2736,16679347,"Youssef EL MSIYAH","2026-08-09 12:07:55",1075.6,2,youssefelmsiyah
2737,16654752,Agrofitting,"2026-09-03 05:18:34",1075.6,2,"evvfebruary,vinch97"
2738,16660137,Densike,"2026-09-02 15:47:33",1075.2,2,densike
2739,16667124,"Chaotic Era","2026-08-12 01:26:13",1074.3,2,sani84
2740,16639583,typeIIIfairy,"2026-08-19 13:09:28",1074.1,2,typeiiifairy
2741,16679810,"Patrick Joël MAIRLOT-MBEZELE","2026-08-12 14:47:54",1073.5,2,pigenesis75
2742,16674744,"Burhan Ul Tayyab","2026-08-10 10:55:43",1073.5,2,babychick
2743,16760101,"Big Moo","2026-08-25 00:52:06",1072.8,2,abdullahramadan1
2744,16671314,"Robot Farm","2026-08-29 16:54:23",1072.6,2,codearranger
2745,16657598,"Arun Mallikarjuna","2026-08-10 04:29:14",1072.5,2,arunmallikarjuna
2746,16666442,"SHALWIN SANJU","2026-09-03 05:45:50",1072.5,2,shalwinsanju
2747,16663928,Auxileon,"2026-08-09 16:20:13",1072.1,2,auxileon
2748,16669439,"RL на спорах и мухоморах ZZZZZ","2026-08-23 09:29:37",1071.1,1,egoregors
2749,16653385,"Vasilii Buzmakov","2026-08-26 09:29:04",1070.6,2,vasiliibuzmakov
2750,16645078,"A Aswanth Raj","2026-08-09 08:57:36",1070.0,2,aaswanthraj
2751,16784691,"Emre Kurubaş","2026-09-03 02:51:13",1069.6,2,emrekuruba
2752,16694346,ywwywww,"2026-08-10 03:34:01",1069.6,2,ywywww
2753,16672660,"Straw Hat","2026-08-11 06:14:47",1069.1,2,"anuragugargol,tanishafagare114"
2754,16698661,"Albert Wang","2026-08-10 03:51:15",1069.0,1,mianwang1024
2755,16654322,"Debatreya Biswas","2026-08-10 02:02:38",1068.6,2,debatreyabiswas
2756,16696852,MYGEMER,"2026-08-09 15:43:13",1068.1,1,mygemer
2757,16722500,"Mike Murunov","2026-08-16 15:18:17",1067.5,2,mikhailmurunov
2758,16684639,Bru3ll,"2026-08-09 15:50:45",1067.3,2,bru3ll
2759,16684947,Hoaquason,"2026-09-03 01:38:35",1067.3,2,"datnguyen0102,mibombaclat"
2760,16699784,nianyu,"2026-08-10 09:46:32",1065.0,2,nianyuc
2761,16663780,"Hamza Kanice","2026-08-09 00:08:11",1064.7,2,hamzakanice
2762,16674881,"Saisree Dhanasekaran","2026-08-20 08:09:07",1064.5,2,saisreedhanasekaran
2763,16684852,後藤将斗,"2026-08-24 14:51:20",1064.4,2,masato09
2764,16694065,zhangwei02,"2026-08-30 09:29:12",1063.3,2,zhangwei02
2765,16660430,"Hassaan Ibrahim","2026-08-10 12:45:55",1062.9,2,hassaanibrahim
2766,16672980,"Thomas Prinz","2026-08-09 13:57:51",1062.8,2,xardiphotography
2767,16661899,AAI,"2026-08-09 14:23:08",1061.4,2,aiolapo
2768,16672247,"Movie Watch2022","2026-08-18 19:48:12",1060.5,2,moviewatch2022
2769,16689471,wenjinyang,"2026-08-11 13:32:09",1058.2,2,wenjinyang
2770,16792989,ALKRIS,"2026-08-31 14:35:26",1057.9,2,wasimjbuh
2771,16698467,"Ra'uf Fauzan Rambe","2026-08-10 04:29:13",1057.0,2,rauffauzanrambe
2772,16638998,"khalid harouach","2026-09-02 14:19:04",1055.9,2,khalidharouach
2773,16631536,kglctf,"2026-09-03 03:03:35",1055.8,2,kglctf
2774,16658875,"Noah Bishop","2026-08-10 09:56:34",1054.9,2,noahbishop1
2775,16639496,"Sai Teja Bandaru","2026-08-11 14:51:49",1054.2,2,saitejabandaruin
2776,16665500,"Madan kumar","2026-08-13 17:31:57",1053.5,2,winklemad
2777,16679848,Nikola010,"2026-08-13 16:29:19",1053.4,2,nikola010
2778,16635518,"ROFIQUL ALAM SHEHAB","2026-08-09 11:49:00",1051.9,2,rofiqulalamshehab
2779,16670202,"Elizabeth Park","2026-08-09 20:33:17",1051.5,2,elizabethpark
2780,16726173,"Aman Bihari","2026-08-23 12:51:05",1051.1,2,amanbihari
2781,16685828,Ztr0,"2026-08-09 05:53:10",1050.8,2,y1amadeus
2782,16683982,Kenny,"2026-08-16 19:43:13",1050.7,2,kmonar
2783,16672371,Loren-wen,"2026-08-09 13:23:49",1050.5,2,wofusituerte
2784,16623461,MightyK,"2026-08-09 05:36:23",1049.7,2,anhhkhoi
2785,16715729,Ajay_Rao_43,"2026-08-17 04:34:13",1049.5,1,ajayrao43
2786,16662041,"Thu Nguyen","2026-09-03 04:11:27",1049.1,2,thunguyen1510
2787,16669038,"Nabeel Shar","2026-08-09 13:29:09",1048.9,2,nabeelshar
2788,16623189,"Aditya Mishra","2026-08-09 03:42:06",1048.8,2,adityamishranika
2789,16652214,Zhenrui.Weng,"2026-08-09 06:45:10",1048.6,2,zhenruiweng
2790,16657989,"vishnu gopal P","2026-08-08 12:27:56",1048.0,2,vishnugp
2791,16675778,213tubo,"2026-08-28 09:58:57",1047.9,1,tubotubo
2792,16724895,russ,"2026-08-19 08:55:30",1047.5,2,mdevian
2793,16661249,Yaohui,"2026-08-26 14:59:02",1046.6,2,yaohui85
2794,16629699,radiant-allomancer,"2026-09-02 07:25:14",1045.8,2,radiantallomancer
2795,16624309,jjamppongmandu,"2026-08-10 01:36:25",1045.6,2,"beckspeca,hihiimj,jjamppongmandu"
2796,16624485,"Nishant Dahal","2026-08-10 02:24:42",1045.4,2,nishantdahal
2797,16690829,JeremyH43,"2026-08-16 00:06:30",1044.8,2,jeremyh43
2798,16664179,animelonerboy,"2026-08-09 15:52:55",1044.5,2,adambasa5
2799,16652827,"Rob C","2026-08-14 03:04:30",1044.4,2,robertcheah
2800,16635330,tekatoncat,"2026-08-16 23:42:10",1044.1,2,tekatoncat
2801,16694751,im_justmatthew,"2026-08-10 11:27:00",1043.2,2,imjustmatthew
2802,16732496,kanno,"2026-08-18 04:16:14",1043.0,2,kannomasaki
2803,16661739,"Spandan Mhapsekar","2026-08-08 10:39:41",1042.4,2,spandanmhapsekar
2804,16665976,"Daksh Goyal","2026-08-08 20:36:06",1042.4,2,dakshgoyal387
2805,16732008,"Phoebe Lin","2026-09-03 03:14:56",1042.3,2,phoebe0511
2806,16659585,"Anas Riaz","2026-08-08 20:20:23",1042.3,2,anasriaz
2807,16678930,"Just a moroccan","2026-08-09 13:45:12",1042.2,2,zbidaamine
2808,16695182,"Ali Haydar Özdağ","2026-08-10 14:29:59",1041.9,2,ahoirg
2809,16684568,"[ODS] waniz","2026-08-08 11:04:42",1041.9,1,wanizz
2810,16668758,"Aman Vishwakarma","2026-08-09 17:33:00",1040.9,2,amanvishwakarma01
2811,16661707,"Rudolf HOUNLETE","2026-08-09 11:41:08",1040.9,2,queystanle
2812,16622487,"Sam kramer_1028","2026-08-18 09:40:58",1040.6,2,samkramer1028
2813,16789865,AgroByte-dev,"2026-09-02 14:39:25",1040.1,2,ylyasyylkybayev
2814,16765151,htnhtn,"2026-09-02 08:20:40",1039.7,2,htnhtn
2815,16622376,fmind,"2026-08-21 15:49:18",1039.6,2,freaxmind
2816,16659958,brainpick,"2026-08-24 21:54:50",1039.4,2,prathvirajpalekar
2817,16683439,Goober,"2026-08-10 19:46:41",1039.1,2,kongzhisyuen
2818,16692038,CodeHacker,"2026-08-09 07:58:52",1039.0,2,junhanzangai
2819,16662592,"Vladislav Yushkevich","2026-08-09 14:54:24",1038.7,2,"crazyflyingsheep,vladislavyushkevich"
2820,16705242,"Chonghao Peng","2026-08-26 21:16:03",1038.3,2,chonghaopeng
2821,16644150,"J.M.Mubasshir Rahman","2026-08-09 17:15:01",1038.2,2,jmmubasshirrahman
2822,16683909,"Krzysztof ""Chris"" Karaszewski","2026-08-14 08:41:11",1037.7,2,futureofworkchannel
2823,16725564,"Kole Duncan Robertson","2026-08-31 01:40:11",1036.9,2,kduncanrobertson
2824,16683036,"Ritesh Thawkar","2026-08-14 08:34:08",1036.7,2,riteshthawkar
2825,16720913,Candidates,"2026-08-23 17:18:05",1036.5,2,"ulyanovmmm,vladimirarchipov"
2826,16655076,"Tita Kongolo","2026-08-08 09:08:57",1035.9,2,titakongolo
2827,16660385,"Jose Santiago Echevarria","2026-08-25 12:02:45",1035.2,2,jmsechevarria
2828,16771780,Trichoderma,"2026-08-29 01:41:24",1035.0,2,brunoescalhao
2829,16679683,Aberrchan,"2026-08-08 17:44:32",1034.7,2,aberrchan
2830,16664242,"Alex Lee","2026-08-11 03:43:12",1034.3,2,aiexanderr
2831,16630249,"Aymar Avohoueme","2026-08-20 10:22:33",1034.1,2,aymaravohoueme
2832,16624003,weedfarmer,"2026-08-08 05:34:16",1034.0,2,aleksanderhan
2833,16667091,"Nico Feiler","2026-08-07 14:27:47",1033.7,2,nicofeiler
2834,16694317,"PRITIKA SA","2026-08-09 07:17:19",1033.4,2,pritikasa
2835,16762837,Nagamatsur,"2026-09-02 19:34:00",1033.1,2,rihitonagamatsu
2836,16670117,"Raj Aryan","2026-08-07 18:15:04",1033.0,2,rajaryan2503
2837,16749776,DataLover,"2026-08-20 16:34:37",1032.6,1,paulknidler
2838,16665841,"Mohit Rao","2026-08-09 05:05:31",1032.4,2,vmohitrao
2839,16674839,"hongqian miao","2026-08-08 09:24:03",1031.8,2,hongqianmiao
2840,16658499,Grifun,"2026-08-09 03:24:51",1031.5,2,msingatullin
2841,16684762,X-xuhui,"2026-08-08 10:07:58",1031.5,2,xxuhui
2842,16688579,"Long Hu","2026-08-09 09:41:04",1031.2,1,longhul
2843,16692469,neoistheone,"2026-08-08 18:38:13",1031.0,1,neoistheone
2844,16732679,argon,"2026-08-19 08:32:47",1031.0,2,argonlabs
2845,16623034,"Vlad Kochetov","2026-08-10 21:43:51",1030.9,2,vladkochetov07
2846,16669930,"Ilya Klimanov","2026-08-25 13:30:13",1030.9,2,ilyaklimanov
2847,16640332,"ning gu","2026-08-21 00:01:22",1029.2,2,morninggu
2848,16742442,"Anton Dugin","2026-08-21 09:51:07",1029.2,2,antondugin
2849,16653262,"tianwen zhang1","2026-08-08 16:21:18",1029.1,2,tianwenzhang1
2850,16653984,"Howard Lyu","2026-08-08 18:35:00",1029.0,2,howardlyu
2851,16663668,"╰┈➤ˎˊ˗ www.sleepyai.org","2026-08-08 23:49:32",1028.5,2,tahsinarafat
2852,16665353,Sakshamm2587,"2026-08-17 16:50:43",1028.4,2,sakshamm2587
2853,16661100,"Muhammad Junaid","2026-08-17 10:50:45",1028.3,2,junaid512
2854,16692883,coolguy,"2026-08-08 20:56:21",1027.9,1,vihangpagare334
2855,16771456,"Tianrun Liao","2026-09-02 17:27:38",1027.7,2,tianrunliao1
2856,16655497,cszf_first,"2026-08-09 02:06:46",1027.4,2,cszffirst
2857,16665935,eternitywinner,"2026-08-08 14:41:53",1027.3,2,eternitywinner
2858,16653982,"Arul Prasad S P","2026-09-03 05:45:38",1027.2,2,arulprasadsp
2859,16717671,Jeremy,"2026-09-01 15:58:58",1027.0,2,lukeenness
2860,16686843,"Juraj Zelman","2026-08-09 08:40:09",1026.5,2,jurajzelman
2861,16660101,Zarathustra,"2026-08-12 02:48:18",1026.5,2,rezkyadytama
2862,16734498,kazuhiro3381,"2026-09-03 03:37:29",1026.2,2,kazuhiro3381
2863,16634082,"Mikey Marszewski","2026-08-09 00:46:00",1026.0,2,mikeymarszewski
2864,16676038,"Adyanth M","2026-08-09 05:12:40",1025.7,2,adyanthm
2865,16670406,"jessica jennifer","2026-08-20 15:55:41",1025.6,2,jessicajennifer
2866,16738705,"Atilla Y","2026-08-25 06:27:51",1025.1,2,atillay
2867,16681986,"Chirantan Bhardwaj","2026-08-07 10:07:52",1024.1,1,chirantanbhardwaj
2868,16667245,"KAIWALYA RAUT","2026-08-09 09:04:25",1023.8,2,kaiwalyaatulraut
2869,16633043,"Ryan Adams","2026-08-27 23:24:08",1023.0,2,ryanadamsai
2870,16669711,"Anton Shaniuk","2026-08-09 12:46:11",1022.9,2,antonshaniuk
2871,16695283,"Mark Baushenko","2026-09-02 18:49:57",1022.9,2,e0xextazy
2872,16690897,"Ashok Kumar Garain","2026-08-08 13:26:11",1022.6,1,ashokkumargarain
2873,16630372,Q.qlmmm,"2026-08-24 18:25:02",1021.5,2,qlammi
2874,16634468,"Kun Zhang","2026-09-01 11:38:47",1021.5,2,beicicc
2875,16678506,SireeshLimbu,"2026-08-08 08:39:43",1020.5,2,sireesh
2876,16692677,"Ashish Dubey","2026-08-10 06:17:34",1020.4,2,ashish124536
2877,16677399,lyts,"2026-08-23 16:04:08",1020.1,2,lytsyyds
2878,16692970,LakoMoor,"2026-08-09 17:43:25",1019.6,2,lakomoor
2879,16680075,I_luv_magick,"2026-08-07 09:50:30",1019.3,2,iluvmagick
2880,16664827,"Jose Miguel Diez de la Lastra","2026-08-07 16:08:49",1019.0,2,josemigueldiez
2881,16625472,"luna is free！","2026-08-29 16:39:51",1018.9,2,simingtan
2882,16654626,bgsszsa,"2026-08-07 12:01:33",1018.5,2,bgsszsa
2883,16658278,"Malcolm Durosaye","2026-08-18 20:59:51",1018.4,2,malcolm95
2884,16662161,"Touhidul Alam Seyam","2026-08-10 12:39:51",1018.3,2,seyamalam
2885,16658789,Zhanpeng.W,"2026-08-08 10:05:26",1017.8,2,zhanpengw
2886,16623485,XtraLearning,"2026-08-09 17:10:36",1017.7,2,xcessivesmash
2887,16660120,gktdgktdgktd,"2026-08-07 07:50:45",1017.6,2,gktdgktdgktd
2888,16662730,Operator-X,"2026-08-08 10:06:04",1017.3,2,"jpexee,lavlinjaisonme23b250"
2889,16689084,Tam1m,"2026-08-29 09:56:39",1017.3,2,booleanwolf
2890,16664409,"Kathi Munishwar","2026-08-09 03:37:05",1016.7,1,kathimunishwar
2891,16670361,"Saud Saudesen","2026-08-15 22:16:42",1016.4,2,saudsaudesen
2892,16670065,"Artyom Sayapin","2026-08-18 23:40:18",1014.8,2,spielmeister
2893,16656347,OctahedronBB,"2026-08-07 00:52:27",1014.7,2,octahedronbb
2894,16687463,"Manolo Chow","2026-08-09 22:56:20",1014.3,2,manolochow
2895,16664283,"Nguyễn Hữu Công","2026-08-07 05:24:48",1014.2,2,nguynhucng
2896,16682336,"Çınar Efe Yetişen (Student)","2026-08-19 08:29:20",1014.1,2,narefeyetienstudent
2897,16655763,"Diogo Sena","2026-08-22 17:08:45",1013.8,2,diogodmsena
2898,16731259,"Manvik singh rathore","2026-08-30 17:18:55",1013.8,2,manviksinghrathore
2899,16671372,"Meet Sabhaya","2026-08-08 06:02:13",1013.8,2,meetsabhaya
2900,16681226,"tingting shen","2026-08-10 09:24:23",1013.6,2,tingtingshen99
2901,16676025,"Csaba József","2026-08-31 19:31:00",1013.5,2,"jcsaba,peterkiss4"
2902,16665015,"laiba razzaq10","2026-08-07 14:21:49",1013.2,2,laibarazzaq10
2903,16666358,"GAYATHRI SALINI","2026-08-07 07:55:26",1013.1,2,gayathrisalini09
2904,16663369,csteeve,"2026-08-07 18:44:37",1011.7,2,csteeve
2905,16671403,"Alex Karpowicz","2026-08-08 18:36:52",1011.5,2,alexkarpowicz
2906,16626203,"Manish Kumar Maurya","2026-08-18 17:01:59",1011.4,2,manishkumarmaurya11
2907,16670020,nanare,"2026-08-28 19:08:06",1011.0,2,nanaresudo
2908,16666826,"Simone di costanzo","2026-08-07 19:38:11",1010.2,2,simonedicostanzo
2909,16688898,"Sanskar Omar","2026-08-09 11:10:44",1010.2,2,sanskaromar7
2910,16685358,"Nuno Ferreira","2026-08-07 13:48:37",1009.8,1,ngcferreira
2911,16683852,"Abhiram Anil","2026-08-08 06:26:11",1009.6,2,abhiramanil
2912,16732667,Doug,"2026-08-26 23:26:49",1009.6,2,dougsgrott
2913,16786496,"Lê Quang Cảnh","2026-09-03 05:29:47",1009.6,2,zhincez
2914,16670221,fle3n,"2026-08-08 19:48:37",1009.4,2,fleongg
2915,16670378,"Ari Carter","2026-08-08 23:18:02",1009.1,2,aricarter
2916,16671174,Alexandre008,"2026-08-09 12:29:49",1009.0,2,alexandre008
2917,16641535,Tutti,"2026-08-09 12:38:55",1008.2,2,malk271828
2918,16716558,"Evan Tobias","2026-08-31 19:19:50",1007.8,2,evantobias
2919,16655156,"Pranjal Ranjan","2026-08-06 23:58:43",1007.5,2,pranjalranjan299
2920,16660613,今日洗澡明日香,"2026-08-07 09:58:49",1007.1,2,"jasperkag,ryjiang,timmengzh,yningc"
2921,16658670,EveryJust,"2026-08-07 08:33:35",1007.1,2,"everyjust,zfc666wsnd"
2922,16676193,"Akira Hirohashi","2026-08-07 14:00:23",1007.0,2,akirahirohashi
2923,16634174,phibkro,"2026-08-07 03:10:52",1006.3,2,phibkro
2924,16663457,Furqan102102,"2026-08-09 12:02:35",1006.3,2,furqan102102
2925,16660259,Marcus,"2026-08-08 17:23:34",1006.1,2,marcuseno
2926,16659730,"Zhang Yingluo","2026-08-10 08:15:53",1005.8,2,zhangyingluo
2927,16665529,Venneth,"2026-08-08 12:32:20",1005.5,2,venneth
2928,16680408,mochogo,"2026-08-07 05:42:33",1004.6,1,mochogo
2929,16631400,JZ,"2026-09-02 23:09:21",1004.1,2,zhoujiachen
2930,16736559,"Team Rot-Weiß","2026-08-19 13:22:35",1003.5,2,moritzpaal
2931,16667219,"Komil Parmar","2026-08-08 10:00:55",1003.4,2,komilparmar
2932,16668034,ggggalaxy,"2026-08-28 04:56:40",1001.8,2,ggggalaxy
2933,16681480,"Kevin Nguyen","2026-08-14 18:16:29",1001.3,2,haidangnguyen1802
2934,16639606,Peach2587,"2026-08-12 03:19:13",1001.2,2,momokayoshioka
2935,16671588,Keisuke,"2026-09-03 03:36:28",1000.3,2,keisukeueda
2936,16693382,Sandrone,"2026-08-29 07:40:35",999.9,2,luvgoelo
2937,16643193,"Shoroogh Ahmadi","2026-08-13 10:36:43",999.7,2,shorooghahmadi
2938,16623524,"Marcus Vinicius","2026-08-28 13:04:15",999.7,2,marcux777
2939,16706222,"Xiangyu Liu","2026-08-31 12:32:34",999.7,2,xiangyuliu007
2940,16665898,chengsongtao,"2026-08-23 00:12:59",999.3,2,cheng618
2941,16666686,yolo,"2026-08-08 12:08:38",998.6,2,avin55
2942,16670671,"TAUIL Abd Elilah","2026-08-11 01:17:39",998.0,2,tauilabdelilah
2943,16631665,"jatan sanghvi","2026-08-07 06:10:48",997.5,2,jatansanghvi
2944,16622788,Fitzcarraldo,"2026-08-07 14:17:24",997.2,2,ivankuc
2945,16664666,"Rheal Thomas","2026-08-21 19:29:44",995.8,2,rhealthomas
2946,16630441,"yjhv buddies","2026-08-07 09:50:05",995.0,2,bender1123123
2947,16671515,ziheng,"2026-08-07 09:47:38",994.6,2,zihengedie
2948,16644552,Keanan,"2026-08-08 11:35:17",993.8,2,citerne
2949,16637919,NoOneAhead,"2026-08-07 05:12:50",992.4,2,jerrlu
2950,16654697,KawattaTaido,"2026-09-02 03:27:25",991.4,2,kawattataido
2951,16673002,xubenzheng,"2026-08-07 15:40:31",991.3,2,xubenzheng
2952,16674932,kokinnwakashuu,"2026-08-07 07:20:19",990.0,2,kokinnwakashuu
2953,16729472,"Boris Pletenev","2026-08-16 17:23:56",990.0,1,borispletenev
2954,16671844,I2nfinit3y,"2026-08-07 02:27:10",989.8,2,i2nfinit3y
2955,16670058,"Dahoui Alex Armel ","2026-08-07 01:02:07",989.7,2,dahouialexarmel
2956,16656118,Mutte1904,"2026-08-07 05:03:56",989.7,2,mutte1904
2957,16669491,"Parakh Sharma","2026-08-06 10:59:33",989.7,2,parakh20
2958,16673179,"Muhammad Faraz Aftab","2026-08-09 10:18:58",989.3,2,muhammadfarazaftab
2959,16686155,梁圣的恩情还不完,"2026-08-16 15:48:21",988.3,2,yyyyhhhhwww
2960,16630129,"Yi Lu","2026-08-08 05:23:05",988.1,2,liqiu0224
2961,16660537,Furina,"2026-08-08 13:52:01",988.0,2,cjlcjlcjl
2962,16668029,Timbo615,"2026-08-07 11:56:21",987.9,2,timbo615
2963,16668668,"George Byne","2026-08-25 10:10:36",987.3,2,georgebyne
2964,16698071,nixotrix,"2026-09-02 06:35:23",986.3,2,nixotrix
2965,16653208,FabienDaniel,"2026-08-07 10:17:38",985.7,2,fabiendaniel
2966,16658723,"Waleed Alkhateeb","2026-08-05 13:31:44",985.7,2,waleedalkhateeb
2967,16621802,fgwiebfaoish,"2026-08-13 12:21:54",984.9,2,fgwiebfaoish
2968,16678288,"Speedrun retirement","2026-08-30 18:59:23",984.6,2,"josephkimanikamau,nanducode"
2969,16640701,momoon,"2026-09-02 17:20:58",984.6,2,nomuraryota
2970,16653117,"li jiaqi77","2026-08-07 05:32:06",984.0,2,lijiaqi77
2971,16685990,VictorAndrew,"2026-08-10 16:39:51",983.9,2,vicktvr
2972,16690889,"B A S E L #","2026-08-08 14:47:22",983.6,2,basselll
2973,16702674,"Varun S G","2026-08-25 12:24:45",983.4,2,warun7
2974,16673131,"Arfin Mustofa","2026-08-19 01:46:41",983.3,2,arfinmustofa
2975,16665169,"Rahul Barakoti ITM","2026-08-07 10:58:30",983.1,2,rahulbarakotiitm
2976,16657957,"Mounika Kommireddy","2026-08-08 07:57:32",983.0,2,mounikakommireddy
2977,16667714,ZhexinJiang,"2026-08-06 11:26:30",982.7,1,zhexinjiang
2978,16670040,galaxyhunter,"2026-08-17 19:22:06",982.5,2,pkharkwal
2979,16665129,Doom,"2026-08-18 04:28:35",981.9,2,"mr6436,sanskaarundale"
2980,16679237,"Danilo Sepúlveda","2026-08-06 21:26:28",981.7,1,daniloseplveda
2981,16666625,"Nguyen Ngoc Thien","2026-08-07 16:12:04",981.7,2,ngocthienai
2982,16675753,Khafidin,"2026-08-12 05:16:26",981.5,2,khafidin
2983,16669273,Parag,"2026-08-07 02:10:29",981.1,2,paragkale
2984,16676280,agniii,"2026-08-06 17:05:08",980.7,2,agniii
2985,16639280,"Faruk Çiftler","2026-08-09 11:27:46",980.5,2,abdullahfaruk
2986,16659820,Accayo14,"2026-08-06 14:20:30",980.5,2,accayo14
2987,16676677,"Clark Stéphane","2026-08-07 18:58:45",980.2,2,clarkstphane
2988,16642154,Burkina_team_mate,"2026-08-06 15:30:54",980.1,2,"belemkalilou,tedjosegregorybere"
2989,16630758,"Keshav Joshi","2026-08-20 18:53:37",979.8,2,keshavjoshi22
2990,16627194,GzmCR632,"2026-08-10 14:31:37",979.8,2,gzmcr632
2991,16681065,SYC,"2026-08-07 03:22:25",978.0,1,yichengs
2992,16669608,"Jesy Lu","2026-08-13 16:21:53",978.0,2,jesylu
2993,16664368,"Ujjwal Reddy","2026-08-10 19:43:26",977.8,2,ujjwalreddyks
2994,16660215,"YoungDSML [dsml.kz]","2026-08-06 16:29:33",977.6,2,"mazgas,nurikw3"
2995,16623920,"Kazuta MIZUTA","2026-08-07 03:22:25",977.6,2,kazutamizuta
2996,16743033,Nagahama,"2026-08-29 20:09:15",977.5,2,kazukinagahama
2997,16762722,"Bruno Romero García","2026-08-31 20:24:32",977.2,2,brunoromerogarca
2998,16795448,ultimatum_game,"2026-09-01 14:09:28",977.0,2,ultimatumgame
2999,16729092,"ayman elamin","2026-09-03 05:28:01",976.5,2,aymanelamin
3000,16675027,namanbnsl,"2026-08-06 13:02:52",976.5,2,namanbnsl
3001,16633276,"Nolan Liang","2026-08-09 03:26:47",975.8,2,iamlkn
3002,16673604,"Jiman Kwon","2026-08-21 17:23:47",974.5,2,jimankwon
3003,16640582,Attension_Seeker,"2026-08-10 06:57:51",973.6,2,aisipu
3004,16684470,"Soumi Ghosh","2026-08-11 10:59:07",973.3,2,soumighosh911
3005,16658709,"Kaggler Albafica","2026-08-06 10:05:39",973.2,2,kaggleralan
3006,16659000,xjlgg123,"2026-08-08 12:35:10",973.0,2,xjlgg123
3007,16643922,Konstantin03,"2026-08-07 13:37:54",972.9,2,konstantin03
3008,16652900,cjen07,"2026-08-07 23:33:05",972.7,2,cjen07
3009,16665431,"Monojit Nandy","2026-08-06 11:50:38",972.5,2,vedarthmn
3010,16654623,"Asher Goldstein","2026-08-09 17:54:27",972.5,2,ashergoldsteincd21
3011,16676283,jnurik,"2026-08-07 17:24:01",972.3,2,nurdauletmoldik
3012,16660091,bcTiann,"2026-08-06 05:55:54",971.8,2,bctiann
3013,16729165,コーラ,"2026-08-23 07:30:40",971.6,2,cola0912
3014,16665561,LuoXingda,"2026-08-07 08:22:42",971.4,2,luoxingda
3015,16654832,mohit,"2026-08-07 00:01:08",971.2,2,mohitvarred
3016,16621716,harlen,"2026-08-06 08:04:24",971.1,2,harlenka
3017,16659525,"Dang Khoa Nguyen","2026-08-17 09:51:16",970.6,2,khoadangnguye
3018,16634078,"yoho kumedayo","2026-08-15 12:48:29",970.3,2,dorachinyastyle
3019,16661994,"Suvrat Rai","2026-08-16 09:04:58",970.1,2,suvrat11rai
3020,16656941,"Winter Lamb","2026-08-30 00:06:56",969.9,2,fabiansyahcahyo
3021,16664360,"Rohan L","2026-08-28 22:21:41",968.9,2,rohanlopes
3022,16764081,"Demir Durbakayım","2026-08-29 21:21:56",968.9,2,sixcode
3023,16674550,"Jebastin Nadar","2026-08-06 10:09:16",968.9,2,samfc10
3024,16709872,"Tim McGarvey","2026-09-03 03:58:04",968.2,2,timmcgarvey
3025,16669518,Galagala,"2026-08-07 18:35:59",968.1,2,b12705059
3026,16658717,"Aditya Kapadia","2026-08-06 14:32:16",967.4,2,adityakapadia2003
3027,16809200,v0m0v,"2026-09-03 03:47:47",967.4,2,maguchiya
3028,16653939,"Amr Yasser","2026-08-06 17:56:07",967.2,2,amryasswe
3029,16677240,"Jeevan Malla","2026-08-07 07:37:46",967.1,2,jeevanmalla
3030,16669971,"Luka Philip","2026-08-08 16:09:32",966.0,2,lukaphilip
3031,16782792,"[Deleted] bdc3c175-811b-438f-9c3a-c2d9c80c106a","2026-08-29 07:16:45",964.9,2,del=e8b93c44cf962f9e
3032,16671292,Yuyajk,"2026-08-07 09:00:27",964.6,2,yuyajk
3033,16691451,Nakano,"2026-09-02 07:37:11",964.5,2,spicatom0914
3034,16679155,jeziorop,"2026-08-06 20:34:53",964.5,1,jeziorop
3035,16658025,"Dennis Gioche","2026-08-06 09:08:34",964.5,2,dennisgioche
3036,16671407,JBro13,"2026-08-07 02:29:02",964.4,2,jbro13
3037,16663591,"Joseph Franck","2026-08-25 10:07:56",964.3,2,josephfranck
3038,16668736,bhundreds,"2026-09-02 12:22:50",963.7,2,hundreds1103
3039,16744809,"Ruben Romero Fernández-Monge","2026-08-25 18:00:39",963.6,2,salieri7
3040,16673155,"Babar Khilji","2026-08-06 15:55:26",963.3,2,babarkhilji
3041,16659727,shuaiqiyang,"2026-08-06 08:48:53",962.8,2,shuaiqiyang
3042,16758431,"Mathews Jere","2026-08-26 18:10:25",962.7,2,mathewjere
3043,16657290,lol-hiker,"2026-08-31 07:57:12",961.5,2,lolhiker
3044,16660555,"Nguyễn Nhật Thanh","2026-08-07 03:45:29",961.3,2,nguynnhtthanhhhhh
3045,16796145,Qian,"2026-09-01 15:04:00",961.2,2,"aurelianz,qianyuchaoni"
3046,16658384,UwU,"2026-08-10 04:20:44",961.0,2,claudesewitz
3047,16798317,"Baran Akyıldız","2026-09-03 05:35:19",960.6,2,baranakyldz
3048,16658213,"Ahmet Abdullah Gültekin","2026-09-03 00:20:03",960.4,2,abdullahgultekin
3049,16699246,"Labh Khatke","2026-09-03 05:26:15",958.7,2,labhkhatke
3050,16642579,"Desyat IO","2026-08-09 17:31:59",958.1,2,desyatio
3051,16791873,Sanjay,"2026-09-02 16:41:53",957.0,2,sanjay6727
3052,16695567,tera358,"2026-09-01 18:15:35",956.9,2,tera358
3053,16635781,wacata,"2026-08-19 14:53:05",956.8,2,wacata
3054,16630729,https://how.rl.works/,"2026-08-10 10:29:32",956.5,2,grennwolf
3055,16667606,Manifolds1,"2026-08-06 16:36:46",955.6,2,ptrakuldit
3056,16668545,Ronty00,"2026-08-06 08:24:07",955.3,2,ronty00
3057,16631016,木下陽平,"2026-08-06 14:52:20",955.2,2,yoheikaggle
3058,16655493,TheDigitalCK,"2026-08-07 12:31:58",954.9,2,thedigitalck
3059,16677675,"Roman Mironov","2026-08-06 17:30:28",954.3,1,helloromiro
3060,16668039,NotEnoughTokens,"2026-08-06 13:04:52",954.3,2,"adofai,jonghyun7777,taglink"
3061,16639125,"Caio Coelho","2026-08-09 15:38:12",954.2,2,caio41
3062,16664170,SpookyHippo,"2026-08-06 02:44:29",953.8,2,spookyhippo
3063,16654726,"James Mancillas","2026-08-07 15:46:12",953.8,2,jamesmancillas
3064,16653958,seowoohyeon,"2026-08-06 11:48:06",953.7,2,seowoohyeon
3065,16675203,HK,"2026-08-06 11:38:05",952.9,1,hizurukonishi
3066,16632446,"Abdul Wahab Khan","2026-08-06 04:53:37",952.8,1,abdulwahab2321
3067,16683288,HuaLQin,"2026-09-03 00:49:05",952.7,2,hualqin
3068,16666609,"visit palja.co","2026-08-15 03:34:49",952.3,2,sselrats
3069,16641326,IY,"2026-08-05 19:27:31",951.6,2,irotrader
3070,16797785,"Vivek Verma","2026-08-31 20:36:45",951.5,2,cosmicescape
3071,16774884,assssstnuar,"2026-09-02 15:33:44",951.0,2,assssstnuar
3072,16667205,"Andrew Lee","2026-08-06 11:16:52",950.2,1,andrewlee23023
3073,16690500,Mr.NoT_GaMeR,"2026-09-02 11:39:31",950.0,2,joshdilipkumarpatel
3074,16659045,Rai1,"2026-08-08 11:53:28",949.7,2,rai2003
3075,16655353,"Pablo Montenegro","2026-08-09 02:13:47",949.6,2,pablomontalb
3076,16669542,Agzam,"2026-08-06 05:09:43",948.5,2,mazgag
3077,16663213,"Takahiro Someya","2026-08-10 22:03:09",948.5,2,takahirosomeya
3078,16656393,"Faris Abqari","2026-08-07 00:15:25",948.4,2,farisabqari11
3079,16804231,illegalplumbing,"2026-09-02 19:24:11",948.1,2,illegalplumbing
3080,16663899,"Abdelrahman Aboegela","2026-08-05 13:54:26",947.6,2,abdelrahmanaboegela
3081,16667547,"miaoqing long","2026-08-06 03:31:43",947.5,2,miaoqinglong
3082,16665256,zhoujqi,"2026-08-06 18:31:31",947.2,2,zhoujqi
3083,16668060,"Spiros Skarmoutsos","2026-08-08 12:48:07",947.0,2,spirosskarmoutsos
3084,16677188,Nicooni,"2026-08-06 16:35:01",946.9,1,nicooni
3085,16657198,Eldritch,"2026-09-02 09:41:40",946.5,2,thefool00
3086,16623665,Giba,"2026-08-05 22:44:41",946.3,2,titericz
3087,16652986,"Justin Kimlim","2026-08-26 03:12:37",946.0,2,justinkimlim
3088,16623798,RuiKimura4,"2026-08-27 00:30:45",945.9,2,ruikimura4
3089,16664775,DoubleZs,"2026-08-06 02:55:02",945.8,2,zhang051018
3090,16635679,WUHAOZHE618,"2026-08-15 04:08:45",945.6,2,wuhaozhe618
3091,16718916,"ROBERT SSEBAMBULIDDE","2026-08-14 19:21:24",944.8,2,robertssebambulidde
3092,16625908,trantrikien239,"2026-08-06 04:32:29",944.6,2,trantrikien239
3093,16770724,Louras,"2026-08-26 09:49:05",944.6,2,louras
3094,16670765,"tensor choko","2026-08-05 23:03:23",944.3,1,tensorchoko
3095,16713463,"Dillen Perumal","2026-08-29 16:39:37",944.1,2,dxllen
3096,16632599,Shadowell888,"2026-09-03 02:02:27",943.6,2,shadowell888
3097,16687135,"Kavya Bhandari","2026-08-22 17:20:43",943.6,2,kavyabhandari1998
3098,16670807,mannogun,"2026-08-07 11:05:42",943.6,2,arcanejumper
3099,16723427,"Nikita Biryukov","2026-09-02 21:04:18",943.2,2,bnikita
3100,16625013,sash,"2026-08-05 01:00:10",943.1,2,sash2104
3101,16668995,"MD.Firoj Khondokar","2026-08-06 11:05:13",942.4,2,mdfirojkhondokar
3102,16672520,"Nah I'd win","2026-08-07 08:09:12",942.0,2,asutriy
3103,16653855,"Klgv Klgv","2026-08-06 11:54:38",941.3,2,klgvklgv
3104,16757741,"Malte Bories","2026-08-25 20:08:35",941.1,2,maltebories
3105,16665702,"Aman Gupta","2026-08-06 08:09:05",941.0,2,amangupta0014
3106,16677774,"Abdulatif Mahgoub","2026-08-28 13:26:27",940.9,2,abdulatifmahgoub
3107,16758174,REBEL_K,"2026-08-27 18:30:45",940.5,2,rebelk
3108,16698538,"Haozhe Wang 2022","2026-08-24 00:50:02",939.7,2,haozhewang2022
3109,16663681,"Петар Кнежевић","2026-09-01 11:46:48",938.2,2,petarknezevic1
3110,16694399,"Sujith Kumar Sashikanth","2026-08-10 00:01:32",938.0,2,sujithsashi
3111,16664819,"SUBHASRI  S","2026-08-23 04:02:41",937.8,2,subhasri2007
3112,16659761,cheng-han,"2026-08-06 08:16:10",937.2,2,neoshie
3113,16635890,Poojan,"2026-08-06 09:44:47",936.5,2,poojankumartandel
3114,16665966,aj000,"2026-08-28 11:48:19",936.2,2,anishjagdaleaj
3115,16667994,"Zhian Wei","2026-09-03 05:33:42",935.9,2,zh1anwe1
3116,16653085,"haoran huang430","2026-08-06 02:37:22",935.8,2,haoranhuang430
3117,16668357,"B.Pardha Manoj Reddy","2026-08-24 16:57:25",935.6,2,pardhamanojreddy
3118,16670304,"Daniel Tomaro1","2026-08-09 03:03:06",935.3,2,danieltomaro1
3119,16654081,"Aleksei Ponomarev","2026-08-06 00:43:57",934.8,2,alekseiponomarev
3120,16686513,Vipul_Kumar75476,"2026-08-11 20:16:12",934.2,2,vipulkumar75476
3121,16719793,dhuruvapriyan,"2026-08-14 16:06:42",934.0,2,dhuruvapriyan
3122,16662896,"Adrian Dubois","2026-08-13 22:50:26",934.0,2,adriandubois
3123,16656934,"Aleks Kolesnik","2026-09-03 05:29:54",933.5,2,aleksandrkolesnik
3124,16654209,"Nirav Mehta 1612","2026-08-10 15:41:47",932.9,2,niravmehta1612
3125,16764419,"Leo #2","2026-08-30 08:17:12",932.8,1,nanlihao
3126,16748741,"pt ptao","2026-08-26 12:50:45",932.5,2,ptptao
3127,16751999,"Poorna Sai Dumpa","2026-08-25 01:03:04",932.4,2,poornasaidumpa
3128,16637458,OlivierS,"2026-08-31 23:06:18",932.2,2,oliviers
3129,16678250,"RMS Danaraj","2026-09-03 02:09:24",931.5,2,salorajan
3130,16661410,tmxdlr,"2026-08-05 12:40:54",931.5,2,tmxdlr
3131,16644861,"kanzaler ensemble","2026-08-11 14:30:36",931.4,2,kanzalerensemble
3132,16770912,IsonaEi,"2026-08-26 12:48:48",930.8,1,isonaei
3133,16624600,ariacat,"2026-08-06 07:16:44",930.1,2,ariacat
3134,16695556,"Prajwal Dongre","2026-08-12 08:53:42",929.8,2,prajwaldongre
3135,16623592,Jack,"2026-08-05 17:06:09",929.7,2,jackvd
3136,16753826,"Jai Mata Di","2026-08-31 10:09:11",929.2,2,mrigshira
3137,16663178,Sm00thiecodes,"2026-08-07 11:00:29",928.9,2,sm00thiecodes
3138,16663513,Pakistan,"2026-08-05 00:54:11",928.8,2,"debayank2024,laveshjadon,laxmikantaroy,tarunraii"
3139,16673682,MJ.LIU.T,"2026-08-06 08:14:05",928.6,1,mjliut
3140,16664300,"swajay nandanwade","2026-08-05 04:57:10",927.7,2,swajaynandanwade
3141,16655530,AlivRick,"2026-08-05 16:18:54",927.2,2,alivrick
3142,16693164,nuggettttt,"2026-08-09 02:14:22",927.0,2,nuggettttt
3143,16729564,"Eirik Tveiten","2026-08-19 13:04:02",926.2,2,eiriktveiten
3144,16774075,"Mohammad Yaser Hussain","2026-09-02 22:22:22",926.1,2,mohammadyaserhussain
3145,16663271,"Malyshev Danil","2026-08-05 14:57:19",926.1,2,malyshevdanil
3146,16699699,rudykane,"2026-08-11 16:06:34",925.7,2,rudykane
3147,16635418,ocean240812,"2026-08-07 08:50:56",925.5,2,ocean240812
3148,16656009,"Steven Liu","2026-08-31 06:25:02",924.2,2,thornkey
3149,16671622,"Isaac Diaz Lopez","2026-09-03 04:47:13",924.2,2,isaacdiazlopez
3150,16711556,"Avvy Lavoienne","2026-08-18 04:44:16",924.1,2,avvylavoienne
3151,16653122,Wei_Chance,"2026-08-23 10:25:14",924.1,2,bystanderq
3152,16656345,sunchang71,"2026-08-05 14:05:13",923.9,2,sunchang71
3153,16656420,"Aditya Raj #2","2026-08-18 16:37:49",923.7,2,optimus2005
3154,16691670,wangbin.dev,"2026-08-22 05:31:34",923.4,2,wangbindev
3155,16661019,lmq,"2026-08-04 14:47:23",923.3,2,lmminhquang
3156,16662910,"shoryakumar mishra","2026-08-05 16:05:32",923.2,2,shoryakumarmishra
3157,16657077,_LT_zyc,"2026-08-05 01:01:42",923.1,1,zyczyc
3158,16625921,JinchengZhang1,"2026-08-09 03:45:30",923.1,2,jinchengzhang1
3159,16727696,Milkman,"2026-08-19 15:05:17",922.9,2,talhasahi
3160,16670099,"Jon Snyder","2026-08-06 00:27:21",922.5,2,snyderj1515
3161,16702509,KošičanSVK,"2026-08-17 18:04:22",922.4,2,ryanstoner
3162,16654271,"Sophie and Yanna","2026-08-19 17:08:47",921.9,2,"morty3500,sophanie"
3163,16624977,Avikumar93801,"2026-08-11 05:55:19",921.3,2,avikumar93801
3164,16706993,Celibistrial,"2026-09-03 04:48:23",921.3,2,celibistrial
3165,16652630,stars_w,"2026-08-25 17:13:04",921.1,2,starsw
3166,16732722,Kusanagi,"2026-08-24 21:52:54",921.0,1,kusanagiap
3167,16639043,"saroj bono","2026-08-28 18:42:55",920.8,2,sarojbono197
3168,16652896,"R^2 negative","2026-08-04 23:14:38",920.2,2,rktqwe
3169,16640388,SANNNNN,"2026-08-03 18:41:38",920.2,2,zuhairsan
3170,16714161,Slirche,"2026-09-03 05:12:50",920.0,2,slirche
3171,16659217,Dynamic_fire07,"2026-08-05 18:51:51",919.7,2,"dynamicfire07,tryingmybest123"
3172,16664683,"Halapeño Farms","2026-09-02 07:23:49",919.5,2,haladaj
3173,16778835,kiyoc,"2026-08-31 15:01:42",918.9,2,kiyoshiohno
3174,16638909,mbscgi,"2026-08-04 22:48:03",918.9,2,mbscgi
3175,16662872,"Artem Garbart","2026-08-05 09:41:29",918.1,2,artyomgarbart
3176,16623812,"SeshuRaju 🧘‍♂️","2026-08-25 13:12:13",917.9,2,seshurajup
3177,16660819,nya654nya,"2026-08-07 04:47:33",917.3,2,nya654nya
3178,16646970,juewang1p,"2026-08-13 03:18:21",917.2,2,juewang1p
3179,16666784,"Michał Łapiński","2026-09-02 09:31:13",916.9,2,michaapiski
3180,16655534,"Charles Mills","2026-08-06 16:40:27",916.8,2,charlesqmills
3181,16644774,lungjyuanz,"2026-08-07 01:03:20",916.8,2,lungjyuanz
3182,16666900,sooflee,"2026-08-12 14:19:50",916.6,2,sooflee
3183,16661010,"Dante Dyches-Chandler","2026-08-05 04:36:09",916.2,2,dantedycheschandler
3184,16659093,YangGod,"2026-08-27 17:32:36",916.2,2,yanggod
3185,16658261,"Manan Khanna","2026-08-04 07:41:27",916.0,1,manankhanna0
3186,16669282,sky233,"2026-08-06 17:06:04",915.7,2,sky233
3187,16666163,"Muthuraman Raman 7","2026-08-06 05:25:09",915.7,2,muthuramanraman7
3188,16659883,"Ahmad Hfdx5","2026-08-05 03:33:48",915.7,2,ahmadhfdx5
3189,16734813,"Johan BONILLA MENDIETA","2026-09-01 23:21:50",915.4,2,johanbonillamendieta
3190,16660376,"Ahmed Sedky 0100","2026-08-06 20:56:37",915.1,1,ahmedsedky0100
3191,16799266,"Saugi Alkaf","2026-09-03 02:59:47",914.8,2,syaugialkaf
3192,16658684,"Takayuki Michishita","2026-09-02 10:38:43",914.7,2,takayukimichishita
3193,16621709,smlcr,"2026-08-04 19:35:19",914.5,2,simulacri
3194,16665230,"Jack Burley","2026-09-02 00:15:22",914.3,2,jackburley
3195,16650018,EiMengLove,"2026-08-05 10:27:31",913.9,2,konicty
3196,16744640,"Marcin Skalski","2026-09-01 18:25:08",913.9,2,marcinskalski
3197,16664518,senxichong,"2026-08-13 04:28:32",913.9,2,senxichong
3198,16664890,ideal_m99,"2026-08-06 00:00:33",913.2,2,idealm99
3199,16669400,"Martin Konôpka","2026-08-06 12:16:13",912.9,2,rumburakk
3200,16655828,ack07,"2026-08-06 04:52:07",912.7,2,its07amit10
3201,16636148,SanggeunParrk,"2026-08-05 04:04:32",912.6,2,sanggeunparrk
3202,16661229,Gena,"2026-08-04 15:18:42",912.1,2,gdonchyts
3203,16650396,RaymondZhao0304,"2026-08-04 00:39:30",912.0,2,raymondzhao0304
3204,16678965,MrGS,"2026-08-09 01:18:09",911.9,2,gabrielsderhll
3205,16657294,"Ragul M","2026-08-04 07:08:51",911.8,2,ragul7002
3206,16662496,KhalidKhan,"2026-08-05 05:31:07",909.9,2,feedfeed
3207,16623236,"Yonatan Nemtsov","2026-08-06 00:28:01",909.8,2,yonatannemtsov
3208,16654486,alijs,"2026-08-06 14:27:22",909.7,2,alijs1
3209,16664239,VK_Kaggriculture..StartCompet,"2026-08-05 02:03:48",909.7,1,venkatkumar001
3210,16632138,kaggle_bbgg,"2026-08-05 11:59:35",909.5,2,kagglebbgg
3211,16695555,S4K50M,"2026-08-12 14:39:41",909.4,2,setiasaksham
3212,16735488,"arhaan rai","2026-09-01 19:18:46",909.1,2,arhaanrai
3213,16698045,"Vikhas S G","2026-08-18 04:56:07",908.6,2,vikhassg
3214,16632250,"Mesut Gözdemir","2026-08-05 17:54:14",908.3,2,gfkfu123
3215,16656308,"Srishanth Sriramula","2026-08-08 09:02:13",908.3,2,srishanthsriramula
3216,16657817,"rohith sai midigudla","2026-08-05 12:36:40",908.3,2,rohithsaimidigudla
3217,16794125,"Xero Scythe","2026-09-02 18:57:39",908.1,2,xeroscythe
3218,16660046,"Ikki Katsuyama","2026-08-07 06:07:42",908.0,2,kacchanwriting
3219,16689697,Kmart0112,"2026-09-02 04:10:10",908.0,2,kmart0112
3220,16664291,"William Dennis","2026-08-11 07:57:27",907.8,2,williamdennis
3221,16660853,"lxh unbound","2026-08-05 00:02:02",907.7,2,lxhunbound
3222,16657671,CyberRacoon,"2026-08-20 10:23:11",907.6,2,racoontw
3223,16656503,"Thiago Munhoz da Nóbrega","2026-08-04 20:47:37",907.4,2,thiagommtmn
3224,16665399,"Shivam Shrivastava","2026-08-13 15:32:37",907.3,2,shivamshrivastava180
3225,16659033,"Farzana Shaju","2026-08-05 07:18:29",907.2,2,"farzanashaju,shaikhharisjamal"
3226,16683764,bf01,"2026-08-21 21:19:05",907.1,2,jalperov
3227,16657094,irynavs,"2026-08-13 13:23:56",907.0,2,irynavs
3228,16702796,Yavuz.YILMAZ,"2026-09-02 07:21:20",906.1,2,yvztpe
3229,16742806,"Oğuz Karabulut","2026-09-02 16:48:13",906.1,2,ouzkarabulut
3230,16660361,"Abhishek Sharma","2026-08-26 10:21:10",906.1,2,abhisheksharma425
3231,16642207,"Nerijus Areska","2026-08-04 00:01:32",905.1,2,nerijusareska
3232,16668329,HakimTaoufik,"2026-08-18 13:06:18",905.0,2,hakimtaoufik
3233,16677965,felipe9695,"2026-08-12 21:23:05",904.8,1,felipe9695
3234,16657861,"Liao Zixu","2026-08-25 04:28:34",904.2,2,liaozixu
3235,16632694,8ct10nz,"2026-08-04 12:02:49",903.8,2,act10nz
3236,16797134,Yooho0,"2026-09-02 14:20:03",903.6,2,yooho0
3237,16622482,"Veniamin Nelin","2026-08-04 19:40:18",903.6,2,veniaminnelin
3238,16652560,"Ahmed Samir","2026-08-03 12:15:01",903.4,2,ahmedsamir1598
3239,16666245,"Cagatay Morcicek","2026-08-13 06:53:40",903.1,2,thisismylabs
3240,16790145,"Casper du Jardin Kejser","2026-09-02 12:13:56",902.8,2,casperdujardinkejser
3241,16658746,marinxbt,"2026-08-28 10:38:37",902.8,2,marinxbt
3242,16659676,Light,"2026-08-05 03:07:39",902.5,2,aadarshashrestha007
3243,16757704,Faustine,"2026-08-31 11:14:52",902.0,2,faustine649
3244,16764445,sukesuke012,"2026-09-03 01:40:16",901.8,2,sukesuke012
3245,16639369,"Kyuhwan Cho","2026-08-19 07:20:02",901.6,2,octoarden
3246,16655712,"Smart Manoj","2026-08-04 01:55:13",901.3,2,smartmanoj
3247,16625663,sota1111,"2026-09-03 01:43:41",901.1,2,sota1111
3248,16661670,sansm1,"2026-08-04 16:54:59",901.1,2,sansm1
3249,16660824,"Stitch Clarity","2026-08-04 15:27:53",901.0,2,stevenanctil
3250,16725432,Ezra,"2026-08-19 23:41:10",900.3,2,ezberch
3251,16637241,M4nd4l0r14n,"2026-09-02 15:34:08",899.9,2,thiagobcunha
3252,16628727,dominyellow,"2026-08-04 11:44:21",899.7,2,dominyellow
3253,16662946,uzair,"2026-08-04 18:40:46",899.7,2,quantumcurator
3254,16634213,kkunizaw,"2026-08-03 20:47:58",899.2,2,kkunizaw
3255,16666571,"Zhengxu Yu","2026-09-01 12:10:05",899.0,2,zhengxuyu
3256,16739551,arao,"2026-08-28 21:24:55",898.9,2,anjanarao
3257,16663808,"Fae Gaze","2026-08-20 16:32:51",898.6,2,achievement
3258,16656170,"Chakrabhuana V  Deva","2026-08-05 06:54:50",898.2,2,chakrabhuanavdeva
3259,16631261,Monster,"2026-08-04 15:46:32",898.2,2,tmtngtrng
3260,16623697,yuto083,"2026-08-19 00:43:42",897.8,2,yuto0712
3261,16791977,JeremyLIU1997,"2026-09-03 00:00:29",897.7,2,jeremyliu1997
3262,16641093,"Satish ","2026-08-20 04:18:42",897.4,2,satishkommanaboina
3263,16662213,"Yang Zong-Yu phD","2026-09-03 05:30:42",896.9,2,yangzongyuphd
3264,16762494,西松大祐,"2026-09-02 15:46:28",896.8,2,wep212
3265,16658616,"Amitesh Chaudhary","2026-08-11 10:04:02",896.6,2,amiteshchaudhary
3266,16765743,page0526,"2026-08-26 02:08:11",895.8,2,page0526
3267,16663096,Agola_dasacic,"2026-08-04 20:07:50",895.5,2,mnu303
3268,16655339,harmo-miu,"2026-08-23 05:57:37",895.5,2,harmomiu
3269,16656444,"christopher athans crow","2026-08-05 00:08:13",895.2,2,cchrisaa
3270,16632097,PavelLiashkov,"2026-08-05 11:59:30",895.2,2,bigbag1983
3271,16716522,"Lavanya Bacche","2026-08-17 08:43:40",894.4,1,lavanyabacche
3272,16630142,zawawannko,"2026-08-05 03:16:49",894.3,2,zawawannko
3273,16729515,"Emmanuel Tolani","2026-08-29 15:03:36",894.2,2,emmanueltolani
3274,16658562,mashBrian254,"2026-08-04 10:48:33",893.6,2,mash1990
3275,16652339,"Mohamed Amine Rebhi","2026-08-03 16:03:07",893.5,2,mohamedaminerebhi
3276,16658852,"Chhaya Awasthi","2026-08-04 09:37:05",893.5,2,chhayaawasthi
3277,16768449,"Dmitry Volovikov","2026-09-02 16:55:51",893.1,2,dmitryvolovikov
3278,16625082,真的懒,"2026-08-25 07:27:28",892.9,2,gtccc9
3279,16667503,Yuzuki,"2026-08-05 12:19:45",892.8,1,yuzukiohya
3280,16623540,TheDuck,"2026-08-22 15:50:49",892.4,2,jaxroth
3281,16762634,"Clement Ling","2026-09-02 02:10:57",892.3,2,clementling
3282,16661376,"YERMES AMINE","2026-08-04 14:13:45",892.0,1,yermes
3283,16657942,"Gokul Prasath","2026-08-04 23:38:18",890.9,2,beastgokul
3284,16690050,PersistentLife,"2026-08-08 17:16:17",890.1,2,persistentlife
3285,16660470,"Oğuz Kaan Mavice","2026-08-28 09:39:58",890.1,2,oguzkaanmavice
3286,16622835,"Max Manushin","2026-08-06 00:01:08",890.1,2,innerf1re
3287,16679861,Pandabueno,"2026-08-12 15:51:48",889.8,2,ronaldomonzn
3288,16630964,LEEKANG,"2026-08-03 14:10:21",889.7,2,poby7722
3289,16644390,"Manan Gupta","2026-08-05 17:08:32",889.7,2,obirdy
3290,16663099,"Md. Abdullah Al Mamun","2026-08-05 02:16:43",889.6,2,mamun18
3291,16666434,"JOSHNA ACSHA S 21CS","2026-09-03 05:45:44",889.5,2,joshnaacshas21cs
3292,16629983,Amundsen,"2026-08-05 06:51:46",889.3,2,amundsen
3293,16664565,"Wayne Chou","2026-08-05 12:30:14",889.0,2,ambientz
3294,16651157,StupidXie,"2026-08-25 12:48:35",888.9,2,stupidxie
3295,16665764,"izh yng","2026-08-21 06:16:21",888.7,2,izhyng
3296,16654707,ManasviSharma,"2026-08-19 19:42:41",888.4,2,manasvi821
3297,16653093,"willam wu","2026-08-03 15:03:01",888.3,1,biaaib
3298,16659565,Tekin24,"2026-08-13 21:25:21",888.3,2,tekin24
3299,16745450,GusNicho,"2026-08-24 03:30:55",888.1,2,pineapplepencil
3300,16634752,"Praise the SHOVEL","2026-08-03 16:16:28",888.0,2,barnobarno
3301,16742362,"AMANI DD","2026-08-23 08:02:47",887.9,2,dkonan
3302,16740633,zhangtingyu11,"2026-08-20 04:34:32",887.8,2,zhangtingyu11
3303,16632201,neurlog,"2026-09-01 09:28:09",887.7,2,neurlog
3304,16676054,"Vladislav Konstantinov","2026-08-08 09:33:35",887.6,2,vladkonstantinov
3305,16635159,Abdulsamad,"2026-08-06 11:48:04",887.5,2,abdulsamadjod1234
3306,16627023,"Noah Farr","2026-08-05 08:02:35",887.3,2,noahfarr
3307,16654153,"Mateus Cruz, Msc.","2026-08-03 17:44:02",887.1,1,matteuscruz
3308,16666242,"Lalwani Palash","2026-08-08 07:45:46",887.1,2,lalwanipalash
3309,16639155,"Arturo Gutiérrez Aguilar","2026-08-04 16:08:19",886.8,2,jarturo
3310,16664400,Boruiyang21,"2026-08-05 14:56:03",886.2,2,boruiyang21
3311,16639241,"Alissa King","2026-08-04 05:05:30",885.5,2,alissaking
3312,16630760,dkzmn,"2026-09-02 10:18:31",884.5,2,dmkzmn
3313,16658571,"Yusuke Sato","2026-08-27 03:06:42",884.1,2,wanko123
3314,16655596,Bela,"2026-08-04 01:18:06",883.9,1,istribaik
3315,16672672,Koiiiiiopen,"2026-08-08 06:25:21",883.6,2,koiiiiiopen
3316,16623448,HoJoonYun,"2026-08-09 13:43:43",883.5,2,hojoonyun
3317,16628875,TakahiroHon,"2026-09-02 23:39:42",883.2,2,takahirohon
3318,16643095,ckyasb,"2026-08-05 14:39:42",883.2,2,ckyasb
3319,16706738,Moriarty,"2026-08-24 21:05:34",882.9,2,mikhailkachalin
3320,16651613,"Devin Zhou","2026-08-05 02:27:36",882.8,2,devinzhou
3321,16632055,Bugra0,"2026-08-03 22:44:42",882.8,2,bugra0
3322,16654946,AliLucky,"2026-08-05 15:07:59",882.6,2,alilucky
3323,16655294,Mobzya,"2026-08-26 23:11:15",881.4,2,mobzya
3324,16622760,yunus_bayram_kagle,"2026-08-04 07:49:00",880.1,2,yunusbayramkagle
3325,16683529,"Yanis Belami","2026-09-01 06:56:54",880.0,2,yanisbelami
3326,16663407,Denis,"2026-08-11 17:42:21",879.9,2,matsiusheuski
3327,16657419,"Saivedant Hava","2026-08-05 06:36:39",879.7,2,saivedanthava
3328,16656171,ishu,"2026-08-04 03:27:45",879.4,2,ishhverma
3329,16622627,"Erik van de Ven","2026-08-28 16:55:08",879.3,2,erikvdven
3330,16783131,Hawkeye,"2026-09-02 05:54:38",878.8,2,pragneshbagary
3331,16650701,"Oliver Wang","2026-08-03 16:17:36",878.8,2,oliverwang15
3332,16659435,Zerabyte_X,"2026-08-04 09:52:16",877.9,1,zerabytex
3333,16792155,abc,"2026-09-02 16:19:16",877.8,2,"datqg0,quangnguyn132"
3334,16654419,kreiack,"2026-08-09 23:47:00",877.8,2,kreiack
3335,16654235,"Mwanza Wambua","2026-08-06 10:16:13",877.5,2,mwanzawambua
3336,16644221,"Guzha Panashe H","2026-08-22 15:34:41",877.0,2,guzhapanasheh
3337,16806003,"Hazqeel Afyq","2026-09-03 03:41:22",876.5,2,hazqeelafyqathaillah
3338,16659996,Schwifty,"2026-08-12 20:01:01",876.5,2,schwiftyc137
3339,16665994,Rakhansyah,"2026-08-25 13:08:20",875.9,2,rakhansyah
3340,16629308,Sutee,"2026-09-02 12:42:25",875.8,2,lszlst
3341,16652451,JackGong,"2026-08-03 11:32:11",875.1,1,jackgong
3342,16661532,"Fedor Baart","2026-08-05 12:34:21",874.8,1,fedorbaart
3343,16646360,"Asrith Singampalli","2026-08-03 08:46:59",874.8,2,asrithsingampalli
3344,16637519,Temprao,"2026-08-03 12:16:43",874.7,1,maruimono928
3345,16659874,"ding yumeng","2026-08-26 11:59:06",874.6,2,dingyumeng
3346,16621831,"Tsung-Yeh, Hsieh","2026-08-10 06:49:43",874.4,2,"tsungyehhsieh,xinyuloong"
3347,16656337,"Prashant Kikani","2026-08-04 04:03:37",874.2,1,prashantkikani
3348,16775250,Junrong,"2026-08-30 00:00:13",874.2,2,fjhgjf
3349,16639567,YassY_The_AlchemYst,"2026-08-11 15:07:03",873.7,2,yassineelhallaoui
3350,16644566,"Guangjian Dong","2026-08-02 23:59:18",873.7,1,guangjiandong
3351,16631978,"batuhan kalem","2026-08-02 22:12:00",872.7,2,batuhankalem
3352,16655588,"The Devil's World 678","2026-08-07 10:39:23",872.7,2,thedevilsworld678
3353,16758232,mech_39,"2026-08-25 05:23:39",872.5,2,mech39
3354,16634022,"Cihan Atak","2026-08-02 16:00:43",872.4,2,cihanatak
3355,16730484,Esperanza,"2026-09-02 04:15:45",872.3,2,deanpixton
3356,16655396,Tesla1AC,"2026-08-08 08:18:09",872.0,2,mathornton
3357,16741563,"Paul Pawletta","2026-09-02 15:49:54",872.0,2,paulpawletta
3358,16798401,"Hunter Mimaroglu","2026-09-02 22:00:37",871.3,2,huntermimaroglu
3359,16654006,"Harish Dhanarajan","2026-08-03 17:23:50",870.8,1,harishdhanarajan
3360,16680239,"Marinto Richee J","2026-08-12 08:21:02",870.8,2,marintoricheej
3361,16641489,suminshim,"2026-08-03 06:24:39",870.7,2,suminshim
3362,16738461,monnosuke,"2026-08-27 11:13:33",870.5,2,shiomi1012
3363,16637797,"Xiangchen Li","2026-08-04 09:47:59",869.0,2,xiangchenli07
3364,16664221,Anish,"2026-08-14 00:53:48",868.5,2,anishmunje
3365,16730612,Blurry,"2026-08-29 09:01:21",868.0,2,linkinpony
3366,16632240,Deepseek的恩情还不完,"2026-08-02 17:23:11",867.7,2,"iwanys,pedianeko,realybin"
3367,16678370,"Chenhao Wang","2026-08-07 06:37:46",867.6,1,wangles
3368,16743124,"Leo's Demiurge","2026-08-31 06:36:23",867.6,2,jelurge
3369,16775506,"lin qiy","2026-08-29 02:44:13",867.0,2,linqiy
3370,16796014,keith70,"2026-09-02 05:17:34",866.8,2,keith70
3371,16743001,Nikhilasree,"2026-08-31 10:27:16",866.8,2,nikhilasree2003
3372,16732022,Mosamosa,"2026-09-03 00:42:06",866.0,1,mosamosa
3373,16767453,IterumVici,"2026-08-29 10:59:25",865.7,2,iterumvici
3374,16622015,"Ioannis M","2026-08-06 08:12:21",865.2,2,imeintanis
3375,16633083,bsenst,"2026-08-07 12:38:47",863.8,2,bnzn261029
3376,16660152,LIH.YUN,"2026-08-04 14:11:44",863.4,2,fxlcee
3377,16633808,mmath2,"2026-08-07 10:52:38",863.4,2,mmath2
3378,16662904,Bharathms1902,"2026-08-08 11:41:54",863.4,2,bharathms1902
3379,16798334,"Gabriel othávio","2026-09-02 22:08:55",862.4,2,gabrielothvio
3380,16622312,"Malak Reda","2026-08-03 09:02:41",861.4,2,malak457
3381,16758889,bomboclat,"2026-08-30 08:52:08",860.6,2,sstprk
3382,16663273,"Mason Frias","2026-08-06 22:57:08",860.5,2,masonfrias
3383,16660318,"Aiman Al-Shalfi","2026-08-05 11:59:43",860.1,2,aimanalshalfi
3384,16726617,"Chase Lebarv","2026-08-19 01:07:58",859.8,2,chaselebarv
3385,16763865,SydneyC666,"2026-08-26 08:50:40",859.6,2,sydneyc666
3386,16623373,VM,"2026-09-02 06:43:27",859.0,2,vladmazeev
3387,16630111,jannchie,"2026-08-04 19:09:17",858.9,2,jannchie
3388,16768239,Oshbocker,"2026-08-29 21:37:25",858.4,2,oshbocker
3389,16663200,"TUSHAR KUMAR 23321032","2026-08-31 06:05:00",858.2,2,tusharkumar23321032
3390,16623732,A.S.TENSHU,"2026-08-17 16:25:35",858.0,2,kirvk013
3391,16655603,"Veeranuch Leelalai","2026-08-11 12:55:29",858.0,2,veeranuchleelalai
3392,16639473,"Jeff Borschowa","2026-08-02 00:39:11",857.4,2,jeffborschowa
3393,16623298,Mikhail_Komkin,"2026-08-02 20:14:28",857.0,2,mikhailkomkin
3394,16668633,peien5,"2026-08-06 14:44:47",856.6,2,peien5
3395,16655187,cmxu,"2026-08-05 05:31:07",856.0,2,cmxu77
3396,16699091,Umkaaa,"2026-08-11 08:35:05",856.0,2,umkaaa
3397,16635680,starclan,"2026-08-14 17:50:55",855.4,2,starclan
3398,16665293,"ADITYA BEECHA","2026-08-10 05:16:38",855.3,2,bechaaditya
3399,16632571,"nishchal jain","2026-08-03 07:27:14",855.2,2,nishchaljainds
3400,16697266,"Top 1 🏆","2026-09-02 09:22:18",855.0,2,"fahankaudeer,solirus,syntaxprnv,udhaykumarsujeebun"
3401,16632686,strike,"2026-08-06 06:21:38",853.9,2,nicolia
3402,16651180,yangyefd,"2026-08-03 08:42:57",853.7,1,yangyefd
3403,16670527,"Balram Gupta","2026-09-03 04:18:20",853.4,2,"akankshaparab,bg28898"
3404,16639471,CaminoLSY,"2026-08-05 01:22:09",853.3,2,lsy37521
3405,16664246,"Sida Zuo","2026-08-25 01:21:54",853.3,2,sidazuo
3406,16721639,"Ankit Sain","2026-08-25 01:14:02",853.2,2,thisankitsain
3407,16698596,ymok,"2026-08-11 11:54:02",853.0,1,iromao
3408,16778640,Kilupy,"2026-09-03 00:07:28",853.0,2,kilupy
3409,16641309,klog,"2026-08-20 12:42:08",852.8,1,mhrzmmhrzm
3410,16700265,Reesav,"2026-08-10 14:15:06",852.0,2,reez08
3411,16677577,"Harsha Vardhan Konisa","2026-08-31 17:02:44",850.9,2,harshavardhankonisa
3412,16657553,graceyunliu,"2026-09-03 02:20:20",850.8,2,graceyunliu
3413,16730015,suzu10,"2026-09-01 01:29:55",850.4,2,suzu10
3414,16709136,ryanocm,"2026-08-13 15:08:49",849.1,2,ryanong
3415,16637489,"Gopal Krishna Gundumalla","2026-08-02 12:39:17",849.0,2,gopalkrishnag
3416,16805598,"I'm just trying out here QQ","2026-09-02 22:31:17",849.0,2,zadatt
3417,16775030,makishis,"2026-09-03 04:11:11",848.5,2,makishis
3418,16712577,"nattapon nakakong","2026-09-03 03:22:49",848.3,2,nattaponnakakhong
3419,16644185,"Mimic Mohsin","2026-08-02 18:38:46",848.2,1,mimicmohsin
3420,16688884,"As Wasti","2026-08-14 01:34:26",848.1,2,aswasti
3421,16753850,"Ahmad Ali","2026-08-27 17:08:14",847.8,2,ahmadali1243534
3422,16669227,"Tom Dufresne","2026-08-07 11:17:39",847.8,2,tadufre
3423,16749009,Pavel,"2026-09-01 19:19:03",846.0,2,pavelsavchenkov
3424,16638551,SC,"2026-08-30 22:31:27",845.7,2,ryosketchbook2007
3425,16770972,"Victoria Makarskaia","2026-08-27 12:28:53",845.7,2,victoriamakarskaia
3426,16713771,bndang,"2026-09-02 20:34:18",845.7,2,bndang
3427,16672264,iiTz_AK,"2026-08-15 12:18:44",845.3,2,iitzak
3428,16806635,digimagi,"2026-09-02 05:47:57",845.2,1,digimagi
3429,16784516,pejipej,"2026-08-30 15:37:48",844.6,2,pejmaneghbali
3430,16696208,"kazwzn S","2026-08-21 10:16:12",844.1,2,kazwzns
3431,16730199,kawanot,"2026-08-24 09:15:18",843.2,2,kawano
3432,16658048,"Joel jaison 391","2026-08-05 02:31:57",842.4,2,joeljaison391
3433,16632536,"Aleksander Sachuk","2026-08-02 21:33:27",842.3,2,alexsssachuk
3434,16667058,"Lê Quốc Duy","2026-08-08 01:03:08",842.3,2,lqucduy
3435,16658487,radozaprazny,"2026-09-02 19:32:16",842.3,2,radozaprazny
3436,16742232,"Prema Ananda","2026-09-02 12:19:41",842.0,2,premaananda108
3437,16678666,"Rudranarayan Pradhan","2026-08-09 12:28:32",842.0,2,itzrnp
3438,16758556,bpbpbpbpb,"2026-09-02 18:18:46",841.7,2,bpbpbpbpb
3439,16675452,Vladislav,"2026-08-12 13:58:35",840.5,2,simmeringoverstep
3440,16667516,Rosastella,"2026-08-05 16:00:48",840.4,2,rosastella
3441,16640877,Yorix.um,"2026-08-02 13:31:28",840.0,1,yorixum
3442,16662633,"Shekhar Suman","2026-08-15 19:17:49",840.0,2,shekharvc
3443,16677752,"Senya Ka","2026-08-08 19:16:00",839.7,2,m1greatcool
3444,16747914,"Token's Expired","2026-08-22 16:25:39",839.2,2,"adeebshekh,akratisingh0101,shaankapoor21"
3445,16661353,mithi,"2026-08-11 20:04:07",838.4,2,singhaleo
3446,16658569,"Danu A.","2026-08-05 13:12:09",837.6,2,eu1234
3447,16732422,"Aizat Kashapov","2026-09-03 01:02:09",837.1,2,liderpartiii
3448,16774787,wpk1122,"2026-08-29 01:54:49",836.6,2,wpk1122
3449,16663515,HamsterSashka,"2026-08-20 14:40:55",836.4,2,hamstersashka
3450,16669466,"vuppuluri sriramsubhash","2026-08-06 08:42:50",836.3,2,vuppulurisriram
3451,16736314,"wuret henr","2026-08-20 09:10:48",836.1,2,wurethenr
3452,16664653,Adir,"2026-08-26 00:49:46",835.9,2,adiradam
3453,16640811,cyberia,"2026-08-02 09:12:23",835.7,1,cyberia
3454,16669632,"Kenneth Alonso","2026-08-31 21:23:44",835.7,2,kennethalonso
3455,16664249,"Rohan Jain","2026-08-17 20:26:14",835.6,2,rohanjain2312
3456,16672035,diet1236364,"2026-08-09 23:37:45",835.5,2,kosuke123
3457,16644882,"SAMOILOV MIKHAIL","2026-08-03 02:10:04",835.4,1,samoilovmikhail
3458,16670365,"Konstantin Alekseev","2026-08-10 10:58:09",834.4,2,alekskst
3459,16674543,"Sujal Agarwal2301","2026-08-09 13:37:43",834.2,2,sujalagarwal2301
3460,16709905,Rospel,"2026-09-02 02:00:45",834.0,2,rospel
3461,16703203,"Hamza Shafik ","2026-08-17 23:48:06",833.8,2,hamzashafik12
3462,16666341,"Ege Güvener","2026-08-15 22:55:16",833.7,2,egegvener
3463,16715255,"xiaocai liu","2026-08-23 05:57:45",833.4,2,xiaocailiu
3464,16668756,"Clark Kitchen","2026-09-02 09:50:00",833.3,2,clarkkitchen
3465,16774682,"Tatsuhito Yoshikawa","2026-09-02 04:31:00",832.8,2,tatsuhitoyoshikawa
3466,16643692,Samsay24,"2026-08-02 17:22:45",832.8,1,samsay23
3467,16622940,"Enrico Ambrosio","2026-08-06 19:56:30",832.3,2,enricoambrosio
3468,16641068,"Rahul Ray","2026-08-05 14:27:07",832.1,2,rahulray5
3469,16623389,"Mominul Islam Hemal","2026-08-02 11:23:03",831.6,2,mominulislamhemal
3470,16639330,"Dead Signal Works","2026-08-02 12:40:32",831.4,2,brooklynhalmstad
3471,16657904,xfhdh1,"2026-09-02 19:43:55",831.1,2,xfhdh1
3472,16656379,"Jay Gautam","2026-08-12 12:19:40",831.1,2,jaygautam007
3473,16668923,"duy tran","2026-08-10 18:38:49",831.1,2,duytran23
3474,16798602,uns.t,"2026-09-03 03:09:06",830.8,2,franksunp
3475,16670842,Cole,"2026-08-15 19:50:43",830.7,2,colechristensen
3476,16652334,"Aldibek [dsmlkz]","2026-08-27 19:33:18",830.3,2,aldibek
3477,16664439,"Tony T","2026-09-02 05:35:36",829.5,2,thekke
3478,16709800,nubx,"2026-08-20 17:12:04",829.5,2,manrajjitsidhu
3479,16634036,"Emanuel Lázaro","2026-08-02 14:55:30",828.8,2,emanuellcs
3480,16732774,edchax,"2026-09-02 08:03:33",828.2,2,edchax
3481,16635127,"Sergey Bryansky","2026-08-26 20:39:37",828.1,2,sggpls
3482,16749251,HawkOsm,"2026-09-03 04:23:15",827.8,2,hawkosm
3483,16661685,"Lê Ngọc Lâm","2026-08-13 15:29:40",827.8,2,lengoclam
3484,16702909,SG4265,"2026-08-13 13:51:05",827.3,2,sg4265
3485,16697205,"Gould Research","2026-08-19 03:18:44",826.6,2,"georgeking1,gouldh,gradybos,shanemullahy"
3486,16626217,"Stanislav Chistyakov","2026-08-05 18:52:47",826.5,2,chistyakov
3487,16666147,"Khalid Bin Hethlain","2026-09-01 22:57:57",826.5,2,khalidbinhethlain
3488,16692350,"Emerson Suarez","2026-08-16 05:09:13",826.3,2,jericksystem32
3489,16663659,"Omer Rehman","2026-09-02 11:05:02",826.0,2,omerrehman97
3490,16639719,JASONSLIMWONG,"2026-08-02 08:11:22",825.6,2,jasonslimwong
3491,16668056,"Quantum Farm","2026-08-25 14:21:19",825.0,2,"anselem7,divineokwueze,nnanyereuzoma"
3492,16759229,"Samuel Kurabachew","2026-08-28 22:17:20",824.9,2,samuelkurabachew
3493,16734321,SubratP85,"2026-08-25 21:03:35",824.6,2,subratp85
3494,16718579,"Nazariy Karpov","2026-08-18 07:28:29",823.9,2,nazariykarpov
3495,16661754,edwinis,"2026-09-01 15:26:00",823.0,2,edwinis
3496,16717414,"Akshit Sivaraman","2026-08-13 14:43:40",822.8,2,akshitsivaraman
3497,16694110,"Team Amboss","2026-09-02 11:54:49",821.8,2,alexphilippi
3498,16717448,getalife();,"2026-09-02 13:48:53",821.6,2,"byteknight28,dhairyapandya24,rounakagrwl"
3499,16635377,het2554,"2026-08-29 18:10:09",821.3,2,crazy2554
3500,16675997,"Rintaro Moriwaki","2026-08-28 13:25:42",821.3,2,rintaromoriwaki
3501,16636105,"Md. Mehedi Hasan","2026-08-01 14:03:03",820.8,2,mehedi052
3502,16659749,"Kavsik YVS","2026-08-22 19:30:45",820.8,2,kavsiku0512
3503,16674447,"Nathan Thor","2026-08-11 15:09:57",820.6,2,devofpie
3504,16692569,"Mark Kirwan","2026-08-26 08:05:16",820.6,2,markkirwan1990
3505,16635177,Zacchaeus,"2026-08-07 07:04:15",820.1,2,zacchaeus
3506,16698281,Neural,"2026-08-27 03:34:11",819.1,2,kevinkoza
3507,16663187,"Teddy McBride","2026-08-07 03:59:53",818.9,2,tedcr100
3508,16658264,XiweiZhou,"2026-08-17 20:12:31",818.7,2,xiweizhou
3509,16668123,B0RN2BL0W0UT,"2026-08-08 19:10:45",818.4,2,kadenmansur
3510,16692954,"Adam Nhan","2026-08-16 19:10:48",818.3,2,asnhan
3511,16623309,zyvren,"2026-09-02 13:47:03",818.2,2,"nusratahmmedmaisha,sharif485"
3512,16652984,hxaxd,"2026-08-05 15:09:49",817.0,2,hxaxdcs
3513,16804757,MAT,"2026-09-03 04:48:13",816.7,2,mehmetanltays
3514,16699080,"Karthikeya Thatipamula","2026-09-03 05:05:48",816.4,2,karthikeya18
3515,16741321,"S. B.","2026-09-03 05:43:39",816.3,2,aughra
3516,16640619,"Sơn Nguyễn","2026-08-28 08:19:19",816.2,2,sonnguyen10
3517,16696267,"yu lesui","2026-08-10 05:41:40",815.9,2,yulesui
3518,16670759,"Lemmes Yad","2026-08-09 04:37:37",815.6,2,"austinsemmel,jonallday"
3519,16669330,"Panagiotis Charalabopoulos","2026-08-26 18:49:46",815.3,2,panagiotischaral
3520,16674532,"shoaib khan","2026-08-08 01:57:11",814.9,2,manifoldinfo
3521,16663933,AnshV1,"2026-08-06 03:03:35",814.8,2,anshv1
3522,16658252,"Krishnan CS","2026-08-20 05:28:14",814.6,2,krishnanchathadi
3523,16758383,"Tong Jing Yen","2026-09-02 12:34:46",814.4,2,tongjingyen
3524,16658173,Tamizharuvi,"2026-09-01 08:15:53",814.2,2,tamizh1
3525,16663444,Thomas,"2026-08-11 04:21:42",814.1,2,tartieret
3526,16762719,"Ahmet Bilginoglu","2026-09-02 20:34:49",814.0,2,ahmetbilginoglu
3527,16637340,the_vinci_coder,"2026-08-03 16:27:16",814.0,2,lokijt
3528,16678044,BJFC,"2026-08-16 09:15:05",813.8,2,"harshithharithsa,svsumanth"
3529,16670424,"Josep Audenis","2026-08-11 17:52:07",813.8,2,josepaudenis
3530,16773966,"Ronel Abraham Mathew","2026-08-26 16:05:26",813.7,2,ronelm
3531,16743074,LumenLiquidity,"2026-09-02 16:18:35",813.6,2,giovannibaldon
3532,16693903,"Alief Randiansyah","2026-08-09 09:37:39",813.5,1,"aliefrandiansyah,salsaaghnia"
3533,16734409,"Yuta Yamazaki","2026-08-31 04:07:38",813.4,2,yamayuu18
3534,16634582,"Tarun Chaudhary","2026-08-12 06:36:33",813.3,2,tarunchdev
3535,16635049,rooklift,"2026-08-16 06:27:36",813.3,2,rooklift
3536,16688868,AlbanMaurel7,"2026-08-14 01:34:07",813.2,2,albanmaurel7
3537,16716089,wuzixiao,"2026-08-31 07:30:48",812.9,2,wuzixiao
3538,16662984,"Mark Schatza","2026-08-25 15:40:39",812.4,2,markschatza
3539,16655062,KKS,"2026-08-08 07:36:03",811.9,2,sachisgod
3540,16758204,kkKaan,"2026-08-24 07:56:58",811.1,2,kkkaan
3541,16707034,"Muhammed Ali Kul","2026-09-02 05:15:41",811.0,2,muhammedalikul
3542,16675661,June_mk,"2026-09-03 01:54:12",810.8,2,jungoto
3543,16634876,MakiMakiAi,"2026-08-02 07:52:40",810.6,2,makimakiai
3544,16677514,mayoristaNLP,"2026-08-09 16:33:23",810.3,2,mayoristanlp
3545,16639973,akky,"2026-08-03 15:39:41",810.1,2,tellxxx
3546,16664103,izack2666,"2026-08-07 14:41:10",810.1,2,izack2666
3547,16711317,"yf D","2026-09-02 15:25:26",809.7,2,dengvitruviano
3548,16654463,Mark,"2026-08-30 09:33:36",808.8,2,robotmf
3549,16759786,"zzx Hee","2026-09-02 06:49:05",808.7,2,zzxhee
3550,16691481,"Aditi Salvi","2026-08-18 15:24:53",808.6,2,aditisalvi04
3551,16688587,yamashu,"2026-08-14 09:55:48",808.1,2,yamashuuu
3552,16715399,"Julia Chien","2026-08-27 02:44:32",807.8,2,juliachien
3553,16661467,sh_sub97,"2026-08-12 15:20:25",807.6,2,shsub97
3554,16799428,hatata,"2026-09-03 05:45:02",807.4,2,hatata3737
3555,16660548,"Viraj Bakshi","2026-08-08 18:50:11",807.3,2,virajbakshi
3556,16657095,"Prashant Kumar","2026-08-20 12:59:11",806.8,2,praskr
3557,16635848,KartoplyanePure,"2026-08-31 20:43:34",806.1,2,"danylotovp,wizardmp"
3558,16665301,EricYang03,"2026-08-13 15:49:11",806.0,2,ericyang03
3559,16671980,601918_กิตติพงศ์,"2026-08-08 08:28:12",805.8,2,bluexg5502
3560,16764301,"Quýt đây đừng sợ","2026-09-03 04:40:33",805.4,2,ponschannel
3561,16667730,"Surya Vijjeswarapu","2026-09-02 16:17:21",804.7,2,suryavijjeswarapu
3562,16760087,Slizzle,"2026-08-30 04:37:40",804.2,2,sloan98
3563,16680290,prospers,"2026-08-12 10:00:34",803.8,2,prospers
3564,16639810,gytdrop,"2026-08-14 12:47:28",803.8,2,"kartikeyrajbhar,shaikaktharali"
3565,16663356,Farm-ops,"2026-08-06 23:27:37",803.4,2,"dakotavannauker,tsho01"
3566,16718039,Uman_n3l,"2026-08-31 14:40:32",803.1,2,umann3l
3567,16661585,"Fully Liquidated","2026-09-01 01:57:16",802.5,2,kriskilgroe
3568,16756411,"Maximo Uribarri","2026-08-30 06:10:08",802.4,2,maximouribarri
3569,16685069,derek_kuang0213,"2026-08-22 10:33:21",801.4,2,derekkuang0213
3570,16780969,"Ewa Suknarowska","2026-08-30 15:53:25",799.9,2,ewasuknarowska
3571,16671217,"Akshay V","2026-08-21 04:01:22",799.7,2,akshayv1001
3572,16726093,CocoTeam,"2026-08-18 14:22:45",799.5,2,"albaasca,ceemeese"
3573,16659125,"Meet Parekh","2026-08-19 10:31:09",799.4,2,meetparekh1
3574,16763977,"Jong Park","2026-08-26 09:21:40",799.2,2,papercat318
3575,16718202,"Abhi Kumar Agrawal","2026-08-18 09:52:24",799.2,2,abhikumaragrawal
3576,16728204,Meshwa,"2026-09-01 19:57:38",799.0,2,meshwapatel4287
3577,16632266,"(ノ◡ <)","2026-08-17 05:00:19",798.9,2,nawfeelrahman1124444
3578,16623932,"Axel Ahmer","2026-09-01 14:13:12",798.6,2,blondie1
3579,16770154,Florian,"2026-09-02 17:16:37",797.9,2,ftusek
3580,16713877,FunnyBishop,"2026-08-16 03:19:24",797.8,2,funnybishop
3581,16665816,Vikas1306,"2026-08-10 05:53:19",797.2,2,vikas1306
3582,16636725,shichi,"2026-08-11 12:47:35",797.1,2,shichi
3583,16708369,JairSanchez151270,"2026-08-11 16:30:55",796.9,2,jairsanchez151270
3584,16795844,Azamaro,"2026-09-02 14:07:03",796.8,2,azamaro
3585,16663403,"Matthew Huang","2026-08-16 23:25:45",796.2,2,matthewwh
3586,16796682,LK30,"2026-09-02 00:01:20",796.0,2,louisklasing
3587,16688429,"Omrani Rabah","2026-08-11 22:19:21",795.9,2,omranirabah
3588,16735539,"Joe Muller","2026-08-23 00:37:35",795.7,2,joemuller
3589,16718539,"Divyansh Agrawal","2026-08-14 06:58:46",795.7,2,spartan1925
3590,16667880,BONPU👨‍🌾,"2026-08-12 04:59:48",795.6,2,"shin9915,syamoji141chan"
3591,16623616,nasubiman,"2026-08-01 16:20:44",795.5,2,yousukenakamura
3592,16635612,Julian,"2026-08-27 01:59:41",794.5,2,mob404
3593,16679144,つるげーねふ,"2026-09-02 09:04:47",794.3,2,atom7666
3594,16662486,"KOTHAPALLI DILEEP","2026-08-10 12:06:14",793.6,2,kothapallidileep
3595,16767802,"Luis Fernando Faria","2026-08-31 20:57:29",792.9,2,luisfernandofaria
3596,16725150,"Nicolae Drabcinski","2026-09-01 11:45:51",792.8,2,nickdrabcinski
3597,16658365,"Hoo Woo","2026-09-01 03:46:14",792.5,2,hoowoo
3598,16688929,"Kangqiao LIU","2026-08-18 07:44:55",792.4,2,kangqiaoliu
3599,16724522,"stathis maurog","2026-08-26 07:01:48",792.3,2,stathismaurog
3600,16712567,PatWid,"2026-08-18 17:17:20",791.8,2,patwid
3601,16623645,"ayutin tin","2026-08-14 07:48:31",791.5,2,ayutintin
3602,16698366,Fateyongheng,"2026-08-17 15:08:58",791.5,2,fateyongheng
3603,16635872,"Evgeniya Dmitrieva","2026-08-01 11:48:30",791.1,1,evgeniyadm
3604,16715251,SoraGinko,"2026-08-28 18:52:17",790.2,2,terrywuu
3605,16668868,tawashi,"2026-08-13 06:51:45",790.1,2,tawashi
3606,16694269,Aftxb,"2026-08-11 14:58:08",788.9,2,aftxb07
3607,16667874,Vidushiii,"2026-08-10 12:25:42",788.9,2,vidushianand09
3608,16659174,Soulwood,"2026-08-29 08:37:00",788.8,2,soulwood
3609,16638667,"Sarvesh Nikas","2026-08-13 06:50:00",787.7,2,sarveshnikas
3610,16657775,"Raagav Anand","2026-08-27 09:40:44",787.6,2,raagavanand
3611,16655744,"Ademola Arigbabuwo","2026-08-31 00:48:33",787.6,2,princedemo
3612,16705318,arminhej96,"2026-09-02 15:06:44",787.4,2,arminhej96
3613,16668168,"Ashutosh Ghodasara","2026-08-10 12:23:21",787.3,2,"asce09,attiraina,hashlord"
3614,16639645,RamenBoy,"2026-09-01 01:15:34",787.3,2,ramenboyjapan
3615,16624026,"Russell Kirk","2026-08-31 09:42:28",786.8,2,russcore
3616,16632950,"Adil Khabibullin","2026-08-04 15:54:11",786.7,2,adilkhabibullin
3617,16666391,"Harshpreet Singh","2026-08-06 10:32:51",786.5,2,harshpreet931
3618,16697844,Noobykiller16,"2026-08-15 06:08:27",786.1,2,noobykiller16
3619,16676308,DC,"2026-08-19 17:34:02",785.9,2,choudahchiun
3620,16723241,TrinhDung16,"2026-08-15 16:23:32",785.3,2,trinhdung16
3621,16642662,CdeTilly,"2026-08-08 08:26:37",784.5,2,cdetilly
3622,16716300,"Julian Kerignard","2026-09-01 14:54:34",784.0,2,juliankerignard
3623,16658050,"changwei shi","2026-08-18 02:45:47",783.5,2,changweishi
3624,16732690,なーでぃー牧場,"2026-09-02 20:03:50",782.7,2,nadyresearcher
3625,16731832,jackee777,"2026-08-31 18:06:59",782.2,2,jackee777
3626,16738994,"Hem Viramgama","2026-08-21 00:34:48",781.9,2,hemviramgama
3627,16758298,"Jack p","2026-08-30 07:36:22",781.9,2,jtv199
3628,16634493,xixi,"2026-08-01 09:51:45",781.8,2,huangcarry26
3629,16710621,(´･_･`),"2026-08-16 07:14:53",781.7,2,tanakh
3630,16739640,TeamBanzaiSL,"2026-08-27 17:13:26",781.5,2,teambanzaisl
3631,16719065,"Aldo Rizona","2026-08-17 15:32:26",781.4,2,aldorizona
3632,16759443,"Ayman machhidan","2026-09-02 22:04:03",781.4,2,aymanmachhidan
3633,16663584,"Deployable LLMs","2026-09-03 02:29:28",781.2,2,"lucasveronese,planetoidleser,sinhakprat"
3634,16639223,"SIDHAARTH SHREE","2026-08-19 15:03:55",780.6,2,sidhaarthshree
3635,16662749,Jordan,"2026-09-02 04:07:33",780.5,2,extergeist
3636,16705345,"DEMON JI","2026-08-14 15:02:11",780.5,2,demonji04
3637,16690852,"Naveen Venu Bagadi","2026-08-30 04:38:13",780.3,2,naveenvenubagadi
3638,16758905,"Iwa Iwa","2026-09-02 15:52:45",779.6,1,iwaiwa
3639,16767709,"Mike Anderson","2026-09-02 22:00:38",779.6,2,manderson240
3640,16694779,JacobKooi,"2026-08-10 09:16:35",779.5,2,jacobkooi
3641,16662375,"Yunusa Hussein Adeiza","2026-08-14 22:12:49",779.2,2,yunusahusseinadeiza
3642,16666452,"victor souza","2026-08-09 17:07:51",779.1,2,victorcaio
3643,16658452,"The Croptimiser","2026-08-06 05:07:52",779.1,1,driessmit1
3644,16639492,"Vishnu R Mohan","2026-08-08 20:36:19",777.5,2,vishnurmohan
3645,16662568,RaghavMundhra1,"2026-08-24 00:36:28",777.3,2,raghavmundhra1
3646,16790660,suk1yak1,"2026-09-02 15:24:35",777.2,2,suk1yak1
3647,16698007,"Juanma Serrano","2026-08-23 15:49:31",777.0,2,juanmaserrano
3648,16684710,"Pratik Singh","2026-08-11 11:34:48",776.8,2,pratikks11
3649,16687788,skalermo,"2026-08-26 15:57:41",776.3,2,skalermo
3650,16717787,Bull,"2026-09-03 04:43:36",775.9,2,welshonionman
3651,16664024,"Juan David Bolanos","2026-08-13 17:06:00",775.5,2,juandavidbolanos
3652,16664149,"Bushel Seed","2026-08-12 17:10:56",775.5,2,"dmyung,nicholasmschwartz"
3653,16672629,"Alex Boyd","2026-08-25 17:25:08",775.2,2,alexrayboyd
3654,16809277,"Shuntaro Tanaka","2026-09-03 04:55:08",774.9,2,shuntarotanaka
3655,16630741,mrk,"2026-08-05 09:49:44",774.9,2,matsubaratakuji
3656,16633923,JackyFan123,"2026-08-01 15:22:04",774.8,2,jackyfan123
3657,16750175,"Quentin Pr","2026-08-27 18:08:14",774.6,2,quentinpr
3658,16631090,yoikoarmor,"2026-08-09 07:01:44",774.5,2,yoikoarmor
3659,16743546,"Simon Dorcas","2026-08-19 15:14:36",774.4,1,simondorcas
3660,16659465,AravindLochan,"2026-08-17 10:29:21",774.2,2,aravindlochan
3661,16649344,BeyondAnalytics,"2026-08-28 12:00:36",773.9,2,radumarinion
3662,16736265,"Marko Rupnik","2026-09-02 16:29:45",773.2,2,markorupnik
3663,16658602,aldoktvns,"2026-08-04 15:51:08",773.2,2,alrette
3664,16728114,yu9824,"2026-09-03 03:49:04",773.0,2,yu9824
3665,16756062,"Thomas #2","2026-09-02 22:19:49",772.9,2,tommurakami
3666,16743617,Dancing_Chaos,"2026-08-31 15:42:35",772.9,2,"bailynlove4ever,ripplecddc"
3667,16657547,"Pranav Thota","2026-09-03 05:37:01",772.7,2,pranavthota
3668,16627148,"Rogovik Makar","2026-09-01 18:00:18",772.5,2,makarrogovik
3669,16675475,"Andrey Aristov","2026-08-10 22:02:24",772.3,2,andreyaristov
3670,16667762,KucingGanteng,"2026-08-20 12:49:29",772.1,2,dhiyaussalam
3671,16679295,Mk26,"2026-09-02 06:50:31",771.4,2,"manishk26,mans31"
3672,16664828,Leon,"2026-08-09 09:00:09",771.2,2,leonmyl
3673,16665984,hepialidae,"2026-08-10 16:05:19",771.0,2,hepialidae
3674,16663784,Aniketh2k7,"2026-08-10 06:02:02",770.9,2,aniketh2k7
3675,16656274,googunmo,"2026-08-08 01:13:58",770.7,2,googunmo
3676,16789903,"Netanel Keidar","2026-09-03 01:30:35",770.2,2,netanelkeidar
3677,16786485,"Sam Jenkins","2026-09-01 03:50:16",770.1,2,samjenkinsuk
3678,16623128,AdamJonesJohnson,"2026-08-23 11:53:03",770.0,2,adamjonesjohnson
3679,16755681,nic001,"2026-08-28 08:06:19",769.2,2,mimamura
3680,16679079,"cedric stephan ","2026-08-25 20:39:15",769.1,2,cedricstephan
3681,16811210,"Matt Dowis","2026-09-03 00:11:01",768.8,2,mattdowis
3682,16704589,"Lobato MBA IA Big Data","2026-09-03 00:51:17",767.9,2,lobatombaiabigdata
3683,16655142,"Stanislav Kuznetsov","2026-08-31 12:24:17",767.8,2,drtduck
3684,16687883,CherylStoned,"2026-08-11 22:53:28",767.6,2,cherylstoned
3685,16665942,"Satvik R Shetty","2026-08-09 03:59:52",767.6,2,satvikrshetty
3686,16809249,Moro,"2026-09-03 00:34:46",767.0,2,moromoromoro
3687,16630519,"Mehmet Özer","2026-08-01 16:51:55",766.9,2,ozermehmet
3688,16798268,KAEOS,"2026-09-01 23:09:15",766.7,2,hitesh221
3689,16741188,"Adarsh Samanu","2026-08-20 00:01:33",766.4,2,adarshsamanu
3690,16635796,MugaBros,"2026-08-04 05:27:02",766.2,2,"drrocktotpalkonwarh,monjyotid"
3691,16662050,HandsOffMyBigMelons,"2026-08-13 22:00:12",765.6,2,scrattle
3692,16633341,Hak,"2026-09-02 10:35:53",765.2,2,hakdevelopment
3693,16802675,manishcs076,"2026-09-02 16:48:18",764.7,1,manishcs076
3694,16658272,"Yash Katiyar","2026-08-08 20:17:05",764.6,2,yashkatiyar409
3695,16695822,"Ahmad Elawady","2026-08-18 20:06:59",764.5,2,aielawady
3696,16729859,wintermute,"2026-09-02 19:15:07",764.0,2,siraev
3697,16708189,Facouse,"2026-08-11 16:09:17",764.0,2,facouse
3698,16668021,"bali rasem","2026-08-07 16:15:13",763.9,2,balirasem
3699,16759162,sgsuh,"2026-08-30 11:47:26",763.8,2,seukgyo
3700,16697185,"Prince Special","2026-09-02 23:59:17",763.7,2,temitayogbolahan
3701,16672095,"Friaseus ","2026-09-02 20:52:30",763.2,2,friaseus
3702,16655340,LGarcia10,"2026-08-17 13:17:31",763.0,2,leonardogarcia10
3703,16712751,haruo_tensai,"2026-09-03 05:46:53",762.9,2,haruotensai
3704,16668361,NinhNguyen,"2026-09-03 00:00:41",762.9,2,ninhnt110695
3705,16702270,"Jonas Jaku","2026-08-12 09:44:36",762.6,2,jonasjaku
3706,16793626,"KO LIH HAN","2026-09-03 02:19:49",762.5,2,kolihhan
3707,16741892,astro,"2026-08-20 20:49:49",762.3,2,mayursamrutwar
3708,16806141,rode1234,"2026-09-03 03:00:15",762.3,2,rode1234
3709,16635670,"Mr.S hanakosan","2026-08-09 00:31:34",762.2,2,earlgreytea15
3710,16656162,Marisyn,"2026-08-18 18:19:19",762.2,2,marisyn
3711,16731443,"Arjun Vinod","2026-08-21 01:00:30",761.8,2,arjun0014
3712,16663238,"Francesco Zaccaria","2026-08-21 07:28:57",761.3,2,francescozaccaria
3713,16631215,"Hira Norm","2026-08-08 07:32:06",760.6,2,hiranorm
3714,16663678,"Fabiano Adelino","2026-08-24 23:45:56",760.5,2,fabianoadelino
3715,16784960,i-yuki23,"2026-08-30 01:13:11",760.1,2,iyuki23
3716,16719081,数学の山田,"2026-08-31 14:08:37",759.8,2,b612sum1
3717,16656072,Vespidae,"2026-08-14 03:30:03",759.6,2,ianapis
3718,16652079,Infill,"2026-09-02 13:47:56",759.1,2,infill
3719,16633928,ghostiee11,"2026-08-01 01:33:25",759.0,1,ghostiee11
3720,16747390,SawadaTsurumai,"2026-08-24 09:48:07",758.7,2,sawadatsurumai
3721,16734712,"Jamshid Ganiev","2026-08-19 06:03:31",758.6,2,jamshidganiev
3722,16674324,"luca fregona","2026-08-08 13:37:49",758.1,2,lucafregona
3723,16668298,"Riki Garcia","2026-08-26 15:36:14",758.0,2,rikigarcia
3724,16669392,cobrapigeon,"2026-08-20 18:43:25",757.8,2,cobrapigeon
3725,16656013,Asuran,"2026-08-17 07:43:54",757.2,2,zkasuran
3726,16738805,"Sergey Panasenko","2026-08-31 23:14:50",757.2,2,spanasenko
3727,16719745,"Masih Pemula Beneran","2026-08-31 02:14:53",756.8,2,mikhaeldhika
3728,16673477,ArtFix,"2026-08-11 00:51:09",756.8,2,artfix
3729,16663361,protoLabs.studio,"2026-08-06 18:39:50",756.6,2,protolabsstudio
3730,16738538,ZHANG_WuHua,"2026-08-18 16:21:19",755.9,2,zhangwuhua
3731,16785100,5386,"2026-09-01 11:13:18",755.8,2,"ismktkaggle,rairai314,satosis"
3732,16691580,"Toni Blanco","2026-08-11 13:10:45",755.8,2,toniblanco
3733,16664241,payoon,"2026-08-07 08:24:05",755.8,2,payoon1234
3734,16655423,"Roland Luethy","2026-09-03 03:10:27",755.6,2,rluethy
3735,16664219,JosephGuhlin,"2026-08-10 08:46:16",755.2,2,jguhlin
3736,16669561,"Nikunj Pahwa","2026-08-15 20:04:36",755.1,2,nikunjpahwa
3737,16709481,"Gerbilles Saucières","2026-08-22 10:38:44",754.8,2,"benjaminhrt30,volbox1902"
3738,16690988,"Aditya Bharadwaj","2026-08-20 10:02:32",754.4,2,adityabharadwaj26
3739,16665120,nobody,"2026-08-13 14:48:45",754.2,2,rajesh1729
3740,16637898,"Marek Nurzynski","2026-08-01 16:06:46",754.1,1,marek3000
3741,16657570,"Guruprasad Parasnis","2026-08-10 12:04:57",754.1,2,guruprasadparasnis
3742,16624277,"D S S Kumar","2026-08-10 03:22:55",753.9,2,satrusskumar
3743,16642846,"Leonid Zaporozhets","2026-08-02 20:03:13",753.8,2,leonidzaporozhets
3744,16659817,"Viet Anh Ngo ","2026-08-31 09:41:08",753.7,2,vietngogm
3745,16699415,"Dohwan Kwak","2026-08-31 01:05:28",753.5,2,dohwankwak
3746,16661943,"Cow Wizard","2026-08-14 02:14:58",752.8,2,cowwizard321
3747,16732574,AlcoholCat,"2026-08-31 14:33:25",752.7,2,alcoholcat
3748,16786115,"Andy Phan","2026-09-03 01:36:52",752.5,2,andyphan
3749,16666204,"David Nana Kofi Ofosu-Arko","2026-08-05 11:04:42",752.2,2,davidnanak
3750,16725010,jenninglim,"2026-08-23 08:38:47",752.0,2,jenningl
3751,16631573,uesi,"2026-08-01 12:04:04",751.2,1,uemura687
3752,16701036,"Tiandong Wang","2026-08-19 11:45:32",750.8,1,condone
3753,16774941,Samvrcai,"2026-08-30 15:00:50",750.4,2,samvrcai
3754,16670214,"Louis @ tradeInsight.ai","2026-08-21 15:18:11",750.2,2,louisquart
3755,16640816,pawaraman,"2026-08-02 19:46:52",750.1,2,pawaraman
3756,16737986,"Edris Yawar #2","2026-09-02 12:32:31",749.8,2,edrisyawar
3757,16760701,"Yannik Schiffner","2026-09-03 00:46:14",749.4,2,yannikschiffner
3758,16718133,KaranjeetSingh1110,"2026-09-01 16:21:58",749.1,2,karanjeetsingh1110
3759,16664154,dwdwdwsdedwd,"2026-08-11 06:29:24",749.1,2,dwdwdwsdedwd
3760,16623886,onepunch999,"2026-08-01 07:30:37",748.9,2,onepunch999
3761,16635004,"jacob OKOTH O","2026-08-02 05:57:05",748.6,1,jacobokotho
3762,16668089,Goller,"2026-08-26 15:05:53",748.6,2,goller
3763,16787200,"HayDay Protestors","2026-09-03 05:08:40",748.4,2,"aaronjoshuaemmanuel,anjulasankalpa,chamathjayashanka,ghostd,prabhashanmadurawala"
3764,16755911,"Paarth Patel","2026-09-03 04:51:03",748.3,2,martis10
3765,16688108,Special_octo20,"2026-08-24 05:25:56",747.9,2,specialocto20
3766,16623555,yindujuxi,"2026-08-01 10:11:35",747.8,2,yindujuxi123
3767,16736985,Colt,"2026-09-01 03:14:54",747.7,2,nht1990
3768,16763829,"Shane Thivaharraja","2026-09-03 01:51:05",747.3,2,shanethivaharraja
3769,16658430,bruyantq,"2026-08-23 08:52:33",746.7,2,bruyantq
3770,16746380,JKong,"2026-08-22 01:40:01",746.5,2,kmt2001
3771,16664804,ryanovovo,"2026-08-05 18:02:38",746.3,2,ryanovovo
3772,16655411,フナコシ,"2026-08-20 13:47:26",745.8,2,kokifunakoshi
3773,16660310,KOLONEX.NET,"2026-08-10 12:40:46",745.7,2,danielandresmiranda
3774,16672103,"fred mahinay","2026-08-24 23:34:48",745.7,2,fredmahinay
3775,16656501,"Thái Phạm Công","2026-08-05 03:59:47",745.6,2,thaipc
3776,16668269,"Rashi Jain07","2026-08-05 17:46:37",745.3,1,rashijain07
3777,16779977,sue124,"2026-09-03 00:19:40",745.1,2,ryotasueyoshi
3778,16686787,"Lars Kammeijer","2026-08-07 21:31:11",745.1,2,larskammeijer
3779,16633173,"Saulo Quiñones Góngora","2026-09-03 00:09:53",745.1,2,sauloquionesgngora
3780,16698822,JJN8825,"2026-09-02 06:51:45",745.0,2,jjn8825
3781,16687808,GorillaGhost,"2026-08-13 23:23:10",744.6,2,gorillaghost
3782,16673346,gabrielep09,"2026-08-11 01:52:41",744.4,2,gabrielep09
3783,16720234,Aditya109,"2026-08-27 08:35:04",744.3,2,"aditya109,tathagattyger"
3784,16630501,"Haris Ahmed","2026-08-14 10:08:51",744.1,2,harisahmedgenai
3785,16644415,Ztrk,"2026-09-03 00:01:39",743.7,2,ztrk123
3786,16652446,"tine.sh agent","2026-09-01 10:06:26",743.7,2,sidcodegg
3787,16657887,"Yermak Petro","2026-08-31 15:56:06",743.3,2,yermakpetro
3788,16630559,khan,"2026-08-02 12:18:56",742.8,2,khansolov
3789,16654332,"Borys Tymchenko","2026-09-02 11:19:31",742.5,2,spsancti
3790,16705417,fuxi,"2026-08-16 07:53:46",742.0,2,"padyue,pytorch5009asd"
3791,16638823,YDDDDDD999,"2026-09-03 01:40:58",742.0,2,ydddddd999
3792,16761227,Ciel_ing,"2026-08-23 10:03:29",741.1,2,cieling
3793,16657397,"QSS Technosoft AI Team","2026-08-05 07:47:00",740.6,2,"kunalthedev,nishantkumarabes,prathamydvv,prishagdev,shreyakchakraborty"
3794,16669461,"suzy su","2026-08-30 13:09:10",740.4,2,suzysu997
3795,16740161,"Ratna Raj Singh","2026-08-31 18:02:45",740.4,2,ratnaraj
3796,16659974,"anthony sinchi","2026-08-18 00:01:08",740.3,2,anthonysinchi
3797,16653222,StevenYuan7788,"2026-08-17 17:38:44",740.3,2,stevenyuan7788
3798,16727059,ksankeerth1,"2026-09-03 02:28:22",739.5,2,ksankeerth1
3799,16736856,misaki,"2026-08-27 15:57:11",739.5,2,"dicenull,iroharyo,jinnsou0219,misakima"
3800,16714208,TirumalaMarri,"2026-08-29 00:04:15",739.4,2,mtreddy
3801,16726941,CJ103CJ,"2026-08-23 12:52:07",739.3,2,cj103cj
3802,16675888,"Rob Gonzalez","2026-08-08 14:58:43",739.2,2,robg475
3803,16670420,"Mihir Argulkar","2026-08-07 20:03:15",739.1,2,mihirargulkar
3804,16651661,"Quyền Thịnh","2026-08-07 06:27:45",738.9,2,quynthnh
3805,16804027,ceir-ceir,"2026-09-03 04:01:51",738.6,2,ceirceir
3806,16761267,Pranav,"2026-08-31 18:09:18",738.6,2,pranavarvind
3807,16636454,epigene,"2026-08-02 10:14:52",738.2,2,nadhu59648
3808,16746151,"Nicolas Gomasjaya","2026-08-26 16:57:08",737.6,2,nicolasgomasjaya
3809,16684957,"Lucas Ferreira","2026-08-11 18:20:43",737.4,2,lucasdeoferreira
3810,16650160,nori8774,"2026-08-10 06:26:21",737.0,2,norimasayamamoto
3811,16784154,JoshJML,"2026-09-03 05:39:26",737.0,2,joshjml
3812,16709809,RiyaSoni20,"2026-09-02 03:31:24",736.9,2,"riyasoni20,rudraamin06"
3813,16759623,"zhenglu wen","2026-08-26 06:24:09",736.2,2,zhengluwen
3814,16690651,"XS 330","2026-09-01 16:26:47",736.2,2,xblade
3815,16660090,"Kaggriculture @ Farmageddon","2026-09-02 13:33:46",735.8,2,gary08phillios
3816,16665517,"RUEI-HSIANG. CHANG","2026-08-17 15:23:55",735.7,2,rueihsiangchang
3817,16777222,"José Daniel Ara","2026-08-27 00:12:53",735.3,2,josdanielara
3818,16658224,"Daniel Gallardo Gómez","2026-08-07 08:17:24",735.0,2,danielgallardogmez
3819,16719696,"Spencer Farrand","2026-08-17 18:40:28",734.8,2,spencerfarrand
3820,16633175,"Umut Kıvanç Sipahioğlu","2026-08-04 15:51:56",734.4,2,umutkvansipahiolu
3821,16654855,"Pedro Rezende Gomes","2026-08-06 00:41:30",734.2,2,pedrorzgomes
3822,16668720,"etienne duplessix","2026-08-10 22:48:53",734.0,2,etienneduplessix
3823,16798478,"Vinicius Pupin","2026-09-02 21:29:51",733.7,2,viniciuspupin
3824,16721960,"Lê Khang","2026-08-18 19:42:43",733.5,1,kobtdatten
3825,16666301,"James Felipe","2026-09-03 05:42:24",733.5,2,jamesfelipe
3826,16680342,Game_khó_vkl,"2026-08-13 19:28:01",733.2,2,maruusha
3827,16665395,"bachi idriss","2026-08-10 15:23:30",733.0,2,bachiidriss
3828,16657172,Honkazu,"2026-08-28 16:55:46",732.9,2,janposlusny
3829,16735298,Watary0927,"2026-08-22 23:25:11",731.9,2,watary0927
3830,16807875,meghana,"2026-09-03 00:34:19",731.8,2,meghana284
3831,16665342,Prothos,"2026-08-23 13:44:29",731.4,2,vjuenemann
3832,16658083,"Gunjan Solanki","2026-09-01 11:32:53",731.4,2,blackhatv1
3833,16658043,"Tran Huy Hoang1312","2026-08-05 01:58:39",731.3,2,tranhuyhoang1312
3834,16672493,ChloeeeeY,"2026-08-23 06:17:03",731.3,2,chloeeeey
3835,16692678,Nerozud,"2026-09-02 08:28:50",730.8,2,"lorerubiano22,nerozud"
3836,16633269,op_star_platinum,"2026-08-09 17:52:52",728.5,2,opstarplatinum
3837,16766888,"Alex #4","2026-08-24 14:42:19",728.4,1,alxndrvara
3838,16790257,"Shivam Kushwaha","2026-08-30 11:55:08",728.4,2,shivamk21
3839,16640991,Xinyi,"2026-09-01 16:44:29",728.2,2,xinyeee
3840,16697461,Agricroporation,"2026-09-02 07:02:16",728.1,2,"algionightly,kroissant7,officialabhinavsingh"
3841,16728633,draven,"2026-08-31 17:38:18",728.0,2,ustchx
3842,16755568,KHuShIMaHajan,"2026-08-21 18:55:05",727.7,2,bymista4578
3843,16763886,"Jackson Sauls","2026-08-24 19:30:24",727.1,2,jacksonsauls
3844,16658660,"Leo Lai","2026-08-13 08:14:45",726.9,2,junweilai
3845,16670834,romin_123,"2026-08-14 01:25:19",726.8,2,romin123
3846,16705348,"Howard lin","2026-08-20 23:01:36",726.7,2,howardlin007
3847,16745264,wpang,"2026-09-02 23:31:45",726.4,2,wangshu
3848,16633466,"Aarush pandey","2026-08-25 19:17:14",726.2,2,aarushpandey
3849,16692994,turneja,"2026-08-08 23:50:13",726.1,2,turneja
3850,16805171,Mario,"2026-09-03 00:28:13",726.0,2,mwalkiew
3851,16699292,"Siddharth Kumar Gopal","2026-08-14 16:35:03",725.5,2,siddharthkumargopal
3852,16651088,ych~sun,"2026-09-03 05:40:42",725.4,2,ychsun
3853,16660805,"Ramon van Dijk","2026-08-05 05:48:21",725.3,2,ramonvandijk
3854,16689266,"Oleksandr Dudnev","2026-08-14 09:45:57",725.0,2,dantist
3855,16654743,"Jaume Batlle i Ferrer","2026-09-02 19:56:44",724.9,2,jaumebatlleiferrer
3856,16745972,yamy893,"2026-08-22 02:14:20",724.9,2,yamy893
3857,16655013,"Adrian Martinez 1111","2026-08-12 00:52:14",724.8,2,adrianmartinez1111
3858,16664457,yaohongfu,"2026-08-10 12:30:43",724.6,2,yhfwww
3859,16663736,"Life Is Roblox","2026-08-17 18:58:37",724.4,2,alexlisenko
3860,16757447,soyukke,"2026-08-31 04:17:18",724.4,2,soyukke
3861,16756564,"Nicolas Defossé","2026-08-25 21:10:58",724.3,2,nicolasdefoss
3862,16699838,"Harry Taylor","2026-08-21 10:38:18",723.5,2,harryphysics
3863,16748979,"Venkata Madhu Sai D ","2026-08-21 19:49:08",723.1,1,venkatamadhusaid
3864,16740361,"Suba S","2026-09-03 02:46:18",722.3,2,jupiter79
3865,16763838,"L. Barriga","2026-08-27 06:48:39",722.2,2,lbarriga
3866,16664760,SN,"2026-08-10 10:48:44",722.0,2,spirosnianiaras
3867,16664709,kai,"2026-08-18 23:29:11",721.8,2,sungwo101
3868,16730028,"Ken Qian","2026-08-17 03:10:15",721.5,2,kenqian
3869,16718838,"josh mathers","2026-08-14 09:26:33",721.3,2,joshmathers
3870,16724002,Yahia717,"2026-08-20 20:48:31",721.0,2,yahia717
3871,16738700,"Bugra Cinar","2026-08-19 07:51:58",720.8,2,bugracnr
3872,16781447,"Cody Schrank","2026-08-31 04:38:57",720.6,2,codyschrank
3873,16703310,"israel ntumba","2026-08-14 01:18:18",720.5,2,israelntumba
3874,16632994,primal,"2026-08-12 16:02:29",720.4,2,primalhost
3875,16695662,"Ollie Lowe2","2026-08-16 16:47:01",720.3,2,ollielowe2
3876,16769767,bruhbruh,"2026-08-28 08:51:26",720.2,2,nguyendinhbach69
3877,16777746,"Daniel Bandy","2026-08-29 02:04:01",719.8,2,goddangitboby
3878,16776928,aiexpert1120,"2026-09-01 16:48:18",719.4,2,aiexpert1120
3879,16695633,"Kiran Kumar","2026-08-24 18:01:37",719.4,2,iamrkk
3880,16692857,AbeLincoln1865,"2026-08-11 00:10:16",719.4,2,abelincoln1865
3881,16786437,"Kiran Narayana K","2026-08-30 06:45:20",719.1,2,kirannarayanak
3882,16635055,chch,"2026-09-03 01:50:07",718.8,2,chchentw
3883,16678773,"Steve Probst","2026-09-02 11:24:34",718.8,2,steveprobst
3884,16655044,"Darius Kolycius","2026-08-04 09:49:01",718.3,2,dariuskolycius
3885,16631353,"Shivam Shinde","2026-08-01 15:29:24",718.1,2,shindeshivam
3886,16664112,"Ethan Hung","2026-08-08 21:44:57",718.1,2,chinesegorilla99
3887,16655199,"Alexander Ulrich","2026-08-12 19:44:20",718.1,2,alexanderulrich01
3888,16654456,"Tristan Peng","2026-08-09 17:00:48",717.4,2,tristanpeng
3889,16755344,"Alizen James","2026-08-23 18:34:30",717.3,2,alizenjames
3890,16656912,"Sami Ali","2026-08-07 00:48:33",717.2,2,mrsamiali
3891,16651593,"huanxian chen","2026-08-11 11:13:05",717.0,2,huanxiachen
3892,16632426,Santhana,"2026-08-28 01:54:03",716.2,2,santhanalekshmic
3893,16772678,SuppliLion,"2026-09-02 21:44:21",715.9,2,supplilion
3894,16664159,"james nazareth","2026-08-19 02:13:23",715.8,2,jamesnazareth
3895,16733046,Afordancja,"2026-08-24 18:22:42",715.7,2,afordancja
3896,16669489,"Yichi Zhang","2026-08-28 19:31:07",715.7,2,yichizhang12
3897,16763113,sowhatwillwelearn,"2026-09-01 11:03:47",715.3,2,sowhatwillwelearn
3898,16685938,"Gautier Fauchart","2026-08-12 05:57:21",714.1,2,gautierfauchart
3899,16685785,KSAI,"2026-08-29 12:18:51",713.9,2,kishan2112004
3900,16741121,"Vignesh Nehru","2026-09-02 14:01:23",713.6,2,vigneshnehru
3901,16622993,"Yaroslav Tanko","2026-08-18 04:34:12",713.4,2,yaroslavtanko
3902,16802695,"Taras Sam","2026-09-02 13:02:20",713.4,2,tarassam
3903,16688893,CCG,"2026-09-03 02:01:51",713.1,2,"hirokenn,nagomenk"
3904,16775652,"Dat Dinh","2026-08-28 09:19:43",713.0,2,dathbdinh
3905,16757614,"Eduardo Molina","2026-08-31 03:01:28",712.9,2,eduardomolinaai
3906,16640461,"Shigeru Kondou","2026-08-31 14:10:25",712.8,2,shigerukondou
3907,16789950,"Zachary Zhang","2026-09-02 09:44:23",712.6,2,zacharyzhang16
3908,16655629,Mai_Konare,"2026-08-17 06:20:49",712.2,2,maikonare
3909,16671646,Luche,"2026-08-08 04:23:32",711.1,2,henrylucky
3910,16658655,HbjaHbja,"2026-08-12 12:18:51",710.9,2,hbjahbja
3911,16724355,hansama.qht,"2026-09-03 05:14:34",710.8,2,hansamaqht
3912,16677701,"Coşkun Bağrıaçık","2026-08-10 00:02:25",710.7,2,cbagriacik
3913,16668819,"ahmedou sidi med","2026-08-19 00:05:55",710.7,2,ahmedousidimed
3914,16664884,Abhijeetgg,"2026-08-12 08:53:50",710.6,2,abhijeetgg
3915,16665759,"Shawn Zhang","2026-08-21 10:18:20",710.5,2,shawnzhang0318
3916,16633772,ayuma,"2026-08-03 06:01:01",710.0,2,onthoze
3917,16686715,"Adrien Secondaire","2026-08-08 15:54:58",709.9,2,adriensecondaire
3918,16724202,"Sooriya Senthilkumar","2026-08-23 05:25:47",709.6,2,sooriyasenthilkumar
3919,16660600,"Beria Kalpelbe","2026-08-07 13:46:47",709.5,2,beriakalpelbe
3920,16732537,Rapha,"2026-08-27 12:08:17",709.2,2,raphaabels
3921,16654746,"Michael Mullen","2026-08-06 11:08:31",708.6,2,mmullen200
3922,16659828,"Lebansty Valan","2026-08-21 14:14:56",708.5,2,lebanstyvalan
3923,16712007,"Dipin Kothavoor","2026-08-27 10:00:39",707.8,2,dipinkothavoor
3924,16760439,XLX,"2026-08-31 17:29:32",707.7,2,lonelygleaner
3925,16663656,"Andrii Kavetskyi","2026-08-20 21:48:20",707.2,2,andriykavetsky
3926,16692401,"Abdurehman Iqbal","2026-08-14 09:13:08",707.0,2,abdurehmaniqbal
3927,16640683,Jason-Oh,"2026-08-29 18:48:21",706.7,2,dossantoss
3928,16682283,"RL is all you need","2026-08-29 09:27:00",706.4,2,"bpmf577,junzhejiao,jwj1342,liaodid,mrschang"
3929,16663998,"Harith Al-Ani","2026-08-24 00:09:54",706.4,2,abo3losh
3930,16706455,"John Andrei Martinez","2026-08-18 18:55:04",706.3,2,johnandreimartinez
3931,16623644,Accer_sz,"2026-08-02 00:27:32",706.3,2,accersz
3932,16739167,Yeyuqing0913,"2026-08-31 00:00:15",706.0,2,yeyuqing0913
3933,16666648,"Sriram Reddy19","2026-08-06 08:40:07",705.8,2,sriramreddy19
3934,16791960,Boladi,"2026-09-01 02:09:09",705.2,1,boladi
3935,16706192,rustlers42,"2026-09-02 15:24:05",705.2,2,"lkshrsch,powerofcreation"
3936,16624888,okome_niigata,"2026-08-06 06:47:17",705.0,2,okomeniigata
3937,16723729,"Lucas Cimiano","2026-08-29 17:21:55",704.7,2,lucascimiano
3938,16638031,vlad101,"2026-08-21 15:10:27",704.3,2,vlad101
3939,16668711,"David Leati","2026-08-28 00:47:39",704.3,2,davidleati
3940,16668354,"ashraf saiyed","2026-08-13 13:44:31",704.1,2,ashrafsaiyed58
3941,16684250,"Alexander Sokolov","2026-09-02 20:47:23",704.0,2,cheeec0
3942,16698034,Anatoliy_Fomin,"2026-08-12 12:57:18",703.8,2,anatoliyfomin
3943,16767934,"taha berk","2026-08-26 15:21:51",703.1,2,tahaberkterekli
3944,16665042,Neo_0x3f,"2026-08-10 21:36:56",703.1,2,neo0x3f
3945,16645297,Mark_RowSet,"2026-08-09 05:25:39",703.0,2,markrowset
3946,16658019,ไอติวบ้านปังมาเอาแช้มมมม,"2026-08-08 18:43:05",702.6,2,tewnabhat
3947,16748476,sam_the_rice_cake,"2026-09-03 05:43:47",702.1,2,"hash548,wliilamsam"
3948,16656460,dlutwzh,"2026-08-08 06:48:33",701.6,2,dlutwzh
3949,16648215,"Terrence Chuwe","2026-08-03 13:32:15",701.6,2,terrencechuwe
3950,16667258,"Firman Imam","2026-08-09 02:36:56",701.1,2,piririp
3951,16663614,Nevska,"2026-09-02 23:15:43",700.7,2,nevska
3952,16664003,"Nakul Rajpal","2026-08-05 06:29:24",700.3,2,nakulrajpal
3953,16713249,"vedant patnala","2026-08-27 22:38:03",700.2,2,vedantpatnala
3954,16713236,kingofeverything,"2026-09-02 01:41:13",700.1,2,"kingofeverything,skyyyang"
3955,16665476,"Zhanghao Chen69","2026-08-19 12:42:33",699.7,2,zhanghaochen69
3956,16657332,"Amit Malakar","2026-09-03 05:18:39",699.4,2,amitmalakarjoy
3957,16743165,"Chiachii Liang","2026-08-26 00:45:19",699.4,2,chiachiiliang
3958,16675831,"Thayaparan Kumarakuru","2026-08-31 09:05:45",699.3,2,"kavishkasubashana,mrkala,thayaparankumarakuru"
3959,16622338,github/shepsci/kaggle-skill,"2026-08-24 17:22:49",699.0,2,shepscientific
3960,16738261,"Samuel Moreira","2026-08-24 14:11:40",698.8,2,samuelmoreira420
3961,16774890,SkoopSkoop,"2026-08-31 16:08:04",698.6,2,skoopskoop
3962,16663884,DevilQ,"2026-08-23 22:08:52",698.4,2,"parhamesm,samuelescarfone12"
3963,16621243,"Jesse Bullard","2026-09-03 05:42:48",697.8,2,jessebullard
3964,16732478,Ken_Ken_Pa,"2026-09-02 22:10:44",697.4,2,kenkenpa
3965,16665654,"Anurag H H","2026-08-31 18:17:17",697.3,2,anur4ghh
3966,16656107,Aotokitsuruya,"2026-09-02 14:35:20",696.9,2,elct9620
3967,16760247,kriskur123,"2026-09-02 19:45:02",696.8,2,kriskur123
3968,16735408,"Evan S","2026-08-18 20:06:05",696.8,2,evansc123
3969,16662128,BenPalmer59,"2026-08-11 19:16:24",696.8,2,benpalmer59
3970,16662618,"Soledad Santiago","2026-09-01 05:51:08",696.4,2,soledadsantiago
3971,16771397,its_mrz,"2026-09-03 03:33:25",695.8,2,itsmrz
3972,16659341,Aryan88097,"2026-08-05 17:26:57",695.6,2,aryan88097
3973,16741660,Dhruv_Goyal990,"2026-09-03 03:23:37",695.6,2,"dhruvgoyal990,prathameshbelavagi"
3974,16717614,Dhanyashree1028,"2026-08-16 15:00:37",695.2,2,dhanyashree1028
3975,16654267,maniginam,"2026-09-03 01:00:04",695.1,2,maniginam
3976,16764149,"Manish Rai","2026-09-02 07:50:18",694.9,2,magiuscain
3977,16795923,KaluzaKlein,"2026-09-02 13:29:29",694.8,2,kaluzaklein
3978,16734490,Tomeiser,"2026-09-03 01:53:20",694.6,2,tomeiser
3979,16738336,"Guo Xuehan","2026-09-02 05:44:05",694.5,2,zmllls
3980,16653828,Boltuzamaki,"2026-08-23 18:40:37",694.5,2,boltuzamaki
3981,16732504,"porsche zheng","2026-08-18 08:19:41",694.1,2,porschezheng
3982,16667514,"Kakarott 10","2026-08-06 09:05:43",694.1,2,kakarott10
3983,16706456,"Michael van Mill","2026-08-12 09:58:40",694.0,2,michaelvanmill
3984,16692896,"Guy Lev","2026-08-20 19:18:52",694.0,2,sarthobi
3985,16661650,"Docker container","2026-08-15 18:52:39",693.8,2,yossefaymanzedan
3986,16657016,"MD. AS-AID RAHMAN","2026-08-26 15:57:49",693.6,2,mdasaidrahman
3987,16629844,IsaacJinyu,"2026-08-01 15:39:55",693.5,2,isaacjinyu
3988,16811935,"Bhargavaram Gajula","2026-09-03 05:21:35",693.2,2,bhargavaramgajula007
3989,16717952,Aydar,"2026-08-29 21:28:35",693.0,2,aydara
3990,16623480,xmaster6y,"2026-08-20 15:50:57",692.8,2,xmaster6y
3991,16786043,"Denzel Fuentes","2026-09-03 05:35:09",692.4,2,denzelfuentes
3992,16729186,Virtute,"2026-08-27 15:31:09",692.3,2,nameless001
3993,16630779,Jimmer,"2026-08-30 22:07:43",692.2,2,przemysawonr
3994,16777740,hoangnnh67,"2026-08-28 22:12:22",692.1,2,hoangnnh67
3995,16679887,ScriptRed,"2026-08-09 00:36:30",692.0,2,scriptred
3996,16660345,"Aadhithya Ramesh","2026-08-06 08:49:10",691.9,2,aadhithyaramesh
3997,16711567,"Finn Brooks","2026-08-15 04:40:11",691.7,2,finnbr
3998,16671438,"Aot Chanthorn","2026-08-15 16:16:25",691.4,2,aotchanthorn
3999,16666084,"Andaç Demirdelen","2026-08-09 19:18:08",691.0,2,andacdemirdelen
4000,16766171,Jonaid,"2026-08-24 15:27:44",690.7,2,jonaidshianifar
4001,16766732,"Maziyar Abyari","2026-09-02 23:57:10",690.5,2,maziyarabyari
4002,16630251,"Handry Novianto","2026-09-02 08:02:58",690.1,2,handrynovianto
4003,16743382,"Pavan Rangisetti","2026-08-30 07:22:59",689.9,2,pavanrangisetti
4004,16711868,"Mark Cooper","2026-08-16 13:09:02",689.8,2,markjcooper
4005,16750036,"Kiệt Lưu","2026-09-03 01:57:07",689.6,2,jaxyss
4006,16779007,"Teoh jia sheng","2026-09-03 02:51:22",689.3,2,"nathanael19,teohjiasheng"
4007,16745109,deflexor,"2026-08-27 21:35:07",689.2,2,deflexor050
4008,16764600,"Tanmay Shingavi","2026-09-03 05:43:57",688.1,2,decodingafterlife
4009,16732048,jiangletian,"2026-08-24 03:20:40",687.9,2,jiangletian
4010,16641288,nakagawaren0805,"2026-08-22 06:03:44",687.6,2,nakagawaren0805
4011,16694610,Kshitiz2002,"2026-08-11 15:44:41",687.6,2,kshitiz2002
4012,16756698,savoelh,"2026-08-31 19:57:28",687.6,2,savoelh
4013,16683282,ayushk_empire,"2026-08-14 11:50:15",687.3,2,ayushkempire
4014,16655578,"Ahmed Merie","2026-08-13 00:11:40",687.2,2,aa7767
4015,16677366,Gmmastermind,"2026-08-07 01:19:13",687.1,2,gmmastermind
4016,16660653,kanchana's,"2026-09-01 17:09:40",687.0,2,"saikanchana,yuvarajkanchana"
4017,16759427,Dhruv,"2026-08-23 12:20:16",686.7,2,dtalati1
4018,16772626,"Dr. Mikholae Hutchinson","2026-08-29 21:53:59",686.7,2,drmikholaehutchinson
4019,16654099,"Bhupin Thapa magar","2026-08-10 09:22:06",686.2,2,vupeenthapamagar
4020,16697261,nbauerle,"2026-08-14 15:10:38",685.7,2,nbauerle
4021,16682908,"Masha Mashallah","2026-09-02 17:15:32",685.7,2,mashamashallah
4022,16703315,"Ryan Triplett","2026-09-02 05:54:31",685.3,2,ryantriplett
4023,16660491,"Ryan Hancock","2026-08-08 09:56:54",685.0,2,rychanfox
4024,16665894,"Pedro Wu","2026-09-03 03:40:31",684.9,2,pedropei
4025,16689033,arman1o1,"2026-09-01 05:01:27",684.7,2,arman1o1
4026,16736931,"Sergei Fironov","2026-08-31 05:33:40",684.7,2,sergeifironov
4027,16661132,"Jia Chen","2026-09-02 17:50:11",684.6,2,jiachenjasper
4028,16731839,mamematcha,"2026-08-27 06:32:35",684.5,2,mamematcha
4029,16655449,tcvieira,"2026-08-06 18:20:34",684.3,2,tcvieira
4030,16719364,Yeh!AIGame,"2026-08-31 01:46:07",684.2,2,"luluyeh,yehshibang"
4031,16664041,"an Expired Engineer","2026-08-17 12:02:21",683.9,2,sanggusti
4032,16793489,hendracos,"2026-09-02 03:10:03",683.9,2,hendracos
4033,16708824,"Tanaka Chiromo","2026-08-20 11:12:22",683.5,2,tanakachiromo
4034,16779063,"Yendrew Y","2026-09-02 14:12:28",683.4,2,yendrewy
4035,16734511,"Marcin Salaterski","2026-09-02 23:48:13",683.4,2,marcinsalaterski
4036,16655595,ashsah,"2026-08-31 08:37:35",683.2,2,ashsah
4037,16655039,"Andrew Yip","2026-08-06 20:14:49",682.9,2,yipcma
4038,16745571,"Yifan Xie","2026-08-27 11:54:28",682.9,2,yifanxie
4039,16655521,"Hemadri Rajyaguru","2026-08-04 02:12:55",681.3,2,hemadrirajyaguru
4040,16767632,"robin baldeo","2026-08-28 17:02:49",681.2,2,robinbaldeo
4041,16702932,kyconf,"2026-08-25 18:35:41",681.1,2,kyconf
4042,16675708,"Mahder Tesfaye Abebe","2026-08-08 08:46:36",680.9,2,mahdertesfayeabebe
4043,16689398,Reesh,"2026-08-11 08:55:10",679.6,2,rishileung
4044,16673151,skyblue01,"2026-08-27 07:56:10",679.6,2,skyblue01
4045,16664134,"Pelayo Fernández","2026-08-07 10:36:48",679.5,2,pelayofdez
4046,16748955,micchy,"2026-09-02 17:47:46",678.9,2,micchy326
4047,16780484,"Edmond Kirsch","2026-09-01 17:30:28",678.7,2,edmondkirsch
4048,16731971,s_a_ai_enginner,"2026-09-02 15:01:19",678.4,2,saaienginner
4049,16677105,"Chaitanya Yadav","2026-08-16 10:36:07",678.1,2,xhaitanya
4050,16727241,Yogesh2850,"2026-08-17 09:55:08",678.0,2,yogesh2850
4051,16748603,qianzhonhao,"2026-08-29 06:12:59",677.8,2,qianzhonhao
4052,16658377,Masaya,"2026-09-01 13:43:37",677.6,2,irrohas
4053,16686222,"Nika Chaduneli","2026-08-10 01:21:09",677.5,2,nikachaduneli
4054,16663498,"Braxton Dyer","2026-09-02 23:59:05",677.4,2,braxtondyer
4055,16712870,"Jose Gibson","2026-08-13 20:09:11",677.3,2,josegibson
4056,16661529,"AL Najafi","2026-08-08 03:39:39",676.8,2,alnajafi
4057,16724993,Bonkoturyu,"2026-09-03 03:40:37",676.6,2,bonkoturyu
4058,16654328,"QQ Farm","2026-08-28 12:59:12",676.6,2,"huiiyu,titirmt"
4059,16672370,"Yash Barhanpurkar","2026-08-30 18:44:23",676.4,2,yashbarhanpurkar
4060,16661898,Farfadet,"2026-08-12 06:04:18",676.0,2,farfadet
4061,16657347,"Hibiki M","2026-08-20 15:30:40",675.9,2,hibikibrise
4062,16666099,"Marcben James Samuel","2026-08-18 06:42:43",675.9,2,marcbenjamessamuel
4063,16659286,shane18,"2026-09-02 05:45:41",675.8,2,shane18
4064,16793892,cjc0013,"2026-08-31 18:27:50",675.2,2,cjc0013
4065,16671421,"Gryffin Wang","2026-08-08 23:08:40",674.8,2,gryffindoraf
4066,16750447,Morpheus0303003,"2026-08-24 16:58:42",674.1,2,morpheus0303003
4067,16664313,CompilingCoder,"2026-08-06 09:38:17",674.0,2,compilingcoder
4068,16655027,"Artem Zenkevich","2026-08-16 13:09:58",673.7,2,artemzen
4069,16625050,"how to place pokemon","2026-08-03 05:53:43",673.0,2,ktverdov
4070,16784992,Prasad.tgs,"2026-08-31 01:05:39",673.0,2,sivaprasadnaidu
4071,16709318,"Jana Hagen","2026-08-26 18:00:16",672.9,2,janahagen
4072,16679018,"Kushpreet Singh","2026-08-27 21:01:42",672.8,2,kush639
4073,16664790,"soumic 1088","2026-08-19 08:34:34",672.8,2,soumic1088
4074,16731447,"Rúben Martins","2026-08-19 20:55:42",672.7,2,rubenmartins10
4075,16756176,"Unsh Rawal","2026-09-02 20:52:24",672.7,1,unshrawal
4076,16757280,"manos papagiannidis","2026-08-27 03:40:34",672.6,2,manospapagiannidis
4077,16686645,Ornaat,"2026-09-01 18:20:17",672.6,2,ornaat
4078,16665692,Straw_hats,"2026-09-01 07:40:19",672.3,2,"charanno,tvigneshreddy"
4079,16749236,"Michael Müller","2026-08-31 18:03:46",672.2,2,michaelmller
4080,16665932,"Fabian Birringer","2026-08-21 18:31:41",671.9,2,fabianbirringer
4081,16687390,"Mark Calvert","2026-08-08 09:51:55",671.8,2,markycalvert
4082,16670313,HamzZZzzZZa,"2026-08-06 22:01:28",671.6,2,memesalot
4083,16624253,"Ho Dinh Trieu","2026-08-22 07:52:08",671.6,2,hodinhtrieu
4084,16725913,StarStone_233,"2026-08-16 07:22:12",671.4,2,starstone233
4085,16755111,ingemarieke,"2026-08-21 15:04:53",671.3,1,ingemarieke
4086,16694134,"Sophia Leng","2026-08-24 20:04:10",671.2,1,sophialeng9
4087,16664359,"Apil Khadka","2026-08-15 13:10:18",671.2,2,apilkhadka
4088,16770674,"Arpit Jain","2026-09-02 11:44:36",671.1,2,arpitjain5
4089,16702411,"Aryuemaan Chowdhury","2026-08-21 07:05:31",671.1,1,aryuemaanchowdhury
4090,16665154,"Omkar Pawar","2026-08-23 12:22:56",671.0,2,omkarrr7
4091,16641141,"Yuri Barbashov","2026-09-02 14:23:34",671.0,2,yuribarbashov
4092,16681149,Lee14k,"2026-08-19 17:00:35",670.6,2,lee14k
4093,16662120,"Harpal Gujral","2026-08-25 18:07:07",670.3,2,harpalgujral
4094,16641130,LitvinKA,"2026-08-04 18:09:01",670.2,2,litvinka
4095,16701034,notnorm,"2026-08-11 10:31:23",669.9,1,notnorm
4096,16678157,"Ayush Kumawat","2026-08-14 13:10:02",669.7,2,ayushkumawat21
4097,16716365,Murphy,"2026-08-21 14:00:29",669.7,2,taeyounglimdt
4098,16789914,AkikJana,"2026-09-02 13:49:24",669.4,2,firewaterair
4099,16712902,"Ethan Benjamin Cole","2026-08-13 12:19:26",669.3,2,ethanbenjamincole
4100,16692995,RafaMartinaitis,"2026-08-22 11:50:10",669.3,2,rafaelmartinaitis
4101,16660540,Minikotey,"2026-08-16 15:34:40",669.3,2,juliapatarishina
4102,16735476,"Matthew Liew","2026-08-18 08:02:11",669.2,2,matthewliew
4103,16756677,"Pyzh Vladislav","2026-08-24 10:19:44",669.1,2,pyzhvladislav
4104,16805918,"kaito ide 31","2026-09-03 05:22:00",668.8,2,kaitoide31
4105,16675832,"Dean Shalev","2026-08-09 04:12:47",668.8,2,deanshalev
4106,16667630,Sparsh389,"2026-08-06 15:46:09",668.5,2,sparsh389
4107,16677518,"Khor Yin Loon","2026-09-03 02:49:15",668.2,2,khoryinloon
4108,16699140,St.Valentine,"2026-08-18 09:49:04",668.2,2,stvalentin3
4109,16726080,"Arda Yasar","2026-08-19 06:02:10",668.0,2,ardayasar
4110,16655272,"Artur Sakhiullin","2026-08-09 14:27:52",667.8,2,artursakhiullin
4111,16756972,"Đức Hải Hà","2026-09-03 03:26:52",667.7,2,tankinguyen
4112,16731260,"Jeel Gajera","2026-08-18 07:44:44",667.4,2,jeelog
4113,16690869,"Yudai Hayashi","2026-08-23 09:14:30",667.0,2,yuhaya9
4114,16668439,Lugas024,"2026-08-08 05:33:51",666.7,2,lugas024
4115,16755548,"Manuel Ramos","2026-08-27 19:06:26",666.6,2,aizpask13
4116,16738239,"Yaseen Shah7897","2026-08-20 06:50:29",666.5,2,yaseenshah7897
4117,16730231,chandler14362,"2026-08-29 03:04:49",666.4,2,chandler14362
4118,16716941,林木子吖,"2026-08-24 09:28:59",666.1,2,linmuzi0108
4119,16765031,"Allen JL Li","2026-08-27 06:12:23",666.0,2,allenjlli
4120,16641171,"Sadettin Şamil Verdil","2026-09-03 05:46:00",665.9,2,sadettinamilverdil
4121,16670708,"Mohammad Usman Sajid","2026-09-02 20:11:30",665.8,2,mohammadusmansajid
4122,16793189,"Akash Mohan Chaudhary","2026-09-01 18:29:57",665.5,2,akashmohanchaudhary
4123,16650930,"Govind Sharma","2026-08-24 09:25:23",665.5,2,govindsarswat
4124,16670210,"Ali Alghaithi","2026-08-10 21:14:48",665.4,2,alioman
4125,16728799,JulianHahn28,"2026-08-17 21:26:57",665.3,2,julianhahn28
4126,16669165,"IT Neko","2026-08-14 13:17:33",665.3,2,"nirvaanaa,zhexuanyecust"
4127,16655663,"Farmland Destroyer","2026-08-19 13:43:22",665.3,2,minghaopang
4128,16658686,"Alpesh Kumar","2026-08-08 06:12:31",665.0,2,alpeshkumar
4129,16658042,"Giampietro Pregnolato","2026-08-13 09:17:36",664.7,2,giampietropregnolato
4130,16738653,"Julien Trocmé","2026-08-24 12:48:49",664.6,2,julientrocm
4131,16670229,Munshi-PremChand,"2026-08-27 12:43:08",664.6,2,munshipremchand
4132,16657798,"Ian Kim","2026-08-06 05:07:10",664.2,2,ianpkim
4133,16676534,AlphaBound,"2026-08-25 05:26:32",664.1,2,somsubhrometya
4134,16763088,mason.jr,"2026-08-25 04:29:36",664.1,2,haophanzx
4135,16792512,ckd999,"2026-09-01 17:16:56",663.9,2,ckd999
4136,16663343,"Abdullah M. Haque","2026-08-13 14:26:00",663.8,2,abdullahmhaque
4137,16663708,"Imran Ahamed","2026-08-29 22:00:50",663.5,2,immu4989
4138,16687714,nabilux,"2026-08-09 13:27:11",663.3,2,eminesnabil
4139,16771001,"0x1369 T-Farm","2026-08-31 04:38:04",663.3,2,xcryst
4140,16670356,"Dziriyin wa9il","2026-08-25 19:56:56",663.2,2,"akumanomu,alioualaeddine"
4141,16725871,"Patrice Santiago","2026-08-28 13:12:14",662.9,2,patricesantiago
4142,16756965,gchauhan,"2026-08-30 16:41:21",662.9,2,gchauhan
4143,16715473,cmrfrd,"2026-08-14 04:58:15",662.8,2,thecmrfrd
4144,16752250,"Takahiro Katsumata (tkatsuma)","2026-08-31 02:58:20",662.5,2,alextfkd
4145,16730461,"Mubin Shaikh","2026-08-19 06:09:17",662.4,2,shaikhmubin
4146,16663909,HDPark,"2026-08-17 04:48:41",662.2,2,hdpark
4147,16734595,"Abhimanyu Singh","2026-08-20 12:52:38",662.1,2,abhimanyusingh170702
4148,16728195,"6 GOD","2026-08-21 15:50:28",662.1,2,tertospacko
4149,16737702,"kaneko takafumi","2026-09-01 05:47:22",662.1,2,kanekotakafumi
4150,16624824,GoofyGenius,"2026-08-26 12:59:10",662.0,2,goofygenius
4151,16655364,AmirElite,"2026-08-28 04:30:37",661.5,2,amirelite
4152,16696421,"Koyashiki Mao","2026-08-11 06:40:19",661.4,2,koyashikimao
4153,16661318,"Zeel Kadvani","2026-08-25 11:17:53",661.3,2,zeelkadvani
4154,16669393,"ÖMER FARUK YILMAZ","2026-08-07 19:54:59",661.3,2,ofyzero
4155,16633379,"Artem Prokhorov","2026-07-31 20:53:32",661.1,1,catfield123
4156,16667500,jiannebab,"2026-08-14 14:29:12",661.1,2,jiannebab
4157,16775770,"Ashish Kumar","2026-08-27 17:18:58",661.1,1,whoashish115
4158,16682815,"Saiyam Bharara","2026-08-19 15:03:06",660.4,2,saiyambharara
4159,16793802,"Andrew Lam","2026-09-01 09:07:56",660.4,2,andrewlam23
4160,16654640,"Halil Akbas","2026-08-28 00:32:12",660.1,2,halilbrahimakbas
4161,16744534,"Leonardo Custode","2026-09-02 21:18:00",660.0,2,leocus
4162,16658009,"Lando Wang","2026-08-05 02:18:17",659.9,2,landowang
4163,16677178,"YOUSSEF FAID","2026-08-11 21:10:38",659.8,2,yousseffaid
4164,16659367,"Tayyab Aamir","2026-08-06 10:59:49",659.8,2,duketi
4165,16758316,"Roy Lo TW","2026-08-22 12:28:29",659.7,2,roylotw
4166,16636808,"Kaito Ichikawa","2026-08-27 09:02:36",659.4,2,kaitoichikawa
4167,16688175,aarav221w,"2026-08-25 23:40:16",659.3,2,aarav221w
4168,16779539,"Dmitri Bugakov","2026-08-27 16:34:42",659.2,2,dmitrybugakov
4169,16756765,DharmParmar,"2026-09-02 14:34:58",658.8,2,dharmparmar
4170,16668648,"Mason R. Brito","2026-08-19 03:26:26",658.7,2,masonrbrito
4171,16670698,"Tamerlan Dadashov","2026-08-09 10:36:12",658.7,2,tamerlandadashov
4172,16640933,"Bhanu prasad","2026-08-30 07:49:09",658.6,2,restlesseagle
4173,16733873,"Shirish Chinchanikar","2026-08-30 15:53:12",658.4,2,"codemastersj,shirishchinchanikar"
4174,16665084,"Wei Han","2026-09-01 06:15:02",658.0,2,weihan87
4175,16704437,babybuffalo,"2026-08-25 16:11:16",658.0,2,babybuffalo
4176,16671420,"Chengchen Duan","2026-08-17 15:25:09",657.9,2,chengchenduan
4177,16675461,mins0_0,"2026-08-30 07:50:53",657.9,2,mins00
4178,16623213,zulfikar.khalwaniev,"2026-08-23 09:08:56",657.7,1,khalwaniev
4179,16668817,"Sean ODonnell","2026-08-08 03:27:47",657.7,2,sjean11
4180,16697941,"Raphael Coelho","2026-08-16 15:24:28",657.6,2,raphaelrrcoelho
4181,16729413,KharinTymofii,"2026-08-20 21:29:42",657.2,2,kharintymofii
4182,16655140,Efthimios,"2026-09-03 03:52:46",657.0,2,efthimiosfousekis
4183,16717245,bernard558,"2026-08-24 22:18:16",656.9,2,bernard558
4184,16691552,"Koshtubh Singh Parihar","2026-08-09 03:19:39",656.9,2,koshtubhsinghparihar
4185,16664096,"Charles Coonce","2026-08-26 03:25:08",656.9,2,charlescoonce
4186,16663922,MoongladeAI,"2026-08-24 18:26:20",656.8,2,moongladeai
4187,16803592,"Bishal Lamichhane","2026-09-01 17:26:37",656.8,1,bishallamichhane44
4188,16700785,"VIVEK JAMI","2026-08-19 13:57:57",656.4,2,vivekjami
4189,16682876,"Kartik Garg","2026-08-09 05:21:34",656.1,2,kartikgarg97
4190,16658097,Sujay,"2026-08-29 17:18:43",656.1,2,sujayprodduturi
4191,16694064,RRK0123,"2026-08-17 05:30:52",655.9,2,rrk0123
4192,16661210,vizyourdata,"2026-08-07 11:05:08",655.5,2,vizyourdata
4193,16749764,Aquaflame,"2026-08-29 03:54:08",655.5,2,aquaflame
4194,16763287,Sathishkumartheta,"2026-08-25 18:53:26",655.0,2,sathishkumartheta
4195,16636954,"Jeff Horon","2026-08-26 11:44:44",655.0,2,jeffhoron
4196,16625047,BOBQWERA,"2026-08-02 06:34:18",654.6,2,bobqwera
4197,16732307,"Shobha Vashishtha","2026-08-17 12:32:07",654.1,1,shobhavashishtha
4198,16790652,"Pengchao Zheng","2026-09-02 06:09:23",654.1,2,pengchaozheng
4199,16707078,"Loïc & Zach","2026-08-24 20:25:24",654.0,2,"locmmeteau,zachariedubus"
4200,16696916,Sundar,"2026-08-11 13:04:59",653.8,2,vsundar17697
4201,16761693,nhatvo,"2026-08-27 21:46:20",653.8,2,nhatvo
4202,16654761,"Mohammed Mukthar","2026-08-05 02:06:15",653.2,2,mohammedmukthar9
4203,16634204,"m-toshi desu","2026-08-01 06:20:37",653.1,2,mtoshidesu
4204,16739449,SelvapriyankaRam,"2026-08-24 18:44:21",653.0,2,selvapriyankaram
4205,16700546,"Nightshade Family","2026-08-23 11:20:43",653.0,2,"gihanchamod17,vishmithasamarakoon"
4206,16660251,Yagawa,"2026-08-20 12:29:37",652.8,2,yagawa
4207,16691518,"Sander Ee","2026-08-09 12:03:09",652.8,2,sanderee
4208,16684886,HTHub,"2026-08-08 00:12:47",652.7,2,adegokesaidi
4209,16639867,vibecoder,"2026-08-08 05:34:55",652.6,2,kunal808
4210,16793680,prajval_p,"2026-09-01 01:03:39",652.6,2,prajvalp
4211,16627906,"Tergel Munkhbat","2026-08-27 03:32:57",652.1,2,tergelmunkhbat
4212,16669595,evanca,"2026-08-08 12:27:56",652.0,2,evanca
4213,16678080,"Timothy Adeyemi","2026-08-24 22:53:30",652.0,2,timothyadeyemi
4214,16729765,"Caio Ruiz","2026-08-27 00:04:07",651.8,2,chvruiz
4215,16700885,"Malala Ramaha","2026-08-29 07:29:11",651.8,2,malalaramaha
4216,16697526,"Jurgen Sinjari","2026-08-10 21:21:26",651.7,2,jurgensinjari
4217,16621811,"Shaun Andrade","2026-08-01 00:44:42",651.6,2,shaunandrade
4218,16735624,"Marc Rippee","2026-08-24 05:03:34",651.4,2,marcrippee
4219,16622330,"hiroshi murakami","2026-08-22 01:03:12",651.4,2,zabojeb
4220,16665133,"Abhishek Dubey","2026-08-10 13:28:57",650.9,2,abhishekdubey911
4221,16675897,"KANG ZHIPENG","2026-09-01 15:23:30",650.9,2,kangzhipeng
4222,16716335,JamesJJJJJ,"2026-08-17 14:54:10",650.7,2,jamesjjjjj
4223,16684436,Simon-the-sorcerer,"2026-09-02 21:26:34",650.5,2,simonwiller
4224,16659138,allenbcy,"2026-09-02 15:22:41",650.5,2,allenbcy
4225,16732003,"HAO jia liu","2026-08-18 09:58:05",650.5,2,haojialiu
4226,16749104,danielx119,"2026-08-20 16:36:00",650.3,2,danielx119
4227,16660005,DreamX5678,"2026-08-06 07:55:06",650.3,2,dreamx5678
4228,16661066,"André Kuster","2026-08-06 00:54:20",650.0,2,andrkuster
4229,16760604,"Thananut Phiboonbanakit","2026-08-25 14:04:44",649.9,2,tphiboonbanakit
4230,16670615,Ahornsirup,"2026-08-21 19:33:36",649.7,2,ahornsirup
4231,16676360,"Chris Kang","2026-08-17 10:07:49",649.5,2,rukawa917
4232,16731516,Sumit0694,"2026-08-30 16:05:40",649.4,1,sumit0694
4233,16669597,农业农村部,"2026-08-10 19:11:08",649.4,2,"bingzhenghan,hrwan1,krasuszl"
4234,16730030,"Jared Wilder","2026-08-17 14:23:15",649.0,2,jaredwilder
4235,16755529,"Rafea Almejrab2025","2026-08-29 16:06:34",648.9,2,rafeaalmejrab2025
4236,16732725,MackTen,"2026-08-19 08:14:01",648.5,2,mackten
4237,16752324,"yunchuan liu","2026-09-02 04:57:27",648.4,2,hoteye
4238,16665471,"Dennis Navamani","2026-08-25 11:10:08",648.0,2,dennisnavamani
4239,16743494,"ROHAN Exploit","2026-08-19 18:35:34",647.7,2,rohanexploit
4240,16693988,"Pranav Gupta","2026-08-18 03:51:41",647.5,2,kumbhakarann
4241,16657105,"Mathijs Deelen","2026-08-05 01:16:34",647.5,2,mathijsdeelen
4242,16664731,UT,"2026-08-21 15:24:42",647.2,2,"sabapunch,wasshan"
4243,16641348,wata,"2026-08-03 11:29:04",647.0,2,iwatahiroki
4244,16664119,FSzekut,"2026-08-07 00:03:04",646.7,2,fszekut
4245,16734312,truebelief,"2026-08-19 00:01:20",646.5,2,truebelief
4246,16632510,shi_koyo,"2026-08-04 08:58:56",646.3,2,shikoyo
4247,16665990,daffaharil,"2026-08-11 07:56:55",646.2,2,"daffaharil,farhansiddiq"
4248,16763761,mkai1981,"2026-09-03 03:53:02",646.2,2,mkai1981
4249,16700441,"Houssem RIAHI","2026-08-27 14:54:09",645.9,2,houssemriahi
4250,16776793,"Guilherme Raiuga","2026-09-02 23:13:08",645.8,2,guilhermeraiuga
4251,16664267,"Alan T. Andrea","2026-08-09 03:22:40",645.6,2,alantandrea
4252,16652635,panacea9320,"2026-08-05 10:45:06",645.4,2,panacea9320
4253,16686613,Zubatch,"2026-08-15 20:11:39",645.2,2,zubatch
4254,16704569,"Lorenzo Grattarola","2026-08-16 22:24:15",645.0,2,lorenzograttarola
4255,16732609,"Filippo Paninforni","2026-08-19 18:30:22",644.9,2,filippopaninforni
4256,16689391,"Tejas Rajput","2026-08-08 17:21:18",644.8,2,tejasrajput123
4257,16670070,"Kirill Molostov","2026-08-31 12:18:26",644.6,2,kirillmolostov
4258,16706413,"Song Research","2026-08-18 00:39:36",644.4,2,sangbong91
4259,16658937,SebastianQbiak,"2026-08-05 06:20:18",644.1,2,sebastianqbiak
4260,16717850,"HeeGwan Lee","2026-09-03 01:58:55",644.0,2,heegwanlee
4261,16718363,"Jarbas Camurça","2026-08-28 11:15:44",643.9,2,pjarbas
4262,16689919,"Koren Ben Ezra","2026-08-08 17:49:55",643.7,2,korenbenezra
4263,16810807,Cordiz,"2026-09-02 21:54:59",643.7,2,cordiz
4264,16663963,M0h4m3d-Byte,"2026-09-02 13:56:19",643.6,2,dev3mohamed
4265,16791027,"Ryan Cheung","2026-09-02 03:45:33",643.5,2,doggychip
4266,16656709,"Anh-Vu Mai-Nguyen","2026-09-03 01:33:14",643.3,2,mainguyenanhvu
4267,16798669,"Von Lan (VonLan233)","2026-09-02 01:05:54",643.2,2,vonlanvonlan233
4268,16738777,"Balwinder Singh1235","2026-08-20 10:21:34",643.1,2,balwindersingh1235
4269,16724819,Dwij12,"2026-08-20 18:28:01",642.8,2,dwij12
4270,16720143,"AMAN PANDEY","2026-08-16 13:57:00",642.6,2,amanapofficial
4271,16790527,Yuta,"2026-09-03 03:41:20",642.4,2,yutaecon
4272,16730922,"Shengyuan Yin","2026-08-17 06:17:27",642.3,1,flaming0
4273,16660850,"Khoa Le","2026-08-05 13:23:55",642.1,2,bryanle2025
4274,16727376,"Roko Torbarina","2026-08-18 18:31:57",642.1,2,rokotorbarina
4275,16718366,RATriculture,"2026-08-28 19:15:28",641.5,2,tarasshchur
4276,16738235,tenfish,"2026-09-02 03:15:28",641.5,2,"oygdri,takatoyoshikawa"
4277,16627581,AidenSong123,"2026-08-22 11:16:24",641.2,2,aidensong123
4278,16665622,one,"2026-08-11 04:10:11",641.1,2,richardsplayground
4279,16623449,"Ryo Takaki","2026-09-02 22:35:03",641.1,2,ryotakaki
4280,16779942,"YueKai Yu","2026-08-31 14:16:31",641.0,1,yuekaiyu
4281,16654351,"Manish Kumar","2026-08-04 07:45:22",641.0,2,manishkumarphd2000
4282,16655571,yuken,"2026-08-07 13:27:53",640.9,2,yukenai
4283,16669408,"Josaphat Adjele","2026-08-31 17:26:56",640.7,2,josaphatadjele
4284,16661533,wangyuou,"2026-09-02 08:29:32",640.6,2,wangyuou
4285,16630837,"Vishal Sharma","2026-08-05 18:24:44",640.1,2,vishal40182
4286,16675066,Opticulture,"2026-08-16 12:19:48",639.7,2,"bajibaburowthu,ponnuripavankumar,radhakrishnadoredla,veereshkumar1219"
4287,16702359,"Ethan Pl","2026-08-11 19:43:21",639.6,2,ethanpl
4288,16655527,"Saurabh Kumar","2026-08-06 08:14:52",639.6,2,sk25oct
4289,16744752,"Dean Johnson","2026-08-27 10:26:20",639.4,2,deanjohnson202
4290,16687548,"Shubham Tibrewal","2026-08-22 12:21:02",639.2,2,researchai2026
4291,16752277,YKuma,"2026-09-01 01:47:14",639.2,2,ykumazaki
4292,16726684,"William Lee","2026-08-19 15:35:28",638.5,2,notyouravgwilly
4293,16640504,"Recep Öztürk","2026-08-26 11:19:31",638.5,2,rcpztrrk1
4294,16699689,"David Sedláček","2026-08-10 08:38:38",638.3,2,sibicek
4295,16674841,"Syna Bedi","2026-08-15 09:57:28",638.2,2,synabedi
4296,16634316,"Cao Tùng Lâm","2026-09-01 07:16:08",638.1,2,liamislazy
4297,16707767,"Lai Eu Wen","2026-08-16 16:47:50",637.7,2,laieuwen
4298,16671680,"Joe Hall","2026-08-10 19:02:30",637.7,2,halljr
4299,16640600,"Giord Frank","2026-08-30 10:08:25",637.4,2,tangerinedog
4300,16679671,Ash0666,"2026-08-09 19:28:52",637.3,2,ash0666
4301,16673923,"Gabriele Giacometti","2026-08-10 11:38:05",637.3,2,gabrielegiacometti
4302,16699711,"maxscender ","2026-08-13 14:03:35",637.2,2,maxscender
4303,16729202,Sven,"2026-08-27 21:55:40",636.9,2,sventleman
4304,16772673,"Alejandro Rendon B.","2026-08-31 03:39:48",636.7,2,alejandrorendonblan
4305,16690736,omarkami007,"2026-08-11 18:40:45",636.5,2,omarkami007
4306,16667818,AjayVarma555,"2026-08-09 15:14:45",636.5,2,ajayvarma555
4307,16727529,윤영일,"2026-08-29 10:44:26",636.3,2,iongil
4308,16784599,"Lisa Hines","2026-09-01 22:46:36",635.5,2,lisamhines
4309,16635145,"Isaac Menard","2026-08-05 21:11:36",635.5,2,isaacmenard
4310,16667143,"Noct-Tech zombie","2026-08-06 13:46:51",635.2,2,jo3thaboss
4311,16671364,"Mike Riggs","2026-08-09 03:22:55",635.0,2,riggsasi
4312,16697800,DR_Mkelvo,"2026-08-09 20:42:15",635.0,1,drmkelvo
4313,16733763,Gaurav,"2026-08-28 05:00:14",634.9,2,gauravahlawat
4314,16671237,"Jose Alejandro Rivera Jaramillo","2026-08-07 18:13:13",634.6,2,alejandroriveraj
4315,16731009,"Joseph Paris","2026-08-24 05:32:21",634.5,2,josephkparis
4316,16749071,snc5656,"2026-09-03 00:01:56",634.3,2,jamm1412
4317,16726873,@F,"2026-08-16 01:43:22",634.2,1,atefbouzid
4318,16654943,"Alexis Selorm Gbeckor - Kove","2026-08-10 11:44:58",634.1,2,advancedbeginner
4319,16773779,"Daichi Tanaka","2026-08-31 03:38:48",634.0,2,daichit64
4320,16732357,"Thales Augusto Leite de Souza","2026-08-23 23:43:38",634.0,2,thalestals
4321,16660670,"Chirag Bhatnagar","2026-08-31 09:21:45",633.9,2,chiragbhatn
4322,16777056,"Seb boulba","2026-08-27 21:03:26",633.8,2,sebboulba
4323,16674504,"Arunabh Gupta","2026-08-18 11:10:33",633.5,2,"arunabhsgupt4,eggsysy"
4324,16642994,"Danila Galkin","2026-08-13 19:22:17",633.4,2,danilagalkin
4325,16661432,"Ange Adantchede","2026-09-02 18:42:30",633.3,2,angeadantchede
4326,16669396,Fleo98,"2026-08-10 15:43:34",633.2,2,fleo98
4327,16761744,初心者,"2026-08-30 21:39:34",632.8,2,daikitakahashi
4328,16743815,"Asanka Pradeep","2026-08-23 14:32:46",632.8,2,asanakapr
4329,16675074,ahiokk,"2026-08-07 07:58:44",632.8,2,ahiokk
4330,16722366,"Aki Lit","2026-08-14 23:24:20",632.2,2,akilit
4331,16670596,prabalsingh_23,"2026-08-26 02:33:14",632.0,2,prabalsingh23
4332,16632504,"[Deleted] c2f6c5d5-ecb1-4f92-95d7-7c9f0fd3474f","2026-07-31 16:04:32",632.0,1,ryota517
4333,16802486,SHICHIES,"2026-09-02 18:00:01",631.7,2,shichies
4334,16697704,"Leonid Matetskiy","2026-08-09 21:39:06",631.5,2,leonidmatetskiy
4335,16729531,alfphafarm,"2026-08-19 19:09:48",631.1,2,vudattumaniteja
4336,16663437,inversion,"2026-08-04 20:44:41",630.9,1,inversion
4337,16684674,"Ch Muhammad Umer ","2026-08-11 08:11:36",630.7,2,chmuhammadumer
4338,16670544,"William Rients","2026-08-06 00:01:02",630.3,2,williamrients
4339,16660138,"Sanchit Handa","2026-09-02 18:13:00",630.1,2,"harmanjotsingh8,sanchithanda182006"
4340,16738506,"Rok Sechs","2026-08-23 04:00:41",630.0,2,rokshimiz
4341,16724747,"Md.Mahfujul Karim","2026-09-03 05:11:43",629.9,2,mdmahfujulkarim
4342,16752362,"Shashank Jangid (G25AIT2100)","2026-09-03 02:20:37",629.9,2,shashankjangid
4343,16792449,SKYisSKYisSKY,"2026-08-31 04:16:07",629.9,2,skyisskyissky
4344,16724904,"Carlos Eduardo De Paula Arantes","2026-08-15 15:48:43",629.6,2,carloseduardo1753
4345,16726839,syunsuke,"2026-08-21 23:12:13",629.6,2,syunsuke1024
4346,16665060,Pipeweed,"2026-08-27 18:14:40",629.5,2,pipeweed56
4347,16702118,"cemal özdeniz","2026-08-10 20:27:17",629.5,2,cemalzdeniz
4348,16736636,torch,"2026-08-18 10:35:29",629.4,2,rhtsingh
4349,16743846,"Hemanth Raja Guttikonda","2026-09-02 18:37:29",629.3,2,"hemanthrajg,poojithakatta18"
4350,16774843,"Assylkhan Kerey","2026-08-30 03:16:54",629.0,2,n0nlyy
4351,16727009,B05801037,"2026-08-18 02:28:48",628.9,2,peteropop
4352,16775001,"Maarij Aqeel","2026-08-26 14:48:03",628.4,2,maarijaqeel
4353,16730740,"claude opus5🏆","2026-08-19 09:58:24",628.2,2,yinpinggao
4354,16658775,"Vincent Pan","2026-08-29 12:55:20",627.9,2,"judithhong,vincentpan2005"
4355,16782187,"Margo Kim","2026-08-28 19:15:18",627.8,2,margokim
4356,16711928,Leraaaa,"2026-08-18 20:01:52",627.8,2,leraaaa
4357,16722502,Abyss,"2026-08-27 11:26:49",627.7,2,sahiltks
4358,16657871,Lucienne,"2026-08-05 03:13:59",627.7,2,yangnianan
4359,16657794,"Aromal vK","2026-08-06 15:35:11",627.5,2,aromalvk
4360,16656883,KK,"2026-08-05 10:27:15",627.4,2,kkonzyb
4361,16659418,"Fonge Bertin","2026-08-06 09:26:33",627.1,2,fongebertin
4362,16681660,"Parham Ghazanfari","2026-08-07 20:18:18",627.0,1,parhamghazanfari
4363,16623745,chunluran,"2026-08-27 06:55:55",627.0,2,chunluran
4364,16654454,"Haoxiang Li","2026-09-02 22:27:07",627.0,2,haoxiangli789
4365,16662421,"Aparna Mantha","2026-08-06 17:23:34",626.9,2,aparnam91
4366,16688220,Aadi,"2026-08-24 23:10:37",626.5,2,aadicv
4367,16660295,Pentos,"2026-08-10 00:06:56",626.4,2,nishiumi
4368,16759265,AI老爸,"2026-08-30 04:38:52",626.3,2,tsengchienchih
4369,16691398,"Time to Win","2026-09-03 04:36:52",625.7,2,yatharthdurgapal
4370,16806146,"Factual Explorer","2026-09-02 07:08:02",625.5,2,factualexplorer
4371,16631772,yuki,"2026-08-03 17:39:58",625.5,2,yururoi
4372,16692680,"Marc-Luca ","2026-08-11 12:02:15",625.3,2,marcluca
4373,16787010,"Samir Patel","2026-09-02 02:33:17",625.2,2,mesamirpatel
4374,16660035,NoNamedeo,"2026-08-27 14:20:15",624.8,1,nonamedeo
4375,16670933,Pat,"2026-08-06 10:26:21",624.7,2,junseia
4376,16794491,"Sushant Pargaonkar","2026-09-02 02:59:45",624.5,2,sushantpargaonkar
4377,16676254,"Lazy Lagoon","2026-08-31 15:11:32",624.4,2,"mokshoswal137,taniyasankhe"
4378,16715225,"Someswararao Tellakula","2026-08-17 01:15:37",624.3,2,someshtellakula
4379,16665331,winstonton,"2026-09-03 01:58:36",624.2,2,winstonton
4380,16637776,MarvelousXun,"2026-08-03 09:33:38",624.2,2,marvelousxun
4381,16690338,dvv_ram,"2026-08-13 00:11:18",624.0,2,ddvram
4382,16785687,"AP SEM F STUDENTS","2026-08-31 03:52:37",623.6,2,"advaithn0518,rohanjeyavel,shrivatsamurugan,stitchsages"
4383,16657265,"Hemant Kumar","2026-08-05 15:17:20",622.9,2,hemantrajputt
4384,16687925,BillDoser,"2026-09-01 17:26:43",622.8,2,billdoser
4385,16702481,"Scott G","2026-08-13 15:19:02",622.5,2,verifiedscott
4386,16768178,Scarttish,"2026-08-26 22:44:26",622.4,2,scarttish
4387,16699772,MrAnalyst,"2026-08-29 16:42:41",622.3,2,mranalyst
4388,16730104,BartHeart,"2026-08-20 18:58:23",622.2,2,bartheart
4389,16659309,irisV11,"2026-08-18 05:23:01",622.1,2,irisv11
4390,16656792,"Gnanaprakash R","2026-08-28 15:05:38",621.9,2,gnanaprakashr
4391,16667565,BeeDeeR,"2026-09-02 00:41:52",621.9,2,beedeer
4392,16793150,Comet19,"2026-08-31 10:53:04",621.8,2,comet19
4393,16660419,"Kai-Shih Chiu","2026-08-06 12:54:22",621.8,2,kaishihchiu
4394,16673333,"Dimas Renggana","2026-08-06 23:40:39",621.8,2,dimasrenggana
4395,16680297,"Ajay Singh","2026-08-08 04:33:24",621.6,2,ajaysinghg
4396,16720788,Anson,"2026-09-02 17:47:17",621.6,2,anson0496
4397,16778145,TW_益民_li,"2026-09-02 02:17:36",621.5,2,liyimintw
4398,16658106,"Devam juthani","2026-08-05 08:18:14",621.5,2,devamjuthani
4399,16667766,vasujain7,"2026-09-02 13:58:13",621.3,2,vasujain7
4400,16702993,PLM,"2026-08-30 13:58:34",621.0,2,"ileabogdan,popu23,razvaniga,rvaurs"
4401,16760226,"Erich Hofstötter","2026-08-24 15:49:06",621.0,2,erichhofsttter
4402,16668532,"Nir Aberman","2026-09-03 04:04:10",620.8,2,niraberman
4403,16652173,"Shardul Gharat","2026-08-06 10:07:36",620.7,2,shardulgharat
4404,16621354,pengshy,"2026-08-06 04:54:01",620.2,2,dm15336142
4405,16715495,Yashi003,"2026-08-24 04:44:40",620.1,2,yashi003
4406,16658477,"chathura prasadh9817","2026-08-06 07:18:04",620.0,2,chathuraprasadh9817
4407,16697681,"Mahfujur Rahman Rakib","2026-08-10 05:14:21",620.0,2,mahfujurrahmanrakib
4408,16718565,Frankyface,"2026-08-13 18:54:37",619.9,1,frankyface
4409,16731996,Chloe,"2026-08-18 02:58:05",619.9,2,chenchloehaimo
4410,16730105,"Leonardo Palis","2026-08-17 03:35:05",619.7,2,leonardopalis
4411,16756858,"Rushi A.","2026-08-23 18:54:03",619.7,2,rushia
4412,16761451,gulag,"2026-08-24 03:39:54",619.4,2,moglin
4413,16677303,"Chase Martyn","2026-08-19 02:05:12",619.3,2,chasemartyn
4414,16666833,DenisKoronchik,"2026-09-02 10:13:46",619.3,2,deniskoronchik
4415,16664415,"Imerson Krysthio","2026-08-12 05:37:03",619.0,2,imersonk
4416,16795256,"N Nelson","2026-09-03 05:43:38",619.0,2,napoliyannelson
4417,16691938,"PRASHANT SUTHAR11","2026-08-10 09:46:05",618.8,2,prashantsuthar11
4418,16701795,Proshian,"2026-08-11 00:01:04",618.8,2,proshian
4419,16669470,"ASDM HUB","2026-08-12 20:13:20",618.8,2,jesushechavarria
4420,16653303,F4,"2026-08-06 01:43:09",618.5,2,"chen2yoimiya,huaidezhang,wahuwahuwahu,zrurfa"
4421,16750864,Ymori,"2026-08-26 01:38:04",618.0,2,yasunorim
4422,16623112,Tians12,"2026-08-09 19:10:24",618.0,2,tiansang12
4423,16702820,"Plorek ","2026-08-28 11:28:11",618.0,2,plorek
4424,16655426,engin_zhou,"2026-08-05 15:21:18",617.9,2,enginzhou
4425,16640845,"tang yangzhou","2026-08-04 21:36:09",617.8,1,tangyangzhou
4426,16756388,"Sam Scott","2026-08-22 22:04:06",617.8,2,shepard5
4427,16663766,"Anup Gautam","2026-08-08 01:29:10",617.5,2,anupanda
4428,16660360,"Joey Gonzales","2026-08-05 00:00:47",617.3,2,joeygonzales
4429,16681464,Amyel21,"2026-08-17 10:53:02",617.3,2,amyel21
4430,16713291,Lperalt,"2026-09-03 05:21:55",617.3,2,lucianobastidas
4431,16682915,"igeo kK","2026-08-09 18:41:17",617.3,2,igeokk
4432,16811605,"Ryu Sonoda","2026-09-03 04:13:36",617.0,2,ryusonoda
4433,16736111,hexingwei33,"2026-09-01 02:08:11",616.9,2,hexingwei33
4434,16710512,FishWotou,"2026-08-19 04:45:40",616.7,2,fishwotou
4435,16691164,"Krishna Saathwik","2026-08-13 13:50:40",616.5,2,krishnasaathwik
4436,16789550,foundtion,"2026-08-30 13:19:22",616.5,2,foundtion
4437,16692450,duckypants,"2026-08-23 20:36:59",616.4,2,duckypants
4438,16635746,"jeon hyeon woo","2026-08-13 15:32:43",616.4,2,jeonhyeonwoo
4439,16667794,knadithyavr,"2026-08-13 12:24:05",616.2,2,knadithyavr
4440,16777228,"Zach Locke","2026-09-02 10:11:45",616.1,2,zachlocke
4441,16672858,Lyesterday,"2026-08-06 08:45:47",616.1,2,ilyas93
4442,16759171,"Leonid Kozinkin","2026-08-31 16:30:37",616.0,2,leon7archer
4443,16658779,"Richard G Atkinson","2026-08-05 00:29:59",615.9,2,richardgatkinson
4444,16677231,"Ahmed Bootaan","2026-08-06 18:08:52",615.8,2,ahmedbootaan
4445,16664348,"Rocket Zech","2026-08-29 08:23:04",615.7,2,isaactunglaw
4446,16639408,Invictus,"2026-08-11 22:44:04",615.7,2,nicho256
4447,16779304,"Ari Nakos","2026-09-01 22:43:59",615.5,2,aristides
4448,16673359,hasshi7965,"2026-08-27 10:23:45",615.5,2,hasshi7965
4449,16676085,"Giordano Dolenz","2026-08-18 16:10:37",615.3,2,giordanodolenz
4450,16735517,"Philipp k-s","2026-08-27 03:13:29",614.8,2,philippkeussenstrau
4451,16738640,"Tjay Burger","2026-08-18 17:35:39",614.5,2,tjayburger
4452,16656690,"Sushant Kumar (xWF)","2026-08-06 04:44:38",614.5,2,sushantkumarxwf
4453,16669479,"Shifa Salsabiila","2026-08-09 02:56:11",614.3,1,shifasalsabiila
4454,16658820,"Jonathan Ashenaf1","2026-08-11 16:59:20",614.1,2,jonathanashenaf1
4455,16674076,rigsutra,"2026-08-24 11:59:54",614.1,2,rigsutra
4456,16714592,"Carey Casile","2026-08-14 18:34:16",614.0,2,ccasile
4457,16673191,juliye,"2026-08-10 03:49:13",614.0,2,juliye
4458,16740894,BetOnMe,"2026-08-19 14:40:02",613.9,2,betonme
4459,16709885,"Manuel Pérez","2026-08-14 01:54:02",613.8,2,manuelperezzz
4460,16637031,"and more","2026-08-20 06:23:32",613.3,2,kym2022
4461,16655217,"Jiawei Zhao","2026-09-02 17:34:26",613.2,2,c789a123
4462,16687716,"Joshua Fernando","2026-08-30 17:59:14",613.1,2,joshuafernandoj
4463,16669118,"yunus yavuz","2026-08-05 21:51:21",613.1,2,yunusyvz
4464,16659951,"CHRISTOPHER CRILLY","2026-08-20 12:14:03",613.0,2,christophercrilly
4465,16717817,"Nick Stoddart","2026-08-14 05:15:23",612.9,2,nickstoddart
4466,16760190,"Florian Tigoulet","2026-08-24 12:37:14",612.8,2,floriantigoulet
4467,16633934,Alexy,"2026-08-25 04:40:02",612.8,2,alexycactus
4468,16722028,"Aw Ming Xuan","2026-08-16 09:24:48",612.6,2,awmingxuan
4469,16756029,EndCreeper,"2026-08-25 06:23:41",612.6,2,endcreeper
4470,16627751,lzeee,"2026-08-10 14:06:38",612.4,2,shzgong
4471,16744239,"Diogo Gomes ","2026-08-25 09:39:28",612.2,2,diogogomes
4472,16639705,"Yuta Tomimasu","2026-08-07 13:02:39",612.2,2,yutatomimasu
4473,16664605,"Nathaniel Shou","2026-08-05 17:51:47",612.2,2,nathanielshou
4474,16696526,"Reda HEDDAD","2026-08-10 20:42:47",612.1,2,redaheddad
4475,16661564,yang20251228,"2026-09-02 03:40:29",612.1,2,yang20251228
4476,16658151,"Nguyễn Phúc Gia Bảo","2026-08-06 15:15:07",612.0,2,kevincrazy678
4477,16645431,Amin,"2026-08-08 22:05:02",611.9,2,aminvafaei
4478,16708907,"[Deleted] 84526ff4-3aed-4b4b-a45f-a4486f01cb7b","2026-08-13 20:01:55",611.8,2,del=34c747d6ee8d2bd7
4479,16795070,"HKUST Random","2026-09-02 09:39:09",611.7,2,siulungfan
4480,16660364,dadandsats,"2026-08-14 11:41:04",611.2,2,continuingdev
4481,16750726,prince22466,"2026-08-27 15:54:11",611.1,2,prince22466
4482,16638645,ChrisDavis,"2026-08-03 23:29:34",611.0,2,alpacas
4483,16700484,白井孝太郎,"2026-08-15 01:08:02",611.0,2,kotaroshirai
4484,16659412,yesterdays_rebel,"2026-08-13 12:14:41",610.9,2,irfanparaniya
4485,16712746,itsraininnnn,"2026-08-12 16:38:56",610.8,1,itsraininnnn
4486,16673712,"Alejandro Betato","2026-08-16 10:48:24",610.5,2,alejandrobetato
4487,16662103,"Saravana Thiagarajan K","2026-08-05 21:43:42",610.3,2,saravanatk1984
4488,16659181,Hongjie04,"2026-08-05 04:07:04",610.3,2,hongjie04
4489,16780513,"Hugo JOBÉ","2026-08-27 20:51:09",610.2,2,hugojob
4490,16685652,LeonDuue,"2026-09-01 06:55:54",609.9,2,leonduue
4491,16664142,"The Studio 1","2026-08-16 23:04:06",609.8,2,landonsheatsley
4492,16718445,"Hamza Elmorjani","2026-08-15 12:16:55",609.8,2,hamzaelmorjani03
4493,16686912,@mldsdev,"2026-08-13 02:07:44",609.7,2,lan1mel
4494,16747163,"Sarthak Patel","2026-08-21 06:36:26",609.6,2,sarthakpatel2028
4495,16685618,"Krupa Vardhan","2026-08-28 09:24:21",609.5,2,krupavardhan
4496,16762206,"mohammad khanjani2026","2026-08-25 06:24:39",609.4,2,mohammadkhanjani2026
4497,16795609,2023314806_이승민,"2026-09-03 05:13:20",609.0,2,sminleeee
4498,16748774,"hakan ulucan","2026-08-25 19:19:11",608.7,2,hakanulucan
4499,16655424,Fayche,"2026-08-10 16:50:28",608.3,2,fayche
4500,16635065,T88,"2026-08-06 00:56:10",608.2,2,t88take
4501,16740646,"Darren Chung","2026-08-25 18:00:27",608.1,2,chungdarren
4502,16663677,"Aghazie David","2026-08-07 00:32:14",607.6,2,aghaziedavid
4503,16752899,"Nicolò Alberti","2026-08-23 09:16:36",607.4,2,nicolalberti
4504,16703129,"Pratik Vadher","2026-08-10 21:08:27",607.4,1,pratikvadher
4505,16675585,"Jacob Joy","2026-08-11 12:13:06",607.4,2,jac0b1
4506,16666483,"Salih Erdem Kaymak","2026-08-08 17:32:38",607.3,2,saliherdemkaymak
4507,16762010,"Ivan Piaternev","2026-08-24 15:36:12",607.0,2,iamvanya
4508,16777138,"Anna Pakhaliuk","2026-09-01 20:29:23",606.9,2,annapakhaliuk
4509,16685982,Snorf,"2026-08-09 15:06:58",606.8,2,snorfyang
4510,16668022,"Lady and tech","2026-08-19 04:08:50",606.6,2,ladyandtech
4511,16795982,Vordax,"2026-09-02 20:26:23",606.5,2,vordax
4512,16661142,"Phú Nhân Nguyễn","2026-08-15 09:53:23",606.4,2,phnhnnguyn
4513,16741766,lrik00,"2026-08-29 10:40:44",606.2,2,lrik00
4514,16715205,GCarnovale,"2026-09-03 00:25:14",606.1,2,gcarno
4515,16708625,"Lê Văn Pháp","2026-08-29 03:15:56",605.9,2,"linhsarah,lvnphp"
4516,16755091,Charlie,"2026-09-02 00:54:13",605.5,2,zephyrlennox
4517,16624941,"KO Ho Tin","2026-08-10 03:33:47",605.3,2,b14ckc4tmr
4518,16659663,Chintakrinda_Naveen,"2026-09-01 11:11:27",605.2,2,naveen998
4519,16674540,"Pratik Priyanshu","2026-08-07 18:28:12",605.2,2,pratikpriyanshu5
4520,16662313,"Maximus Sambucetti","2026-08-09 15:36:46",604.6,2,maximussambucetti
4521,16794309,"Sanyam Jain","2026-09-03 04:17:36",604.6,2,sjain03
4522,16665462,ZSZ,"2026-08-12 13:55:00",604.5,2,zsuzsanna2
4523,16710521,"Natpaphon Nukhunthod","2026-08-17 03:37:15",604.4,2,natpaphonnukhunthod
4524,16659446,zhaozy233,"2026-08-15 16:51:36",604.3,2,zhaozy233
4525,16656304,"Gururaj Athani","2026-08-30 04:42:28",603.9,2,gururajathani
4526,16704864,ksj00610,"2026-08-12 08:47:16",603.7,2,ksj00610
4527,16736261,"Saptanshu Samal","2026-08-22 12:02:42",603.7,2,saptanshusamal
4528,16769793,"Shivam Batra","2026-08-26 14:21:49",603.5,2,shivam744
4529,16727961,"Ebenezer Olumeyan","2026-08-22 15:54:00",603.4,2,eolumeyan
4530,16784420,renyxin,"2026-09-03 03:30:05",603.3,2,renyxin
4531,16748527,Tsubasa_00,"2026-08-21 08:53:14",603.2,2,tsubasa00
4532,16686743,charmander,"2026-08-30 10:30:57",603.0,2,rahuladhi
4533,16704613,alexbstl,"2026-09-03 04:57:39",602.5,2,alexbstl
4534,16664143,"Lucas Henrique Mateo","2026-08-21 19:10:52",602.4,2,lucashmateo
4535,16690353,b13902103_yuhung94,"2026-09-01 05:03:15",601.8,2,yuhung94
4536,16623302,"Raffi Ardhi Naufal","2026-07-31 18:31:57",601.7,1,raffiardhi
4537,16731729,"Sumit Bopche","2026-08-21 15:53:56",601.4,2,sumitbopche
4538,16654491,"Amedeo Biolatti","2026-08-30 04:05:28",601.3,2,abiolatti
4539,16770891,"Oleg Shatov","2026-08-27 18:31:14",601.1,2,bishkek
4540,16714100,SuperMercat,"2026-08-14 09:52:49",601.0,2,supermercat
4541,16687448,"Israel Burns","2026-08-12 08:41:38",600.6,2,israelburns
4542,16795624,"Shashwat Khare","2026-09-02 01:46:54",600.4,2,shshwtkhr
4543,16814378,"Jay Prrajapati","2026-09-03 05:44:19",600.0,1,jayprrajapati
4544,16658383,"SIVA S","2026-09-03 05:44:58",600.0,2,codingmaster24
4545,16732055,DASH村,"2026-09-03 05:47:04",600.0,2,sobameshi
4546,16687538,aefinityaiinc,"2026-08-27 20:59:35",599.9,2,aefinityaiinc
4547,16666614,"Arjun Annamalai","2026-08-18 09:23:28",599.7,2,arjunannamalai
4548,16644508,"Vandana Pathania","2026-08-22 21:59:37",599.6,2,vandanapathania
4549,16623390,KodamaSec,"2026-08-25 10:09:42",599.5,2,dfhgfdghfdhg
4550,16733131,Rad,"2026-08-28 02:56:56",599.4,2,vnt174
4551,16761751,KrishnaKumar_AIML,"2026-09-02 14:38:24",599.3,2,krishnakumarcsr
4552,16666597,Ramkumar4240,"2026-08-10 12:19:20",599.2,2,ramkumar4240
4553,16658973,"not today","2026-08-05 05:57:14",599.2,2,cemhan44
4554,16690940,NKryst,"2026-08-29 10:57:18",599.2,2,nkryst
4555,16699756,"zhang xin","2026-09-02 14:43:09",599.1,2,zhangxin300
4556,16693738,"Sonu Jha","2026-08-14 20:32:37",599.1,2,sonujha090
4557,16759246,wangfeifei_si,"2026-08-26 14:27:19",598.8,2,wangfeifeisi
4558,16654890,"Josh Hipps","2026-08-06 14:16:49",598.6,2,joshuahipps
4559,16781445,"Odim David Chukwuemeka","2026-09-02 16:45:23",598.6,2,odimdavidchukwuemeka
4560,16662057,DeokJin,"2026-08-05 04:01:38",598.3,2,deokjin
4561,16793889,zhzz,"2026-09-01 11:28:52",598.3,2,ucsdzhengzeng
4562,16810343,"Aleksandr Borodin","2026-09-02 20:29:06",598.0,2,aleksandrbor
4563,16675264,"Alon Bar Koter","2026-08-06 16:16:43",597.9,2,alonbarkoter
4564,16676259,Th_Gbay,"2026-08-19 20:42:35",597.5,2,thgbay
4565,16641099,sieru-copan,"2026-08-30 12:28:26",597.3,2,sierucopan
4566,16733910,davidsmith42,"2026-08-19 23:59:03",597.3,2,ananthvydianath42
4567,16716632,shini47,"2026-08-22 20:30:17",597.1,2,shini47
4568,16668175,el_dedalus,"2026-08-06 14:48:01",597.0,2,eldedalus
4569,16736368,tora,"2026-08-19 06:54:47",596.7,1,toranosukenoda
4570,16731887,"hoo aam","2026-08-21 05:37:16",596.3,2,hooaam
4571,16687604,Harrislrobinson,"2026-08-11 00:25:10",596.2,2,harrislrobinson
4572,16623316,"Ondrew Zudin","2026-08-06 23:08:41",596.1,2,ondrewzudin
4573,16680108,dentalsoup,"2026-08-07 09:03:47",596.0,2,afinemonkey
4574,16677360,"Jatin Chawla","2026-08-08 13:45:06",595.7,2,jatin221
4575,16764330,"Koral Kulacoglu","2026-08-26 04:51:33",595.7,2,koralkulacoglu
4576,16743438,嘎嘎滴辣晒,"2026-08-24 09:30:32",595.6,2,yuhangzhang0621
4577,16662875,Jimmy,"2026-09-03 04:39:13",595.6,2,jiyo4476
4578,16666371,jiten_topiwala,"2026-08-08 16:51:13",595.6,2,jitentopiwala
4579,16756131,"Emre Atilgan","2026-08-24 20:20:06",595.4,2,emreatilgan
4580,16723125,"Shubham Dhapola","2026-08-16 13:35:23",595.3,2,shubhamdhapola24
4581,16669028,"Atishay Kasliwal","2026-08-11 17:54:59",595.2,2,atishaykasliwal
4582,16664750,"shubham kumar","2026-08-20 10:26:25",595.0,2,shubzk17
4583,16666066,Khush3e,"2026-08-12 04:50:39",594.9,2,khush3e
4584,16635744,XDang13,"2026-09-01 00:50:40",594.8,2,xdang13
4585,16696163,"Romain Durand","2026-08-17 19:00:46",594.7,2,romaindurand1607
4586,16658738,Aman,"2026-08-05 11:12:10",594.6,2,amank95amank95
4587,16719172,"Victor Carriço","2026-08-24 03:35:14",594.6,2,kronossaurus
4588,16796625,Nepsirhc,"2026-09-02 10:35:01",594.2,2,nepsirhc
4589,16661099,TheSven,"2026-08-06 17:05:25",594.2,2,thesven
4590,16632253,nasuuuuun,"2026-08-04 13:30:11",594.1,2,hikarumatsuzaki
4591,16705183,"Tong Jiakai","2026-08-14 08:23:26",594.1,2,tongjiakai
4592,16784966,oouiaa,"2026-09-02 09:59:57",594.0,2,tomofumihata
4593,16659645,Drakus_Julia,"2026-08-09 02:15:20",593.9,2,drakus74
4594,16673034,"Milos Vlainic","2026-09-01 11:01:07",593.8,2,wlakinsson
4595,16738923,Quantum,"2026-08-29 01:40:45",593.6,2,jawadxhassan
4596,16793461,"Muhammad Hokimiyon","2026-08-31 00:42:19",593.4,2,muhammadhokimiyon
4597,16686149,"Luc Mantoux","2026-08-09 20:25:33",593.3,2,lucmantoux
4598,16793452,"Ghazaros Ghazaros","2026-08-31 15:17:06",592.9,2,ghazarosghazaros
4599,16662751,ZeD,"2026-08-06 10:11:24",592.9,2,hussamcheema
4600,16693137,"Ich Benavides","2026-08-18 19:37:35",592.6,2,jabeichbenavides123
4601,16670274,"dankwa wadie","2026-09-01 08:45:40",592.5,2,dankwawadie
4602,16676155,"Adam Carnaffan","2026-08-07 16:48:03",592.3,2,adamcarnaffan
4603,16720760,ysteh05,"2026-08-15 05:14:53",592.3,2,ysteh05
4604,16659507,"Lokesh Lalan","2026-08-26 08:51:50",592.3,2,lokeshlalan
4605,16666328,"Dornus !","2026-08-05 21:53:19",592.2,2,dornus
4606,16744898,"Tore Erdmann","2026-08-29 12:38:19",591.7,2,toreerdmann
4607,16676320,"Khôi Trần","2026-08-29 14:14:57",591.4,2,khoitrn
4608,16659813,"Uday Kumar R","2026-08-13 09:47:39",591.3,2,udaykumarramineni
4609,16759626,"Ghazaros Barseghyan","2026-09-02 15:44:36",591.3,2,ghazarosbarseghyan91
4610,16686655,"Emir Baki Demirci","2026-08-14 22:43:55",591.2,2,emirbakidemirci
4611,16655075,"Félix Rodríguez Roble","2026-08-04 09:16:25",591.2,2,flixrodrguezroble
4612,16656871,"Pedro Henrique","2026-08-07 03:37:29",591.0,2,pedrohets
4613,16770842,yatakeuc,"2026-09-02 23:03:58",590.9,2,yatakeuc
4614,16660173,"PAULO HENRIQUE DE LIMA","2026-08-06 02:42:20",590.9,1,paulohenriquedelima
4615,16667025,"Anjitha Mekkayil Anand ","2026-08-28 05:59:46",590.8,2,anjithamekkayilanand
4616,16673266,Preet,"2026-08-14 05:57:17",590.6,2,hpkaur34
4617,16709494,"Aditya Dushara","2026-08-23 05:04:46",590.5,2,adityadushara
4618,16660119,"Dhruva Das","2026-08-05 17:05:52",590.4,2,dhruva77
4619,16662138,"Luan He","2026-08-25 20:18:46",590.4,2,luanhe
4620,16755398,takataok_42,"2026-08-30 09:13:14",590.4,2,takataok42
4621,16673524,"Zikai Chen","2026-09-03 03:15:18",590.4,2,kyrie1102kai
4622,16688134,"Marc Dakuginow","2026-08-13 01:40:44",590.2,2,marcdakuginow
4623,16747345,"Alex #3","2026-09-02 12:28:51",590.0,2,alexb99
4624,16730649,Mink,"2026-08-27 08:41:02",590.0,2,"mahendransaeyohnn,mysterious5577"
4625,16621523,"Victor Orihuel","2026-08-18 05:40:18",589.4,2,victororihuel
4626,16678602,"hassan manour","2026-08-07 12:52:23",589.3,1,hassanmanour
4627,16658031,BSam79,"2026-08-27 21:28:23",588.9,2,bsam79
4628,16740534,"Gao Wenjiang","2026-09-02 09:48:37",588.8,2,gaowenjiang
4629,16738456,"Pritul Raut","2026-08-21 08:45:04",588.7,2,pritulraut
4630,16663093,"Akul Sareen","2026-08-21 23:49:50",588.5,2,akulsareen
4631,16672333,"Giovanny Rodríguez","2026-08-20 12:23:08",588.4,2,giovannyrodrguez
4632,16697346,"sayyid mogaka","2026-08-10 21:37:36",588.3,2,sayyidmogaka
4633,16667872,"Pralay Ghosh","2026-08-29 09:39:18",587.9,2,pralayghosh83
4634,16772204,"Hamam Ahmed","2026-08-30 19:28:23",587.7,2,hamamelsanousi
4635,16779152,"taijiu int","2026-09-03 00:06:04",587.5,2,taijiuint
4636,16657981,"Arijit Kar","2026-08-18 11:05:52",587.5,2,demonicak
4637,16659025,"Mohammed Naseef","2026-08-05 09:01:20",587.2,2,mohammednaseef
4638,16691007,"Nhật Khoa Phạm","2026-08-14 16:15:43",587.2,2,pnk123456
4639,16757407,"Dylan Bailes","2026-08-26 07:11:56",587.1,2,dylanbailes
4640,16660214,ytddsyt1214,"2026-08-09 12:32:06",586.9,2,ytddsyt1214
4641,16697730,JCN2365,"2026-08-13 18:06:35",586.8,2,jcn2365
4642,16690152,"The Ceris","2026-08-16 11:49:31",586.8,2,amedeopachera
4643,16740248,KK_nut,"2026-08-25 03:26:52",586.6,2,k0k0nut
4644,16630903,"Hrushikesh Pawar","2026-08-09 14:44:37",586.6,2,hrushikeshpawar
4645,16698292,"Dallas Manning","2026-08-17 14:29:53",586.5,2,dallasmanning
4646,16658074,"Qui Ngx","2026-08-05 05:57:15",586.3,2,quingx
4647,16657807,"Ragav Rida","2026-08-07 16:22:34",586.1,2,ragavrida
4648,16670779,"Aditya Dube","2026-08-06 01:41:24",585.7,2,dubeaditya
4649,16683918,Thuytien,"2026-08-07 17:20:33",585.3,2,thuytien200529
4650,16683309,"Zealous Sebastian","2026-08-09 12:45:32",585.3,2,zealoussebastian
4651,16701779,"Chaoqi Luo","2026-08-15 16:42:19",585.3,2,chaoqiluo7
4652,16762994,AdvancedRising,"2026-09-02 23:42:08",585.2,2,advancedrising
4653,16726687,"Rohin Kethipally","2026-08-28 22:30:20",585.1,2,rohinkethipally
4654,16765668,shun_johnny,"2026-09-02 00:24:16",584.8,2,shunjohnny
4655,16679364,VicD,"2026-08-14 20:16:52",584.6,2,durandv
4656,16662741,"Abhiraj Govind","2026-08-04 18:01:16",584.4,1,abhirajgovind
4657,16672463,"Muzammil Baloch","2026-08-07 12:45:39",584.4,2,muzammilbaloch
4658,16692750,"Hoya need job","2026-09-03 04:10:35",584.3,2,pranavwankhade
4659,16651167,ArmanVardanyan07,"2026-08-03 22:43:13",584.0,2,armanvardanyan07
4660,16622938,"Farmville Redux","2026-08-03 18:58:04",584.0,2,daveconnor
4661,16755650,"kazuki morikawa","2026-08-30 09:21:54",583.8,2,kazukimorikawa
4662,16661858,"Lukas Lee e","2026-08-18 00:58:12",583.8,2,lukasleee
4663,16724395,"Hampton Yeh","2026-08-22 04:07:32",583.8,2,hamptonyeh
4664,16673324,Amaranta,"2026-09-02 18:48:45",583.7,2,ulyanovantonamaranta
4665,16705480,Mint120,"2026-08-19 05:49:10",583.7,2,mint120
4666,16732945,"Aru Ohta","2026-08-29 12:19:07",583.6,2,aruohta
4667,16762831,269,"2026-09-02 07:53:37",583.5,2,thahaarsh
4668,16701454,"André-Marie BEHANZIN","2026-09-02 14:55:56",583.3,2,andremariebehanzin
4669,16686150,"Aek KunKub","2026-08-14 05:21:43",583.2,2,aekkunkub
4670,16760352,"Romain Bomba","2026-08-24 01:27:23",583.1,2,romainbomba
4671,16669545,"Rishabh Gupta","2026-08-06 18:19:04",583.0,2,rishabhguptajs
4672,16633577,Boxy,"2026-08-15 18:55:40",583.0,2,boxyml
4673,16735475,SunjaeLee02,"2026-08-19 08:12:41",582.8,2,sunjaelee02
4674,16724847,"guangchen lu","2026-08-17 03:27:45",582.6,2,guangchenlu
4675,16635600,"Divyansh Kumar","2026-09-01 19:42:25",582.4,2,"divyanshkumar3,vivekjeetpatel"
4676,16678644,"Kanik Aggarwal","2026-08-13 19:01:16",582.3,2,roronoazoro200
4677,16720714,"Lithole Munangiwa","2026-08-19 11:23:49",582.2,2,litholemunangiwa
4678,16797969,probability,"2026-08-31 19:48:16",582.1,1,probabilitywavepeak
4679,16645446,gogo98415,"2026-08-29 06:04:15",582.1,2,gogo98415
4680,16664841,vohi01,"2026-08-25 03:38:00",581.9,2,vohi01
4681,16781545,"Jake Lin","2026-08-31 02:28:54",581.8,2,jakelinai
4682,16757211,dacho,"2026-09-02 12:40:15",581.5,2,slothcafe
4683,16795284,"Kostas Tsolis","2026-09-02 17:45:33",581.0,2,tkostas
4684,16634790,"Steven Lui","2026-08-03 12:22:08",581.0,2,stevenlui
4685,16774317,A_yuki,"2026-08-28 23:42:10",580.9,2,yukiys
4686,16723737,HaruhiroKazami,"2026-08-21 16:12:04",580.9,2,haruhirokazami
4687,16708230,"jose manuel Tinajero","2026-08-25 15:02:46",580.9,2,josemanueltinajero
4688,16666055,Axit,"2026-08-06 10:16:15",580.7,2,axitslab
4689,16786461,"Caleb Bredlow","2026-08-30 22:16:51",580.6,2,calebbredlow
4690,16674599,"Luka Duvanov","2026-08-19 22:03:46",580.5,2,nekkon
4691,16666988,"Sarthak Vedant Mohanty","2026-08-08 00:10:11",580.4,2,sarthakvedantmohanty
4692,16691271,"Ashler Herrick","2026-08-09 14:54:33",580.2,1,ashlerjohnherrick
4693,16693207,"Vamshi Guntupalli","2026-08-11 22:40:36",580.0,2,vamshiguntupalli
4694,16657152,"K S VIJAYARAAGHAVAN","2026-09-02 17:54:54",579.9,2,ksvijayaraaghavan
4695,16668211,"Alejandro Hernández Mairal","2026-09-02 15:43:55",579.8,2,alherma7
4696,16729914,Christina,"2026-09-02 19:40:15",579.6,2,geekycb
4697,16661443,"STEPHEN ASANTE OPOKU","2026-08-04 16:45:41",579.6,1,stephenasanteopoku
4698,16718042,"Muddassir Shah","2026-09-02 21:49:44",579.4,2,wisemanseed
4699,16675457,"Ramana Prabhu Sana","2026-08-25 21:16:45",579.1,2,ramanaprabhusana
4700,16725847,"Shel Horta","2026-08-18 04:29:55",579.0,2,shelhorta
4701,16796810,JosephErikRibeiro,"2026-09-02 20:21:08",578.8,2,josepherikribeiro
4702,16774134,kokdonbaq,"2026-08-30 14:07:52",578.7,2,darkhan14
4703,16654596,"khusham sheth","2026-08-13 05:28:55",578.7,2,khushamsheth
4704,16698489,"JIUZHOU CHAN","2026-08-30 14:21:04",578.5,2,jiuzhouchan
4705,16661832,"Roberto Garcia","2026-08-08 15:09:39",578.4,2,robertogarciada
4706,16657400,indrapurnama,"2026-08-08 05:42:05",578.3,2,indr0008
4707,16802663,ipefix,"2026-09-01 17:34:35",578.0,2,nmsis91
4708,16668678,"Madhur Sabherwal","2026-08-14 02:47:14",577.9,2,madhur321
4709,16657681,"Prince Raj","2026-08-11 22:49:02",577.8,2,princerajmdb
4710,16628487,"Koichi HIRAOKA","2026-08-01 08:42:40",577.3,2,koichihiraoka
4711,16740840,"Huchen Jiang","2026-09-02 09:18:47",577.3,2,huchenjiang
4712,16631480,"Kumar Abhijeet","2026-07-31 13:29:40",577.3,1,krabhijeet
4713,16641009,"Marius Kirschner","2026-08-03 08:41:47",577.2,2,mariuskirschner
4714,16676663,"This cat is called Fumi","2026-08-11 18:21:43",576.7,2,qwer556617123
4715,16655072,Sonuaswar1,"2026-08-04 07:33:47",576.6,2,sonuaswar1
4716,16624506,zhongtian,"2026-09-02 06:52:07",576.4,2,kmtbang
4717,16654970,"Maycon Coutinho","2026-08-27 21:28:32",576.3,2,coutinhomaycon
4718,16659896,TedT,"2026-08-11 19:36:14",576.2,2,fdsaur
4719,16631919,"Ghinwa Allaoui","2026-08-04 16:27:17",576.2,1,ghinwaallaoui
4720,16661507,Siddharth1984,"2026-08-06 13:39:22",576.1,2,siddharth1984
4721,16679771,Coolgolf,"2026-09-02 13:56:54",576.0,2,coolgolf
4722,16685349,Onelux,"2026-08-13 12:58:31",576.0,2,leehomhuang
4723,16717742,"Ghawwjsb Vsjsjsbs","2026-08-13 22:32:49",575.5,2,ghawwjsbvsjsjsbs
4724,16717716,"Диас Издибаев","2026-08-15 05:32:14",575.3,2,diasiz1
4725,16692246,"Pamod Jayaneth","2026-08-31 14:30:29",575.3,2,pamodjayaneth
4726,16668509,HarryZ,"2026-09-02 15:59:31",575.0,2,mzhumzhu
4727,16726445,"James Patounas","2026-08-19 08:37:06",575.0,2,jamespatounas
4728,16630335,"Solve Langseth","2026-08-05 06:48:57",574.9,2,solvelangseth
4729,16808242,keowpwpwkeo,"2026-09-03 05:08:10",574.9,2,keowpwpwkeo
4730,16699045,"Abu Kayyisah Basyid","2026-09-02 13:57:02",574.6,2,abukayyisahbasyid
4731,16756987,"Joseph Paggeot","2026-08-24 04:32:57",574.6,2,josephpaggeot
4732,16722252,pwdh2026,"2026-08-14 22:16:22",574.5,2,pwdh2026
4733,16658160,yunquer,"2026-08-17 07:18:53",574.4,2,yunquer
4734,16688366,yokoikazumasa,"2026-08-08 19:25:58",574.4,1,yokoikazumasa
4735,16712321,"Elias Schecke","2026-08-28 16:06:57",574.3,2,eliasschecke
4736,16750751,AarizKh,"2026-08-24 22:41:15",573.8,2,aarizkh
4737,16656913,"Inna Davidov","2026-08-20 04:43:47",573.7,2,innadav
4738,16729081,"Venkata Y","2026-08-19 00:45:13",573.5,2,venkatayerrapothu
4739,16696724,arkmid,"2026-09-03 04:31:25",573.4,2,arkmid
4740,16715711,"Shawon Biswas","2026-08-19 10:42:24",573.2,2,shawonbiswas11
4741,16802442,"Rabia Eda Yılmaz","2026-09-02 13:04:18",573.1,1,truthisneverlinear
4742,16743282,"Srivishnu Charan","2026-09-03 05:00:41",573.1,2,srivishnucharan
4743,16661397,"T. Scharf","2026-08-05 02:54:36",572.9,2,scharf
4744,16658702,sherlockwatson007,"2026-08-29 08:48:53",572.8,2,sherlockwatson007
4745,16705363,"Matt Hall","2026-08-16 01:44:32",572.8,2,matthall0
4746,16657401,korpo,"2026-08-25 20:18:13",572.7,2,krisko
4747,16705415,"Mauro Najera","2026-08-11 05:30:13",572.7,2,mauronajera
4748,16662201,"Saumitra Verma","2026-08-04 18:28:36",572.6,2,saumitraverma
4749,16698103,JJ,"2026-09-02 09:46:15",572.5,2,jianjinchen
4750,16656317,"Manu Rahi","2026-08-06 16:43:55",572.4,2,manurathi
4751,16659183,"Leonard Yaw Mensah","2026-08-05 02:22:25",572.1,2,leonardyawmensah
4752,16663777,"Mortis Beans","2026-08-24 05:27:44",571.8,2,mortisbeans
4753,16639679,"Felix Allistar","2026-09-01 13:57:44",571.7,2,felixallistar
4754,16664370,"Joel Arias","2026-08-06 17:29:01",571.7,1,j4rias
4755,16639244,"Romone Dunlop","2026-08-11 10:19:49",571.3,2,romonedunlop
4756,16779813,zitihc,"2026-08-29 14:18:49",571.0,2,zitihc
4757,16688383,plong2101,"2026-08-18 06:21:34",571.0,2,plong2101
4758,16671648,"[Deleted] 05e6ae2c-c72f-4044-b02f-dc74277e34ab","2026-08-09 07:21:22",570.8,2,del=871ca06d8c734ede
4759,16774958,"Charles Wuytack","2026-08-27 14:58:07",570.8,2,charleswuytack
4760,16633069,"Nur Srijan","2026-08-06 12:55:34",570.8,2,nursrijan
4761,16696020,"Hugo Voisin","2026-08-11 16:08:06",570.6,2,hugovoisin
4762,16709880,"Javier Pérez Robles","2026-08-15 02:21:07",570.5,2,javierprezrobles
4763,16793535,Pink,"2026-08-31 15:41:51",570.2,2,farjanaafrinswarna
4764,16783713,Gale,"2026-09-01 16:34:19",570.2,2,na1vel
4765,16665257,"Ken Li","2026-08-09 12:59:32",570.2,2,kenliwt
4766,16758629,karinkaito,"2026-08-27 14:40:29",569.8,2,karinkaito
4767,16665191,JoJa,"2026-09-03 02:12:33",569.6,2,"mojyou,noahzx"
4768,16677585,Pan,"2026-08-07 13:54:22",569.6,2,mehdiacho
4769,16736579,rk777848,"2026-08-25 03:00:28",569.4,2,rk777848
4770,16740662,宣城市机械电子职业技术学院,"2026-09-03 02:28:06",569.3,2,chenzhengy
4771,16685582,Wasaanyi,"2026-08-18 09:21:30",569.3,2,"cnakakeeto,wasaanyi"
4772,16668562,"Anthony LOISEAU","2026-08-06 16:07:52",569.3,2,anthonyloiseau
4773,16664140,Sxwat,"2026-08-23 01:13:13",569.1,2,aybatov
4774,16684024,"Work From Home 3.0","2026-08-14 12:33:30",568.9,2,"direct1,gongyiqian,jovansee,maxtankialok,n00bcak"
4775,16641622,datajanko,"2026-08-22 07:40:54",568.7,2,jankoch
4776,16668324,"Alden Jenish S","2026-08-06 14:02:09",568.6,2,aldenjenishs
4777,16712921,"Come Back","2026-08-20 00:45:45",568.5,2,amirhosseinltf
4778,16662715,"Great Okwuma","2026-08-17 00:10:46",567.9,2,greatokwuma2
4779,16706985,Valmrnch,"2026-08-24 07:57:56",567.8,2,valmrnch
4780,16687293,"Aurelie Jodelle Kemme","2026-08-20 00:25:43",567.8,2,"audreydemafo,aureliejodellekemme"
4781,16759112,songxin,"2026-08-28 06:17:20",567.8,2,likewaterandwind
4782,16648589,"Yilan Zhu","2026-08-05 11:23:23",567.7,2,yilanzhu
4783,16709463,MKhlystun,"2026-08-12 12:41:42",567.1,2,mkhlystun
4784,16674714,"Kaaleedass Manoharan","2026-08-31 19:07:47",567.0,2,kaaleedassmanoharan
4785,16781377,AgriMind,"2026-09-02 13:15:38",565.9,2,slimaneguermat
4786,16726913,"T T‗Worker","2026-08-22 11:08:14",565.9,2,ttworker
4787,16660270,Ziel_Lux,"2026-09-02 12:55:12",565.8,2,nahbilafaith
4788,16664913,"ABHISHEK KUMAR","2026-08-17 04:20:56",565.7,2,abhishek6545
4789,16769648,"Alok Kumar","2026-08-28 18:04:50",565.7,2,shadowserpent
4790,16658327,pocari1,"2026-08-19 07:17:28",565.6,2,pocari1
4791,16709492,abozten,"2026-09-02 21:26:04",565.4,2,abozten
4792,16757417,otter_0714,"2026-08-25 05:02:52",565.3,2,otter0714
4793,16680562,devsloppy,"2026-08-10 20:02:19",565.2,2,twu1738
4794,16668612,"raffael prem","2026-08-06 08:02:13",565.2,2,raffaelprem
4795,16660462,"Vishwanath N Iyer","2026-08-07 07:22:17",565.2,2,vishwanathniyer
4796,16655899,"Dominic Tedrow","2026-08-17 20:37:28",565.2,2,dominictedrow
4797,16770440,"Tegar Putrayas Dentatama","2026-08-29 06:33:59",565.1,2,tegarputrayasd
4798,16753887,"Hong Tang","2026-08-24 21:41:20",564.8,1,hongtang15
4799,16621499,"Alexandr Utkov","2026-08-01 00:21:43",564.8,2,alexandrutkov
4800,16630784,"🚜 Sub-Par Seedlings","2026-08-11 08:39:26",564.7,2,"dwellement0baser,michaellist,oneupkiwi,wilhelmberghammer"
4801,16749371,"Renisa Assyifa Putri","2026-08-21 05:24:07",564.5,1,renisaassyifaputri
4802,16664211,"Ben Wilson","2026-08-06 23:57:29",564.5,2,crispyryse
4803,16658265,kraken,"2026-09-01 22:49:41",564.3,1,krn0209
4804,16675477,"Joanne Yun","2026-08-07 13:40:53",564.3,2,joannejyun
4805,16755101,"Thomas van der Meer","2026-08-26 11:19:19",564.3,2,tvdermeer
4806,16664706,olivbhxf,"2026-08-06 07:10:34",564.2,2,olivbhxf
4807,16664266,"Ian Chung","2026-08-07 23:32:55",564.1,2,iannnnn012345
4808,16682076,"Igor Riegel","2026-09-02 14:49:12",564.0,2,igormriegel
4809,16658718,"Duong Bao Duy","2026-08-11 19:13:05",563.9,2,duongbaoduy
4810,16778579,"Jiajia Zhang","2026-08-29 18:19:12",563.8,2,jiajiazhang01
4811,16661596,t@got@go,"2026-08-10 06:24:24",563.7,2,kamdaanahessod
4812,16657601,Simon,"2026-08-05 15:59:44",563.7,2,benten10
4813,16773402,齐乐,"2026-08-28 05:52:43",563.3,2,qile200107
4814,16659294,"Muhammad Rafzan","2026-08-08 10:56:32",563.3,2,revianalfariz
4815,16669699,nikesh23,"2026-08-08 01:52:56",563.3,2,nikesh23
4816,16656410,Sam,"2026-08-14 01:58:04",562.9,2,beartrader
4817,16658627,"Osman Can ÇETLENBİK","2026-08-05 15:25:30",562.8,2,osmancancet
4818,16665046,"Srish Jana","2026-08-06 18:12:59",562.2,2,srishjana
4819,16675060,"Xinger Gao","2026-08-31 08:52:07",562.2,2,xingergao
4820,16658909,junesdata,"2026-08-06 15:14:26",561.9,2,junesdata
4821,16661930,zzangsunghyeon,"2026-08-08 16:22:21",561.9,2,zzangsunghyeon
4822,16637894,"Leonardo Domingues","2026-08-13 13:08:30",561.9,2,leonardodomingues
4823,16714894,"Mitsuaki Inoue","2026-09-01 12:33:13",561.8,2,mitsuakiinoue
4824,16639814,"Nikhil Krishna A","2026-08-27 19:01:40",561.7,2,techmasternikhil
4825,16692637,"Blox Amaze","2026-08-09 09:47:42",561.7,2,bloxamaze
4826,16662043,"Hengcong Zhu","2026-08-05 14:46:24",561.3,2,hengcongzhu
4827,16733948,novodude,"2026-09-01 10:42:40",561.2,2,novomont
4828,16672078,vietlinhh02,"2026-08-08 07:46:53",561.0,2,vietlinhh02
4829,16730749,"Đông Hà","2026-09-03 03:04:06",560.9,2,phapsucongu
4830,16733785,"Stuart Gilbert","2026-08-30 01:52:41",560.5,2,stuartgilbert
4831,16663210,"Marco Nasuelli","2026-08-30 18:13:00",560.3,2,marconasuelli
4832,16658344,SOONHANKWON,"2026-08-28 02:00:59",560.0,2,soonabletv
4833,16685028,"serene ng","2026-08-13 14:53:37",559.8,2,sereneng
4834,16664502,"Alejandro Morales","2026-08-10 01:05:59",559.6,2,langley96
4835,16692168,"Kinshuk Aggarwal","2026-08-09 04:23:32",558.9,1,kinshukaggarwal
4836,16778703,kamaras,"2026-08-30 11:58:07",558.9,2,kamaras
4837,16665364,"Shien Zhang","2026-08-06 06:50:46",558.8,1,shienzhang
4838,16726854,"Tâm La Thành","2026-08-27 08:55:02",558.5,2,tmlathnh
4839,16719857,"Howey do it","2026-08-14 23:06:06",558.4,2,ronincoppins
4840,16660955,"Nihal l.suvarna","2026-08-19 14:37:50",558.4,2,nihallsuvarna
4841,16761173,"Shinzo Takayama","2026-09-02 23:24:19",558.3,2,shinzotakayama
4842,16635233,"Szymon Kłapiński","2026-08-03 10:04:12",558.3,2,szymonkapiski
4843,16699856,yukio,"2026-09-02 14:46:34",558.2,2,yukioseki
4844,16748738,Shymohn,"2026-08-26 13:28:58",558.1,2,shymohn
4845,16705149,"Allen Chun","2026-08-15 04:59:05",558.0,2,allenchun
4846,16701761,BalaVignesh,"2026-08-11 17:04:37",557.9,2,balavignesh
4847,16761589,"Eren -","2026-08-27 08:48:44",557.8,2,erenozyurek
4848,16741113,kaitle,"2026-08-21 12:05:55",557.8,2,kaitle
4849,16729152,Antoine,"2026-08-17 10:12:04",557.8,2,a11t01n3
4850,16667101,SundharSteyn,"2026-08-27 02:41:04",557.8,2,sundharsteyn
4851,16707986,Pones_kaggle,"2026-09-01 22:08:32",557.8,2,pyd966
4852,16623071,"Santiago Maniches","2026-09-03 01:49:33",557.8,2,santmani
4853,16700661,"Aakash Kavuru","2026-08-12 05:13:05",557.7,2,aakashkavuru
4854,16623006,"Aaradhy Singhvi","2026-08-11 23:29:04",557.7,2,aaradhysinghvi
4855,16723037,"Red Cat","2026-08-26 20:35:55",557.7,2,severl
4856,16749038,Seuz,"2026-08-29 18:40:14",557.6,2,kohdawei
4857,16693797,"Riyaz Ur Rehman","2026-08-17 02:21:15",557.4,2,riyazurrehman
4858,16661934,"Viacheslav Kasatkin","2026-08-10 10:48:25",557.3,2,viacheslavkasatkin
4859,16701250,T00bii,"2026-08-11 16:11:06",557.1,1,t00bii
4860,16658115,SantaClaws,"2026-08-10 14:50:31",556.8,2,vovikdrg
4861,16666566,"Rairo Mukamuri","2026-08-19 10:09:08",556.7,2,thetraveller
4862,16647607,pumpkin,"2026-08-07 13:57:58",556.7,2,gealachpumpkin
4863,16728137,mchicen,"2026-08-20 16:48:10",556.5,2,"iyaiji,mchicen"
4864,16656689,"Vansh Gupta","2026-08-11 08:56:56",556.4,2,vanshrl9ine
4865,16621367,Numari,"2026-07-31 16:30:01",556.3,2,numaritaisei
4866,16718338,"Oladimeji Adeyemi","2026-08-17 15:33:50",556.2,2,adeyemioladimeji
4867,16661927,JHCodeQuest,"2026-08-25 11:36:46",555.9,2,josephkhassan
4868,16632118,nk,"2026-09-02 13:59:01",555.8,2,nagatakengo
4869,16707159,"Toua Innocent TIA","2026-08-17 16:28:36",555.8,2,centino
4870,16724269,lava,"2026-08-26 09:09:01",555.6,2,fanxiaozhen
4871,16756891,T.Uehira,"2026-08-24 11:34:16",555.5,2,tuehira
4872,16771171,Manfucci,"2026-08-29 17:36:15",555.4,2,manfucci
4873,16665511,phoenix_merk,"2026-08-05 09:46:25",555.2,2,phoenixmerk
4874,16686109,"Triple Tensor","2026-08-17 08:24:26",555.0,2,"adinathjagtap777,pds178,prajwalzolage05"
4875,16631981,"Karen Letir","2026-08-10 09:21:51",554.9,2,karenletir
4876,16772455,dextrecity,"2026-08-30 11:37:56",554.5,2,"dextrecity,leo0pa"
4877,16663618,Anthaus,"2026-08-09 17:06:35",554.4,2,anthaus
4878,16660081,fakyyy,"2026-08-09 11:19:15",554.2,2,manideepreddyakula
4879,16685722,"Jiahan Cao","2026-08-12 09:01:22",554.2,2,jiahancao
4880,16794598,"Andrew Yu","2026-09-02 04:51:57",554.1,1,andnyu
4881,16784417,"Dallas Odem","2026-08-29 13:14:30",554.0,2,dallasodem
4882,16652952,lackmind,"2026-08-24 18:54:38",554.0,2,lackmind
4883,16735702,opflare,"2026-08-19 02:25:46",553.8,2,opflare1144user
4884,16672657,"Lochan Naik","2026-08-07 08:41:44",553.5,2,lochannaik
4885,16685800,"Sumit Ridhal","2026-08-31 16:08:14",553.4,2,sumitridhal
4886,16699707,"Afana Khalit putra","2026-08-11 08:57:25",553.0,2,afanakhalitputra
4887,16714363,guohaowen,"2026-08-13 14:25:48",552.9,2,guohaowen1910
4888,16668589,"Gleb Naumkin","2026-08-05 22:46:26",552.4,1,glebnaumkin
4889,16732529,"lixinglong ye","2026-08-25 06:51:24",552.1,2,lixinglongye
4890,16717601,"Mariem Fersi","2026-08-24 23:22:14",552.0,2,"mariemfersi,yassinebrahem2"
4891,16700501,Konno,"2026-08-28 09:32:25",551.6,2,nearfield1234
4892,16718295,doinggyu,"2026-08-18 12:56:58",551.5,2,doinggyu
4893,16763351,shutong114,"2026-08-24 15:17:06",551.4,2,shutong114
4894,16666709,JSQL,"2026-09-02 18:52:37",551.2,2,jeffreyschott
4895,16637499,Yuchen20,"2026-09-02 19:10:43",551.2,2,yuchen2066
4896,16656470,Glimmeron,"2026-08-12 02:01:48",551.1,2,rishabhraushan
4897,16694171,"guanran wang","2026-08-11 05:57:12",550.9,2,guanranwang
4898,16809097,volumatic,"2026-09-03 00:21:44",550.8,2,"kkeevviinn666,volumatic"
4899,16632100,"Mohit Shirke","2026-08-07 17:55:11",550.8,2,orcivion
4900,16662722,"Ajeet Jain","2026-08-07 06:32:10",550.7,2,jainajeet29
4901,16658895,kunihiro,"2026-08-17 03:05:05",550.0,2,kunihiro
4902,16675493,"Ryotaro Minato","2026-08-22 23:49:23",549.9,2,ryotarominato
4903,16726211,RepeatAfterMe,"2026-08-17 08:21:41",549.9,2,bekirsciftler
4904,16726025,"Yanrun Chen","2026-08-30 12:26:01",549.9,2,yrchen98
4905,16727219,"Chukka Venugopalam","2026-08-31 11:24:05",549.4,2,chukkavenugopalam
4906,16674943,feyZERO,"2026-08-16 10:48:50",549.4,2,faezamora
4907,16632157,"福原 大知","2026-08-03 06:46:04",549.2,2,fxxyfox
4908,16715126,준환,"2026-08-27 11:27:16",548.9,2,paulguilbert
4909,16654485,"Mahbub Alam","2026-08-04 02:08:23",548.9,2,mahbubalam214
4910,16693033,AgriBot,"2026-08-13 23:53:10",548.3,2,prcieuxcomlan
4911,16632368,"Yuelin Bai","2026-08-03 08:15:12",548.1,2,paralym
4912,16687942,"Arya Arun","2026-08-16 08:52:26",548.0,2,aryaarun07
4913,16654885,"Jason Kong","2026-08-04 06:52:19",547.9,2,jasonkongie
4914,16689372,"Kiran Yerpude","2026-08-12 05:39:43",547.9,2,kiranyerpude
4915,16661402,"Abin Biju","2026-08-11 18:00:35",547.8,2,abinbiju1
4916,16679958,Bum_Fy_Mz,"2026-08-13 20:31:44",547.8,2,bumfymz
4917,16777132,"Soham Dave","2026-08-27 14:51:01",547.6,2,sohamdave19
4918,16685570,"Micah Fernando","2026-08-07 19:46:31",547.5,2,micahfernando
4919,16676613,LCZ1996,"2026-08-29 02:02:59",547.5,2,lcz1996
4920,16644577,"Arthur Merritt","2026-08-04 07:11:11",547.3,2,jarthuph
4921,16692644,"Achille Gohin","2026-08-10 00:26:26",546.8,2,achillegohin
4922,16666637,"Uttam Limbani","2026-08-07 13:41:14",546.4,2,uttamlimbani
4923,16789996,"Chen Jiaqi","2026-09-02 15:48:25",546.3,2,elaemchen
4924,16728863,Irabala,"2026-09-01 12:17:04",546.2,2,irabala1
4925,16689908,Hyun777,"2026-08-14 01:11:17",546.0,2,hyun777
4926,16744610,"Safiullah Baig","2026-08-20 13:16:58",546.0,1,safm1rza
4927,16635481,Jamaisvu,"2026-08-20 15:39:29",546.0,2,jamaisvu
4928,16724364,Sh4ron,"2026-08-28 21:17:28",545.9,1,sh4ron
4929,16661154,"gronky goobers","2026-08-15 14:39:05",545.8,2,"viktoriusontop,yoshisurjuise"
4930,16637649,cameronezrajones579,"2026-08-15 15:49:12",545.8,2,cameronezrajones579
4931,16732696,naniwazu,"2026-09-02 01:32:01",545.7,2,naniwazu
4932,16769170,"Hardik Savaliya211","2026-08-25 11:07:10",545.7,2,hardiksavaliya211
4933,16663864,RamónLópez,"2026-09-03 01:19:47",545.6,2,lopeznomar
4934,16720049,"aditya emmadishetty","2026-08-14 13:20:54",545.5,2,adityaemmadishetty
4935,16665436,Aeternum,"2026-08-15 18:31:32",545.3,2,"donbinoy2004,surajkumarks"
4936,16783677,"Đặng Anh Thịnh","2026-08-28 08:31:12",545.2,1,nganhthnh
4937,16663188,"Ethan Feng","2026-08-05 22:09:38",545.2,2,xenon111231
4938,16673214,Boiga7,"2026-08-06 14:03:53",545.2,2,lewiselliot
4939,16757727,"Sohshi Nakamura","2026-09-03 00:34:43",545.2,2,sohshinakamura
4940,16665080,"RAVI KUMAR696996","2026-08-05 06:14:29",545.0,2,ravikumar696996
4941,16745574,"Yadunandan Raman","2026-08-22 12:20:06",544.9,2,yadunandanraman
4942,16796445,"Md Aminul Islam","2026-09-02 22:56:32",544.8,2,aminulabir
4943,16668154,JuanEspana,"2026-08-09 11:38:32",544.8,2,juanespana
4944,16662060,"Richard Valino","2026-08-06 16:03:36",544.8,2,richardvalino
4945,16705328,"Ester Arias","2026-09-03 02:37:49",544.7,2,esterarias
4946,16745065,MrEvidentYew,"2026-08-24 18:36:02",544.7,2,mrevidentyew
4947,16743055,栗ご飯,"2026-09-03 00:39:17",544.6,2,criticalpath1903
4948,16683934,"Teja Madala","2026-08-10 14:46:07",544.5,2,tejamadala
4949,16627463,dnish,"2026-08-05 07:37:16",544.5,2,dnishio
4950,16655630,askBillyWhatMamaDid,"2026-08-28 02:06:18",544.3,2,askbillywhatmamadid
4951,16724842,"Mikaela Gkolemi","2026-08-21 19:04:38",544.3,2,mikaelagkolemi
4952,16755781,NaveenManwani,"2026-08-28 05:37:31",544.3,2,naveenmanwani
4953,16678154,"Hashim Far","2026-08-08 04:20:32",544.2,2,hashimfar
4954,16792568,李秉叡（ntumlnoob）,"2026-09-02 06:52:48",544.2,2,ntumlnoob
4955,16705661,"Toshiki Touda","2026-08-13 06:51:05",544.1,2,toshikitouda
4956,16688646,lakranitesh,"2026-08-08 12:49:18",543.9,2,lakranitesh
4957,16629002,Alpro,"2026-08-17 22:27:30",543.6,2,"dogaakal,egekemalkaraca"
4958,16656797,"رحيم محمد","2026-08-04 20:05:45",543.5,2,darkmaxedwe
4959,16706277,"ratat Zheng","2026-08-12 10:25:38",543.4,2,ratatzheng
4960,16659444,"ANKIT AGARWAL","2026-08-29 13:58:51",543.1,2,ankwall223
4961,16783367,hezhiqian,"2026-08-30 18:02:37",543.0,2,hezhiqian
4962,16699488,"Kelvin Lai","2026-09-03 04:34:22",542.9,2,kelvin84hk
4963,16641948,JustForFun,"2026-08-18 08:00:36",542.7,2,thangphung215
4964,16659261,PromptEngineer48,"2026-08-04 16:44:46",542.6,2,promptengineer48
4965,16695400,"Karam Khasawneh","2026-08-10 20:29:16",542.6,2,karamkhasawneh
4966,16771623,kekuru,"2026-08-26 08:25:11",542.4,2,soyaishihara
4967,16765380,jslee_homeofson,"2026-08-25 13:10:22",542.4,2,jsleehomeofson
4968,16736951,giacomovin,"2026-08-25 20:14:52",542.3,2,giacomovin
4969,16753353,"Aayush Kumar","2026-08-29 16:26:46",541.9,2,devaayushkumar
4970,16697568,"Sergey Fedorov","2026-08-20 21:25:34",541.8,1,bd01ar
4971,16657674,Warriors,"2026-08-29 14:12:29",541.7,2,"karthikreddykarri,kovvurisaimohanreddy,vikramadityaabhiram"
4972,16664252,"Huy Hoang","2026-08-15 03:59:40",541.7,2,themeend
4973,16793134,sawasawasawa,"2026-09-03 05:09:09",541.6,2,yukisawamura
4974,16664608,sid,"2026-08-07 18:18:04",541.4,2,sidshastri04
4975,16630163,"SEREENA JERRY","2026-08-06 08:59:17",541.3,2,serenajerry
4976,16682707,"AJAY KUMAR","2026-08-07 19:13:08",541.2,2,worldsslayer
4977,16660089,ChristosGrigoras,"2026-08-07 22:41:49",541.0,2,cgrigoras
4978,16661382,CBenaventte,"2026-09-02 13:35:27",541.0,2,cbenaventte
4979,16662015,"ryan panda","2026-09-03 04:46:50",541.0,2,hollowpurple
4980,16735251,AlviH47,"2026-08-19 14:25:48",540.9,2,alvih47
4981,16712410,aysfshn,"2026-09-02 13:46:26",540.8,2,aysfshn
4982,16701046,"Thanakorn Kaewwiang","2026-08-14 17:13:39",540.3,2,deweytng
4983,16765688,jihunai,"2026-08-26 23:15:54",540.1,2,jihunai
4984,16677402,"Hıdır Demir","2026-09-02 19:59:54",540.1,2,hdrdmr
4985,16715769,Ethereallll1,"2026-08-14 15:21:12",540.1,2,ethereallll1
4986,16672473,goldfish,"2026-08-13 03:34:21",540.1,2,dolgfish
4987,16728743,Miki_Nuummiu,"2026-09-02 19:45:10",540.0,2,mikinuummiu
4988,16680799,zixma13,"2026-08-25 13:12:44",540.0,2,zixma13
4989,16651872,Evgen21,"2026-08-05 14:03:50",540.0,2,evgen21
4990,16661646,"Sergey Shcherbakov","2026-08-12 21:58:30",539.9,2,sergey140146659
4991,16659505,"Duleeka Mevan","2026-08-06 09:32:46",539.8,2,duleekamevan
4992,16802752,hako22,"2026-09-01 12:25:41",539.7,1,hako22
4993,16681778,kzeus@003,"2026-08-12 05:12:15",539.7,2,kzeus003
4994,16666652,"Mohamed Fanni","2026-08-17 00:51:38",539.6,2,"arachid,mohamedfanni,soukaynamokhtari"
4995,16623824,zhangende02,"2026-08-01 01:15:21",539.5,2,zhangende02
4996,16658925,CYBWithFlourish,"2026-08-06 15:56:28",539.5,2,cybwithflourish
4997,16688296,"Michael Pollind","2026-08-28 13:30:32",539.3,2,mpollind
4998,16775781,"Gideon Oba","2026-08-28 21:31:00",538.9,2,gideonoba
4999,16793080,"Lonan Syayf","2026-08-31 19:44:09",538.8,2,lonansyayf
5000,16661225,"Menelik Zafir","2026-08-31 22:16:27",538.7,2,monibeefudgekins
5001,16723583,"varun chindage","2026-09-03 02:05:10",538.7,2,stormy420
5002,16774333,"Nazim Shoikot","2026-09-01 10:02:47",538.3,2,nazimshoikot71
5003,16737532,lsystudyhard,"2026-08-22 12:16:47",538.2,2,lsystudyhard
5004,16657502,Jasmeen,"2026-08-16 08:59:05",538.1,2,jasmeen0207
5005,16725123,"Pham Quang Nghia","2026-08-22 15:00:51",538.1,2,phamquangnghia
5006,16686972,"Ankit Maurya","2026-08-23 07:05:44",537.9,2,"ankitmaurya16,rudraprasadsah"
5007,16743852,"Alexander & Erik","2026-08-26 21:01:59",537.4,2,"alexandermlad,erikpymay"
5008,16725483,PQ_Marz,"2026-08-15 16:25:50",537.3,2,pqmarz
5009,16674308,"Ayush Roy","2026-08-06 20:28:57",537.3,2,ayushroy39
5010,16694314,"Ali Abbas Baig","2026-08-28 19:55:16",537.1,2,aliabbasbaig
5011,16649421,Eltormtace,"2026-08-14 04:35:15",536.7,2,eltormtace
5012,16662938,CarlitrosParra,"2026-08-05 21:34:52",536.5,2,carlitrosparra
5013,16795997,"Boyu Wan","2026-09-03 04:45:09",536.5,2,pupudan
5014,16729510,ARM,"2026-09-02 17:05:16",536.4,2,"midhun4126,mrohithjohn"
5015,16709487,Kohei,"2026-08-19 20:54:42",536.3,2,kshintani
5016,16768939,"Pratham Sonawane","2026-08-30 17:37:23",536.3,2,prathamsonawane1
5017,16663232,"Marco Mangan","2026-08-30 01:46:02",536.3,2,masmangan
5018,16653118,"Elmira Yekani","2026-08-18 17:05:20",536.3,2,elmirayekani
5019,16724470,"Mahdi Rafati","2026-08-24 15:32:51",536.2,2,mahdirafati
5020,16671779,"Syed Jawad","2026-08-30 10:44:37",536.1,2,syedjawad11
5021,16702281,"Dhruv Patel #2","2026-08-10 21:25:08",536.0,2,dhruvpatel1972
5022,16707037,"Cedoque BAGBONON","2026-09-02 21:34:23",536.0,2,cedbag
5023,16774701,@Suzumaru_1666,"2026-09-02 23:36:57",535.9,2,suzumaru1666
5024,16722561,Asia214,"2026-08-30 02:26:16",535.9,2,asia214
5025,16678613,iBooNDK,"2026-08-09 19:03:37",535.8,2,iboondk
5026,16743648,Hei_shao,"2026-09-01 11:27:25",535.7,2,heishao
5027,16767754,"Dr. T","2026-08-28 07:00:33",535.6,2,davinor
5028,16776505,"Muhammad Ahmad Amin","2026-09-02 13:50:59",535.5,2,ahmadamindw
5029,16672798,yaphanqiii,"2026-08-27 07:55:23",535.5,2,yaphanqiii
5030,16699207,"Bipin Rimal","2026-08-10 07:45:21",535.4,2,bipinrimal314
5031,16625216,"Emre Can","2026-08-01 17:05:51",535.3,2,seicatsu
5032,16695102,whitelok,"2026-08-11 12:54:41",535.3,2,whitelok
5033,16668137,"Thomas De Sousa","2026-08-06 06:34:48",535.1,2,thomasdesousa
5034,16737362,"moushun chen","2026-08-20 06:45:46",535.0,2,moushunchen
5035,16695521,"Chen Ken","2026-09-02 14:22:26",535.0,2,nutastray
5036,16665865,"Agrippa Beaulieu","2026-08-08 19:09:28",534.8,2,agrippabeaulieu
5037,16752191,"Wenxuan Ye","2026-09-01 09:58:29",534.7,2,akomwins
5038,16665281,"[Deleted] 899172b8-e148-4564-ba8c-c46356105ab8","2026-08-05 09:55:11",534.5,2,del=cd7e9a4014b872ef
5039,16780097,"wei chang","2026-09-02 12:47:44",534.5,2,wayne0404
5040,16662995,"carlos mario de oro aguado","2026-08-06 21:08:28",534.5,2,cdeoroaguado
5041,16646286,"C Aravindhan","2026-08-04 05:03:22",534.3,2,caravindhan
5042,16663267,"Sravya Isukapatla","2026-08-11 10:14:54",533.9,2,sravyaisukapatla
5043,16687237,Khalibryler,"2026-08-11 09:17:03",533.8,2,khalibryler
5044,16655069,"Jason Harrison","2026-08-05 20:56:59",533.8,2,jasonharrisonco
5045,16804768,Chaos,"2026-09-03 01:53:55",533.7,2,hcfighting
5046,16644765,MoeCode,"2026-09-02 08:03:55",533.6,2,syrianeagle
5047,16744572,DivyanshAgg,"2026-08-31 19:30:49",533.4,2,divyanshagg
5048,16688873,cancel,"2026-08-18 06:50:33",533.4,1,rugaru
5049,16715942,_@HimShukla23,"2026-08-18 03:57:15",533.4,2,himshukla23
5050,16791550,Team21,"2026-09-02 23:39:30",533.1,2,"fchen121,muktharam"
5051,16767800,awee,"2026-09-01 17:46:17",533.0,2,aweertw
5052,16764751,"Abhishek Parmar","2026-08-26 04:06:39",533.0,2,abhisheknparmar
5053,16661682,"Rishi Gupta","2026-08-05 07:46:38",533.0,2,rishigupta07
5054,16640399,Hubbahub,"2026-08-04 20:40:39",532.8,2,hubbahub
5055,16653809,acbabc123,"2026-08-04 13:53:53",532.7,2,acbabc123
5056,16779598,RiverStead,"2026-09-01 07:31:12",532.7,2,riverstead
5057,16626105,sasaki,"2026-08-24 02:34:55",532.7,2,rsasaki
5058,16775131,"Re Son","2026-08-27 14:29:31",532.4,2,lemelson
5059,16736632,Leo,"2026-08-30 05:45:08",532.4,2,huangkx666
5060,16802750,"[Deleted] fafa60dd-8026-43cc-b656-34ca4625ef7d","2026-09-01 12:22:13",532.3,1,del=e2a734cecd171934
5061,16725955,"Aditya Pandey","2026-08-17 00:10:10",532.0,2,adipandey777
5062,16721814,"DOAMBA Jean Edouard Odilon","2026-08-24 14:48:43",532.0,2,doamba
5063,16711812,"zhan renyi","2026-08-31 05:24:39",531.9,2,zhanrenyi
5064,16726044,"Lena Traczuk","2026-08-22 12:03:58",531.6,2,lenatraczuk
5065,16692480,"Khalis Murfid","2026-08-24 07:03:02",531.5,2,khalismurfid
5066,16674612,"Muhammad Dhiaz Rafilianza","2026-08-22 05:48:04",531.5,2,dhiazr
5067,16722109,Navneet,"2026-08-14 14:02:35",531.2,2,zxcdfg
5068,16668108,"Suresh Chandra Mangena","2026-08-11 09:32:31",531.1,2,sureshchandramangena
5069,16691807,lbs-vadar,"2026-08-26 18:29:57",531.1,2,lbsvadar
5070,16663707,DotBix,"2026-08-12 21:45:54",531.1,2,dotbix
5071,16670719,SimoImane,"2026-08-05 23:36:09",531.0,2,simoimane
5072,16661105,"Vignesh Murugan","2026-08-04 19:57:46",530.9,2,vigneshv1cky
5073,16750273,"Nil Lic","2026-08-24 12:08:02",530.5,2,nillic
5074,16738218,kiyo,"2026-08-30 02:39:48",530.4,2,kiyohiro
5075,16627009,c0sm1c,"2026-08-01 11:06:14",530.4,1,tanghao111
5076,16663368,"Laurence Dale","2026-08-12 18:00:07",530.3,2,laurencedale
5077,16773194,NgNhan3110,"2026-08-27 09:36:17",530.2,2,ngnhan3110
5078,16660060,AnkitGoyal,"2026-08-05 15:33:29",529.8,2,goyalankit
5079,16790943,"Tashfik Salehin","2026-08-29 17:48:22",529.8,1,tashfiksalehin
5080,16691761,"Evie Barker","2026-08-15 13:40:05",529.6,2,eviebarker
5081,16623646,"Minal kharat123","2026-08-23 01:39:06",529.6,2,minalkharat123
5082,16693003,ShirrleyChen,"2026-08-15 12:54:58",529.4,2,shirrleychen
5083,16726155,miyawakiayaka,"2026-08-15 18:50:10",529.4,2,kanatakon
5084,16795877,"Marco Polo","2026-09-03 03:27:06",529.1,2,zhesong1
5085,16687330,"Mehmet Ensar Çetin","2026-08-15 07:39:29",529.0,2,mehmetensaretin
5086,16668461,SobanAli,"2026-08-19 15:49:03",528.7,2,soban256
5087,16799391,"Mehdi El M.","2026-09-02 23:04:56",528.2,2,mehdielm
5088,16662293,"Alejandro Fonda","2026-09-02 01:09:18",528.1,2,alejandrofonda
5089,16688662,"Faz Forward","2026-08-08 09:03:10",527.8,2,fazforward
5090,16641501,Sonal,"2026-08-08 22:07:46",527.7,2,sonalm13
5091,16665424,taaaaanq,"2026-08-17 14:23:35",527.4,1,"chuayaplong,flashtigro,huayu05,taaaaanq"
5092,16682984,"Rishikesh Bharat Koli","2026-08-08 04:18:06",527.3,2,rishikeshbharatkoli
5093,16808696,마짱MAZZANG,"2026-09-02 14:41:14",527.2,2,mazzang
5094,16719257,"Alexander Morozov","2026-08-14 23:53:53",527.2,2,scanhex
5095,16665374,UmangDobhal03,"2026-08-06 03:46:29",527.1,2,umangdobhal03
5096,16675866,DanilChil,"2026-08-31 17:38:49",527.0,2,danilchil
5097,16674605,Versilogic,"2026-08-16 07:54:48",527.0,2,versilogic
5098,16670218,"What is Coding?","2026-08-07 01:47:17",527.0,2,matthewshvarts
5099,16716531,tebenia,"2026-08-16 08:06:58",526.9,2,tebenia
5100,16743136,unhappy,"2026-09-02 12:12:51",526.9,2,chenyahui123
5101,16657383,"Shih Hua Chou","2026-08-18 03:51:08",526.6,2,shihhuachou
5102,16662790,"Derek Earnhart","2026-08-04 18:04:01",526.4,1,derekearnhart
5103,16773195,"Pham Nguyen Thanh Huy","2026-08-27 05:25:55",526.2,2,huyphmnguyenthanh
5104,16775214,"Sambhav R","2026-08-27 15:34:44",526.1,2,sambhavr
5105,16670634,"Narayan Sharan","2026-08-07 21:13:42",526.1,2,narayansharan
5106,16636973,"Ali Ali G","2026-08-03 18:36:40",525.9,2,alialig
5107,16708348,"Edilaine Arceno","2026-08-28 18:41:14",525.8,2,edilainearceno
5108,16691466,"Jeeta Nandi ","2026-09-02 10:35:07",525.7,2,jeetanandi
5109,16638883,LeiYang,"2026-08-03 15:04:07",525.6,2,leiyangcq
5110,16748462,"Jiwon Lee","2026-08-31 13:41:37",525.5,2,jibong7600
5111,16621437,AdamBelniak,"2026-08-03 18:15:21",525.4,2,adamos581
5112,16771340,pang,"2026-09-02 14:30:24",525.4,2,pangwenfeng
5113,16654312,Xmeeeee,"2026-08-05 00:11:29",525.2,2,xmeeeee
5114,16666716,"Fanis Alexakis","2026-08-17 11:59:15",525.2,2,fanisalexakis
5115,16691628,"Gavin Walsh (N1DGE11)","2026-08-08 16:07:24",525.0,2,gavinwalshn1dge11
5116,16765194,henry,"2026-08-24 13:39:29",524.8,2,zchenry
5117,16762427,Raj_craj,"2026-08-30 20:27:00",524.5,2,rajcraj
5118,16623198,"Chris D'Mello (ineligible)","2026-07-31 17:32:46",524.5,1,cdmello
5119,16730577,"Team Rocket’s Orbital Farm","2026-08-21 08:31:07",524.4,2,koheitsutsumi
5120,16693045,"Huseyin Battal","2026-08-09 05:41:25",524.3,2,huseyinbattal
5121,16631547,"Chong Xuan Ng","2026-08-08 15:38:52",524.3,2,chongxuanng
5122,16653049,"Umut Doruk Öztürk","2026-09-02 09:52:16",524.0,2,umutdorukztrk
5123,16649077,"Yifan Yang 135","2026-08-11 06:22:40",523.9,2,yifanyang135
5124,16742470,AK,"2026-08-31 09:52:39",523.9,2,aman1391
5125,16658476,"goksel yesiller","2026-08-04 11:07:53",523.8,2,gokselyesiller
5126,16733644,Gavilán,"2026-08-23 19:41:22",523.7,2,gaviln
5127,16667517,"Recep Barkın Topcu","2026-08-31 05:30:02",523.6,2,recepbarkntopcu
5128,16692263,"ADITYA CHAVAN","2026-08-09 17:44:15",523.6,2,adityasnr7
5129,16663327,Gnr8tr,"2026-08-13 14:16:44",523.5,2,wilburjpereira
5130,16757204,hhcjj,"2026-08-22 06:42:32",523.4,2,hhcjjkk
5131,16677524,"Phúc Phạm","2026-08-07 20:16:24",523.3,2,phucpham77
5132,16742059,dafei2025,"2026-09-03 03:32:54",523.2,2,dafei2025
5133,16759381,"Subhan Hussain","2026-08-26 10:37:25",523.2,2,subhanhussain0205
5134,16656641,AndrewEly8,"2026-08-05 00:56:32",523.2,2,andrewely8
5135,16706143,Adityaupadhyay0805,"2026-08-20 04:28:06",523.0,1,adityaupadhyay0805
5136,16669397,"Abed Kibbe","2026-08-30 07:22:49",522.9,2,abedkibbe
5137,16682667,"zeel vavliya","2026-08-20 14:48:59",522.7,2,zeelvavliya
5138,16681924,WEcoS,"2026-08-10 04:32:03",522.5,2,aungkhainghtun
5139,16780592,sergey,"2026-08-27 19:09:25",522.4,2,sadsdfsdf
5140,16657528,"Symekah Shadrack Basweti","2026-08-05 10:17:09",522.4,2,symekah99
5141,16780019,"hamza khokhar890","2026-09-02 21:43:01",522.3,2,hamzakhokhar890
5142,16731636,関西人,"2026-08-24 06:23:14",522.3,2,m1333666888
5143,16809445,takusemba,"2026-09-03 05:38:50",522.2,2,takusembba
5144,16634803,hongzhouzhou,"2026-08-31 17:39:16",522.1,2,afterrain42
5145,16661233,"Uriel Johnson","2026-08-05 08:45:24",521.9,2,urieljohnson
5146,16645936,"Abhy Rejikumar","2026-08-22 19:26:23",521.9,1,abhyrejikumar
5147,16665184,woorym,"2026-08-10 03:04:12",521.6,2,woorym
5148,16654974,"ACd Rooy","2026-08-11 06:35:28",521.6,2,acdrooy
5149,16658391,"Jack #2","2026-09-02 17:21:08",521.3,2,jack1233
5150,16645870,"Barathan Aslan","2026-08-03 08:21:55",521.2,2,barathanaslan
5151,16675873,"Zhu Liang","2026-09-02 14:54:40",521.2,2,paradite
5152,16707437,"Ivan Plekhanov","2026-08-11 12:03:11",520.8,1,nnob0dy
5153,16714488,"HusseinNadem Nadem","2026-08-26 01:53:13",520.7,2,husseinnademnadem
5154,16661449,"Samarjeet Singh","2026-08-23 04:32:19",520.6,2,samarjeet010
5155,16719742,"Varun Dave","2026-08-31 22:56:07",520.5,2,"pranavtrivedi02,varundave95"
5156,16630520,dimitris_x94,"2026-08-23 21:10:57",520.5,2,dimitrisx94
5157,16654347,"aarav maheshwari1","2026-08-26 05:57:03",520.1,2,aaravmaheshwari1
5158,16761657,Picu,"2026-08-23 10:42:49",520.1,2,rumoschilling
5159,16655600,"VYSHAKH G NAIR","2026-08-04 21:31:24",519.7,2,vyshakhgnair
5160,16661950,moonmelonpizza,"2026-08-09 12:25:23",519.6,2,moonmelonpizza
5161,16762021,Dhananjai1729,"2026-08-31 08:46:25",519.6,2,dhananjai1729
5162,16668068,"Neural Harvest","2026-08-27 19:23:44",519.5,2,meghashyampawar
5163,16768079,Sohee087,"2026-08-24 20:21:01",519.4,1,sohee087
5164,16694330,"Jack Way","2026-08-10 11:48:42",519.2,2,jackway05
5165,16686902,"Aaditya Jain","2026-08-10 08:59:33",519.1,1,aadityajain2312
5166,16774035,"Shengfeng Wang","2026-08-26 07:28:46",519.0,1,shengfengwang
5167,16772090,"SHIVAJI SHAIK","2026-09-02 10:28:42",519.0,2,shivajishaik
5168,16655080,"Mohamed Judi","2026-08-31 00:47:20",518.8,2,mhjudi
5169,16758526,"sudo give_me_the_prize","2026-08-24 16:34:02",518.0,2,ibrahimab2
5170,16700080,Kaushik,"2026-08-10 11:11:18",517.9,2,kgarumugam
5171,16804094,faheem,"2026-09-03 03:20:33",517.9,2,faheemkhaskheli9
5172,16728318,T3jas06,"2026-08-22 19:45:13",517.9,2,t3jas06
5173,16668606,"Hasith Kulathilaka","2026-08-31 19:09:39",517.9,2,hasithkulathilaka
5174,16762168,Lewbei,"2026-08-25 02:13:07",517.4,2,lewbei
5175,16632105,"shreyas sangalad","2026-08-02 12:01:08",517.3,2,spoortisangalad
5176,16664352,"Shreyash Asati","2026-08-06 10:40:56",517.3,1,shreyashasati
5177,16660330,wangyikai,"2026-08-09 07:59:45",516.9,2,wangyik
5178,16724984,anish711,"2026-08-22 17:54:18",516.8,2,anish711
5179,16643453,Haumea,"2026-08-23 19:00:47",516.8,2,chaitanyagullapalli
5180,16667078,dprinzensteiner,"2026-08-05 14:06:26",516.6,2,dprinzensteiner
5181,16810060,galileo680,"2026-09-02 17:41:43",516.5,1,keter333
5182,16722341,"Pham Huu Bao Chung","2026-08-23 21:44:46",516.4,1,phamhuubaochung
5183,16657929,Robert-zwr,"2026-08-05 11:15:48",516.1,1,robertzwr
5184,16625808,"Etsushi Yamamoto","2026-08-09 16:50:41",516.0,2,etsushiyamamoto
5185,16639577,Haitaks,"2026-08-16 09:42:16",515.9,2,haitaks
5186,16798512,"Yuichiro Kinoshita","2026-09-02 21:34:13",515.8,2,yuichirokinoshita
5187,16740709,"Abimael Firstana #2","2026-08-23 11:07:52",515.8,2,abimaelfirstana99
5188,16654394,sserges,"2026-08-08 20:46:14",515.7,2,sserges
5189,16681637,nasu01,"2026-08-07 10:14:10",515.5,2,nasu01
5190,16678246,"Mark Holloway","2026-08-13 08:48:08",515.4,2,markholloway
5191,16717018,"Urvashi Bansal","2026-08-17 09:12:29",515.3,2,urvashibansal123
5192,16696231,"Oleg Smirnov","2026-08-09 19:22:20",515.0,2,smirnolegov
5193,16673109,"Surya Bhattiprol","2026-09-02 02:33:17",515.0,2,suryabhattiprol01
5194,16711823,Abi_e,"2026-08-31 17:11:29",514.8,2,abidjacquelineanadi
5195,16656431,"Venetta Smithen","2026-08-20 02:19:45",514.6,2,venettasmithen
5196,16679872,"Kirby Won","2026-08-19 16:47:21",514.5,2,kirbywon
5197,16668698,Addie,"2026-08-08 05:21:08",514.4,1,addie999
5198,16682869,"Sepideh Rahmati","2026-08-12 08:10:46",514.0,2,sepidehrahmati
5199,16657093,"sixer srinath","2026-08-26 10:48:12",513.9,2,srinath2495
5200,16664205,"shr Wei","2026-09-03 04:05:30",513.9,2,shrwei
5201,16763898,"Tarık Sarıcı","2026-08-24 09:54:31",513.9,2,ssarici
5202,16645302,LuCcc,"2026-08-03 09:45:35",513.8,2,luuuuccccc
5203,16656573,"Ashiq Firoz","2026-08-17 18:20:11",513.7,2,ashiqfiroz
5204,16666071,"Arda Yıldız","2026-08-20 09:33:54",513.5,2,xreina8
5205,16806084,"DSDgsdgs SDgsdfgs","2026-09-03 05:19:11",513.3,1,dsdgsdgssdgsdfgs
5206,16627324,"Attack on Kaggle","2026-08-06 13:27:22",513.3,2,user19394494
5207,16671602,"Nithin Nambi","2026-08-07 00:09:31",513.2,2,nitthewit
5208,16672105,"Natural Stupidity","2026-08-10 19:39:53",512.7,2,"parthb21,sujaygolla"
5209,16694146,"JIlong Zhou","2026-08-26 15:04:38",512.7,2,acemaker
5210,16661462,"Dania Amer","2026-09-01 01:54:44",512.5,2,dania35
5211,16662647,"Ruben Maya","2026-08-18 20:55:57",512.0,2,rubenmaya
5212,16751058,"Henrique Loyola ","2026-08-21 05:29:59",512.0,2,henriqueloyola
5213,16661323,mzyktkhs,"2026-08-10 13:21:59",511.9,2,mzyktkhs
5214,16791701,"Tired Dad Data","2026-09-02 19:40:00",511.7,2,alexmaggard
5215,16636333,xiaoyang66,"2026-08-17 13:35:28",511.6,2,kennethhao8
5216,16665949,Rbda,"2026-08-06 14:18:03",511.6,2,brazvan
5217,16768456,清水一希,"2026-08-25 00:47:38",511.5,1,kazukishimizu0427
5218,16681655,"Tae seong Gim","2026-08-14 14:14:10",511.3,2,taeseonggim
5219,16658520,drownedsnake,"2026-08-05 01:03:22",511.0,2,makerplay
5220,16661287,"Jacob Hanlon","2026-08-11 13:59:58",510.9,2,jacobhanlon
5221,16661576,"Yash Jumde","2026-08-15 20:09:59",510.7,2,yashjumde
5222,16728414,"Pedro Caycho","2026-08-16 12:40:26",510.7,1,pjcc1123
5223,16766803,"Kanishk Sharma","2026-09-01 23:52:42",510.6,2,kan1shq198
5224,16644410,"Swaroop Kallakuri","2026-08-04 15:40:29",510.3,2,ksjpswaroop
5225,16668185,"Swayam Chavan","2026-08-09 01:12:23",509.8,2,swamboy
5226,16697448,"Mykola Mazniuk","2026-08-15 17:57:39",509.5,1,mykolamazniuk
5227,16734290,CodeAMANSA,"2026-09-01 01:29:02",509.5,2,bcollazo
5228,16810813,Scorn100,"2026-09-03 03:55:32",509.0,2,scorn100
5229,16721940,DarkLayer,"2026-08-22 02:07:13",509.0,2,nnpaopao
5230,16690698,posty_melek,"2026-08-15 05:06:40",508.9,2,srisaraswati
5231,16723490,"Panashe Arthur Mhonde","2026-08-22 11:41:19",508.8,2,panashearthurmhonde
5232,16695692,Saadii2279,"2026-08-11 16:44:39",508.8,2,saadii2279
5233,16663040,"BARBARA GASKINS","2026-08-12 01:08:47",508.4,2,barbaragaskins
5234,16640814,"Kritika Adhikari","2026-08-07 09:25:26",507.9,2,kritikaadhikari
5235,16756561,"Eren Tekin","2026-08-31 00:34:25",507.8,2,erennntkn
5236,16798918,"Toan Nguyen Mau","2026-09-02 23:54:19",507.7,2,toannguyenmau
5237,16777150,Eduardo2c,"2026-08-31 18:08:11",507.7,2,eduardo2c
5238,16701871,"Raj Nandan","2026-08-10 15:13:30",507.4,1,imrajnandan
5239,16704597,"Wallace Switzer","2026-08-12 01:09:49",507.3,2,wallaceswitzer
5240,16690221,"HISOKY DEV","2026-08-10 09:42:03",507.3,2,omarfahid
5241,16664116,"Bogdan Sburlea","2026-09-02 01:59:38",507.3,2,bogdan1405
5242,16728014,Alpha223,"2026-08-23 09:40:33",507.2,2,alpha223
5243,16702713,"Rob Sartin","2026-08-27 23:15:44",507.2,2,robsartin
5244,16707331,"Simon Ziegs","2026-08-23 22:54:11",507.0,2,simonziegs
5245,16661360,"Jasper Jiss","2026-08-13 18:45:37",506.9,2,jasperjiss
5246,16709918,GUI666,"2026-08-26 16:17:40",506.8,2,gui666
5247,16657312,"baolood herid","2026-08-06 13:13:48",506.8,2,baoloodherid
5248,16654401,ChronoForensics,"2026-08-08 17:26:11",506.5,2,ryanwollmuth
5249,16655881,"Zhuoran Zhao","2026-08-07 16:50:04",506.5,2,yearcakes
5250,16621572,"Abdulazeez AbdulMumeen","2026-08-05 10:59:27",506.4,2,ayobeen
5251,16662167,"Tara Singh Kharwad","2026-08-05 17:13:10",506.3,2,tarasi7261
5252,16719679,ZhiruiLuo,"2026-08-25 15:52:57",506.3,1,zhirluo
5253,16756900,Kome_Sh,"2026-08-30 13:40:56",506.1,2,komeshun
5254,16654984,"Guseinov Elvin","2026-08-08 21:44:00",506.1,2,guseinovelvin
5255,16749271,"Shoki Suzuki","2026-09-01 13:48:43",505.9,2,shokisuzuki
5256,16663822,BhavyaSaini001,"2026-08-29 23:10:34",505.7,2,bhavyasaini001
5257,16718828,"Tejas Nisar","2026-08-23 17:04:45",505.4,2,tejasnisar
5258,16638967,"Jenny Luo","2026-08-01 23:55:07",505.3,2,"jennyluo96,kyeoh92"
5259,16659414,TTGP_TEAM,"2026-08-06 15:33:09",505.3,2,phttrntrnggia
5260,16780783,priscilamaria5363,"2026-08-28 15:10:15",505.2,2,priscilamaria5363
5261,16709837,Sophinator,"2026-09-02 18:32:09",505.1,2,sophinator
5262,16660073,"Mahad Kakooza","2026-09-02 20:40:05",505.0,2,mahadkakooza
5263,16623969,"Akira Imae","2026-09-03 00:03:19",504.4,2,imaeakira
5264,16773039,zyiqun,"2026-09-03 04:09:16",504.3,2,zyiqun
5265,16665647,hr15de,"2026-08-28 10:00:50",504.2,2,hr15de
5266,16762424,AuroraXXiiaa,"2026-09-03 04:37:49",504.1,2,auroraxxiiaa
5267,16653534,"Mohamed Amine Ettaki","2026-08-22 13:30:43",503.8,2,amine159
5268,16651042,Mira_332,"2026-08-27 04:58:29",503.7,2,ichiiohno
5269,16686093,"Muhammad Usman Butt","2026-08-07 22:00:04",503.7,2,debugdemon
5270,16805340,"Md. Rafiul Islam","2026-09-02 21:38:49",503.6,2,rafiulislamrafi
5271,16683390,Christopher34,"2026-08-08 00:20:59",503.6,2,christopher34
5272,16683837,"Blessed Ngorima","2026-08-18 09:40:53",503.5,2,blessedngorima
5273,16669117,"Shrikant Lambe","2026-08-10 23:31:50",503.5,2,shrikantlambe
5274,16767585,Hyena,"2026-08-25 22:17:26",503.4,1,hemant0
5275,16687959,"Destin Nedjou","2026-08-27 05:45:33",503.2,2,destinnedjou
5276,16731790,"A random farmer","2026-08-18 02:19:53",503.2,1,hinatatokuda
5277,16764151,Jpadilla987@gmail.com,"2026-08-25 21:00:27",503.0,2,jpadilla987gmailcom
5278,16747670,"Luis Molina","2026-08-26 07:40:36",502.8,2,micuentadecasa
5279,16752081,"Ahmad Dehaini","2026-08-30 06:04:54",502.3,2,ahmaddehaini
5280,16760191,"Kushal Shiva1","2026-08-26 20:19:36",502.1,1,kushalshiva1
5281,16734672,"Artom  Wade","2026-08-27 23:08:29",501.8,2,artomwade
5282,16728549,Karatelb,"2026-08-16 17:45:59",501.7,2,karatelb
5283,16713218,"Julien Baumgartner","2026-08-14 08:36:27",501.6,2,julienbaumgartner
5284,16660484,"Waiswa Geoffrey","2026-08-31 08:29:58",501.6,2,waiswageoffrey
5285,16811502,"Avi Porath","2026-09-03 05:11:26",501.6,2,aviporath
5286,16635021,RiLi,"2026-09-02 13:21:50",501.4,1,hisatosenda
5287,16796133,NoMoreThan20Words,"2026-09-03 00:39:10",501.1,2,nomorethan20words
5288,16668810,ZZZZGOD,"2026-08-07 19:11:09",500.9,2,zzzzgod
5289,16663594,"NGU BLACK SANTA","2026-08-05 15:23:10",500.7,2,ngublacksanta
5290,16712488,"Vansh Bhura","2026-08-12 14:23:18",500.7,2,vanshbhura
5291,16739711,SBC,"2026-08-20 10:16:10",500.7,2,"anusasaha2406,harshkumar3014,rahulmaity"
5292,16774849,RiyadhLakadimu123,"2026-08-31 19:51:17",500.6,2,riyadhlakadimu123
5293,16644053,Rafiozoo,"2026-08-03 19:26:40",500.4,2,rafiozoo
5294,16729214,kisamaki0815,"2026-08-28 01:21:57",500.2,2,kisamaki0815
5295,16664251,zzy123123,"2026-08-08 09:22:51",500.2,2,zzy123123
5296,16633240,Igor,"2026-08-24 15:39:09",500.0,2,igor14497
5297,16688159,"aildar &  slopernak & bobot","2026-08-20 08:51:10",499.8,2,"eldarkhisamutdinov,mernak,vladimirbagmanov"
5298,16756812,"Alex Amirkhanyan","2026-08-24 05:51:16",499.8,2,aleksamirkhanyan
5299,16693795,kurt,"2026-08-30 15:22:47",499.6,2,syarht
5300,16621402,Maxim,"2026-08-13 07:01:03",499.4,2,ektarr
5301,16700211,miya,"2026-08-23 12:25:44",499.2,2,miyamuratakeki
5302,16659520,"Play Code","2026-08-05 14:28:00",499.2,2,codenya
5303,16632855,Shreyash_Automation,"2026-08-21 00:06:49",499.2,2,shreyashautomation
5304,16690793,"MOHAMMAD ALRASHED","2026-08-08 18:33:34",498.7,2,mohammadalrashed
5305,16668267,Saran,"2026-08-27 14:18:05",498.5,2,saran2
5306,16725065,"Maxim Smirnov","2026-08-15 13:21:05",498.5,2,smirnoffmg
5307,16697736,"Daniel Correa","2026-08-10 01:04:52",498.4,2,dcorrea1
5308,16662985,DanTheDataScienceMan,"2026-08-05 17:40:06",498.2,1,danthedatascienceman
5309,16805940,Foxure,"2026-09-03 03:19:51",498.1,2,foxure
5310,16667601,"Audrius Molis","2026-08-27 19:30:39",498.1,2,vienas
5311,16659080,VENKY,"2026-08-07 17:22:03",498.0,2,venkateshthatha
5312,16683316,moonriver0922,"2026-08-11 07:04:11",497.9,2,moonriver0922
5313,16755278,Kaz,"2026-08-29 17:21:33",497.9,1,kazuyago
5314,16693925,"Francisco Corredor","2026-08-19 22:20:44",497.8,2,franciscocorredor
5315,16668813,zhaowang,"2026-08-06 05:19:52",497.8,2,zhaowangwang
5316,16662111,"Mood Vikram","2026-08-31 17:21:35",497.7,2,"moodvikram,sidhantchauhan"
5317,16729996,"Michael Roust","2026-08-18 16:09:56",497.6,2,michaelroust
5318,16623271,"William Morley","2026-07-31 10:09:16",497.6,2,williamkmorley
5319,16623263,ASHML,"2026-07-30 23:28:50",497.5,2,ashml
5320,16683761,"Chiefmen749 Aris","2026-08-10 07:42:42",497.2,2,saysplayz
5321,16770454,"Nawaf Almutairi","2026-08-27 11:39:41",496.8,2,nawafbalmutairi
5322,16705510,"Palak Choudhary","2026-08-11 07:12:44",496.7,2,palak2564
5323,16684031,"Phillip Kamundia","2026-08-14 20:35:15",496.5,2,phillipkamundia
5324,16657664,"Nguyễn Anh Kiệt 28","2026-08-06 04:17:40",496.4,2,nguynanhkit28
5325,16696993,healer2408,"2026-08-15 07:10:57",496.4,2,healer2408
5326,16735012,"Shuvam Swapnil Dash","2026-08-28 19:56:48",496.2,2,"shashwatmandal,shuvamswapnildash"
5327,16794758,wppepi,"2026-09-01 05:25:26",496.2,2,"malossov,wppepi"
5328,16748173,pensukesan,"2026-08-26 04:50:04",496.2,2,pensukesan
5329,16745980,"Arif Amijoyo","2026-08-30 07:54:40",496.1,2,arifamijoyo
5330,16747839,"Ich Schmid","2026-08-26 20:57:54",496.1,2,ichschmid
5331,16674266,HamYad,"2026-08-06 18:19:46",496.0,2,hamyadlab
5332,16641513,"Sameer Chakravedi","2026-08-15 16:06:11",495.9,2,sameerchakravedi
5333,16666873,"linli duan","2026-08-12 15:06:42",495.9,2,linliduan
5334,16798775,Lissabon,"2026-09-01 09:10:26",495.9,1,lissabon
5335,16699633,Nafmo,"2026-08-11 17:10:53",495.6,2,nafmo2
5336,16732513,Taogege,"2026-09-02 09:43:25",495.6,2,"liyiyiyi6,taogege520"
5337,16810019,M&S,"2026-09-02 17:19:11",495.5,2,"martinhma,yishusheng"
5338,16690308,"Fatima Sarhan","2026-09-03 03:31:26",495.4,2,fatimasarhan
5339,16755677,"Rutwik Kumar M","2026-08-26 16:31:00",495.3,2,rutwikkumarm
5340,16802632,"Aloe moon","2026-09-01 13:25:31",495.3,2,aloemoon
5341,16623712,Dapp,"2026-08-03 23:09:19",495.3,2,lgloria
5342,16705276,layr0,"2026-08-14 00:53:11",495.2,2,layr0dotdev
5343,16728845,"Mohamed Kaleel","2026-08-22 16:12:58",495.1,2,mdkaleel
5344,16722819,Anna,"2026-08-21 15:01:26",495.0,2,annatmp
5345,16661539,"Ilia Mironov","2026-08-09 13:51:47",495.0,1,millcool
5346,16732200,"Louis WhoEat","2026-08-24 12:02:40",494.7,2,louiswhoeat
5347,16759239,SunYaoXi,"2026-08-27 09:32:42",494.6,2,sunyaoxi
5348,16659658,"Tim Wong","2026-08-06 02:02:30",494.4,2,wai0186
5349,16676482,GitLyf,"2026-08-16 12:47:59",494.3,2,"jaideva30,rohithkrishnaak"
5350,16711918,"Pavel Filin","2026-08-13 05:23:28",493.9,2,pavelfilin
5351,16687602,"jithin manoj","2026-08-12 13:00:23",493.8,2,jithingmanoj
5352,16728933,dOvOb,"2026-08-21 16:30:47",493.7,2,waytosleep
5353,16623503,"D Mohith","2026-08-01 01:06:22",493.3,2,dmohith
5354,16706790,"Stas Chereshkevich","2026-08-19 12:23:33",493.0,2,staschereshkevich
5355,16657545,"Deepak Singh","2026-08-11 13:50:31",492.9,2,vihaannegi
5356,16687648,"RSJ CorneR","2026-08-08 10:57:54",492.8,2,rsjcorner
5357,16633097,"Matheus Bonjour Laviola da Silva","2026-08-02 11:08:21",492.5,2,matheusbonjour
5358,16661786,Nagaraju,"2026-08-10 01:53:04",492.4,2,orugantn
5359,16785010,"Victor Wangles","2026-08-28 16:01:17",492.3,1,victorwangles
5360,16628268,toxic_2499,"2026-08-08 09:07:32",492.2,2,toxic2499
5361,16755495,"Leo Udah","2026-09-02 09:29:17",492.2,2,leoudah
5362,16655820,"Cory Tortorici","2026-08-08 15:20:42",492.0,2,corytortorici
5363,16675000,"Carl Bell","2026-09-02 21:22:12",492.0,2,allegedcarlbell
5364,16810954,BayramAnnakov,"2026-09-03 05:37:45",491.8,2,bayramannakov
5365,16775236,hohohoZzZ,"2026-08-30 07:42:04",491.7,2,hohohozzz
5366,16667959,"Fourth Quadrant","2026-09-02 01:14:47",491.6,2,flynnfei
5367,16659919,"SILVISTON EMMANUEL","2026-08-06 06:51:55",491.5,2,silvistonemmanuel
5368,16695095,"Jayanth Chowdary","2026-08-22 17:50:39",491.4,2,jayanthchowdary24
5369,16675686,"PRERIT MAURYA","2026-08-14 06:37:51",491.2,2,preritmaurya
5370,16717051,"Chirag Hosdurga","2026-08-13 13:38:41",491.0,2,chiraghosdurga
5371,16802843,"3D printer","2026-09-02 14:55:54",491.0,2,jamesl8
5372,16657654,TemperaryT,"2026-08-26 23:08:35",490.9,2,temperaryt
5373,16718517,"Jessica Yin","2026-08-17 00:10:31",490.8,2,jeqyin
5374,16726285,Dhananjay,"2026-08-15 18:48:20",490.6,2,dhananjaylakkawar
5375,16629201,"GUILLERMO REY PANIAGUA","2026-08-01 16:41:58",490.6,2,guillermoreypaniagua
5376,16731013,"Abimael Firstana","2026-08-23 17:49:45",490.6,2,abimaelfirstana
5377,16652661,"Petru-Mihai Craciun","2026-08-05 14:55:07",490.5,2,petrumihaicraciun
5378,16773032,fecrescencio22,"2026-09-02 21:07:10",490.4,2,fecrescencio22
5379,16679098,"KIRTAN RUPESHBHAI BHOJANI","2026-08-06 23:51:52",490.3,2,kitran17
5380,16659681,"Aditya Seth","2026-09-02 09:52:57",490.2,2,adityaseth777
5381,16757135,Agrihand,"2026-09-02 15:00:23",490.1,2,mayur756
5382,16805704,ShuHaya,"2026-09-02 13:20:22",490.0,1,yfqqq088
5383,16755394,"Ruben Lucas","2026-08-21 21:50:16",490.0,2,rubenlucas
5384,16676803,"Josue Villao","2026-08-14 05:20:13",489.9,2,josuevillao
5385,16664129,"Mr M 8641","2026-08-06 18:57:45",489.8,2,mrm8641
5386,16668095,Menna_Allah_Samy12,"2026-08-15 15:04:56",489.8,2,mennaallahsamy12
5387,16676497,"Non-veg plants","2026-08-07 09:54:00",489.7,2,mohammadshadabshaikh
5388,16634060,"Chí Thành Đỗ","2026-08-02 05:11:58",489.5,2,chithanhdeptrai
5389,16791617,"Neil Li","2026-08-30 00:10:32",489.2,1,neilliroub
5390,16655415,"Ivan Jarp","2026-08-29 17:07:03",489.2,2,ivanjarp
5391,16698287,"Ethan J. Schauder","2026-08-12 18:21:50",489.2,2,ethanjschauder
5392,16786101,Cai0Emanuel,"2026-08-29 01:11:51",489.2,1,cai0emanuel
5393,16719521,xarquin,"2026-08-25 03:16:23",489.1,2,xarquin
5394,16773320,kaka,"2026-09-02 06:47:51",489.0,2,kakawin
5395,16734601,sweetlesson,"2026-08-18 00:40:55",489.0,2,sweetlesson
5396,16809998,chzCharbs,"2026-09-02 20:31:42",489.0,2,chzcharbel
5397,16797002,ZhixinLuo,"2026-09-01 14:16:09",488.5,2,zhixinluo
5398,16670032,Kenjo1209,"2026-09-03 02:59:53",488.5,2,kenjo1209
5399,16755159,"Kay Gijzen","2026-08-23 11:51:31",488.3,2,kaygijzen
5400,16640965,jidaoluckey,"2026-08-08 07:10:45",488.2,2,jidaoluckey
5401,16670155,Kiznaiver,"2026-08-23 14:27:19",488.0,2,kiznaiver
5402,16775210,"Daniel LPD","2026-09-01 18:12:55",487.9,2,daniellpd
5403,16673981,"Aarya Jadhav","2026-08-28 19:47:23",487.7,2,aaryajadhav0310
5404,16655555,Bharath2411,"2026-08-23 11:46:26",487.5,2,bharath2411
5405,16706184,"Lingaraju Saikumar","2026-08-16 11:51:34",487.3,2,lingarajusaikumar
5406,16709512,Rustamdurdyyev,"2026-08-31 19:59:56",487.2,2,rustamdurdyyev
5407,16624414,"Chaitanya Jamble","2026-07-31 05:42:10",487.2,1,chaitanyajamble
5408,16663622,sammuq1,"2026-08-10 23:56:19",487.1,2,sammuq1
5409,16728394,"Aisultan Davletkan","2026-08-16 13:01:38",487.1,1,aisdav
5410,16701367,CryptoQuant1992,"2026-08-11 13:04:12",486.8,2,cryptoquant1992
5411,16654175,abhiv142,"2026-08-11 13:22:03",486.8,2,abhiv142
5412,16664558,"Praneeth Annapureddy","2026-08-05 04:52:45",486.5,2,praneethannapureddy
5413,16640516,"Alfandi Hassan","2026-08-08 03:41:33",486.1,2,alfandihassan
5414,16661628,PradipBanerjee,"2026-08-05 21:03:11",486.1,2,pradipbanerjee
5415,16692373,"Ornevis Montero","2026-08-20 01:59:43",485.9,2,ornevisbolaosmontero
5416,16656568,"FARIATHTHEEN F","2026-08-04 11:44:49",485.9,2,fariaththeenf
5417,16692128,gibocx,"2026-08-10 18:10:34",485.9,2,gibocx
5418,16768578,"Patrick Lzz","2026-08-25 02:56:30",485.8,2,patricklzz
5419,16666132,andres555,"2026-08-28 14:36:21",485.8,2,"andres555,violalin"
5420,16793755,"Juank Suarez","2026-09-03 03:21:58",485.5,2,juanksuarez
5421,16810595,dauriel,"2026-09-02 22:25:51",485.4,2,dauriel
5422,16656627,"Soykot Podder","2026-08-14 05:39:06",485.3,2,diptopodder
5423,16676256,"Kotaro Nakamura","2026-08-11 22:18:41",485.2,2,kotaroma
5424,16625434,"Chirapathleo Saelim","2026-08-19 10:32:26",485.1,2,chirapathleosaelim
5425,16693522,shadycoderalltime,"2026-08-22 14:00:16",484.9,2,shadycoderalltime
5426,16685904,KavYaHD,"2026-08-10 13:02:45",484.6,2,kavyahd
5427,16669945,"Turab Zaidi","2026-08-07 13:27:44",484.5,2,turabzaidi
5428,16675468,"atakan akgün","2026-08-13 15:32:32",484.3,2,atakanakg
5429,16675631,"Aswini Gowda","2026-08-10 05:37:33",484.2,2,aswinigowda
5430,16693227,"Aniket Sharma","2026-08-21 22:05:01",483.8,2,aniketsharma00411
5431,16669170,AsadUsmanFAST,"2026-08-05 22:37:33",483.6,2,asadusmanfast
5432,16713723,"Jyot Buch","2026-08-12 23:09:41",483.3,2,jyotbuch
5433,16735177,shilpa.rpns,"2026-08-22 04:57:10",483.2,2,shilparpns
5434,16799224,"Tian Yan666","2026-09-02 16:13:02",483.2,2,tianyan666
5435,16805621,"DIVYANSH KUMAR SINGH CHAUHAN","2026-09-02 04:04:53",483.1,2,capdiv
5436,16799797,"Zhong Zinmin","2026-09-02 14:45:57",482.9,2,zhongzinmin
5437,16713061,Yuk!,"2026-08-16 10:59:12",482.9,2,mitsuyukiokamura
5438,16675916,Lorenzo176ITA,"2026-08-14 11:02:15",482.7,2,"alessiopap,lorenzo176ita"
5439,16638651,Emre,"2026-08-05 23:40:59",482.6,2,emre690
5440,16698141,Zippo,"2026-08-16 05:44:18",482.6,2,gagemerrick
5441,16760377,"Yuxuan Qian","2026-08-29 23:45:28",482.5,2,yuxuanqian
5442,16726882,"Albert Yu","2026-08-17 00:01:53",482.4,2,yukinying
5443,16660455,"Alex Kapend","2026-08-05 08:42:26",482.1,2,alexkapend
5444,16660923,naganikshith,"2026-08-06 08:01:09",482.0,2,naganikshith
5445,16684776,"D Rithika","2026-08-10 18:36:30",481.8,2,drithika
5446,16655783,KonaKonaz,"2026-08-04 09:36:57",481.7,2,konakonaz
5447,16677166,Spectrobot,"2026-08-08 11:11:46",481.7,2,spectrobot
5448,16793145,KarlNUrban,"2026-09-02 19:35:07",481.5,2,karlnurban
5449,16800076,xinwang,"2026-09-02 05:49:55",480.9,2,xxxtetantion
5450,16675232,"Rafif Ariq Rabbani","2026-08-27 19:37:32",480.8,2,rafifariqrabbani
5451,16638019,Randynho,"2026-08-31 01:20:30",480.5,2,randynho
5452,16706054,"ErrorX Info","2026-08-20 11:30:03",480.5,2,"errorxinfo,shyampatel47"
5453,16807134,"Chaowei Liang","2026-09-02 11:16:17",480.3,1,chaoweiliang
5454,16700596,"Markel Iru","2026-08-13 15:52:53",480.3,2,markeliru
5455,16675340,"SHAURYA SHARMA","2026-09-03 00:57:48",480.1,2,shauryas555
5456,16728821,"Alen Maria Nirmal","2026-08-17 21:51:03",480.0,1,alenmarianirmal
5457,16658678,"Manav Aghera","2026-09-01 19:50:12",480.0,2,manavaghera
5458,16659588,"Priya J","2026-08-14 05:57:46",479.8,2,priyaj21
5459,16682906,Masiki,"2026-08-12 13:34:10",479.6,2,blackseed
5460,16729086,samanyu,"2026-08-23 10:13:11",479.6,2,samanyu1808
5461,16716002,"Preethi Gnanaprakasam","2026-08-14 09:10:46",479.0,2,preethignanaprakasam
5462,16775069,JWlKIM,"2026-08-26 23:22:43",478.9,2,jwlkim
5463,16663976,"wangyang denis","2026-08-12 06:26:08",478.9,2,wangyangdenis
5464,16660343,"Mert Olgun899","2026-08-05 13:05:07",478.8,2,mertolgun899
5465,16714240,"The Shovel","2026-08-26 03:21:18",478.6,2,"astapasta0,qotqat"
5466,16664327,"Maged Hegazy","2026-08-06 13:13:28",478.6,2,magedhegazy
5467,16692618,"Ali Zakaee","2026-08-09 10:13:02",478.5,1,itheequalizer
5468,16654085,"Bill Xu","2026-09-03 02:05:36",478.5,2,billll
5469,16664004,"Me, Myself, and I","2026-08-11 03:57:46",478.4,2,notlunarxd
5470,16748500,stimmie,"2026-08-30 16:11:56",478.2,2,stimmie
5471,16666447,"Shuaib ayad Jasim Jasim","2026-08-06 20:51:47",478.2,2,shuaibayadjasimjasim
5472,16668368,"Waleed Hasan","2026-08-12 01:42:22",478.1,2,whasan
5473,16653429,mktdev,"2026-08-10 12:19:54",478.1,2,mktdev
5474,16623582,yunsuxiaozi,"2026-08-01 13:59:57",478.0,2,yunsuxiaozi
5475,16661194,"Sandeep Vanapalli","2026-08-04 15:37:06",477.7,2,mrleaf
5476,16692895,Manuf,"2026-08-18 18:00:19",477.7,2,manuelferromorales
5477,16724556,"Yixiang Wu","2026-08-28 03:34:55",477.7,1,yixiang964
5478,16657201,ShayML,"2026-08-08 09:02:05",477.5,2,shayml
5479,16669703,AnubhavBhadani142,"2026-08-15 06:32:19",477.5,2,anubhavbhadani142
5480,16700627,"Benedict Ebito Boyubie","2026-08-10 11:03:38",477.4,1,bboyubie
5481,16726765,"Ali Al-Killidar","2026-08-16 09:47:37",477.3,1,alialkillidar
5482,16667722,Radhouen911,"2026-08-06 21:37:37",477.0,2,radhouen911
5483,16663804,"Fredy Meyer","2026-08-05 20:19:51",476.8,2,alexmeyerm
5484,16729225,"Aayush Sigdel","2026-08-28 13:08:02",476.7,2,aayushsigdel
5485,16656156,"Kshitij aucharmal","2026-08-06 04:35:27",476.1,2,narutoaucharmal
5486,16693255,"Carlos Hideo Yamaguchi","2026-08-10 00:59:12",476.0,2,carloshy
5487,16751979,"Sasha Sam","2026-08-27 20:02:46",475.9,2,sashasam
5488,16659269,"Bedirhan Dinçer","2026-08-10 20:26:46",475.9,2,bedirhandiner
5489,16777612,"zebra G","2026-08-27 15:46:59",475.6,1,zebrag
5490,16715456,"wilson LUNG","2026-08-17 23:54:10",475.5,2,wilsonlung
5491,16686796,"Harinath Reddy A","2026-08-23 21:23:45",475.3,2,harynath
5492,16663871,"Iyed Djebbi","2026-08-07 09:25:07",475.3,2,iyeddjebbi
5493,16793657,Xin_T,"2026-08-30 16:48:11",475.1,1,xint666
5494,16658535,khanna.rohit5,"2026-08-10 05:00:31",475.0,2,khannarohit5
5495,16758970,"Jason Wong","2026-08-30 07:47:43",474.9,2,jsin27
5496,16669168,"Kingsley Jide","2026-08-31 21:30:18",474.9,2,kingsleyjide
5497,16670986,"Anas Erami","2026-08-08 01:38:43",474.8,2,anaserami
5498,16658051,SethuMadhavan004,"2026-08-09 09:38:27",474.8,2,sethumadhavan004
5499,16810306,"Asy Mortenson","2026-09-02 19:57:48",474.7,2,asymortenson
5500,16658521,"Vishal Dhariwal","2026-08-08 11:43:36",474.7,2,user412
5501,16795330,"Alejandro Villacampa","2026-09-02 17:32:11",474.6,2,avillacampa
5502,16663658,oriolgalceran,"2026-09-03 05:01:45",474.6,2,oriolgalceran
5503,16661014,manu,"2026-08-16 04:45:12",474.2,2,manupandit
5504,16670659,saumyagupta12,"2026-08-21 22:25:00",473.9,2,saumyagupta12
5505,16697396,"Collective Win","2026-08-18 05:10:12",473.7,2,collectivewin
5506,16664512,oggyiu,"2026-09-01 07:46:10",473.5,1,oggyiu
5507,16696939,"Keaton Zang","2026-08-10 21:24:20",473.5,1,keatonzang
5508,16665152,"Ahmed Karim","2026-08-17 11:32:15",473.5,2,versusic
5509,16730870,"Jiang Ryan","2026-09-03 03:37:12",473.2,2,jiangryan
5510,16675215,"Viljen Apalset Vassbø","2026-08-06 22:24:44",473.1,2,viljenapalsetvassb
5511,16716636,"Mahamane Lawaly","2026-08-13 10:22:51",473.1,1,mahamanelawaly
5512,16792630,Vipluv1,"2026-09-02 20:21:14",473.1,2,vipluv1
5513,16721942,"Daniel Rodriguez Bothe","2026-08-18 16:57:00",472.9,2,danielrodriguezbothe
5514,16653078,pk210495,"2026-08-09 09:13:32",472.8,2,pk210495
5515,16627313,"Zafer Liu","2026-08-03 05:13:39",472.7,2,zaferliu
5516,16662133,"Ding Lifeng","2026-08-29 08:20:49",472.6,2,dinglifeng
5517,16698029,"Meet Vachhani","2026-08-10 18:34:55",472.1,2,meetvachhani7
5518,16623631,SeaEag1e,"2026-07-31 06:26:17",472.1,1,seaeag1e
5519,16708409,toshiconner,"2026-08-12 06:30:06",471.9,2,toshiconner
5520,16666878,aaronykchen,"2026-08-17 15:06:13",471.9,2,aaronyukuchen
5521,16668241,"Shreyansh Kanotra","2026-08-08 19:56:15",471.6,2,shreyanshkanotra
5522,16806260,"Kotaro Furuno","2026-09-02 04:32:37",471.6,2,kotarofuruno
5523,16702200,"ANGAD JANGIR","2026-08-11 02:01:38",471.6,2,angadjangir
5524,16661966,Rocket,"2026-08-29 18:05:35",471.5,2,"aarchie4,nick16541,siddharthdongardive"
5525,16677047,LINOXYR,"2026-08-15 13:13:58",471.5,2,linoxyr
5526,16670090,"Gianpaolo Nettis","2026-08-24 08:42:07",471.3,2,rakes7
5527,16778939,"Stepan Antonov","2026-08-27 07:59:30",471.0,1,stepanantonov
5528,16761148,Deku,"2026-08-23 13:36:57",471.0,1,piyushsharma5654
5529,16664406,"MURDER GOOSE","2026-08-05 09:45:33",470.8,2,ujjwalar
5530,16671665,"Kobata Sota","2026-08-06 07:17:03",470.5,1,kobatasota
5531,16662079,"Farrukh Hussain","2026-08-31 19:05:02",470.4,2,farrukhhussai
5532,16778886,"Sandeep Das","2026-08-31 09:48:37",470.3,2,sandypos
5533,16631609,dlougen,"2026-08-04 16:40:03",470.1,2,dlougen
5534,16717420,"Muhammad Yasir Sarwar","2026-08-13 14:40:09",470.0,2,muhammadyasirsarwar
5535,16639764,CortexExplorer,"2026-08-23 13:03:06",469.7,2,cortexexplorer
5536,16747782,"Muhammad Agam Febryan","2026-08-29 18:22:04",469.7,2,muhammadagamfebryan
5537,16729522,all-coder,"2026-08-16 17:55:08",469.6,2,allcoder
5538,16726168,"Shrey Modi","2026-08-15 19:42:14",469.3,2,shreymodi2
5539,16660515,"pooja sandali","2026-08-08 05:51:03",469.2,2,poojasandali
5540,16723411,CaZen,"2026-08-15 10:48:16",468.8,2,cathzwah
5541,16625149,Rubylicious,"2026-07-31 07:53:00",468.6,2,labibahalya
5542,16719296,Mr.TtT_Games,"2026-08-14 04:58:39",468.5,2,mrtttgames
5543,16721530,revv0o,"2026-08-15 13:58:34",468.3,2,revv0o
5544,16734431,"Maxwell Herron","2026-08-19 02:06:34",468.2,2,maxwellherron
5545,16786328,"DanishGW School","2026-09-02 03:50:19",468.1,2,danishgwschool
5546,16725957,"Ayman Tarig Mohammedosman Elgadi","2026-08-24 02:57:16",468.1,2,aymantarig17
5547,16692782,"Andres Regino","2026-08-23 20:26:03",468.1,2,andresregino
5548,16633786,tuannm3812,"2026-08-28 08:00:42",467.9,2,tuannm3812
5549,16696959,"Joe Filfli","2026-08-11 10:47:03",467.8,2,joefilfli
5550,16706843,"yh z","2026-08-11 09:32:56",467.7,1,yhz123456
5551,16667759,"Nafis Fuad Shahid","2026-08-05 19:21:39",467.7,2,nafisfuadshahidd
5552,16669604,"Abhijit Pise","2026-08-28 16:35:55",467.5,2,abhijitpise
5553,16761319,Yuvraj,"2026-08-23 07:29:44",467.4,1,yuvrajkr01
5554,16681509,"Kethan Sai","2026-08-24 18:22:30",467.3,2,kethansaikoneru
5555,16649339,"华东 朱","2026-08-30 09:35:51",467.3,2,mgdbzny
5556,16700685,"Preeti Dhotmal","2026-08-27 11:25:29",467.3,2,preetidhotmal
5557,16696716,MatiasMG,"2026-08-29 15:04:38",467.2,2,matiasmgonzalez
5558,16638953,"Joe Young","2026-08-03 19:23:13",467.1,2,jsphyg
5559,16716657,"Jasti Phani","2026-08-19 08:38:00",467.1,1,jastiphani
5560,16733961,"Julia Fredo","2026-09-03 01:52:42",467.1,2,juliafredo
5561,16630020,"Piotr Gabrys","2026-08-09 16:53:59",467.0,2,piotrekga
5562,16658366,kuroneko,"2026-08-04 10:43:29",466.7,2,kurorosuke
5563,16670464,halfpintcider,"2026-08-11 20:02:25",466.6,2,"amoghdeshpande2021,visspric7"
5564,16658500,"abhinav rai1","2026-08-18 17:24:56",465.8,1,abhinavrai1
5565,16695828,rihiRule,"2026-08-11 13:40:24",465.8,2,rihirule
5566,16735206,"Shiyal Kishan","2026-08-20 04:01:28",465.7,2,shiyalkishan01
5567,16664818,"B M Dimpu Shree","2026-08-21 10:51:22",465.2,2,bmdimpushree
5568,16663104,Sohan,"2026-08-23 14:42:40",465.1,2,sohansinghrawat
5569,16667615,"Zayd Mulani","2026-08-08 23:05:57",464.6,2,zaydmulani
5570,16715033,"Colton Byers","2026-08-17 10:41:50",464.4,2,coltonbyers
5571,16657712,"samuel job Adeola ","2026-09-02 08:11:03",464.4,2,samueljobadeola
5572,16673583,"Priyanshu Jha","2026-08-16 08:10:08",464.3,2,codewithjha
5573,16663258,sawe,"2026-08-05 17:07:24",464.1,2,boiihhh
5574,16790718,"Carlos Alves","2026-09-02 04:29:42",464.0,2,carlosone
5575,16757253,ZEE,"2026-08-22 04:54:30",464.0,1,randyzhang666
5576,16696271,"Neeta Sanjay Gajabi","2026-08-09 14:48:42",464.0,2,neeta2574
5577,16655997,tanatet8,"2026-08-30 15:16:59",463.8,2,tanatet8
5578,16623528,"Faijur Rahaman","2026-08-20 09:40:07",463.7,2,faijurrahaman
5579,16702980,GCSudarshanReddy,"2026-08-15 17:32:06",463.7,2,gcsudarshanreddy
5580,16662319,ethan.ai,"2026-08-13 18:16:35",463.4,2,ethanai
5581,16808646,"Yimeng Wang","2026-09-02 15:02:45",463.4,2,yimengwang0814
5582,16757336,Stevejustin,"2026-08-31 04:18:31",463.1,2,stevejustin
5583,16669434,"Saugat Kannojia","2026-08-07 11:45:47",463.1,2,saugatkannojia
5584,16662726,"Juan Carlos González Aguilar","2026-08-14 19:54:48",462.9,2,juancg
5585,16657520,"Joel De la Cruz Fuertes","2026-08-12 16:33:48",462.9,2,joeldcf
5586,16623385,"ISAKA Tsuyoshi","2026-07-31 00:31:34",462.8,2,isakatsuyoshi
5587,16676397,Rohan_Joshi6404,"2026-08-13 13:58:56",462.7,2,rohanjoshi6404
5588,16719460,"Amon #2","2026-08-15 12:40:41",462.7,2,ezjameng
5589,16731822,Senn88,"2026-08-23 11:12:39",462.3,1,senn88
5590,16632503,"Wei Hsiang Lin111","2026-08-01 07:42:33",462.3,2,weihsianglin111
5591,16672292,"KARTIKEY PANWAR","2026-08-06 05:46:16",462.3,2,kartikeypanwar
5592,16695627,"Xu Lou","2026-08-09 13:01:23",462.2,2,xuxiaozhou666
5593,16640810,まさやん,"2026-08-12 15:22:53",461.9,2,masayam1234
5594,16630896,OpenBuilder,"2026-08-08 12:09:06",461.7,2,weijunguo
5595,16639916,BloomBerry,"2026-08-12 12:38:31",461.6,2,kagglepalandata
5596,16656902,"Ram Chandra Gupta","2026-08-05 10:18:41",461.6,2,ramchandra142
5597,16658202,"SNAEHATH P","2026-08-06 13:51:15",461.5,2,snaehath
5598,16681441,"Lamiaa Al-bdrani","2026-08-07 04:25:50",461.4,1,lamiaaalbdrani
5599,16713033,rayofc,"2026-09-02 06:02:02",461.4,2,rayofc
5600,16803129,hdttnk,"2026-09-02 14:13:00",461.4,2,hdttnk
5601,16665040,"Arnav Yashlaha","2026-08-05 05:44:26",461.3,2,arnavyashlaha
5602,16773064,"Sonu Yadav","2026-09-02 04:09:15",461.2,2,sonuyadav710
5603,16657054,"ömer umut güngör","2026-08-05 06:10:22",461.1,2,merumutgngr
5604,16669441,"Chirag Desai","2026-08-30 18:13:52",461.1,2,cid007
5605,16621518,jaccobian,"2026-08-29 08:11:50",460.4,2,harshraj22
5606,16735934,"Uday Kiran003","2026-08-18 06:23:18",460.2,1,udaykiran003
5607,16753895,Andrew98,"2026-08-22 13:10:58",460.2,2,vitem98
5608,16676205,"Alhassan Fedawy","2026-08-14 17:15:07",460.0,2,alhassanfedawy
5609,16660420,tipofyzik,"2026-09-02 15:47:30",459.9,2,tipofyzik
5610,16691790,"Akshay Sawant","2026-08-08 19:33:14",459.5,2,akshaysawant8983
5611,16694497,Kawai,"2026-08-23 18:33:10",459.4,2,"lavendermoon19,sumitwod"
5612,16668093,Sai_Dattu,"2026-08-07 07:35:01",459.4,2,saidattu2003
5613,16675462,bkcoban,"2026-08-07 18:22:48",459.4,2,bkcoban
5614,16781242,"Bobby Clare","2026-08-31 16:12:39",459.3,2,bobbyclare
5615,16771785,"Mencius silverio MENSAH","2026-08-31 08:51:17",459.2,2,menciussilverio
5616,16759225,"Andrea Jordan Paro","2026-08-24 11:24:14",459.2,2,andreajordanparo
5617,16671913,res67,"2026-08-07 16:22:30",458.9,2,junyeanyap
5618,16712259,geqiulin,"2026-08-13 04:46:11",458.8,2,geqiulin
5619,16665470,KanakoS,"2026-08-18 13:13:58",458.7,2,kanakos
5620,16656579,"Riad Rayhan","2026-08-15 06:40:35",458.6,2,riadrayhan
5621,16693307,"Vlad Gavrilov","2026-08-09 04:00:29",458.6,2,vladgavrilov
5622,16665228,Jason_Qian,"2026-08-05 16:00:43",458.5,2,jasonqia
5623,16738351,"Haidar Faruqi","2026-08-25 05:00:00",458.5,2,haidarfaruqi
5624,16725757,AchyutKishore123,"2026-08-30 05:12:33",458.4,2,achyutkishore123
5625,16728945,"Suryansh Kulshreshtha","2026-09-01 14:39:14",458.4,2,"busyfellow,suryanshkulshreshtha"
5626,16660317,esgranja,"2026-08-04 18:58:48",458.3,1,esgranja
5627,16768262,"Brayan Miranda G","2026-08-26 19:40:15",458.3,2,brayanmirandag
5628,16637342,SupremeWarrior108,"2026-08-29 06:44:16",458.3,2,supremewarrior108
5629,16782993,hayashida,"2026-08-28 12:29:44",458.2,1,daichihayashi
5630,16661659,"Ivan Zagorulko","2026-08-05 10:53:13",458.2,2,normaldaki278
5631,16796572,"Phan Van Hieu ","2026-08-31 14:23:03",458.0,2,phnvnh
5632,16783021,"TAN TIANYE","2026-09-03 01:11:53",457.9,2,tantianye
5633,16670387,"Oracle69 AI","2026-09-01 10:55:45",457.7,1,princeadewaleadewumi
5634,16666479,"Prajwal Nivangune","2026-08-09 18:33:51",457.4,2,prajwalnivangune
5635,16794088,"Felipe Colombarolli","2026-08-31 00:46:32",457.3,2,felipecolombarolli
5636,16736432,"Sarthak #2","2026-08-18 12:33:53",457.1,2,srthkdixit
5637,16732340,"BJ Kim","2026-08-19 15:17:16",457.1,2,doitdoit80
5638,16658116,Emmy,"2026-09-02 10:14:30",456.8,2,emmyone
5639,16623135,mohduwaishchaudhary,"2026-07-30 22:05:45",456.7,2,muwaish5
5640,16658498,cheesama,"2026-08-04 23:36:18",456.5,2,cheesama
5641,16794499,smileMAN13912339850,"2026-09-02 13:42:36",456.1,2,smileman13912339850
5642,16750931,"Antonio Rotundo","2026-08-27 12:52:58",456.1,2,antoniorotundo2
5643,16675385,Apex🦾,"2026-08-14 18:00:17",455.9,2,"raghadabdullara,renadahmadalamri,zzainh"
5644,16659459,"Akandé Philippe ABIODOUN","2026-08-06 11:58:09",455.8,2,vrmelo
5645,16671532,"Yuri Nakayama","2026-08-13 11:34:55",455.7,2,yurinakayama
5646,16660413,Ritesh-2006,"2026-08-21 10:21:53",455.5,2,ritesh2006
5647,16796223,"Bohan Shao","2026-08-31 15:10:43",455.1,2,bohanshao
5648,16698570,MurphyIIVan,"2026-08-10 03:35:41",454.9,2,murphyiivan
5649,16656989,Crunchex,"2026-08-29 10:52:11",454.8,2,"asmo04,chinmaysoni48,codencry"
5650,16729155,WangZihao5649,"2026-08-24 02:32:08",454.8,2,wangzihao5649
5651,16735735,Rishabh@1304,"2026-09-01 08:09:47",454.7,2,rishabh1304
5652,16712906,"Sharad Garg","2026-08-13 14:54:43",454.6,2,sharadgarg
5653,16633984,"Mongkhon Hatit","2026-08-04 11:58:56",454.5,2,mongkolhatit
5654,16783870,郭一贤,"2026-08-29 07:22:41",454.4,2,guoyixian2
5655,16663815,"Tetsuya Sasaki","2026-08-30 01:05:13",454.2,2,sasakitetsuya
5656,16644023,"Yiğit Efe Albaş","2026-08-02 18:34:39",454.0,1,yiitefealba
5657,16674106,Jaikrishna@007,"2026-08-26 15:38:23",453.8,1,jaikrishna007
5658,16661717,"Yaswanth Ippili","2026-08-06 11:32:13",453.6,2,yaswanthippili
5659,16689877,Amr_Said1233,"2026-08-08 08:48:28",453.3,1,amrsaid1233
5660,16661633,"Joseph Garcia","2026-08-19 16:28:08",453.3,2,josephpgar
5661,16634911,onlytimeknows,"2026-08-22 12:31:11",453.0,2,onlytimeknows
5662,16661453,"Disleve Kanku","2026-08-14 15:32:51",453.0,2,dislevekanku
5663,16668522,"Moatez Litaiem","2026-08-06 16:57:54",452.8,2,moatezlitaiem04
5664,16664401,"Pranav Premchand","2026-08-05 03:07:24",452.7,1,pranavpremchand
5665,16691704,"Rahman Aliyev","2026-09-01 14:41:13",452.4,2,rahman4li
5666,16662089,"Alonso Gallego Pacho","2026-08-27 13:27:36",452.1,2,alonsogallegopacho
5667,16671911,"Dwi Eflatino","2026-08-16 10:44:17",452.0,2,eflatino
5668,16664506,"Jonatan Asketorp","2026-08-23 02:57:42",452.0,2,weft169aston
5669,16681209,AgenticBuilder,"2026-08-13 18:44:29",451.4,2,gau2112
5670,16706516,"Mohit Khade13","2026-08-26 16:03:22",451.4,2,mohitkhade13
5671,16759916,"Jeevith G","2026-08-23 06:58:50",451.3,2,jeevithg090
5672,16749503,ally,"2026-08-23 11:48:49",451.3,2,phamngoclinh
5673,16806541,hidenov,"2026-09-03 03:57:00",451.0,1,hidenov
5674,16809943,"A Rook","2026-09-02 18:39:08",450.8,2,rookcastle
5675,16716589,"Shaik Adilazeez","2026-08-13 09:29:44",450.6,1,shaikadilazeez
5676,16662964,"Tim Ogilvie","2026-08-13 13:18:59",450.6,2,timogilvie
5677,16732395,"Nikita Antonov","2026-08-23 08:33:03",450.4,2,nantonov
5678,16625418,"Hariprasanth Paranjothy","2026-08-01 05:52:19",450.2,2,hariprasanth8
5679,16657574,harikrishnacs,"2026-08-04 12:28:53",450.1,2,harikrishnacs
5680,16750435,"Oleksandr Zalievskyi","2026-08-23 18:34:59",450.0,2,sashaworker
5681,16719603,"sravan Tirumala","2026-08-14 03:05:43",450.0,1,sravantirumala
5682,16807380,"D × MirAI","2026-09-02 10:37:53",449.3,1,kmnkmn
5683,16811313,Ta_____ko,"2026-09-02 23:44:29",449.3,1,tako1249
5684,16774921,"conor lowth","2026-08-28 10:46:42",449.0,2,conorlowth
5685,16745655,巴啦啦能量,"2026-08-29 05:29:05",449.0,2,wsh10086
5686,16690197,"Ankit Kushwaha_06","2026-08-18 08:10:12",448.8,2,ankitkushwaha06
5687,16705640,"Dongre Laxman","2026-08-12 12:36:29",448.7,2,dongrelaxman
5688,16810408,"Bohdan Boklah","2026-09-02 21:19:21",448.7,1,bohdanbb2000
5689,16666944,"Meghnath S","2026-08-11 01:56:22",448.6,2,meghnaths
5690,16710244,Bytemindd,"2026-08-26 10:20:45",448.5,2,"daisy023,sruthikanv,thasneemj,uthayanandhini,vajraparameswari"
5691,16702935,"Defne Demir","2026-08-11 18:27:36",448.4,2,defnedemir
5692,16665988,"Ronel maamoc","2026-08-31 09:37:13",448.4,2,ronelmaamoc
5693,16711374,Jascha,"2026-08-13 11:22:30",448.3,2,lippja
5694,16678298,"RITIK CHAUDHRY","2026-08-10 13:34:35",448.3,2,ritikchaudhry13
5695,16714166,"Naman Malik","2026-09-03 01:42:06",447.8,2,"adenijielijah,anapau11,marydata,namanmalik81714"
5696,16774592,"Oliad Dandana","2026-08-27 09:28:20",447.8,2,olidan
5697,16655891,"Yukihito Ikoma","2026-08-27 03:55:41",447.8,2,yikoma
5698,16784400,K_DHEERAJ_11,"2026-08-31 02:58:38",447.7,2,kdheeraj11
5699,16775686,"Max Podd","2026-08-28 03:38:07",447.1,2,maxpodd
5700,16671773,"Sawyer Lundberg","2026-08-07 03:33:23",447.1,2,sawyerlundberg
5701,16685615,Spectra,"2026-08-07 16:14:32",447.0,2,thomaskressig
5702,16666596,"Daumas Benjamin","2026-08-22 14:46:02",447.0,2,daumasbenjamin
5703,16744018,"ZK Adam","2026-08-27 17:40:04",446.8,2,zkadam
5704,16730589,山谷知輝,"2026-09-02 02:03:05",445.9,2,tomokiyamaya
5705,16723301,mayukistarry,"2026-08-15 02:20:13",445.8,2,mayukistarry
5706,16780101,jjjhoon,"2026-08-28 04:04:26",445.7,2,jjjhoon
5707,16716299,Biwaaa67,"2026-08-13 19:57:06",445.6,1,biwaaa67
5708,16709337,"Chris Turnbull","2026-08-11 22:15:57",445.6,2,christurnbull
5709,16717912,"Anu Kumari","2026-08-13 18:03:07",445.5,1,anuk16020
5710,16630662,Akshatjhawar777,"2026-08-05 12:18:30",445.4,2,akshatjhawar777
5711,16811307,elmo,"2026-09-03 00:48:24",445.3,1,mktakizawa
5712,16726569,"Andrey Balvaneda","2026-08-17 20:59:45",445.2,2,andreybalvaneda
5713,16689970,"Константин Паращук","2026-08-08 09:15:08",445.1,1,kangchenxi
5714,16689286,"Telman Yusifov","2026-08-09 07:08:46",445.1,2,yusifovtelman
5715,16654947,"Ömer Hüseynov","2026-08-08 22:06:03",445.0,2,omarhuseynov
5716,16661751,"Shailaja J","2026-08-12 14:51:15",445.0,1,shailajaj
5717,16738335,"Xuzhou Dong","2026-08-20 14:39:16",444.8,2,xuzhoudong
5718,16658286,"Jatin Gujarathi","2026-09-02 06:58:27",444.7,1,jatingujarathi
5719,16699436,"Oluwaseun O Adeya","2026-08-23 01:22:24",444.6,2,oluwaseunoadeya
5720,16715404,"karthik reddy","2026-09-03 04:45:35",444.6,2,karthikreddyp
5721,16708896,"Alberto Scinetti","2026-08-13 19:18:11",444.5,2,albertoscinetti
5722,16691891,"Gagan Thakur","2026-08-16 04:36:51",444.5,2,gaganthakur2006
5723,16662646,"Jay Parsana","2026-08-09 18:07:10",444.2,2,jay051
5724,16758681,"Sahil suman","2026-08-26 16:26:13",444.1,2,gruntingtorch
5725,16780915,"Aravind S","2026-08-29 18:04:47",444.0,2,aravind20061981
5726,16655316,Nader,"2026-08-10 14:49:21",443.9,2,naderamin
5727,16701885,"Mehdi L.","2026-08-13 13:41:14",443.8,2,lmehdi
5728,16672687,Liz,"2026-08-16 01:52:34",443.7,2,lizgarcia3
5729,16664514,"Henry Adjanor tetteh","2026-08-12 00:43:41",443.6,2,henryadjanortetteh
5730,16710459,Nironiro,"2026-09-02 14:17:07",443.5,2,nironiro
5731,16742009,"Mutyam kavyanjali","2026-08-19 10:25:06",443.3,1,mutyamkavyanjali
5732,16669229,"Kayvan Sinha","2026-08-11 15:23:35",443.1,2,kayvansinha
5733,16777871,嵇禄lugent,"2026-09-01 00:00:35",443.1,2,lugent
5734,16666958,TinkerBotics,"2026-08-05 20:29:19",443.0,2,salosojaedwin
5735,16750743,"Nagimov Timur","2026-08-20 21:10:30",443.0,2,nagimovtimur
5736,16686954,"Davie Mdumuka","2026-08-09 19:40:56",442.9,1,daviemdumuka
5737,16738441,"Moritz Huber","2026-08-30 21:00:10",442.9,2,moritzhuber
5738,16624935,"Anjana mohan","2026-08-01 06:06:39",442.8,2,anjanamohan13
5739,16714425,sileza,"2026-08-13 12:57:35",442.7,1,azelis
5740,16732041,"Vallapu Nandini","2026-08-17 10:22:47",442.7,1,nandinivallapu
5741,16678819,"Digant Kathiriya","2026-08-07 02:07:51",442.7,2,digantkathiriya
5742,16661990,"Olaoluwa Abiodun","2026-08-05 14:57:07",442.6,2,laoluwaa
5743,16656951,"[Deleted] 6015b650-8e16-4705-8036-db40bdd2d353","2026-08-04 09:08:05",442.5,1,del=084ea76838ad756b
5744,16701064,KMishra011,"2026-08-20 20:30:34",442.2,2,kmishra011
5745,16716702,"majjati khalid ","2026-08-19 14:12:32",441.8,2,khalidma
5746,16712633,"Andy Andy","2026-08-13 08:11:38",441.7,2,andy3373
5747,16786280,Shambhavi21,"2026-08-29 14:43:11",441.6,2,shambhavi21
5748,16723614,"James Atteh","2026-08-15 19:34:17",441.4,2,jamesatteh
5749,16635421,"Lennart Haupts","2026-09-03 04:37:57",441.4,2,lennarthaupts
5750,16662162,"THE predict","2026-08-13 21:18:25",441.3,2,vikaspal505
5751,16653006,"anthony mbadiwe ikeme","2026-08-18 09:08:02",441.2,2,anthonymbadiweikeme
5752,16667987,"Kunj Kansara","2026-08-05 13:41:26",441.1,1,kunjkansara
5753,16663055,jainish_d24ce180,"2026-08-10 13:54:40",440.9,2,jainishshah35
5754,16786450,fujii,"2026-09-03 02:59:42",440.8,2,kojisoemi
5755,16704924,jdx,"2026-09-02 21:02:55",440.7,2,jdsemrau
5756,16693092,"Andrei Dzis","2026-08-10 18:28:15",440.3,2,dzisandy
5757,16664064,lookapmaka,"2026-08-10 17:19:05",440.2,2,lookapmaka
5758,16660852,"K VISHALINI","2026-08-13 06:59:27",440.0,2,kvishalini
5759,16670257,RonitKhanna333,"2026-08-12 12:22:11",439.9,2,ronitkhanna333
5760,16660929,ttkk,"2026-08-12 16:39:58",439.8,1,optimavia
5761,16654258,"Ashray Bagde","2026-08-13 08:13:00",439.7,2,ashrayaaaaa
5762,16793340,bee_lx_xl,"2026-08-31 05:28:17",439.7,2,beelxxl
5763,16689344,"Shalini Gangrade","2026-08-09 13:17:30",439.6,2,shalinig1
5764,16664450,"Fritz Adelbertus","2026-08-10 01:13:44",439.6,1,fritzadelbertus
5765,16686411,NeoCodes.Dev,"2026-08-23 23:53:10",439.2,2,neocodesdev
5766,16700207,"S. Mujtaba Hussain","2026-08-28 05:48:15",439.1,2,smujtabahussain
5767,16706257,dlv,"2026-08-13 11:11:14",439.1,2,ducott1
5768,16671670,"Karla Ziegler","2026-08-08 21:14:37",438.9,2,karlaziegler
5769,16776777,cerceanit,"2026-08-29 14:51:48",438.8,1,uaisamangeldi
5770,16656608,"Jeffrey Dilley","2026-08-04 15:40:08",438.7,1,jeffreydilley
5771,16726052,"Peter Mugoya","2026-08-27 04:32:50",438.6,2,petermugoya
5772,16729351,vlad.shorodok,"2026-08-16 18:05:09",438.0,2,vladshorodok
5773,16624879,indira,"2026-07-31 06:52:02",437.9,2,inansia
5774,16668523,Bumblerrr,"2026-08-06 19:46:02",437.9,2,bumblerrr
5775,16747544,OliverYip,"2026-08-25 06:01:07",437.8,2,oliveryip
5776,16658367,"Prachii Sonii","2026-08-31 17:28:45",437.7,2,prachiisonii
5777,16660287,BhatNasir,"2026-08-04 16:29:18",437.3,2,nasir94
5778,16772511,"Max Gläser","2026-08-26 23:39:34",437.3,1,maxglser
5779,16701713,"Максим Хованский","2026-08-10 14:35:38",437.3,1,yeezynaizi
5780,16666216,missss,"2026-08-06 06:49:00",437.1,2,missssb
5781,16662081,Ayush_Bhaskar_25323010,"2026-08-08 19:49:56",437.0,2,ayushbhaskar25323010
5782,16725349,"Saj Patel","2026-08-15 21:55:42",436.9,2,sajpatel15
5783,16669346,"Jalpesh Vasa","2026-09-02 10:58:59",436.8,2,"deep1812,jalpeshvasa"
5784,16806328,"Takamichi Toda","2026-09-03 02:44:28",436.6,2,takamichitoda
5785,16785352,"joão Vitor","2026-08-29 22:34:54",436.4,2,jaov30718
5786,16765310,"Aria Muse","2026-09-03 03:04:29",436.2,2,ariamuse
5787,16690299,"EL GORRIM MOHAMED","2026-09-01 10:59:10",435.9,2,elgorrimmohamed
5788,16793913,"Vrushal Patil","2026-09-01 07:09:59",435.9,2,vrushalpatil
5789,16670475,Adib,"2026-08-06 02:02:27",435.8,2,adibemohamed
5790,16675900,"Pranav Advani","2026-08-23 14:43:09",435.5,2,pranavadvani
5791,16623678,Mahog,"2026-08-25 02:11:34",435.4,2,mahoganybuttstrings
5792,16732352,ORiginators,"2026-08-26 06:21:11",435.3,2,"sachinpandey721,sunritpal"
5793,16738298,tomo0608,"2026-08-19 13:33:07",434.7,2,tomo0608
5794,16802341,"Yousef Turk","2026-09-02 06:31:13",434.2,2,yousefturk
5795,16663259,erush,"2026-09-02 00:38:53",433.7,1,erushia
5796,16689349,"Adunola Abdulrahman","2026-08-10 17:38:47",433.6,2,adunolaabdulrahman
5797,16715416,"Md. Adnan","2026-08-31 06:31:42",433.6,2,mdadnan96
5798,16696384,Sisu16,"2026-08-13 20:13:27",433.3,2,sisu16
5799,16669516,GorgeousCookie,"2026-08-06 09:17:13",433.3,2,axellindqvist
5800,16691753,"Jan Moilanen","2026-08-09 12:02:17",433.3,2,janmoilanen
5801,16658304,"KETHAVATH Aadarsh","2026-08-05 21:00:45",433.1,2,kethavathaadarsh
5802,16663286,"Fan Wang","2026-08-10 21:12:40",433.1,2,wangfan420
5803,16747683,"Jianyu Lin","2026-08-27 13:05:05",432.9,1,jianyulin1999
5804,16674278,"Niels de Gier","2026-08-07 15:57:04",432.9,2,nielsdegier
5805,16666334,UnderBlade,"2026-08-05 09:56:11",432.8,2,"athillazaidan,kurtmikhael"
5806,16743191,"Ryoya Kochiyma","2026-08-19 13:32:11",432.7,1,"kazutotakekuma,ryoyakochiyma"
5807,16658219,"Deepesh Pankaj","2026-08-15 05:58:07",432.5,2,deepeshpankaj
5808,16628404,theken,"2026-08-09 12:19:19",432.0,2,theken
5809,16773264,LA28,"2026-09-02 22:04:42",431.8,2,saisreelasyaappali
5810,16668673,"kyran sinha","2026-08-14 14:21:34",431.4,2,kyransinha
5811,16723045,"Albert Einstein F Muritiba","2026-08-21 02:27:16",431.3,2,spideryzarc
5812,16638383,"Yunus Emre Sarıduman","2026-08-12 12:57:08",430.9,2,emresariduman
5813,16640394,"MOHAMMADJAFAR ZAMANI","2026-09-03 01:49:03",430.9,2,mohammadjafarzamani
5814,16751796,"Leo Pallorina","2026-08-23 14:06:17",430.8,2,lelelsp
5815,16653728,"Iswar Patra","2026-09-01 02:46:09",430.7,2,iswarpatra
5816,16690029,Nitesh_Prajapati2569,"2026-08-18 08:12:30",430.3,2,niteshprajapati2569
5817,16733318,"Anuj Bolewar","2026-08-18 11:11:01",430.1,2,anujbolewar
5818,16660228,"Ochuwa Pearl Isa","2026-08-06 09:29:36",430.0,2,pearlisa
5819,16729669,HYPEREUCLIDEAN,"2026-08-19 07:47:48",429.9,2,hypereuclidean
5820,16792013,"Alec Polansky","2026-09-01 16:30:31",429.7,1,alecpolansky
5821,16656860,SamReiswig,"2026-09-02 04:04:09",429.6,1,sreiswig
5822,16671512,"Darren Grendi","2026-08-10 00:38:51",429.5,1,darrengrendi
5823,16658960,"Amit Kumar","2026-08-06 05:44:30",429.1,2,anmitkumar
5824,16792685,李明,"2026-08-31 00:46:42",429.0,2,liming2026good
5825,16659720,Project_Kurukshetra,"2026-08-16 05:01:34",429.0,2,"chaitanyaterli05,lavanyayandapalli"
5826,16663981,"Steven Pun","2026-08-07 01:59:52",429.0,2,stevenpunn
5827,16622809,"German Vdovin","2026-08-03 00:38:01",428.8,2,ertrerhtytmnbdsefdw
5828,16720696,Ankit0017,"2026-08-14 10:16:58",428.4,2,ankit0017
5829,16693098,broken_gpu,"2026-08-30 10:07:27",428.3,2,brokengpu
5830,16722757,"Sebastian Adamatzky","2026-08-14 19:10:23",428.2,2,sebastianadamatzky
5831,16684225,"Aum Savaliya","2026-08-10 20:10:02",428.2,2,aumsavaliya
5832,16668431,"Harshpreet Singh #2","2026-08-06 01:06:28",428.2,1,harshpreetsingh45
5833,16670565,"Grant Biellak","2026-08-05 22:52:01",427.5,2,grantbiellak
5834,16658227,Gugu888,"2026-08-14 04:27:57",427.5,2,gugu888
5835,16732156,"Samvel Kocharyan","2026-08-17 18:45:53",427.4,2,samvelkoch
5836,16811013,"Sara Vahidestakhri","2026-09-03 00:32:07",427.3,1,saravahidestakhri
5837,16670188,orivael,"2026-08-05 21:20:17",426.9,2,orivael
5838,16768884,z y f 007,"2026-08-31 05:39:35",426.9,2,zyf007
5839,16628521,arai9953,"2026-08-24 22:46:57",426.8,2,arai9953
5840,16712796,"Kumar Saurabh","2026-08-25 12:34:20",426.5,2,bakakaka
5841,16790615,"Suryansh Vashisth","2026-08-31 10:38:54",426.5,2,songoku2005
5842,16707987,"Big Balls Entertainment","2026-08-12 10:18:24",426.3,2,"pavivin,semenkolesnikov"
5843,16798974,huangbin,"2026-09-02 16:11:56",426.3,2,huangbin1
5844,16623054,"Max Bond ABE","2026-08-15 22:43:34",426.0,1,maxbondabe
5845,16752444,zama,"2026-08-25 04:31:12",425.6,2,zamami
5846,16727022,Saharkh99,"2026-09-01 00:18:26",425.6,2,saharkh99
5847,16666257,"Shijian Wen","2026-08-06 09:40:44",425.4,2,shijianwen
5848,16785932,"Thomas Yi","2026-09-02 19:24:18",425.3,1,tyyslashd
5849,16640067,"minghao mei","2026-08-02 09:57:29",425.3,1,minghaomei
5850,16690812,zhangkai_0121,"2026-08-09 01:40:21",425.3,2,zhangkai0121
5851,16629742,yun,"2026-08-15 09:10:21",425.0,2,yuyumarupython
5852,16710417,"Aryant Jadhav","2026-08-15 18:57:18",424.5,2,aryantjadhav
5853,16709179,"SATENDRA SINGH","2026-08-16 05:38:21",424.5,2,satendrasingh9876
5854,16715897,shettynaisha,"2026-09-02 18:06:02",424.4,2,shettynaisha
5855,16625770,"Đức Trung Trần","2026-08-24 11:01:33",424.2,2,ctrungtrn
5856,16779769,"Pravin jeyavel","2026-08-27 18:08:17",424.1,2,pravinjeyavel
5857,16660489,"Luca Lullo","2026-08-05 20:21:38",424.0,2,lucalullo
5858,16669102,Ritik,"2026-08-07 18:11:13",423.3,2,xritikx
5859,16664454,"Naga Vinay Avvaru","2026-08-05 07:04:44",423.2,2,anagavinay
5860,16665959,"Lourenz Baliber","2026-08-18 00:34:06",423.2,1,lourenz
5861,16655737,Dharshini,"2026-08-08 15:00:05",423.1,2,dharshini1812
5862,16723779,Matheubern,"2026-08-22 00:44:48",423.1,2,matheubern
5863,16663674,"Mason Mahar","2026-08-30 04:00:17",423.0,2,masonmahar
5864,16770758,"Maor talker","2026-08-26 20:18:59",423.0,2,maortalker20
5865,16716670,"Aremanda Yasaswini","2026-08-13 09:27:46",423.0,1,aremandayasaswini
5866,16638704,"Lee Yen Fei","2026-09-01 03:31:45",422.5,2,leeyenfei
5867,16803032,"varshitha kolupuri","2026-09-02 16:39:36",422.5,2,varshithakolupuri
5868,16684677,"Sean Southwick","2026-08-27 14:45:32",422.5,2,seansouthwick
5869,16692825,"Saad Arain","2026-08-09 12:27:08",422.4,2,saad451
5870,16808233,"Yash Hingane","2026-09-02 11:50:27",422.3,1,yashhingane
5871,16715912,"Hiroshi Sakiyama","2026-08-14 13:22:19",422.3,2,hiroshisakiyama
5872,16695177,"Ajith Bagali","2026-08-15 12:23:37",422.1,2,ajithbagali
5873,16716585,"tejaswini kakollu","2026-08-13 09:12:37",422.0,1,tejaswinikakollu
5874,16735580,"Dhiya Nachimuthu","2026-08-30 06:13:38",422.0,2,dhiyanachimuthu
5875,16764608,messibeatgravity,"2026-08-24 05:34:05",421.9,1,messibeatgravity
5876,16705696,"TS Farmer","2026-08-13 11:22:09",421.8,2,"shivangkainth,tusharsekhri27"
5877,16662791,"Shiva Neshan yuva","2026-08-15 18:39:16",421.6,2,shivaneshanyuva
5878,16793465,"Gajala, CEO Sonic Sols","2026-09-01 22:32:05",421.5,2,rishitreddypalle
5879,16702771,n_samii,"2026-08-14 01:20:08",421.4,2,nsamii
5880,16740197,Winssk,"2026-08-27 01:55:06",421.3,2,winssk
5881,16794285,Penelope.pnlp,"2026-09-01 15:38:43",421.2,2,penelopepnlp
5882,16639727,"Andres Mohali","2026-08-13 23:03:25",421.1,2,mohax3
5883,16677804,"Pravin Takpire","2026-08-11 08:17:51",421.1,2,pravintakpire
5884,16691565,"Blu cky","2026-08-09 19:13:27",421.0,2,llmdablucky
5885,16669123,"Alex #2","2026-08-06 22:50:30",420.9,2,alxdfy
5886,16659018,"Ramziddin Toxirov","2026-08-11 04:58:03",420.7,2,ramziddintoxirov
5887,16658512,fatariq,"2026-08-10 21:18:35",420.7,2,fatariq
5888,16773043,"Durra Handri","2026-09-03 00:56:35",420.4,2,durrahandri
5889,16697627,abinandhan03,"2026-09-01 10:38:15",420.2,2,abinandhan03
5890,16758663,"Light In","2026-08-22 19:18:51",420.2,2,lightin45
5891,16679850,AryaGarg23,"2026-08-09 03:33:14",420.1,2,aryagarg23
5892,16786264,"THISHA S","2026-08-31 22:19:43",420.1,1,thishas
5893,16685412,Praveen8775,"2026-08-25 20:24:00",420.1,2,praveen8775
5894,16643278,"Giovani Moresco","2026-08-06 05:30:45",420.1,2,giovanimoresco
5895,16723569,"Trishanth Mellimi","2026-08-15 07:09:55",420.0,2,trishanthmellimi
5896,16656932,"Thivvin Raj","2026-08-13 03:53:35",419.6,2,thivvinraj
5897,16716594,"U Anand Williams","2026-08-13 09:19:09",419.6,1,uanandwilliams
5898,16657438,"Udit Aggarwal1","2026-08-08 19:09:27",419.5,2,uditaggarwal1
5899,16773858,"Kundan Kumar","2026-09-02 09:29:52",419.5,2,edkundan
5900,16796102,yiliang,"2026-08-31 12:55:20",419.4,2,yilianglv
5901,16806809,air,"2026-09-02 10:45:40",419.3,1,air041001
5902,16666218,"sugan Chandrasekar","2026-08-16 11:02:09",419.2,2,suganchandrasekar
5903,16677761,"Rithuraj Nambiar","2026-08-06 18:11:41",418.5,2,rithurajnambiar
5904,16678633,"Tanishq Tayade","2026-08-11 10:29:59",418.4,1,tanishqtayade
5905,16681188,"Tresor Mufalme.","2026-08-08 09:29:05",418.3,2,tresormufalme
5906,16763938,"joel paul","2026-08-26 02:05:07",418.2,2,joelpaulf
5907,16668268,"Kunal Rout","2026-08-06 05:48:25",418.2,2,charlotte26
5908,16661068,ZeViX,"2026-09-02 08:24:10",418.1,2,"codinggeek101,vedantkhete"
5909,16768466,BenJung,"2026-08-31 16:16:04",418.0,1,"benjung2512,hyeonglvl,hyeonho028,limjoonsoo"
5910,16673310,dffzno1,"2026-08-14 01:44:55",417.7,2,joyzip
5911,16685207,"Koushik Thummu","2026-08-07 18:15:47",417.6,2,koushikthummu
5912,16674012,ahankesumah,"2026-08-16 07:34:05",417.5,2,ahankesumah
5913,16793944,"Grupo 808","2026-08-30 22:36:59",416.8,1,grupo808
5914,16661891,BALLEN1337,"2026-08-04 19:22:30",416.6,2,ballen1337
5915,16726381,"Adriana Redondo","2026-08-15 19:39:41",415.8,1,adrianaredondo
5916,16758093,_student,"2026-08-23 22:21:25",415.5,2,drvtalan
5917,16758192,"Dev Monk","2026-08-29 14:03:22",415.1,2,devmonk63
5918,16741746,"Ahmed Harfoush","2026-08-19 09:47:45",414.4,1,ahmed1harfoush
5919,16717797,"patan hashmi","2026-08-13 15:02:52",414.3,1,patanhashmi
5920,16795677,"Carol bright","2026-08-31 09:30:28",414.1,2,carolbright
5921,16665400,FieldOps,"2026-08-10 16:16:03",413.9,2,sycpr1me
5922,16731108,"Vipparla Nandini","2026-08-17 06:29:48",413.7,1,vipparlanandini
5923,16717522,kyunyoung,"2026-08-14 07:16:00",413.5,2,kyunyoung
5924,16716649,"Meghana Busse","2026-08-13 09:33:08",413.3,1,meghanabusse
5925,16727326,AhmedMousaHassan2510,"2026-08-17 12:56:01",413.1,2,ahmedmousahassan2510
5926,16770270,"salthiel nishimwe","2026-08-25 10:45:23",413.1,2,salthielnishimwe
5927,16762154,lli,"2026-08-24 14:40:36",413.0,2,colesuoseue
5928,16665449,AgroVisionAI,"2026-08-11 19:52:49",413.0,2,"aishwaryvarshney,bhuppisharma,kirtisharmaphd,pragyasingh59,priyasingh0590"
5929,16733007,"Not Found","2026-08-17 16:32:16",413.0,4,"ammarkhan05,zainabirfanansari"
5930,16692710,"Baran Haydar","2026-08-12 06:56:50",412.9,2,baranhaydar
5931,16761784,"Ghaith Kammoun","2026-08-24 21:19:54",412.9,2,ghaithkammoun
5932,16656946,"Sambit Padhan","2026-08-05 10:10:10",412.4,2,sambitpadhan
5933,16805906,FENGYESHAN,"2026-09-02 01:33:25",412.2,2,fengyeshan
5934,16662267,"Fahim Montasir","2026-08-10 16:15:10",412.1,2,fahimmontasir
5935,16662690,"Pablo Gomez Perez","2026-08-18 06:54:09",412.1,2,pablogp
5936,16675324,"Attempt Seven","2026-08-10 10:13:50",411.9,2,attemptseven
5937,16731616,"Mohamed Aashik 24","2026-08-22 17:29:39",411.7,2,mohamedaashik24
5938,16802580,WarlockCode,"2026-09-02 19:26:44",411.7,2,maktub83
5939,16660294,"Mohamed Amadu Bangura","2026-08-04 16:14:07",411.7,1,mohamedamadubangura
5940,16809122,"federico battello","2026-09-02 14:10:53",411.6,2,federicobattello
5941,16676726,"Manaswi Bansal","2026-08-16 06:28:05",411.4,2,manaswibansal
5942,16655257,"Afia Animah Fosu","2026-08-04 18:21:50",411.1,2,afiaanimahfosu
5943,16634720,Thiyo,"2026-08-18 11:51:04",411.0,2,thimirajayasekara
5944,16691027,"Jelle Maas","2026-08-08 14:58:19",410.8,2,jellemaas
5945,16669176,"Karakam Sridevi","2026-08-11 07:44:48",410.6,2,karakamsridevi
5946,16726616,9Hash,"2026-08-19 19:08:01",410.6,2,hashimrazi
5947,16739447,"Jacob Stambaugh","2026-08-19 17:53:29",410.5,2,jacobstambaugh
5948,16727480,MSAM,"2026-08-31 12:48:11",410.5,2,arashdeepsinghmaan
5949,16638938,Light&Thunder,"2026-08-09 06:39:19",410.3,2,yerne39
5950,16729708,msmsuman,"2026-08-31 12:42:11",410.2,2,msmsumanmuskan
5951,16716488,"Will Henderson290","2026-08-14 13:27:25",410.1,1,willhenderson290
5952,16667177,"Raunak Phull","2026-08-10 11:14:44",409.8,2,raunakphull4
5953,16677747,"Yuvraj Bhatt","2026-08-10 08:38:11",409.6,2,bhattyuvraj22
5954,16743015,"Sword's Frost","2026-09-03 03:16:42",409.6,2,alexwilliam7
5955,16662854,"NISCHAY SANJAY JIWANKAR 23115098","2026-08-13 05:38:18",409.6,2,nischay2908
5956,16658519,"David kinyanjui","2026-08-31 07:10:00",409.5,2,davidkinyanjui
5957,16716713,"T Vamsi Krishna","2026-08-13 09:37:43",409.3,1,vamsee3763
5958,16690077,"GOMATHI PRIYA","2026-08-13 06:38:45",409.3,2,gomathipriyaraj22
5959,16658882,"toukali samir","2026-08-07 13:43:05",408.9,2,toukalisamir
5960,16784030,"Pooja Gera","2026-09-02 15:10:47",408.4,2,poojagera00
5961,16679096,WilliamXylean,"2026-08-31 03:34:39",408.2,2,williamxylean
5962,16637762,"Greek olive oil","2026-08-09 19:56:48",408.0,2,alexanderchar
5963,16773370,"Nishant #1","2026-08-26 06:11:42",407.9,1,nishanttomar110
5964,16668141,"Soichiro Mochizuki","2026-08-07 22:13:36",407.8,2,soichiromochizuki
5965,16673167,Karam96,"2026-08-08 11:40:36",407.7,2,karam96
5966,16685625,"silvan ion","2026-08-08 13:05:39",407.7,2,john1one
5967,16668159,ABDELGHANY,"2026-08-12 11:04:36",407.5,2,abdelghanyrageh
5968,16810499,佐藤滉太,"2026-09-02 21:55:37",407.1,2,s1300200
5969,16638343,"Phong Khoi","2026-08-04 12:20:52",406.8,2,phongkhoi
5970,16666577,"Jatin khandelwal112","2026-08-05 11:26:41",406.8,2,jatinkhandelwal112
5971,16802028,Dong,"2026-09-03 04:31:20",406.8,2,protostar
5972,16707951,K_ChanHo,"2026-09-02 12:44:03",406.8,2,kchanho
5973,16676327,shu10038,"2026-09-02 12:14:33",406.8,2,shu10038
5974,16662094,"moncef elm","2026-08-11 04:34:28",406.6,2,moncefelm
5975,16721948,ziszim,"2026-08-26 14:38:30",406.4,2,ziszim
5976,16668286,"Sabari V","2026-08-15 14:38:41",406.1,2,sabari112005
5977,16757338,Dewakaran,"2026-08-22 05:34:35",406.0,1,dewakaran
5978,16721529,"Danny De Bree","2026-08-20 09:46:36",405.9,1,dannydebree
5979,16757236,"Erlanda Miko P","2026-08-23 07:02:01",405.9,2,snneva
5980,16659394,"יוסף בש","2026-08-09 15:11:23",405.9,2,josiii123212
5981,16759765,"Ososanwo Idris Olaitan","2026-08-29 11:02:33",405.9,2,ososanwoidrisolaitan
5982,16689718,HumsAuraTech,"2026-08-21 17:11:42",405.8,2,humaima03
5983,16674367,"zongze Yan","2026-08-19 15:23:21",405.5,2,aaayan
5984,16634219,"Michael J Hammel","2026-08-01 11:37:10",405.5,2,michaeljhammel
5985,16811496,"Maria Shatrova","2026-09-03 05:26:10",405.5,2,mariashatrova
5986,16701060,"Paula Jimenez","2026-08-22 16:18:37",405.5,2,paulajimenez
5987,16656135,"JAYASURYA R","2026-08-05 15:43:01",405.4,2,suryar261
5988,16735593,"timur tytrin","2026-08-18 07:37:46",405.4,2,timurtiutrin
5989,16755264,wsdsby,"2026-08-21 15:16:42",405.1,2,wsdsby
5990,16658817,"Andrew Glez","2026-08-04 12:10:17",404.9,1,andgos
5991,16783322,kentaro,"2026-08-29 03:55:45",404.8,2,kentarokujo
5992,16675093,"Nikhil Srivastava","2026-08-15 08:47:12",404.8,2,nikhilsrivastavark
5993,16770085,AllenCheng329,"2026-08-25 10:05:43",404.6,1,allencheng329
5994,16662197,"Zehra Basaral","2026-08-07 10:42:57",404.5,2,zehrabaaral
5995,16715097,"Yusuf Yavuz","2026-08-13 00:25:40",404.2,1,yusufyavuzz
5996,16732936,"Kateryna Dudko","2026-08-25 12:15:40",404.1,2,dudkiina
5997,16800950,"Mani Kanta Kalluru","2026-09-02 11:50:46",404.0,2,manikantakalluru
5998,16709754,"Simon Preuss","2026-08-12 16:39:55",403.8,2,simonpreuss01
5999,16666924,esis_ai,"2026-09-01 03:11:15",403.8,2,alexesn
6000,16630772,"Mitsuhiro Iizuka","2026-08-04 10:31:00",403.7,2,mitsuhiroiizuka
6001,16668592,"Ashutosh jatav","2026-08-09 13:34:45",403.6,2,ghost1412
6002,16695592,"André Luiz Pedroso","2026-08-09 11:59:19",403.6,1,andreluizpedroso
6003,16673328,"Preetham Prasanna","2026-08-31 09:03:53",403.3,2,preethamprasanna
6004,16656023,JD_Mello,"2026-08-30 03:52:27",403.3,2,jdmello
6005,16663990,"OURNO PAPA SALIF","2026-08-07 23:18:43",403.2,2,belfiremine
6006,16771187,FernandoRB,"2026-08-26 15:53:49",403.2,2,fernandorb
6007,16700876,"Oyegoke Emmanuel","2026-09-02 21:14:00",403.2,2,oyegokeemmanuel
6008,16730191,rRTZZZ,"2026-08-17 02:43:14",403.1,2,rrtzzz
6009,16685164,cleanledger,"2026-08-07 13:38:23",402.9,2,cleanledger
6010,16774700,たたたた,"2026-09-02 11:07:01",402.6,2,tatatata1111
6011,16690947,"Veiled Star","2026-08-10 13:36:49",402.5,2,veiledstar
6012,16794153,"harshita harshita","2026-08-31 17:47:11",402.3,2,harshitaharshitaaaa
6013,16710241,"Julien Serbanescu","2026-08-12 14:32:50",402.0,2,julienserbanescu
6014,16641665,huangjunjia,"2026-08-04 14:12:26",402.0,2,huangjunjia777
6015,16723047,"Matheus Finger","2026-08-28 19:02:12",401.9,2,matheusfinger
6016,16729157,HahaTaco,"2026-08-16 16:55:03",401.8,2,hahataco
6017,16717679,mureee,"2026-09-01 09:37:43",401.7,2,"hosyan3279,mureee54"
6018,16765863,MADUPU.SRINIDHI,"2026-08-24 10:43:10",401.7,1,madupusrinidhi
6019,16677950,"Rounak Laddha","2026-08-15 01:47:41",401.6,1,rounakladdha
6020,16656480,"Dip Biswas","2026-08-07 04:35:56",400.9,2,dipjacobiswas
6021,16667105,"Vikram Tiwari","2026-08-10 11:12:26",400.9,2,vikramtiwari
6022,16664044,IntentionalSayshara,"2026-08-30 22:23:18",399.9,2,jaelle
6023,16657883,jps,"2026-08-06 08:36:04",399.9,2,jahaziel
6024,16771216,"Hugo Ponce","2026-08-25 17:54:30",399.9,2,hugoskn
6025,16758987,"Irtaza Ahmed Khan","2026-09-02 19:31:56",399.9,2,yrrebeere
6026,16730060,"Enzo Pio","2026-08-21 16:44:03",399.8,2,enzopio
6027,16652422,Kite,"2026-08-17 16:26:55",399.8,1,kiteyinlong
6028,16662589,"Arunagirinadan Sudharshan","2026-09-01 20:38:47",399.6,2,sudhanaruna
6029,16770232,MinhTran2346,"2026-08-27 19:46:30",399.5,2,minhtran2346
6030,16654808,Vishwajeet-maker,"2026-08-17 21:17:02",399.5,1,vishwajeetmaker
6031,16763523,"Nam Khánh Lê","2026-09-02 06:28:44",399.4,2,"khanhss,khimbodoi"
6032,16634352,"sovit karki","2026-08-12 17:21:13",399.3,2,sovitkarki
6033,16777666,Lithops1112,"2026-08-31 08:25:07",399.3,2,lithops1112
6034,16809136,"Xander Lee","2026-09-03 01:49:34",399.3,2,xndlee
6035,16671714,"Donnell Layne","2026-08-07 15:40:35",399.2,2,jupiter1127
6036,16661095,"AAYUSHMAAN PATEL","2026-08-09 08:16:53",399.1,2,aayushmaanpatel
6037,16653105,James,"2026-08-17 16:52:18",398.9,2,jamesquirk
6038,16726769,"Ci Zhu","2026-08-16 07:03:55",398.8,2,zhuci1993
6039,16655689,花朝,"2026-08-05 04:10:02",398.8,2,xhxyyds
6040,16668091,Solidscripts.io,"2026-08-23 23:41:23",398.6,2,juancamera1
6041,16682108,"Shadow Monarch","2026-08-17 06:45:10",398.5,2,avinashk01
6042,16622097,"Garrick C.P.","2026-08-10 18:12:06",398.5,2,garrickchinnis
6043,16661476,slowpoke,"2026-08-29 16:33:07",398.5,2,banboyechristains
6044,16666275,HeatS33ker,"2026-08-15 14:37:36",398.4,2,byronokou
6045,16679392,Dickie,"2026-08-09 09:05:10",398.3,2,dickieho
6046,16716497,xpxg,"2026-08-16 17:04:22",398.1,2,deepxchat
6047,16704985,"Ethan Marchisano","2026-08-24 21:36:54",397.8,2,ethanmarchisano
6048,16673825,h_jun,"2026-08-10 06:21:12",397.4,1,lhjoon77
6049,16726441,Enrique.rfm,"2026-09-02 15:57:34",397.1,2,enriquerfm
6050,16709519,"p pxl16","2026-08-19 09:49:35",397.0,2,ppxl16
6051,16811454,"Zakaria Taouil","2026-09-03 00:57:08",396.9,1,ztaouil
6052,16715988,"Hsyn Kskn","2026-08-24 06:36:14",396.7,2,hsynkskn
6053,16660899,"Clarence Trinidad","2026-08-07 17:53:59",396.7,2,claree007
6054,16693147,"Oliver Curtis1","2026-08-09 14:51:57",396.7,2,olivercurtis1
6055,16660939,"Quenux Studio","2026-08-12 17:01:46",396.7,2,dieguis1976
6056,16745497,"Handsome Heretic","2026-08-21 19:14:30",396.6,2,handsomeheretic
6057,16675043,malibu_orange,"2026-08-21 01:09:01",396.6,2,malibuorange
6058,16742073,"nguyễn huệ anh","2026-09-02 14:02:16",396.6,2,akapatu
6059,16706898,Simiyon,"2026-09-01 18:14:14",396.6,2,blackscythe123
6060,16683087,qiuchenglong,"2026-08-07 09:25:48",396.2,2,qiuchenglong
6061,16755029,"Jashan Bajwa","2026-08-22 12:56:30",396.0,2,jashanbajwa
6062,16657063,"those how","2026-08-04 07:50:57",395.9,2,thosehow
6063,16786140,valgrinderror,"2026-08-31 15:33:36",395.8,1,valgrinderror
6064,16759115,chabinhwang,"2026-08-22 14:33:59",395.2,1,chabinhwang
6065,16654788,bumbum,"2026-08-14 12:59:51",395.1,2,krzysztoff1
6066,16702742,"Kavyanshu Singh","2026-08-11 10:47:02",395.0,2,kavyanshusingh
6067,16661002,"Eliyas sk","2026-09-02 12:32:51",394.8,2,eliyassk
6068,16686332,毛治钦,"2026-09-01 05:05:37",394.7,2,maozhiqinf
6069,16802866,"Antonio Di Cecco","2026-09-01 18:37:02",394.7,1,antdic
6070,16808433,thenokol,"2026-09-02 11:38:54",394.6,2,thenokol
6071,16663576,Yurnero,"2026-08-04 21:24:04",394.5,1,samson8
6072,16654213,"Hojin Jang","2026-08-20 09:59:20",394.4,2,hojinjang
6073,16654330,"Perumalla Pujitha","2026-08-12 18:09:24",394.2,2,perumallapoojitha
6074,16696800,"VEER GOMA","2026-08-14 15:42:47",394.1,2,novaxoxo
6075,16652230,BorisSpider,"2026-08-13 11:34:46",394.0,2,borisspider
6076,16779823,"Jean Dem","2026-08-31 12:38:41",393.9,2,jeandem
6077,16659410,TTH,"2026-08-07 08:21:16",393.9,2,tthungdz
6078,16706276,MitulbhBhatia,"2026-08-18 04:02:38",393.6,2,mitulbhbhatia
6079,16673009,CruelShow,"2026-08-21 20:00:15",393.6,2,cruelshow
6080,16723273,"Bradley ZODOME","2026-08-19 07:06:18",393.6,2,bradleyzodome
6081,16669218,"Shaik Sabiya","2026-08-12 09:15:22",393.5,2,shaiksabiya55
6082,16676063,"Kembang Melon","2026-08-29 11:59:17",393.1,2,wajawaja
6083,16696439,VaraPrabha,"2026-08-10 04:36:00",392.7,2,galiveetipoornima
6084,16660397,Divyansh82Raj,"2026-08-04 15:01:28",392.6,2,divyansh82raj
6085,16630007,"Yuankun Liu","2026-07-31 15:48:13",392.5,2,lyk1652
6086,16641330,"Takuya Yoshimi","2026-08-04 05:16:22",392.4,2,tkyysm
6087,16677470,"Saish Walavalkar02","2026-08-09 12:44:51",392.4,2,"harichaudhari1,kaiserjayin,meetramjiyani,nirbhaygajabi30,saishwalavalkar02"
6088,16722122,Abhas20,"2026-08-19 10:02:51",392.1,2,abhas20
6089,16653001,"Alexey Kuleshov","2026-08-04 12:07:51",391.8,2,alexkulll
6090,16682342,"Jebez Oswald","2026-08-10 05:38:15",391.7,2,jebezoswald
6091,16721675,stork8i,"2026-08-14 13:16:26",391.6,1,stork8i
6092,16779805,"Ákos Blaschek","2026-09-01 17:21:44",391.5,2,kosblaschek
6093,16656919,Sumaiya,"2026-08-28 17:38:53",391.4,2,ayeshasummaiyya
6094,16666997,"Krishnamurthy Venkatasubramanian","2026-08-05 15:09:46",391.4,2,krishnamurthyvenkat
6095,16696419,detectivseb,"2026-08-12 10:34:45",391.3,2,detectivseb
6096,16641140,NITISH_GOYAL1,"2026-08-27 06:42:29",391.1,2,nitishgoyal1
6097,16635130,Pongsaky,"2026-08-01 12:56:02",391.0,2,gantanch
6098,16695479,Anandhasabesan,"2026-08-09 13:50:37",390.7,1,anandhasabesan
6099,16623938,flashthunder,"2026-09-01 09:02:15",390.6,1,thunderflash
6100,16783740,ZiYiMing,"2026-08-29 09:26:43",390.5,2,ziyiming
6101,16738581,"mr moradi1","2026-08-18 14:31:26",390.5,1,mrmoradi1
6102,16628409,"yann sadowski","2026-07-31 09:39:25",390.4,1,yannsadowski
6103,16806206,"Yuan Yongth","2026-09-02 06:36:54",390.4,2,yuanyongth
6104,16668012,"Aleksander Iżemski","2026-08-05 20:52:54",390.1,2,aizemski
6105,16660369,"Dev MCP","2026-08-04 12:59:09",389.9,1,nishant2905
6106,16692427,"Infy ","2026-08-09 20:48:09",389.9,2,infydes
6107,16671519,"Mandhati Sai ganesh","2026-08-06 06:36:45",389.8,2,mandhatisaiganesh
6108,16785676,Bilal11122,"2026-08-29 08:15:46",389.8,1,bilal11122
6109,16639624,"Nishanth Rajan","2026-08-02 03:25:35",389.6,2,nishanthrajandev
6110,16687699,jegazhu,"2026-08-13 22:25:15",389.5,2,jegazhu
6111,16656190,"Akshaj Shandilya","2026-08-06 03:14:36",389.4,2,akshajshandilya
6112,16690098,"Akshay Kashyap","2026-08-10 17:10:28",389.1,2,akshaykashyapakku
6113,16661390,"Raúl García Gómez","2026-08-04 17:04:39",388.9,2,corso138
6114,16803726,Yaromir_Ko,"2026-09-02 19:07:16",388.8,1,ronanndex
6115,16784379,超级陆战队,"2026-08-29 14:43:33",388.7,2,luyi61227
6116,16646644,BeyondBirthday,"2026-08-09 06:39:01",388.5,2,near07
6117,16785821,"Naresh Meena","2026-08-28 21:24:31",388.5,1,nareshmeena12
6118,16662874,"Dev Shah","2026-08-08 01:52:52",388.3,2,imdevshah11
6119,16659312,qwertyDmitry,"2026-08-05 13:44:24",388.2,2,qwertydmitry
6120,16705300,T3485D5T,"2026-08-29 15:05:10",388.2,2,"danijelbilalli,t3485d5t"
6121,16661331,"John Wessel","2026-09-02 23:42:41",388.2,2,johnwessel
6122,16660980,"João Marcelo Curi","2026-08-05 18:31:19",387.9,2,joomarcelocuri
6123,16665460,"Shubham kumar jha","2026-08-23 07:36:36",387.6,2,shubhamjhakr
6124,16774954,Ye_xz233,"2026-08-26 15:35:23",387.6,2,yexz233
6125,16802598,zxcqqe,"2026-09-01 15:15:18",387.4,2,anonimniygeniy
6126,16691667,jeremyllll,"2026-08-12 03:30:26",387.0,2,jeremyllll
6127,16685649,YUYUTA,"2026-08-09 05:39:50",387.0,2,yuyuta
6128,16660246,taqnik,"2026-08-08 11:54:39",386.9,2,taqnik
6129,16670724,"Neel Patel","2026-08-14 19:33:43",386.8,2,n33lpat3l
6130,16624029,"Miguel Angel Rodriguez Fonseca","2026-08-07 03:55:38",386.7,2,miguelangelrodriguez
6131,16664617,BarkeviousBingo,"2026-08-19 04:34:59",386.4,2,barkeviousbingo
6132,16700360,"Thanush Soma","2026-08-10 09:49:02",385.7,2,thanushsoma
6133,16741512,Offenders,"2026-08-30 15:08:39",385.7,2,"karthicchockalingams,shakil2411,shehnaaz01"
6134,16633475,betagammashtrit,"2026-08-29 16:24:03",385.7,2,betagammashtrit
6135,16733886,LuisMV8,"2026-08-18 16:28:42",385.6,2,luismv8
6136,16783863,"Vivek Vardhan Reddy","2026-08-31 06:14:34",385.4,2,vivekvardhanreddy77
6137,16692906,CodeZee,"2026-08-09 19:50:49",385.4,2,codewithzaeem
6138,16649794,"Wanzhu Zhao","2026-08-04 13:04:05",385.2,2,wanzhuzhaora
6139,16794797,zzzyan10,"2026-09-03 02:16:36",385.2,1,zzzyan10
6140,16661551,SimonAx,"2026-08-10 09:41:59",385.2,2,simonaxel
6141,16802128,"vaman soni","2026-09-02 10:08:49",384.5,1,vamansoni
6142,16710564,"Clarice Harijanto","2026-08-14 04:28:13",384.1,2,clariceting
6143,16735966,kyone,"2026-08-18 08:09:32",384.0,1,xtraky
6144,16665980,cshara,"2026-08-06 08:41:16",384.0,2,cshara
6145,16659260,hitesh,"2026-08-05 19:29:28",383.9,2,shahhs
6146,16688364,"Om Raval08","2026-08-21 02:57:23",383.7,2,omraval08
6147,16681397,"Vishal Dubey","2026-08-11 08:51:13",383.5,2,visha1dubey
6148,16654688,"Terrell Millz","2026-08-10 16:08:33",383.4,2,terrellmillz
6149,16629476,NOOBS,"2026-08-09 19:58:48",383.3,2,"patelkrishna8,sakshamranawade,shravanideshpande25"
6150,16666590,"Hoàng Anh Tú","2026-08-12 23:59:58",383.2,2,anhtu9999
6151,16713366,BANKAI,"2026-08-16 15:24:28",383.1,2,igors97
6152,16680015,"Khôi Trương","2026-08-10 01:11:55",383.1,1,kiykhoi
6153,16778526,starkhushi,"2026-08-27 07:01:28",382.9,2,starkhushi
6154,16674725,"rajan jha","2026-08-13 12:05:42",382.8,2,rajan1673
6155,16728881,Ch.Manvita,"2026-08-16 16:33:52",382.5,2,chmanvita
6156,16628296,NoxMetenis,"2026-08-15 17:54:03",382.4,1,avasgaire
6157,16659688,Daniel,"2026-08-05 12:21:37",381.9,2,danielyazgi
6158,16735393,Dai_Research,"2026-08-18 10:40:17",381.9,2,dairesearch
6159,16624235,appu2431,"2026-08-11 15:56:41",381.8,2,appu2431
6160,16641294,YogeshG22,"2026-08-03 17:58:51",381.7,2,yogeshg22
6161,16655250,"Juan Pablo Ponce","2026-08-08 03:34:18",381.1,2,juanpabloponce28
6162,16662643,Mohit_Singh,"2026-08-29 18:21:55",381.1,2,mohitsingh955
6163,16656472,angusdddsa,"2026-08-04 06:04:22",381.0,2,angusdddsa
6164,16728261,"Smit Deshaval","2026-08-24 17:44:12",381.0,2,smitdeshaval11
6165,16660099,Desireog71,"2026-08-08 15:01:19",380.9,2,desireog71
6166,16640901,"Kian Maghsoodi","2026-08-20 23:01:51",380.8,2,kizmodo
6167,16661351,"Adekojo Adeyemi","2026-08-04 15:25:52",380.7,1,adekojoadeyemi
6168,16670600,"Leon Lum","2026-08-20 14:58:27",380.7,2,leonlum
6169,16690775,"Prasanna Raut","2026-08-08 20:41:38",380.4,2,prasannaraut
6170,16734096,"Cem Ali Görmez","2026-09-02 00:49:05",380.2,2,cemaligrmez
6171,16662428,"Sonu kumar","2026-08-24 05:18:49",379.6,2,sonukumar9142
6172,16658897,"Teja Pattem","2026-08-07 10:42:44",379.6,2,tejapattem
6173,16718662,Safin,"2026-08-22 17:50:27",379.4,2,safinlynx
6174,16668479,"Muneera Mahjabeen","2026-08-26 21:14:40",379.0,2,muneeramahjabeen
6175,16668340,"Sibi Vishnu","2026-08-08 10:35:33",378.9,2,sibivi
6176,16711573,"Sushmitha Vasantha","2026-08-13 09:08:29",378.9,1,sushmithavasantha
6177,16668471,Broomva,"2026-08-05 14:57:35",378.5,1,broomva
6178,16709165,"Yooraj Gole","2026-08-13 18:10:17",378.4,1,yoorajgole
6179,16636643,"Babul Kumar","2026-08-02 07:46:50",378.2,2,babulkumar07
6180,16683178,soulasin,"2026-08-07 14:32:26",378.2,2,soulasin
6181,16662856,"Pranjal Arya","2026-09-02 05:22:56",378.1,2,pranjalaryaa
6182,16734894,"MP Gamimg","2026-08-26 14:47:08",377.7,2,okadahiroshi
6183,16655652,Emergence,"2026-08-10 03:21:04",377.6,2,daylighth
6184,16743604,KeswaniRohit,"2026-08-22 17:19:18",377.5,2,keswanirohit
6185,16673152,"Arijit Raj","2026-08-06 08:23:14",377.5,2,arijitraj02
6186,16716322,zhaimh,"2026-08-14 02:43:21",377.4,2,zhaimh
6187,16661191,"Yudha Eka Saputra","2026-08-04 19:28:31",377.1,2,yudhaekasaputra
6188,16623739,SarsaShen,"2026-08-05 07:12:00",377.0,2,sarsashen
6189,16641606,"Tanisha Sahu","2026-08-02 14:39:27",376.8,2,tanisha3
6190,16658320,"Justin Eight","2026-08-27 07:29:52",376.7,2,justineight
6191,16659234,"MARY RAISA P","2026-08-27 07:06:43",376.6,2,"harinimala21,maryraisap,saha0102"
6192,16662967,"Amalio Gomez","2026-08-04 22:07:16",375.8,1,amaliogomez
6193,16721615,"Dai Dai","2026-08-24 16:43:19",375.7,2,jumpingdaidai
6194,16658011,"Arooba Hanif","2026-08-05 07:24:53",375.7,2,aroobahanif
6195,16678653,Wzjj98,"2026-08-06 19:31:39",375.4,1,wzjj98
6196,16732873,"Yash Rana","2026-08-18 04:57:04",375.2,2,yashrana24
6197,16711383,"Monika Kocianova","2026-08-14 11:01:11",375.0,2,monikakocianova
6198,16660436,turkenm,"2026-08-06 13:03:36",374.9,2,turkenm
6199,16658733,luoqiuy,"2026-08-04 10:46:04",374.8,2,luo912
6200,16780268,"SAI ESHWAR S","2026-08-29 06:26:11",374.8,1,saieshwars
6201,16655919,"Tạ Minh Lễ","2026-08-04 06:46:45",374.5,2,tminhl
6202,16750666,"Mitali Yadav","2026-09-03 04:21:03",374.5,2,mitaliyadav18
6203,16639067,"ToMY F.","2026-08-11 11:34:31",374.4,1,tomyfdev
6204,16665996,AVATAR3905,"2026-08-06 18:14:01",374.4,2,avatar3905
6205,16741982,barry_Paddi,"2026-08-27 07:10:52",374.0,2,barrypaddi
6206,16625011,"Heng Yu","2026-08-18 06:30:56",373.8,1,megalobox1
6207,16657687,"Siddardha Shayini","2026-08-04 14:23:48",373.8,2,siddardhashayini3
6208,16775010,"Alexey Kuznetsov","2026-08-27 13:49:22",373.4,2,legtarrr
6209,16752067,neuroxaker,"2026-08-22 14:50:32",373.2,2,neuroxaker
6210,16652805,"Rodrigo Batista da Silva","2026-08-13 13:35:19",373.0,2,eurodrigobatista
6211,16709299,"Divyanshu Choudhary","2026-09-02 20:11:42",372.8,2,divyanshuchoudhary25
6212,16688859,"Muhammad Fayaz Khan","2026-08-08 06:36:02",372.5,2,mfayazkhan
6213,16712257,Banarto,"2026-08-13 07:49:16",372.2,1,banarto
6214,16677732,"Alessandro Mermali","2026-08-06 20:52:35",372.1,2,alessandromermali
6215,16657142,"Vishisht Gupta","2026-08-16 16:16:54",371.9,2,vishishtgupta
6216,16735751,"Hasan Taşkın","2026-08-24 19:36:02",371.4,2,hasantaskin
6217,16674394,"Ishant Mittal","2026-08-08 09:24:57",371.4,2,ishantmittal95
6218,16731458,"Arthur Baygildin","2026-08-17 10:06:55",371.3,1,arthurbaygildin
6219,16732296,"duong nguyen","2026-08-20 14:51:38",371.2,1,duongnguyen161
6220,16683400,"wo zhe yi sheng ru lu bo bing","2026-08-10 16:53:48",371.1,2,"ivanlo103,panckck,waijai"
6221,16635243,MlMlDev34,"2026-08-01 11:26:52",371.1,2,mlmldev34
6222,16660531,greySnow,"2026-08-08 00:36:32",370.9,2,shlomoron
6223,16694264,"Vansh Visariya","2026-08-10 09:00:11",370.9,2,vanshvisariya
6224,16658319,"Huỳnh Nguyễn Trọng Tín","2026-08-06 06:23:40",370.5,2,tnhunhnguyntrng
6225,16670812,"Brian Toman","2026-08-09 15:56:22",370.4,2,briantoman
6226,16739702,"Vasantha Kumar552","2026-08-19 07:22:10",370.2,2,vasanthakumar552
6227,16690166,"Niteshwar Mishra","2026-08-08 10:02:22",370.2,2,niteshwarmishra
6228,16632841,AGG,"2026-09-02 12:52:29",370.1,2,aleixgim
6229,16661690,codefusiondu,"2026-08-06 04:53:25",369.9,2,codefusiondu
6230,16660568,Fascetta,"2026-08-07 20:48:53",369.9,2,fascetta
6231,16624102,Khadersha.sk,"2026-08-03 02:45:03",369.8,2,khadershask
6232,16710906,Krunal.ix,"2026-08-12 07:06:58",369.7,1,krunalix
6233,16664671,Acteus,"2026-08-06 00:01:12",369.6,2,acteus
6234,16624990,"Tanjim Ahmed Kingshu","2026-08-02 07:05:52",369.3,2,tanjimahmedkingshu
6235,16665907,"Jonathan Saina","2026-08-16 14:48:56",368.8,2,jonathansaina
6236,16659865,Rithikaaaaah,"2026-08-17 07:09:08",368.6,2,rithikaaaah
6237,16769110,tianlululing,"2026-08-26 13:09:45",368.4,2,tianlululing
6238,16633737,nrg,"2026-08-04 20:19:50",368.2,1,nargizaskarbekkyzy
6239,16667033,"Geethika Sandireddy","2026-08-15 07:04:31",368.2,2,geethikasandireddy
6240,16690183,ankit8924praj,"2026-08-14 15:43:56",368.1,2,ankit8924praj
6241,16666171,"JD Crew","2026-08-06 12:52:58",368.0,2,"abhijnanpodder,ahsafabid"
6242,16660996,"Thịnh Nguyễn Chí Tiến","2026-08-08 01:49:40",367.9,2,thnhnguynchtin
6243,16657056,"Jacob Ross Piedad","2026-08-06 12:15:14",367.6,1,jacobrosspiedad
6244,16762854,J8young,"2026-08-26 13:52:54",367.5,1,j8young
6245,16682262,"Pardeep Singh","2026-09-01 11:01:27",366.7,2,pardeep06
6246,16682632,Sebastiaan,"2026-08-27 18:24:40",366.5,2,sebastiaanreinders
6247,16656732,"Shivam Kashyap","2026-08-04 05:28:03",366.5,1,shiyan0090
6248,16662495,Earth,"2026-08-15 10:54:03",366.3,2,earthearth
6249,16785050,"MITHIL J URK26CS7067","2026-08-28 18:29:14",366.2,1,mithiljurk26cs7067
6250,16664469,"Thorlapati Nikhil","2026-08-11 19:11:09",366.1,2,thorlapatinikhil
6251,16688381,"Teresa Fitzgerald","2026-09-03 02:26:10",366.0,2,teresafitzgerald
6252,16727044,"Kai Leisten","2026-08-16 10:19:42",365.8,2,kaileisten
6253,16668453,"Kawish Hassan","2026-08-05 16:51:03",365.4,2,kawishhassan
6254,16810030,fukumayo,"2026-09-02 22:03:26",365.3,2,fukumayouta
6255,16646318,"I wanna Die","2026-08-18 18:28:29",365.3,2,chrisopherjoshy
6256,16689841,Pavani2325,"2026-08-08 10:00:56",365.3,2,pavani2325
6257,16657658,"Esther Usman","2026-08-25 23:45:50",365.2,2,estherusman
6258,16784712,SIDDpat,"2026-08-30 08:13:50",365.2,2,siddpat
6259,16670988,"Pavle Skoric","2026-08-21 21:34:32",365.0,1,pavleskoric
6260,16677312,"Kavuri Sravya","2026-08-19 02:33:01",365.0,2,kavurisravya
6261,16698591,FestusKipkoech,"2026-08-28 18:58:28",364.8,2,festuskipkoech
6262,16655446,"Ismael Omar Leonidas Hurtado Vargas","2026-08-04 00:07:01",364.2,1,ihurtadov
6263,16666056,"sarthak gupta1303","2026-08-05 11:01:04",364.2,2,"sarthakgupta1303,sathviktummalapenta"
6264,16669725,chosunghwan,"2026-08-06 03:52:24",364.1,1,chosunghwan
6265,16798347,"Mr Michael Chung","2026-09-03 02:16:59",363.9,2,mrmichaelchung
6266,16675048,Wizard_King,"2026-08-06 19:35:41",363.8,2,anshumanrayy
6267,16656143,"Debanshu Mallick","2026-08-07 05:27:56",363.7,1,debanshumallickiisc
6268,16698739,"Sahrul Adicandra","2026-08-11 04:06:08",363.6,2,sahruladicandra
6269,16758426,"Attique Ansari","2026-08-22 11:50:42",363.6,2,attiqueansari
6270,16777515,Abhimanyu21,"2026-08-27 13:33:38",363.3,2,abhimanyu21
6271,16765805,"sayyad karimun","2026-08-25 10:14:26",363.2,1,sayyadkarimun
6272,16623405,nbarlow,"2026-08-12 20:01:08",362.9,2,nickbarlow
6273,16659533,"Pavan Desai","2026-08-10 16:29:20",362.5,2,pavancdesai
6274,16668271,"Shashank Raj","2026-08-06 14:27:00",362.2,2,ssr6156
6275,16682345,Gordy,"2026-08-31 07:39:13",362.2,2,gordyii
6276,16683136,"Stefano Ciaci","2026-08-16 14:47:29",362.1,2,stefanovcciaci
6277,16686716,"menna hassanM","2026-08-28 21:49:51",362.0,2,mennahassanm
6278,16691936,"Adhar Chaudhari 07","2026-08-09 08:13:35",362.0,2,adharchaudhari07
6279,16659415,PincheCabrón,"2026-08-17 17:34:01",361.8,2,pinchecabrn
6280,16740191,"Arjun Dhillon","2026-08-19 15:15:57",361.8,2,arjundhillon07
6281,16663738,"Handre Bezuidenhout","2026-08-04 23:27:08",361.3,2,handrebezuidenhout
6282,16768551,"AAYUSHMAAN SINHA","2026-08-25 02:43:00",360.8,2,aayushmaansinha
6283,16665252,"Harsh Katara","2026-08-05 06:51:14",360.0,1,harshkatara
6284,16713319,"David Tilman","2026-08-12 18:56:13",359.9,2,davidtilman
6285,16724976,Soham,"2026-08-18 11:28:07",359.7,2,soham308
6286,16661212,AnkitRaj4004,"2026-08-23 13:17:37",359.6,2,ankitraj4004
6287,16663351,MiguelS,"2026-08-07 15:25:29",358.9,2,lordm758
6288,16658450,"Krish Singh","2026-08-05 16:11:00",358.9,2,krishsingh2283
6289,16784605,"Iniyan M D R","2026-08-28 13:53:22",358.8,1,iniyanmdr
6290,16655811,"Duy Trần","2026-08-04 08:23:27",358.6,1,duyqtrn
6291,16660473,"Owen M Kelley","2026-08-10 00:53:11",358.6,2,owenmkelley
6292,16777607,"je nap","2026-08-30 01:56:28",358.4,2,johnenapoles
6293,16692084,"Kaggri Farmers","2026-08-29 19:47:29",358.4,2,"jayant99acharya,satvikkolluru"
6294,16655729,"Arnab Mallick","2026-08-04 02:41:48",358.3,2,arnabmallick24
6295,16660313,Ctrl+Code,"2026-08-12 15:22:04",358.1,1,"jayashankar369085,parnikasm"
6296,16682229,"mayuri sarangi","2026-08-29 14:03:36",358.1,2,mayurisarangi
6297,16676974,"Deveshwar U","2026-08-31 01:10:42",357.9,2,deveshwaru
6298,16669535,sakshitantak,"2026-08-08 05:16:32",357.9,2,sakshitantak
6299,16658700,"szlachetny snieg","2026-09-03 01:24:32",357.7,2,takayukiimoto
6300,16697694,"Adithya Thiruvalluvan","2026-08-29 17:28:42",357.6,1,forestfire7
6301,16701902,"Matthew Souza Chong","2026-08-11 05:58:50",357.3,2,matthewsouzachong
6302,16706591,"Poorvi Shetty","2026-08-20 05:06:12",357.1,2,poorvishetty1
6303,16791680,"Surja Sarker","2026-09-03 03:56:37",356.7,2,surjasarker
6304,16666115,"Iam Intolerable","2026-08-06 07:48:28",356.1,2,iamintolerable
6305,16778327,WangYingChen,"2026-08-28 03:11:28",356.0,1,wangyingchen
6306,16662054,"phantom of shubh","2026-08-11 07:54:46",355.8,1,shubhamkumar123490
6307,16621533,"Vladislav Kartashov","2026-08-24 14:20:31",355.7,2,phoenix0501
6308,16759407,"Giovanni Colpani","2026-08-22 17:02:37",355.5,2,giovannicolpani
6309,16711497,"Korvi sai kumar","2026-08-13 08:02:21",355.1,1,korvisaikumar
6310,16661639,"Jayanth Kumar D","2026-08-06 13:36:46",354.8,2,jayanthkumard
6311,16682386,"Charbel Nehme","2026-09-01 00:09:46",354.4,2,charbelnehme
6312,16672689,"Yusuf Yemez","2026-08-06 06:51:07",354.4,1,yusufyemez
6313,16657729,"Kandregula V S S V P Krishna Murthy","2026-08-08 15:29:35",354.1,2,kkandregula
6314,16655621,xia0910,"2026-08-08 11:03:21",354.1,2,xia0910
6315,16800468,Vaishnavi,"2026-09-01 11:13:30",353.9,1,vaishnavisri09
6316,16660658,Shlok_Sharma0001,"2026-08-19 09:31:48",353.6,2,shloksharma0001
6317,16767037,"Yubraj Sigdel","2026-08-24 15:45:56",353.5,1,yubraj11
6318,16676416,"Abhishek Mishra","2026-08-10 10:09:30",353.4,2,abhishekmishra23
6319,16694673,"B T Chinmayi","2026-08-27 19:47:10",353.3,2,btchinmayi
6320,16725769,NikunjMakhija_,"2026-08-19 13:01:57",353.3,2,nikunjmak
6321,16672020,"Arum Puri ","2026-08-18 14:03:33",353.1,2,arumpuri
6322,16628190,Horizonx30,"2026-08-09 18:06:56",353.0,2,horizonx30
6323,16729572,"Aswin Ramanathan","2026-08-17 16:17:38",353.0,1,aswinramanathan
6324,16659523,"Ahmad Khidir","2026-08-27 22:33:31",352.9,1,ahmadkhidir
6325,16689923,Dhinesh,"2026-08-09 08:39:37",352.9,2,dhineshwarrs
6326,16659529,"Sanchit Jain","2026-08-05 05:58:55",352.8,2,sanchit1609
6327,16700187,"adrian purnama","2026-08-10 10:50:45",351.9,1,adrianpurnama
6328,16707702,"anton leyn","2026-08-27 18:40:04",351.8,2,antonleyn
6329,16809721,siren2345,"2026-09-02 14:48:32",351.8,1,siren2345
6330,16706181,"Juvenal Pedro Baptista","2026-08-16 14:58:40",351.8,2,juvenalpedrobaptista
6331,16809842,"zg l1218","2026-09-02 15:16:18",351.5,1,zgl1218
6332,16681801,majj,"2026-08-11 03:07:46",351.3,2,m313786372
6333,16659939,"Mouafak Dakhlaoui","2026-09-02 10:07:25",351.0,2,sharmoul
6334,16719709,Rishiii360,"2026-08-18 03:46:23",350.6,2,rishiii360
6335,16809371,"Aashir Noman","2026-09-02 15:00:37",350.5,2,aashirnoman
6336,16671959,"Sintu Verma","2026-08-09 05:44:56",350.4,2,sintuverma
6337,16667406,"Abdulrahman AlAsali","2026-08-05 13:20:41",350.2,1,abdulrahmanalasali
6338,16632620,"[Deleted] d9d74cbb-c76e-4fbb-a4bf-35e25b48627d","2026-08-08 16:00:16",350.1,2,del=c21e6a8a03ad3b3c
6339,16681177,"Ivan Kevin Garcia Hernandez","2026-08-17 19:25:34",350.0,2,jedilgh
6340,16687403,"Raja Sai Vardhan","2026-08-09 08:19:22",349.8,2,rajasaivardhan
6341,16705294,"zhenf Liu","2026-08-11 07:51:06",349.7,2,zhenfliu
6342,16797284,Alice7371,"2026-08-31 17:58:22",349.5,1,alice7371
6343,16672138,mostafa69ca,"2026-08-06 05:03:43",349.3,1,mostafa69ca
6344,16715576,bhavnachavda21,"2026-09-02 08:23:33",349.3,2,bhavnachavda21
6345,16662577,"Shreyash Suryawanshi","2026-09-02 19:42:31",349.2,2,shreyashsuryawanshi
6346,16757557,BitxWolf,"2026-08-22 19:06:48",349.2,2,bitxwolf
6347,16664147,JordanM10,"2026-08-05 19:54:08",349.0,1,jordanm10
6348,16728948,L3MG,"2026-08-16 21:17:06",348.9,2,lemgyy
6349,16720606,Williamtime,"2026-08-17 03:11:34",348.9,2,williamtime
6350,16660341,"Nefise Aybar","2026-08-04 12:37:29",348.9,2,nefiseaybar
6351,16693949,"Eric Worrall","2026-08-16 00:39:43",348.7,2,ericworrall
6352,16707118,"DEVEN BAGADE","2026-08-11 11:24:10",348.6,2,devenbagade
6353,16796901,hanhan761,"2026-09-02 13:35:01",348.4,1,"hanhan761,kiivii,noice12138,xiaobai0417"
6354,16682454," Vandanaa R","2026-09-02 09:48:24",348.3,2,vandanaar
6355,16656351,"Triet Ho","2026-08-07 07:27:33",348.3,2,trietho247
6356,16679827,Juanky_too,"2026-08-27 11:13:42",348.2,1,juankytoo
6357,16769212,"jason vetter","2026-08-25 05:48:22",348.1,1,jasonvetter
6358,16666639,"Dheeraj Pranav","2026-08-24 19:38:42",347.8,1,dheerajpranav
6359,16707749,Yuzu,"2026-09-01 01:15:24",347.4,2,yuzuoctopus
6360,16765488,chenyinheng30,"2026-09-02 01:28:11",347.4,2,chenyinheng30
6361,16755632,"Adarsh Yadav","2026-08-21 16:34:37",347.3,1,adarsh12yadav
6362,16749568,"Nana Hung","2026-08-23 02:17:34",347.1,2,nanahung
6363,16732409,kawhi0.0,"2026-08-18 17:53:51",347.1,1,kawhi00
6364,16664718,Vedika_,"2026-08-11 18:28:09",347.1,1,lighjt
6365,16780106,"Mirangga Jakti","2026-08-31 03:41:53",347.0,2,miranggajakti
6366,16768174,lambdap,"2026-08-25 07:12:50",346.8,2,lambdap
6367,16652970,"Abhay sarkar","2026-08-05 14:40:05",346.4,1,abhaysarkarai
6368,16660543,"BUTUH DUIT","2026-08-06 07:39:16",346.2,2,abulkahfi
6369,16653903,Manav2805,"2026-08-04 09:25:08",345.6,2,manav2805
6370,16813899,blueshine,"2026-09-03 05:32:34",345.6,2,minagawateru
6371,16623730,"Ethan Higgins","2026-07-31 02:25:21",345.6,2,ethanhigginz
6372,16670881,"Amir Y. Sajjadi","2026-08-05 23:56:26",345.4,1,amirysajjadi
6373,16669164,コノウイ,"2026-09-01 14:38:34",344.6,2,nickhu0414
6374,16630545,"GAURAV PARKHEDKAR","2026-08-01 07:00:23",344.6,2,gauravparkhedkar
6375,16732315,"Filip Chladek","2026-08-17 13:37:38",344.5,2,filipchladek
6376,16665661,Ikhbar,"2026-08-05 09:50:57",344.3,2,ikhbar
6377,16732280,"Akarsh kumar shukla","2026-08-18 20:38:35",343.9,1,akarshkumarshukla
6378,16790603,xinbao,"2026-09-02 17:29:36",343.8,2,zww123456
6379,16671256,"Navid Zaman","2026-08-26 17:20:02",343.5,2,navidzaman01
6380,16721533,"Lakshya Sharma","2026-08-16 06:01:34",342.8,2,lakshyasharma007
6381,16665360,"Ayush Bhadauria","2026-08-19 11:11:51",342.6,2,ayushbhadauria50
6382,16660308,zhangzhenman,"2026-08-25 06:14:26",342.6,1,zhangzhenman
6383,16763916,"Mohamed Nchourupouo","2026-08-24 09:28:47",342.4,2,mohamednchourupouo
6384,16784538,"mou1234568 fdsfds","2026-08-28 18:05:29",341.5,2,mou1234568fdsfds
6385,16659558,Ayuroshbo,"2026-09-02 17:41:05",341.5,2,ayuroshbo
6386,16623161,"Charles Kalaba","2026-08-08 13:06:02",341.4,2,charleskalaba
6387,16690514,"Aditya #3","2026-08-09 06:29:48",341.3,1,a0x1ab
6388,16757233,"Tet Toe Wai","2026-08-24 07:51:45",341.3,1,tettoewai
6389,16654407,"Serendeep Rudraraju","2026-08-27 11:15:08",341.0,2,serendeeprudraraju
6390,16778947,mart3104,"2026-09-02 21:18:52",340.7,2,mart3104
6391,16661290,"Kelian Esteve","2026-08-04 14:33:13",340.7,1,kelianesteve
6392,16652899,Isha,"2026-08-22 05:51:50",340.6,2,aarohi20
6393,16691813,Hyezir4,"2026-08-10 08:36:47",340.6,2,hyezir4
6394,16766274,"Satwato Dey","2026-08-28 08:35:12",340.1,2,satwato
6395,16661012,"Tesfahun Feleke","2026-08-30 11:56:04",340.0,2,tesfahunfeleke
6396,16707092,"Asharani Sahu","2026-08-11 11:19:08",339.9,1,asharanisahu
6397,16672670,RonTroy,"2026-08-13 04:46:15",339.8,2,rontroy
6398,16660992,"Vishnu Vardhan Dumpala","2026-08-05 18:17:30",339.8,1,vishnuvardhandumpala
6399,16658941,Matts6591,"2026-08-17 07:59:36",339.0,1,mathwithmatt
6400,16693821,"DARSHAN A","2026-08-11 18:02:26",338.9,2,ad12345kag
6401,16711348,ticoraph,"2026-08-21 18:55:56",338.8,2,ticoraph
6402,16790206,"bogdan chirkov","2026-08-29 19:28:06",337.6,2,bogdannchirkovv
6403,16725938,"Ben Cheng","2026-08-17 18:39:38",337.0,2,benczb
6404,16654430,"Rishoban Y","2026-08-07 13:46:37",336.8,1,rishoban
6405,16662403,"ulaş özen","2026-08-05 19:49:16",336.6,2,ulazen
6406,16657145,"Shudipto Trafder","2026-08-04 19:25:24",336.5,1,iamsdt
6407,16633330,"danielle Ange","2026-08-12 16:26:03",336.4,2,danielleange
6408,16690163,"Abhay Upadhyay","2026-08-08 18:05:54",336.3,2,abhay18s
6409,16809515,"Александр Трифонов","2026-09-02 17:21:44",336.1,1,cybrvibe
6410,16777489,"Yousef Elbaz","2026-08-27 11:18:54",336.1,1,yousefelbaz
6411,16728465,"Abdurrahman Assegaf","2026-08-16 12:13:15",336.0,2,amanshop
6412,16714418,AdriMonFer,"2026-09-01 12:15:21",336.0,2,adrimonfer
6413,16675037,"Stanislav Pashkov","2026-08-08 20:50:16",335.0,2,stanislavpashkov
6414,16786139,Trezerg,"2026-09-03 04:00:04",334.9,2,progtrollwarrior16
6415,16624246,"xu j1ayang","2026-08-11 05:12:47",334.8,2,xuj1ayang
6416,16686700,"Hakkı selim Ak","2026-08-07 17:06:03",334.8,1,hakkselimak
6417,16765570,"Akhand Soni","2026-08-24 12:47:42",334.6,1,akhandsoni
6418,16809202,amano,"2026-09-02 14:23:06",334.5,2,amanoshotaro
6419,16805949,Bigplanedoesnotflyfast,"2026-09-03 00:42:36",334.1,2,ronav48902753425
6420,16667042,"Adarsh Mukundan","2026-08-07 17:12:28",333.9,1,aadarshmukundan
6421,16654253,"Gaius K Biju","2026-08-03 18:51:18",333.4,2,gaiuskbiju
6422,16696061,Mingyuan2002,"2026-08-28 17:15:00",333.3,2,mingyuan2002
6423,16696644,"Franklin T","2026-08-13 10:28:53",333.2,2,franklin0410
6424,16726021,"The Farm Game","2026-09-02 13:23:00",332.9,2,"tacostew,thomasbower6"
6425,16652397,"Aniket Kumar","2026-08-06 13:29:50",332.7,2,kalkiavatar3
6426,16721849,ayushai8714,"2026-08-28 09:36:41",332.5,2,ayushai8714
6427,16799023,"Alkava Ind","2026-09-03 00:08:10",332.5,2,alkavaind
6428,16778585,Deepa,"2026-09-02 06:03:53",332.4,2,deepa42639
6429,16712089,"yui seya","2026-08-12 12:17:02",332.1,2,yuiseya
6430,16729246,"Ayodeji Akinola","2026-08-29 19:45:30",332.1,2,ayodejiakinola
6431,16678521,"Arina Nevolina","2026-08-06 20:31:22",331.5,1,nevolinaa
6432,16735080,"SARTHAK PATIL","2026-09-02 19:23:03",331.3,2,sarthakpatil23
6433,16775771,"Ewia Tng","2026-08-31 15:40:23",331.2,2,ewiatng
6434,16712086,"Zubair Shafi","2026-08-16 23:23:04",331.1,2,zubairshafi5050
6435,16738349,Suna-D,"2026-08-30 14:24:52",331.1,2,sunad0630
6436,16662491,Rudra070311,"2026-08-11 17:06:39",330.7,2,rudra070311
6437,16671942,"JIVRAJ SINGH","2026-08-13 16:54:51",330.7,2,jivrajsingh
6438,16713082,"Siyam Molla","2026-08-21 11:40:13",330.5,2,siyammolla
6439,16734670,Sparsh,"2026-08-22 01:48:51",330.5,2,sparshsinha24
6440,16658357,heetmehta18,"2026-08-07 13:30:40",330.2,2,heetmehta0000
6441,16653054,Khongor2424,"2026-08-03 15:32:17",330.2,2,khongorkikaik21
6442,16656506,"Piyush Harde","2026-08-04 12:54:26",330.0,2,piyushharde
6443,16676302,Arnav,"2026-08-08 06:10:01",329.6,2,arnav03101
6444,16785111,"JEFFREY KIRUBA J ","2026-08-28 18:07:41",329.4,1,jeffreykirubaj
6445,16707179,"Achintya Rai","2026-08-12 11:15:16",329.3,2,achintyarai
6446,16751311,JoangHZ,"2026-08-21 09:18:57",329.2,2,joanghz
6447,16676305,JTHEFROG,"2026-08-08 12:09:45",328.6,2,joshyuasa
6448,16723046,"Pedro Joás","2026-08-21 18:41:15",328.5,2,pedrojos
6449,16632319,Valentin,"2026-07-31 21:14:24",328.4,1,vaha94
6450,16657891,"Joshua Kinnah","2026-08-07 23:00:45",328.3,2,joshuakinnah
6451,16683421,"Ruchita Yadav","2026-08-13 18:09:54",328.0,2,ruchitayadav20
6452,16691354,"Vedika Gupta","2026-08-08 14:20:25",327.7,1,vedikagupta0
6453,16701697,"Shadow #2","2026-08-16 12:13:27",327.5,2,chetanagrawall
6454,16658489,小出和見,"2026-08-13 23:23:04",327.4,2,kzmk8d
6455,16698920,"Rishabh Bhartiya","2026-08-12 13:48:26",327.2,2,rishabhbhartiya
6456,16745485,"Thamires dos Santos ","2026-08-26 01:39:27",327.2,2,thasantos
6457,16669576,"zarnab waheed","2026-08-17 19:20:34",327.1,2,zarnabwaheed
6458,16671566,renmin517,"2026-08-17 07:31:19",326.9,2,renmin517
6459,16685996,"Universal Entropy","2026-08-07 16:22:28",326.8,1,fennerjw
6460,16662659,"Chiziterem Eze","2026-08-11 12:20:48",326.6,2,chiziteremeze
6461,16659493,"Ori Glisko","2026-08-09 14:27:44",326.4,2,origlisko
6462,16662913,"IYAMPAYE ribert","2026-08-04 19:01:38",326.3,1,iyampayeribert
6463,16657159,"Amey Malpurkar","2026-08-11 07:35:27",326.0,2,"ameymalpurkar,siddheshsadarao"
6464,16646076,"Ajeet Krishnasamy","2026-08-04 19:52:27",325.2,2,ajeetkrish
6465,16633982,Nikunj1375,"2026-08-07 08:40:29",325.1,2,nikunj1375
6466,16654348,rkeshwani,"2026-08-07 16:17:49",325.1,2,rkeshwani
6467,16683284,"Haha Farming","2026-08-07 14:38:04",324.4,1,"akshitharamesh,harinir1423"
6468,16662861,"Chirag Tutlani","2026-08-04 19:13:05",324.0,1,chiragtutlani
6469,16631989,"VIDIT SHRIMALI","2026-07-31 17:13:46",323.8,1,viditshrimali
6470,16690055,"Prem Kumar","2026-09-02 05:56:28",323.6,2,premkumar099
6471,16682422,"SABBIR HOSSAIN 2029","2026-08-16 14:23:24",323.4,2,sabbirhossain2029
6472,16659975,"Rahul Sain","2026-08-05 18:54:58",322.9,2,rahulsain2001
6473,16668559,Goups,"2026-08-22 09:11:46",322.9,2,hervrenard
6474,16664218,"Nguyen Vu Tue Khang","2026-08-24 03:32:10",322.8,2,nguyenvutuekhang
6475,16655315,SL,"2026-08-13 01:50:18",322.8,2,xndr007
6476,16668331,"Maitreya Mohapatra","2026-08-19 01:42:53",322.8,2,maitreyamohapatra
6477,16756768,"Sayeed Ibrahim","2026-08-22 01:32:12",322.7,2,sayeedibrahim
6478,16650070,"jakub slavíček","2026-08-04 12:58:40",322.6,2,jakubslavicek
6479,16659060,Pratham3gewg,"2026-08-06 18:26:51",322.5,2,pratham3gewg
6480,16756868,"Anisha Maurya","2026-08-31 19:59:05",322.5,2,anishamaurya
6481,16795163,"Nguyễn Đỉnh","2026-09-02 01:50:55",322.1,2,nguyendinh1507
6482,16684308,Itsside_jay,"2026-08-07 11:46:48",322.0,1,itssidejay
6483,16716476,lnssan,"2026-08-20 13:05:18",321.9,2,lukanilssandmayr
6484,16661955,Bingos,"2026-08-05 11:43:07",321.8,2,bingos
6485,16702052,"Beny Pratama Putra","2026-08-12 16:18:20",321.7,2,benypratamaputra
6486,16697373,"Sumit Bhattacharjee","2026-08-29 18:29:11",321.1,2,sumitbhattacharjee
6487,16668166,Pikachu,"2026-08-05 14:52:15",320.9,2,"arpankumarsinha,phantomboy69,subhojitpaul2006"
6488,16634769,Fivingone,"2026-08-03 03:47:43",319.7,2,fivingone
6489,16658676,"Abdul Roheem Abdul Warith","2026-08-04 18:59:04",319.7,1,albasoliyy
6490,16783537,JustinybGao,"2026-09-01 21:23:01",319.6,2,justinybgao
6491,16658725,"syed jawad","2026-08-17 08:49:32",319.5,1,syedjawad663
6492,16621557,"Vijay Krishna Lanka","2026-08-26 01:20:53",319.2,2,vijaykrishnalanka
6493,16724204,chestnut,"2026-08-21 02:15:17",319.0,2,yskkrbysh
6494,16675218,데미안과마루,"2026-08-18 14:16:13",319.0,2,siver3
6495,16657104,"Bashar Gamal","2026-08-17 00:04:56",319.0,2,bashargamal
6496,16659453,"Ishwar Rathod","2026-08-06 03:29:27",318.7,2,ishwarrathodofficial
6497,16792780,"Sreekar Reddy","2026-09-01 15:33:38",318.7,2,eshured
6498,16659581,"isah ridwan","2026-08-07 09:02:00",318.6,2,isahridwan
6499,16663600,"Adrián Flores","2026-08-05 00:38:36",318.5,2,foward2892
6500,16742149,"Ankith Savio","2026-08-31 07:14:34",318.1,2,weedoo
6501,16757351,SaiVenkatesh,"2026-09-02 15:15:21",318.0,1,nothingnew
6502,16794647,"Michael Cahill","2026-09-01 07:46:28",317.7,2,michael1232
6503,16690187,"Amrita Singh","2026-08-08 10:34:51",317.1,2,amrita004
6504,16637025,kodalien,"2026-08-10 15:21:00",316.6,2,kodalien
6505,16758856,"Ali Zaib","2026-08-27 20:12:02",316.5,2,alizaib001
6506,16641866,"Prem Gandhi","2026-08-06 19:48:18",316.3,2,gprem352
6507,16698562,Kyoko004,"2026-08-11 04:38:18",315.8,1,kyoko004
6508,16658990,"Muhammad Burhan SE-45-02","2026-08-07 04:26:18",315.7,2,muhammadburhanse4502
6509,16624073,Maruichi01,"2026-08-14 16:03:02",315.0,2,"maruichi01,ppocharl,puws06,tatsukisato,unikina"
6510,16760025,"Mayar Abdelfattah","2026-08-30 18:26:40",314.8,2,"mayarabdelfattah,omarelmaghraby03"
6511,16808020,Pulkitt.Arora,"2026-09-02 15:04:59",314.8,2,pulkittarora
6512,16784225,sulala,"2026-08-29 08:51:26",314.8,2,sulala
6513,16666316,adityakr1001,"2026-08-05 09:33:41",314.8,1,adityakr1001
6514,16655875,PLLZ,"2026-08-17 01:11:41",314.3,2,pllzzz
6515,16761681,"Ming Myung","2026-08-24 05:12:56",313.3,2,vanhaminhquan
6516,16656198,N9uy3nPham,"2026-08-06 10:56:04",312.7,2,n9uy3npham
6517,16629403,Galza98,"2026-07-31 10:09:02",312.7,1,galza98
6518,16789486,TanjiahaoXX,"2026-08-29 07:47:37",312.4,1,tanjiahaoxx
6519,16725135,"clement cg","2026-08-19 07:54:00",312.4,2,clementcg
6520,16740795,Yanshaoo2026,"2026-08-19 08:40:17",312.3,1,yanshaoo2026
6521,16655003,"Paramjeet Kaur","2026-08-04 21:09:02",311.7,1,kauxp26
6522,16723487,RoboDavo,"2026-08-19 00:36:17",311.4,2,robertdavidson1911
6523,16661276,Middle,"2026-08-29 04:36:49",311.4,2,aydagul
6524,16689926,"Yongxiang Zhao #2","2026-08-12 03:33:27",311.3,2,yongxiangzhao
6525,16811900,"Brejesh Balakrishnan","2026-09-03 03:20:45",311.2,1,brejeshbalakrishnan
6526,16668333,VishalVivek,"2026-08-07 09:46:17",310.7,1,vishal14332
6527,16762084,"Krishna Lokhande","2026-08-23 14:08:48",310.7,1,krishnalokhande8080
6528,16659804,"Gashahun Demise","2026-08-04 13:23:20",310.6,2,gashahundemiset
6529,16684223,"Aayush Shah","2026-08-13 17:57:28",310.3,2,aayushshah265
6530,16762940,"Davide Andreolli","2026-08-25 21:39:30",310.3,2,davideandreolli
6531,16682559,"Punit Pritam Mohanty","2026-08-11 06:21:03",310.1,2,punitpritammohanty
6532,16668464,Mauro,"2026-08-05 15:57:27",309.9,2,ilmaurino
6533,16669411,"Atta Ullah","2026-08-10 13:28:30",309.9,2,attaullahqau
6534,16762045,ADV,"2026-08-23 13:28:56",309.5,1,shuntianjiang
6535,16746121,Nononoi,"2026-08-21 07:18:02",309.4,1,nononoi
6536,16660529,Imaanga,"2026-08-10 11:41:21",308.8,2,imaangababy
6537,16682623,"Aditya Paul","2026-08-14 12:44:45",308.6,2,adityapaul634
6538,16688231,"Antoine Matemane Mahirwe","2026-08-10 19:40:15",307.9,2,antoinemah
6539,16792188,anisotropies,"2026-08-30 07:36:28",307.9,2,achan31
6540,16658065,"Parul Mittal","2026-08-06 13:55:51",307.9,1,pisces83
6541,16748410,Lemons,"2026-08-21 19:44:07",307.5,1,takahiromatoba
6542,16683075,"Manuel lasarte León","2026-08-26 19:06:58",307.2,2,manuellasarte
6543,16651668,Haiku,"2026-08-05 06:28:54",306.7,2,yangjiefu
6544,16684168,"Roaya Saed","2026-08-10 14:36:20",305.6,1,roayasaed
6545,16739918,POLAROID_86,"2026-08-18 21:56:04",305.4,2,polaroid86
6546,16660579,mayank,"2026-08-06 14:41:12",305.3,2,mayank921
6547,16652276,Phare111,"2026-08-04 15:09:55",304.9,1,phare111
6548,16658620,"Dina Chettouh","2026-08-04 09:13:27",304.7,2,dinachettouh
6549,16663253,"Albert Benjamin Asare","2026-08-06 19:29:05",304.5,2,albertbenjaminasare
6550,16660144,"Léandre ELISHA","2026-08-09 12:25:44",304.5,2,landreelisha
6551,16636719,"Naman Durve","2026-09-03 04:12:04",304.4,1,namancdurve
6552,16622245,"Vlas Veles","2026-08-18 17:17:10",303.9,1,vlasveles
6553,16748712,"Amit Kumar Gupta","2026-08-21 13:33:00",303.1,2,eramitg
6554,16690882,"Meet P. Shah","2026-08-30 13:51:02",303.1,2,meet47
6555,16766823,suikkee,"2026-09-02 05:05:50",303.1,1,suikkee
6556,16745419,elren,"2026-08-27 08:31:36",303.0,2,elrensmin
6557,16794052,"Sarthak Mishra","2026-09-02 17:58:59",303.0,2,"aarushverma04,pg541425,sarthak25b15310182,yadavup50"
6558,16661879,"Pham Truc","2026-08-07 07:21:46",302.8,1,genti1206
6559,16684191,"Patel Aryan D","2026-08-10 07:36:13",302.7,2,patelaryand
6560,16686316,"Ali mohon","2026-08-07 16:16:43",302.7,2,alimohon
6561,16733752,Abhi,"2026-08-17 19:34:16",302.6,1,zeroday19
6562,16701143,macneil,"2026-08-14 14:53:54",302.5,2,macneil
6563,16665243,"Harshit Jha","2026-08-05 13:40:16",302.5,2,harshitjha28
6564,16761324,WLYYYo,"2026-08-23 18:10:35",301.2,2,wlyyyo
6565,16623533,xthixsl_ml,"2026-08-18 04:17:18",301.1,2,xthistle999
6566,16791786,BladeOffline,"2026-08-30 03:42:42",301.0,1,bladeoffline
6567,16667700,"Omar Mohammad","2026-08-05 15:52:54",300.7,2,omarmohammadw
6568,16708246,StudyForUse01,"2026-08-11 16:58:19",300.7,1,studyforuse01
6569,16772388,XiaozhenWu2002,"2026-08-29 16:21:55",300.2,2,xiaozhenwu2002
6570,16661213,"Daniel Siersleben","2026-08-05 12:53:41",299.7,1,danielsiersleben
6571,16759726,Phoenix,"2026-08-22 19:43:10",299.3,1,seanht1
6572,16790992,"Matthew Knyazev","2026-08-29 17:53:40",299.0,1,matthewknyazev
6573,16718890,"Andy Symonds","2026-08-19 23:04:11",298.6,2,andyivanhoe
6574,16686789,Hay-gent,"2026-08-18 19:00:36",298.6,2,"alagusuriyas,gayathrisrimai"
6575,16748092,Luckshith,"2026-08-20 12:59:43",298.5,2,luckshith
6576,16659203,"Praful Nayak","2026-08-05 08:17:06",298.5,2,prafulnayak2003
6577,16665114,"Francesco Benincasa","2026-08-05 09:56:52",298.0,2,francescobenincasa
6578,16741555,"Rushikesh Shirwalkar","2026-08-19 11:02:46",297.8,2,rushikeshshirwalkar
6579,16657426,"M.Mukunda Reddy","2026-08-17 06:18:11",297.4,2,mmukundareddy
6580,16707372,"zidu cheng","2026-08-11 13:30:40",297.3,1,ziducheng
6581,16755126,"David ter Kuile","2026-08-21 14:01:59",297.3,2,davidterkuile
6582,16730326,atsushi11o7,"2026-08-21 15:47:31",297.0,1,atsushi11o7
6583,16773545,faithk7u,"2026-08-31 21:57:43",296.4,2,faithk7u
6584,16707228,"Milind Bansal","2026-08-11 11:45:00",296.2,1,milindbansal18
6585,16656595,"Sithija Amarathunga","2026-08-04 10:09:50",296.0,2,sithijaamarathunga
6586,16728152,"Kenji Tai","2026-08-16 18:27:33",295.6,2,kenjitai
6587,16754845,"LG Music","2026-08-21 22:48:01",295.5,1,lgmusic
6588,16655734,dworld,"2026-08-05 04:13:18",295.3,2,jagdishhalde
6589,16669523,Jackson55171,"2026-08-05 18:21:00",295.2,2,jackson55171
6590,16744954,charley8,"2026-08-22 06:23:36",295.0,2,charley8
6591,16732355,"Nagesh gite","2026-09-02 05:56:36",294.9,2,"kuberb,nageshgite,vasugupta1121"
6592,16747086,Karma_350234,"2026-08-20 09:56:52",294.7,1,karma350234
6593,16738810,mararaa,"2026-08-25 06:54:40",294.6,1,mararaa
6594,16761731,"James Hu","2026-08-23 17:50:28",294.4,1,cnjameshu
6595,16724743,"Dr. James Gambrah","2026-08-17 08:48:47",294.4,2,jamesgambrah
6596,16676084,"Abir Majdi","2026-08-24 00:24:35",294.3,2,abirmajdi
6597,16632795,"vishwottam kudekar","2026-08-05 18:19:02",294.2,1,vishwottamkudekar
6598,16623823,"Julieta Rubis","2026-07-31 04:45:53",294.1,2,julietarubis
6599,16706312,"shabbar taj","2026-08-11 16:35:57",294.0,2,shabbartaj
6600,16707941,ニイエチカイン,"2026-08-14 15:28:42",294.0,2,j4ck99
6601,16678355,"Tanuj Saxena","2026-08-07 10:10:24",293.9,2,tanujsaxena
6602,16670185,"Odilon Yehouenou","2026-08-13 20:23:58",293.8,2,odilonyehouenou
6603,16725288,mustafasadiqi,"2026-08-15 12:26:35",293.5,1,mustafasadiqi
6604,16661587,"Debashis Mohapatra","2026-08-05 09:05:50",293.4,2,debashismohapatra
6605,16809620,"Mohamed Alaa Elboraay","2026-09-02 19:11:42",293.3,2,mohamedalaa10
6606,16683998,"Mahoraga save me","2026-08-07 22:09:22",293.0,2,yqngyv
6607,16728366,"Top RL Learner","2026-08-30 18:30:15",292.8,1,forrestxlz
6608,16656881,"Eugene Nyondo","2026-08-30 22:33:50",292.8,2,eugenenyondo
6609,16657440,Lz7_129,"2026-08-04 15:26:01",292.7,1,lz7129
6610,16678362,"Mitiku Yohannes","2026-08-07 00:00:37",292.5,2,mitiku
6611,16768507,"Dhanush Ballanki","2026-08-25 00:33:27",292.3,1,dhanushballanki
6612,16649650,"Ashish Barnawal","2026-08-11 04:08:04",292.0,1,klein4
6613,16677517,justnyoike,"2026-08-10 01:12:56",291.9,2,justnyoike
6614,16740800,"Shiva Sai","2026-08-19 03:54:27",291.7,1,shivasai846
6615,16657378,doteeee,"2026-08-14 11:43:40",291.5,2,narendra
6616,16660450,"prashant prakash","2026-08-08 09:45:36",291.5,2,prashantprakash28
6617,16645300,szyulian,"2026-08-04 04:42:36",291.1,1,szyulian
6618,16708480,"Omar M.Moustafa","2026-08-11 18:55:58",291.0,2,omarmmoustafa
6619,16677629,"XIE Jintao","2026-08-06 18:47:28",290.7,2,xiejintao
6620,16804924,"Kevin L.","2026-09-02 22:09:01",290.4,2,zorgis
6621,16687151,harshi101,"2026-08-08 06:32:37",290.2,2,harshi101
6622,16711610,cc_z_kaggle,"2026-08-12 09:33:23",290.2,1,cczkaggle
6623,16665461,"Krishna Golwala","2026-08-24 18:39:08",289.9,2,krishnagolwala
6624,16733204,"Sompalli Akhil Kumar","2026-08-18 10:14:08",289.8,2,sompalliakhilkumar
6625,16660957,CREVATEC,"2026-08-11 09:30:33",289.8,2,"olakunleolalekan,samueloladeji"
6626,16730653,"Daham Dissanayake","2026-08-21 03:17:15",289.7,1,"dahamdissanayake,dinuginimnara"
6627,16770777,"Oscar Legoupil","2026-08-26 05:56:00",289.5,1,oscarlegoupil
6628,16659696,"Lakshyaraj Singh Rathore","2026-09-01 04:57:55",289.5,2,lakshyarajrtm
6629,16790545,Adnane,"2026-09-01 02:18:09",289.4,2,adnaneel
6630,16738539,"Sharath S","2026-08-21 05:19:45",289.2,2,akicodes
6631,16665719,"[Armenia] Narek Petrosyan1","2026-08-05 07:49:34",289.0,1,narekpetrosyan1
6632,16632476,"Назар Коваль","2026-09-01 18:18:39",289.0,1,miickey
6633,16695733,"Imad Zaanine","2026-08-11 02:11:15",288.9,2,imadzaanine
6634,16713601,"Omar spok","2026-08-19 13:27:13",288.6,2,omarspok
6635,16761994,"Talha Sayyad faim","2026-08-23 11:32:37",288.5,1,talhasayyadfaim
6636,16751488,Klixel,"2026-08-21 03:35:28",288.3,1,klixel
6637,16690161,"Sudipto Event","2026-08-11 09:25:00",288.1,2,sudiptoevent
6638,16762167,"Arkoday Roychowdhury","2026-08-24 01:29:19",288.0,2,arkodayroychowdhury
6639,16811949,PeterDreamHan,"2026-09-03 04:03:06",287.8,2,peterdreamhan
6640,16654306,Shubham,"2026-08-03 19:09:40",287.6,2,sanjayshubham24
6641,16783872,"Soupau Lev","2026-09-01 09:50:33",287.0,1,olivierauffret
6642,16643821,"arnav chaturvedi123","2026-08-02 22:16:08",286.5,2,arnavchaturvedi123
6643,16745293,Harvey,"2026-08-22 04:20:10",286.2,2,celestia0113
6644,16740950,Shaw,"2026-08-23 10:07:14",286.2,2,shaw06
6645,16676007,"Lao KENAO","2026-08-15 01:15:48",285.7,2,laokenao
6646,16758007,stoicsatvik,"2026-08-22 12:37:48",285.7,1,stoicsatvik
6647,16783521,xiannaix,"2026-08-31 04:14:00",285.6,1,xiannaix
6648,16771048,"Aditya Pawar","2026-08-25 16:55:04",285.5,1,aditya22102001
6649,16662105,PunnatatJAY,"2026-08-04 16:22:50",285.5,1,punnatatjay
6650,16663459,"Cristian Yeanpaul Palomino Calderon","2026-08-06 04:14:17",285.3,2,dawo0t
6651,16686950,"Kittikhun Pachana","2026-08-08 00:16:11",285.3,2,kittikhunpachana
6652,16669314,"Editor Jugnu AI","2026-08-18 10:06:41",285.2,2,editorjugnuai
6653,16712979,"Yusuke Tsukuda","2026-08-12 14:58:39",284.8,1,yusuketsukuda
6654,16785789,"Mateus Sousa do Carmo","2026-08-28 21:23:10",284.8,2,mateaadsaf
6655,16656679,"Sadiqa Bibi","2026-08-27 09:52:29",284.8,2,sadiqabibidata
6656,16725104,ManasviVarma,"2026-08-23 10:20:35",284.8,1,manasvivarma
6657,16769754,daguniang,"2026-08-26 00:44:59",284.4,2,daguniang
6658,16756174,"Mateo Coelho","2026-09-02 19:10:01",284.4,2,mathsco
6659,16654853,"Saketh Rao","2026-08-03 21:43:14",284.4,1,sakethrao
6660,16701041,"Meet Babariya","2026-08-10 14:21:06",284.4,1,meetbabariya
6661,16713204,Mohamedg,"2026-08-24 23:15:06",283.9,2,mohamedgcroesus
6662,16655508,bigsea,"2026-08-04 01:31:58",283.9,2,sakamakihiromi
6663,16654290,"Srinivasa Ranga","2026-08-17 05:19:41",283.8,1,srinivasaranga
6664,16758090,"JOYMIE TALICUAD","2026-08-22 10:07:40",283.8,1,joymietalicuad
6665,16687891,qklent,"2026-08-09 19:44:12",283.8,1,qklent
6666,16683970,"Zakhar Homyakov","2026-08-07 11:14:41",283.4,2,zakharhomyakov
6667,16653997,"Alekya Valapushetty","2026-08-05 13:52:08",283.3,2,alekyavalapushetty
6668,16689933,"Anjali Shah","2026-08-17 09:30:28",283.1,2,anjalishah0306
6669,16678647,"Zorawar Singh","2026-08-06 19:55:53",282.9,2,zorawarsingh677
6670,16635681,"Shubham Phapale","2026-08-09 04:17:07",282.9,2,shubhamphapale
6671,16748206,ArtlexYang,"2026-08-25 08:43:28",282.7,1,artlexyang
6672,16666512,RexHuang936,"2026-08-07 08:51:41",282.6,2,rexhuang936
6673,16661231,"R Ajay Kumar12","2026-08-04 14:12:11",282.6,1,rajaykumar12
6674,16690494,StevenBeyen,"2026-08-13 07:55:32",281.9,2,beyensteven
6675,16670674,"Foodle Jang","2026-08-19 22:14:34",281.8,2,foodlejang
6676,16659698,"Duy Anh Nguyễn","2026-08-07 10:23:27",281.7,1,duyanhnguyn
6677,16723050,"Ítalo Albuquerque","2026-08-21 17:23:25",281.7,2,taloalbuquerque
6678,16675863,"Habib ullah","2026-08-28 03:47:07",281.4,2,habibullah123456789
6679,16665758,"Oladipo Bashir","2026-08-31 10:23:51",281.3,1,oladipobashir
6680,16644210,"حسنين ساجد","2026-08-07 22:08:44",280.7,2,kutghngf98687er
6681,16649074,nanato,"2026-08-28 04:27:29",280.7,1,nanato
6682,16699790,Aryanpal07,"2026-08-16 12:28:53",280.7,1,aryanpal07
6683,16680789,Marouane,"2026-08-15 02:41:18",280.5,2,marouanealahyane
6684,16672767,"FasterYouChase FasterIRun","2026-08-09 13:15:12",280.4,2,icoguser
6685,16708091,"Dipak Kumar Samanta","2026-08-11 15:17:04",280.3,1,dipak889
6686,16809006,Ilya,"2026-09-02 13:23:05",280.0,1,zhukov
6687,16673369,Frame,"2026-08-06 07:59:47",279.8,1,rainorwang
6688,16658888,NovaBytes,"2026-08-06 07:06:34",279.7,2,"drashtisingh14,kjjkjjk3107"
6689,16656692,"kinza aftab 714","2026-08-04 05:43:51",279.7,2,kinzaaftab714
6690,16740263,"Scott Weeden","2026-09-02 08:27:43",279.6,2,scottweeden
6691,16762081,VKAUL3,"2026-08-23 12:09:08",279.5,1,vkaul3
6692,16683428,"Darsh Jilka","2026-08-19 09:03:08",278.8,2,darshjilka
6693,16772089,"Ana Riquele","2026-08-26 18:11:38",278.7,2,anariquele
6694,16723065,"Kaio Castro","2026-08-28 17:24:26",278.6,1,kaiocastro
6695,16677788,DorianCo,"2026-08-06 18:10:06",278.5,2,dorianco
6696,16633483,"benkerrouche abdelbasset","2026-08-07 16:11:50",278.4,1,bassetkerouche
6697,16799769,manyuA,"2026-09-01 08:04:06",278.3,2,"forheuristiclifeksh,manyua"
6698,16752153,zhao569,"2026-08-27 03:57:59",278.2,1,zhao569
6699,16714263,Lmfm24,"2026-08-12 20:38:01",278.1,2,lmfm24
6700,16684875,"Amitrakshar Mukherjee","2026-08-07 13:21:32",277.8,2,amitraksharmukherjee
6701,16711673,losingself,"2026-08-12 09:07:45",277.8,1,level14taken
6702,16671302,"Pratish Chaudhary","2026-08-10 00:35:01",277.7,1,pratishchaudhary
6703,16663869,CYBER_TECH99,"2026-08-05 01:40:15",277.6,2,cybertech99
6704,16676501,"[Deleted] cf820879-5b51-45ff-9f0a-1d88833299b5","2026-08-08 08:32:10",277.5,2,kamraanmulani
6705,16703295,Yuting,"2026-08-13 20:42:16",277.4,2,yutinghanuxd
6706,16654293,"Jatin N. Soni","2026-08-18 09:59:05",277.3,2,jatinsoni111
6707,16654067,DataForge,"2026-08-05 10:19:25",277.3,2,"chanduchandini,goriparthiramatulasi,srilakshmipanitini,suryachakradhar"
6708,16679467,"Ahmed Zedan","2026-08-18 00:28:27",277.2,2,ahmedzedan11
6709,16668032,pat999,"2026-08-08 08:30:58",277.2,2,pat999
6710,16781276,"Nikita Greben","2026-08-27 23:11:35",276.9,2,justnik77
6711,16670506,"Juan Andres Bravo Mejia","2026-08-05 21:40:17",276.8,1,juanandresbravomejia
6712,16658795,"Case Seller","2026-08-30 06:46:45",276.8,2,caseseller
6713,16657777,"sandeep kumar","2026-08-04 11:41:21",276.7,2,sandeep088
6714,16658152,MingSUN007,"2026-08-04 13:46:29",276.6,2,mingsun007
6715,16660471,"Obsessed Beings","2026-08-24 16:44:48",276.5,2,"meur99,muhammedsaeed315,obsessedbeing,studentwork01"
6716,16710929,"Pooja Divekar","2026-08-16 08:22:48",276.4,1,poojadivekar123
6717,16663387,Ju,"2026-08-05 23:29:38",276.4,2,juziddd
6718,16698399,liuzhangzhen,"2026-08-10 09:49:23",276.3,1,liuzhangzhen
6719,16672325,Ispagiytiy,"2026-08-06 08:58:30",276.2,2,ispagiytiy
6720,16765329,"Bart Woz","2026-08-31 14:18:24",276.0,2,bartwoz
6721,16728350,fajarnadeem808,"2026-08-16 13:07:59",275.8,2,fajarnadeem808
6722,16724512,"Diw Gupta","2026-08-21 13:45:51",275.7,1,diwgupta
6723,16661469,"Qiqi Xie","2026-08-06 20:53:32",275.5,2,qiqixie123
6724,16623099,"Bovard Doerschuk-Tiberi","2026-07-30 21:04:23",275.5,1,bovard
6725,16633833,"mohammad javad Kamali","2026-08-19 05:13:42",275.4,1,mohammadjavadkamali
6726,16760903,"Derrick Lace","2026-08-23 04:23:40",275.0,2,derricklace
6727,16622943,"Erwin Huizenga","2026-08-21 06:40:50",274.8,2,erwinh
6728,16665701,ManuelWick-Eckl,"2026-08-27 16:01:18",274.7,2,manuelw
6729,16632145,kazuki_kazukazu,"2026-07-31 14:53:13",274.6,1,kazukikazukazu
6730,16667063,"Amiksha S","2026-08-09 15:16:49",274.1,1,amikshas
6731,16793148,"Hoàng Trung Nguyễn","2026-09-01 08:08:00",274.0,2,hongtrungnguyn
6732,16637845,"Hadjmohamd Seif","2026-08-08 21:47:53",273.9,2,hadjmohamdseif
6733,16653319,"Md. Rasel Meya","2026-08-06 14:42:18",273.9,2,raselmeya
6734,16660321,syafanidwina,"2026-08-05 00:41:33",273.7,1,syafanidwina
6735,16749514,"M Harini","2026-08-20 16:43:59",273.7,1,rvmharini
6736,16666574,"hrishit prakash","2026-08-05 13:26:37",273.5,2,hrishitprakash
6737,16630773,"An Hoang Vo","2026-09-03 05:23:31",273.4,1,anhoangvo
6738,16774202,Wrs,"2026-08-26 09:21:40",273.3,1,wrsarch
6739,16675952,"Stephan Hahn","2026-09-02 22:11:26",273.0,2,stephanhahn16
6740,16667691,alexanderctrl,"2026-08-18 10:10:51",272.9,2,alexanderctrl
6741,16684891,SARTHAK,"2026-08-14 19:07:26",272.9,1,s4rth4k01
6742,16702430,"ZeLong Leo","2026-09-02 02:32:43",272.5,2,zelongleo
6743,16632881,"Brisa Marina","2026-08-07 16:13:15",272.1,1,brisamarina
6744,16707519,"Pradnya Khanse","2026-08-11 12:52:07",272.1,1,pradnyakhanse
6745,16669756,AlgSaid,"2026-08-05 18:54:07",272.0,1,imabdallah
6746,16723075,"Cauã Freitas","2026-08-28 17:35:54",272.0,1,cauafreitas
6747,16729884,"Chaimaa Matrag","2026-08-29 23:52:01",271.7,2,chaimaamatrag
6748,16761134,mash3gt,"2026-08-23 06:10:12",271.5,1,shiroguitar
6749,16627717,da_pond,"2026-07-31 08:33:57",271.2,1,dapond
6750,16785175,SonOfNike,"2026-08-28 17:20:58",271.1,1,sonofnike
6751,16693087,osprey2k,"2026-09-03 02:01:51",270.8,2,osprey2k
6752,16639684,Rubel,"2026-08-05 18:49:11",270.6,2,rubel01
6753,16778656,Aacceeo,"2026-08-30 23:18:49",270.4,1,aacceeo
6754,16798369,"Olabode James","2026-09-01 20:40:53",270.3,1,olabodejames
6755,16712844,"ray hengbo","2026-09-01 03:35:31",270.3,1,rayhengbo
6756,16762459,GNR_network,"2026-08-23 13:59:19",269.9,1,gnrnetwork
6757,16665704,"Sreesanth M S","2026-08-05 07:12:05",269.6,1,sreesanthms
6758,16625775,liubingxin205,"2026-08-15 06:29:40",269.3,2,"hongjuw,liubingxin205"
6759,16658761,!Aman212,"2026-08-04 12:10:28",269.0,2,aman9142424
6760,16668024,"Igor Burkov","2026-08-07 04:35:37",269.0,2,igorburkov
6761,16687574,"Yash Raghuvanshi","2026-08-07 22:09:38",268.9,2,yashraghuvanshi25
6762,16659001,"Tim Wanjohi","2026-08-12 11:43:16",268.8,2,timwanjohi
6763,16672982,"Enes Aytaç","2026-08-14 12:12:24",268.5,2,enesayta
6764,16756743,"Ismail Alli Adekunle","2026-08-21 22:59:18",268.4,1,ismailalliadekunle
6765,16666553,DevChheda26,"2026-08-05 09:53:22",268.2,1,devchheda26
6766,16655813,minerppdy,"2026-08-04 06:06:58",268.2,1,minerppdy
6767,16659374,"[Deleted] 8f7327b9-2576-439b-bd6e-3f5fde366ebe","2026-08-04 10:12:44",268.0,1,del=8b215115eb53cbc1
6768,16689903,wangbohuan,"2026-08-08 09:35:12",267.6,2,wangbohuan
6769,16748312,C.Ronaldo,"2026-08-25 16:55:33",267.2,2,wzh20050212
6770,16698987,"Shree Ashok L","2026-09-01 05:16:16",266.8,2,"praneelbaskar,rishivarathan,santhoshkumarp24,shreeashok72"
6771,16670004,Zinc-Eater,"2026-08-19 22:50:41",266.8,2,zans7331
6772,16743603,tanmoypal11,"2026-08-19 15:19:36",266.6,1,tanmoypal11
6773,16723467,"Vladas Verkelis","2026-08-15 14:23:42",266.2,1,vlaveris
6774,16663003,devzohaib,"2026-08-04 21:27:30",266.1,1,devzohaib
6775,16676003,franck,"2026-08-06 14:59:55",265.9,2,bakura
6776,16717447,zhiyue666,"2026-08-14 10:09:51",265.8,1,zhiyue666
6777,16659280,"yahaya zayyan","2026-08-04 10:51:16",265.5,1,yahayazayyan
6778,16663191,"Arnav Anand","2026-08-04 19:53:08",265.4,1,arnavair27
6779,16664863,zzzhhcc,"2026-08-13 06:15:42",265.3,2,zzzhhcc
6780,16723726,"Erika Worrall","2026-08-15 23:09:17",264.9,1,erikaworrall
6781,16667365,"leul dereje","2026-08-08 06:54:54",264.8,2,leuldereje
6782,16695937,Ryckiii,"2026-08-09 13:03:24",264.7,1,ryckiii
6783,16659572,"ABHILASH PRAHARAJ","2026-08-04 11:24:21",264.7,1,abhilashpraharaj
6784,16687620,Goktug1,"2026-08-24 21:03:56",264.4,2,goktug1
6785,16690286,imunderthetree,"2026-08-08 12:25:51",264.4,2,imunderthetree
6786,16630833,"Savan Javia","2026-08-27 08:06:03",264.2,1,savanjaviya
6787,16654318,"Aryan Raj Ayush","2026-08-23 08:34:14",264.1,1,aryanrajayush
6788,16659387,dharssshiniii,"2026-08-04 09:48:15",263.9,1,dharssshiniii
6789,16719618,Javierrcs,"2026-08-14 13:16:05",263.9,1,javierrcs
6790,16658783,"Devesh Choudhury","2026-08-07 17:08:33",263.7,2,deveshchoudhury
6791,16681959,"shun takinami","2026-08-07 05:43:47",263.4,1,shuntakinami
6792,16661810,AGNES33,"2026-08-16 19:09:18",263.4,2,agnes33
6793,16727383,"Minchul Shin","2026-08-20 07:50:37",263.3,1,nashory
6794,16773358,yogeshgoudapatil,"2026-08-27 14:59:13",263.1,2,yogeshgoudapatil
6795,16736202,杨雨灿,"2026-09-02 09:24:09",263.1,1,yucanyang
6796,16675104,"khwaja Moula'Ali","2026-08-06 11:30:49",262.9,1,khwajamoulaali
6797,16789587,"José Luis","2026-08-29 09:54:52",262.6,1,joseluissz
6798,16665614,MesonLabs,"2026-08-11 06:17:27",262.4,1,mesonlabs
6799,16807575,Rf28,"2026-09-02 07:37:24",262.0,2,rehyyy
6800,16664157,"Runjie Zhu","2026-08-10 11:49:13",261.8,1,damiendesolei
6801,16783050,"Charles Chen","2026-08-29 05:33:27",261.8,2,charles2580
6802,16798152,"A secretive person","2026-09-02 13:18:48",261.5,1,asecretiveperson
6803,16811868,luyinn,"2026-09-03 05:29:25",261.5,1,luyinn
6804,16641331,ushi,"2026-08-05 13:33:18",261.2,1,yuki508
6805,16655786,leavts,"2026-08-04 02:35:50",261.1,1,leavts
6806,16750033,davidw001,"2026-08-20 17:13:07",260.9,1,davidw001
6807,16725537,"Ayan Bashir Sheikh","2026-08-15 18:02:07",260.7,2,ayanbashirsheikh
6808,16662066,"Yug Savalia","2026-08-06 19:06:26",260.6,1,"priyankagarg19,yugsavalia"
6809,16772354,"Gleidistony Mendes","2026-08-28 17:50:07",260.3,1,gleidistonymendes
6810,16782525,"Ashish Mittal","2026-08-28 05:27:46",260.2,2,ashish1502g
6811,16691583,Caleb,"2026-08-09 14:32:52",259.7,2,collev
6812,16696266,"Pandarasamy Arjunan (Samy)","2026-08-09 14:16:03",259.0,1,samy101
6813,16676991,"Jack Hopkins","2026-08-19 19:11:37",258.8,2,jackhopkins
6814,16655292,"Ingrid Fellah","2026-08-04 06:31:35",258.5,2,ingvor
6815,16789990,SA,"2026-08-29 15:10:26",258.4,1,soheiarisaka
6816,16716407,"Ibrahim Adamu Anka","2026-08-13 09:01:38",257.9,2,ibrahimadamuanka
6817,16740506,Growingduck,"2026-09-02 03:18:21",257.9,2,jaeminkang2021
6818,16635098,"Charvi Upreti","2026-08-15 05:43:59",257.4,1,charviupreti
6819,16691322,"Anita rai98765","2026-08-16 19:05:43",257.0,2,anitarai98765
6820,16667684,"Tim Neale","2026-08-06 13:01:12",256.9,1,timothyjneale
6821,16628765,"Kota Iizuka","2026-08-21 09:24:37",256.9,1,kotaiizuka
6822,16659900,"Abu Bakr","2026-08-04 18:30:29",256.9,2,mohamed32010
6823,16728249,"Ahmet Kiraz","2026-08-17 07:23:30",256.9,1,ahmetqiraz
6824,16630797,"Seok, Jeongeum","2026-09-02 11:19:20",256.7,2,seokjeongeum
6825,16675956,"Hassan Alghamoudi","2026-08-10 02:36:36",256.5,2,hassanabdulhafid
6826,16753831,zhangjiaweii,"2026-09-02 10:51:23",256.4,2,zhangjiaweii
6827,16623274,Mhmda81,"2026-08-03 00:10:04",256.3,2,mhmda81
6828,16784952,"Adria Barreto","2026-08-28 16:06:57",256.3,1,adriabarreto
6829,16671342,"Danh Nguyen 1303","2026-08-09 14:47:52",254.9,1,danhnguyen1303
6830,16662603,"Shem Gikunda","2026-08-06 17:24:48",254.9,1,shemgikunda
6831,16748882,gsv,"2026-08-20 16:13:45",254.7,1,ram1o1
6832,16656485,stunningvn,"2026-08-05 04:47:11",254.6,2,dedquoc
6833,16668654,"Zharkyn Makhanbet","2026-08-10 18:28:08",254.4,1,imadparadoxi
6834,16677786,"[Deleted] aec7dc1f-59cb-486f-998a-d2407e297536","2026-08-26 13:39:08",254.4,2,del=0fde9ba2630fee3c
6835,16725615,carside,"2026-08-29 04:49:31",254.2,1,carside118
6836,16653941,"Sachin Kumar Kushwaha","2026-08-11 08:45:11",254.1,2,sachinkumarkushwaha
6837,16793083,kurupical,"2026-08-30 22:06:48",254.0,1,kurupical
6838,16662048,"Deekshitha Prabhakar","2026-08-06 18:15:45",253.2,2,deekshithaprabhakar
6839,16656633,N25H03A1028,"2026-08-05 05:18:45",252.5,1,pardhusadhu
6840,16697020,"Hossam elden Mohamed","2026-08-15 01:13:51",252.5,2,hossameldenmohamed
6841,16792392,pansya,"2026-08-30 08:13:58",252.2,1,pansya
6842,16658567,"Sharif Mohamed (1)","2026-08-04 13:16:47",252.0,1,sharifmohamed1
6843,16685128,"Rohan Hake","2026-08-10 12:48:36",251.9,2,rohanhake
6844,16684535,Moonlight,"2026-08-14 15:53:31",251.9,2,rajesh1joc
6845,16669060,Twansss,"2026-08-15 04:37:59",251.8,2,twansss
6846,16684908,"Nidal Saleh","2026-08-08 14:08:20",251.7,2,nidalsaleh
6847,16785434,"Caik Franco","2026-08-28 18:05:21",251.6,1,caikfranco
6848,16759675,TianKitty,"2026-08-27 04:43:06",251.3,1,tiankitty
6849,16658644,"Hitarth Pandey","2026-08-09 03:04:42",251.1,1,hitarthpandey
6850,16782747,goodgreen,"2026-08-28 04:30:23",251.1,1,goodgreen
6851,16644398,Nurkan123,"2026-08-16 21:20:24",251.0,2,nurkan123
6852,16736084,"Kaishang Zhang","2026-09-02 13:41:28",250.7,2,kaishangzhang
6853,16685568,Secertive,"2026-08-08 17:59:52",249.9,1,secretiveplotter1863
6854,16795353,BlurreA,"2026-08-31 06:42:30",249.3,1,blurrea
6855,16621290,"Muhammad Ahsan","2026-07-30 17:35:00",249.3,2,ahsanneural
6856,16689364,"Udbhav Purwar","2026-08-11 10:12:00",249.2,1,udbhavpurwar
6857,16729874,"Shane Schisler","2026-08-17 18:10:06",249.1,1,seschis
6858,16666027,CropBOTS,"2026-08-13 16:12:42",248.4,2,"anshultickoo,itsmepooja,manuakumar,sapnajain115"
6859,16743823,"Zeyu Huang_summer","2026-08-19 17:24:11",248.3,2,zeyuhuangsummer
6860,16654314,Mahamudul_Hassan_8012,"2026-08-03 18:33:07",248.1,2,mahamudulhassan8012
6861,16700832,Blitz,"2026-08-10 11:37:18",247.7,1,premshinde
6862,16796241,"pavan rajr","2026-09-02 11:17:58",247.2,2,pavanrajr
6863,16659703,"Ananya #2","2026-08-04 12:00:26",247.0,1,ananyax8
6864,16671985,"vishal waghchaure","2026-08-07 09:25:36",246.8,2,vishalwaghchaure
6865,16780411,K.Satwik,"2026-08-27 16:23:04",246.8,2,ksatwik3220
6866,16716386,"Dev Marya","2026-08-13 09:26:18",246.4,1,devmarya
6867,16697628,"Yash Sharma","2026-08-17 15:33:32",246.3,2,yashsharma42
6868,16750285,LeEmperor,"2026-08-22 04:36:18",246.2,2,leemperor
6869,16701138,superpig,"2026-08-19 09:43:31",245.8,1,geniussuperpig
6870,16674950,Davide,"2026-09-02 10:48:37",245.4,2,quanttony
6871,16698886,pied_piper,"2026-08-10 14:11:15",245.3,2,ahanhalder
6872,16635610,JeffFosterUK,"2026-08-01 17:16:52",245.0,2,jefffosteruk
6873,16661689,"David Rao","2026-08-04 18:27:01",244.8,1,davidrao63
6874,16700992,Abhishek_1355,"2026-08-25 09:17:08",244.5,1,abhishek1355
6875,16679904,"Joshua Bensemann","2026-08-16 01:29:23",244.3,1,qazcat
6876,16668506,"Louie Tang","2026-08-08 06:56:52",244.2,2,louietang
6877,16687514,Dark_1926,"2026-08-07 20:30:33",243.9,1,dark1926
6878,16709957,"Lei Gao","2026-08-12 04:03:42",243.5,1,leigao31
6879,16711840,OverfitMilkCake,"2026-08-13 06:36:21",243.1,1,overfitmilkcake
6880,16809584,"Kinnal Rutu","2026-09-02 15:01:01",242.8,2,kinnalrutu
6881,16790483,"ivo nahuel jasinskas","2026-08-29 14:08:28",242.6,1,ivonahueljasinskas
6882,16675428,"Farhan Khairullah","2026-08-09 16:22:00",242.2,2,farhankhairullah06
6883,16654482,SarahShams,"2026-08-14 16:36:06",241.6,2,sarahshams
6884,16796678,ka,"2026-08-31 16:16:03",241.2,1,kandruszek
6885,16662039,"Ajat Rosadi","2026-08-04 16:58:10",241.1,2,ajatrosadi
6886,16660309,"Hazem Mahmoud Elsayd","2026-08-04 16:34:31",241.0,2,hazemmahmoudelsaid
6887,16660930,"Chung Ching Yeh","2026-08-04 14:44:34",240.9,2,chungchingyeh
6888,16656900,Hxrsh09,"2026-08-10 14:39:46",240.9,2,hxrsh09
6889,16689017,"Mounica Challa","2026-09-02 18:53:26",240.6,1,mounicachalla
6890,16657525,"Alae Lakhdar","2026-08-05 08:10:49",239.7,1,alaelakhdar
6891,16712990,shreyaaaaa9,"2026-08-12 16:17:06",239.7,1,shreyaaaaa9
6892,16663066,"Mithun Kore","2026-08-29 19:18:28",239.7,1,mithunkore
6893,16670747,"Aryan Kumar Chaudhary","2026-08-11 22:46:05",239.5,2,"aryankumarchaudhary,rakshitmundra"
6894,16809158,"Kaito Sada","2026-09-02 21:50:55",239.4,1,kaitosada
6895,16672284,"Dhruv | AI/ML Engineer in Progress","2026-08-07 06:55:13",239.1,1,dhruvdipakchudasama
6896,16659283,"DILEEP POTHULA","2026-08-08 06:43:15",239.0,2,dileeppothula
6897,16660749,"PavanK Saketh","2026-08-04 13:38:48",238.8,2,pavanksaketh
6898,16671827,"Shourya Gupta","2026-08-30 10:10:00",238.5,2,siriuspotter
6899,16624000,Leneen,"2026-08-31 16:02:47",238.2,1,leneen
6900,16639168,Sergey,"2026-08-27 07:49:54",238.1,2,sergeymikhailovn
6901,16660291,"Abhijit Rajkumar","2026-08-04 13:27:44",238.1,2,abhijitrajkumar
6902,16623131,"Liam Carrig Newsam","2026-08-04 00:00:03",237.8,1,liamcarrignewsam
6903,16655159,"Marcel Relaford","2026-08-13 01:26:26",237.7,1,marcelrelaford
6904,16687337,"sravani kamjula","2026-08-07 19:38:39",237.1,2,sravanikamjula
6905,16777986,小雨姑娘,"2026-08-27 21:51:19",236.1,2,skewcy
6906,16678083,"Abdeljalil Idalahaj","2026-09-02 01:50:31",235.7,2,abdeljalilidalahaj
6907,16661252,"Andrzej Walczak","2026-08-05 09:46:19",235.5,2,andrzej1983
6908,16790137,sinchir0,"2026-08-30 12:52:05",234.4,1,sinchir0
6909,16659910,"Shraddha Kumbhar","2026-08-07 09:55:58",234.2,2,raj113
6910,16717586,wangjialu2333,"2026-08-15 09:29:36",234.0,1,wangjialu2333
6911,16654256,"KONGARA PRASANTH","2026-08-04 03:40:27",233.4,2,prasanth2008
6912,16751141,DeadJed,"2026-08-26 11:10:40",232.8,2,deadjed
6913,16668438,"Sahil Suman","2026-08-16 17:09:20",232.5,1,sahilmanavraunak
6914,16665463,Seendon,"2026-08-06 19:19:25",232.5,2,informationminer
6915,16744221,Dizzy1829,"2026-08-29 04:15:48",232.3,1,dizzy1829
6916,16661494,"Arulmaniyan Rajavel","2026-08-22 13:46:58",232.3,2,arulmaniyanrajavel
6917,16744545,"Aditya Kumar Singh 013","2026-08-19 18:45:42",232.1,1,adityakumarsingh013
6918,16656287,sandip_shaw123,"2026-08-05 10:02:07",232.0,1,sandipshaw123
6919,16666946,pwxc00,"2026-08-25 17:26:40",231.8,2,alert04
6920,16663448,"Adel I.","2026-08-07 12:55:44",230.7,2,adelid
6921,16715896,新木,"2026-08-18 05:25:46",230.7,1,sunchief
6922,16636540,"Burkova Nastia","2026-08-01 13:34:02",230.4,2,"burkovanastia,ellvalerie"
6923,16633342,farm75,"2026-08-03 14:03:14",230.1,2,sakthi75
6924,16693318,meow3301,"2026-08-09 02:33:34",230.1,2,meow3301
6925,16681610,"team maccy","2026-08-07 20:27:06",229.6,1,robertgama
6926,16724325,Melancholian,"2026-08-15 06:43:12",229.2,1,kasaneru
6927,16668379,dccgps,"2026-08-08 05:44:36",229.1,1,dccgps
6928,16623846,"masatoshi hiraki","2026-07-31 07:52:39",228.2,2,masatoshihiraki
6929,16666719,helenkwok,"2026-08-06 14:55:20",228.0,1,helenkwok
6930,16768568,Nour102006,"2026-08-27 04:46:00",228.0,2,nour102006
6931,16732342,"Viktor Antonov","2026-08-18 10:22:32",227.4,1,viktorantonov
6932,16682051,"Noorjahan Siddiqui","2026-08-10 09:33:35",227.4,2,noorjahansiddiqui
6933,16667238,"Srija ganguluri","2026-08-07 10:14:48",227.4,1,srijaganguluri
6934,16706134,NK11FC,"2026-08-25 11:30:00",227.2,2,nk11fc
6935,16639692,"Nirmal Patel","2026-08-06 03:05:27",227.2,2,nirmalpatel02
6936,16793392,"reda elkrouchni","2026-09-02 16:16:05",227.1,2,redaelkrouchni2
6937,16723404,"Mahdi Al Hajji","2026-08-20 02:13:12",227.0,2,mhh1430hacker
6938,16776824,"Manuel Santiago Atencio","2026-09-01 21:01:47",227.0,2,manuelsatencio
6939,16760392,Владимир,"2026-08-23 00:19:23",226.5,1,vgkuvshinov
6940,16676992,NIDHIHEER01,"2026-08-16 17:09:00",226.5,1,nidhiheer01
6941,16741239,"fjf 1asd","2026-08-19 08:46:31",226.4,1,fjf1asd
6942,16632724,"Sayan Dutta","2026-08-04 07:47:42",226.2,1,sayan1507
6943,16743329,"Daniel Obioma emenike","2026-08-31 02:29:55",226.2,2,danielobiomaemenike
6944,16712395,"Zuohong Pan","2026-08-12 12:15:40",225.6,1,pshuaibi
6945,16651507,jappanini,"2026-08-03 09:14:04",225.3,1,jappanini
6946,16666365,yiyu0716,"2026-08-27 12:38:04",225.3,2,yiyu0716
6947,16656515,"Rushal Manandhar","2026-08-06 04:15:01",224.9,1,rushalmanandhar
6948,16644360,Mathous,"2026-08-02 20:28:00",224.8,1,mathisdac
6949,16669473,"William Bickelmann","2026-08-05 17:47:13",224.6,1,williambickelmann
6950,16738145,綿鍋だよん,"2026-08-22 13:38:54",224.1,1,potrue
6951,16702060,Mcusac,"2026-08-13 19:42:54",224.1,1,mcusac
6952,16660990,"Bunny Tang","2026-09-01 14:26:34",223.7,2,tanghung64
6953,16762162,"Shota Hirao","2026-08-23 12:34:05",223.1,1,shotahirao
6954,16663438,"Varun Prajapati","2026-08-08 21:54:54",223.0,2,"krunalasari,varun2206"
6955,16715791,CustardApple47,"2026-08-14 12:48:02",222.9,1,custardapple47
6956,16663333,"Iago Moura e Moreira","2026-08-04 20:05:06",222.6,1,iagomouraemoreira
6957,16769114,angayoung,"2026-08-25 07:22:00",222.5,1,joaga0603
6958,16667550,"Oseni Sakariyau Oluwadamilare ","2026-08-23 10:05:56",222.4,2,sakabambam
6959,16663910,"Shivram Nekkanti","2026-08-07 14:38:04",222.2,1,shivramnekkanti
6960,16658311,zkskhurram,"2026-08-05 07:59:40",221.9,2,zkskhurram
6961,16727681,JanV123,"2026-08-21 05:58:02",221.4,1,janv123
6962,16655482,Apoorv007,"2026-08-04 01:55:41",221.0,1,apoorv007
6963,16749225,"Hisyam Prasetyo","2026-08-27 11:26:07",220.8,2,hisyamprasetyo
6964,16682689,HenryRichardson1,"2026-08-07 10:00:12",220.8,1,henryrichardson1
6965,16757098,"Tharun kumar Jaya kumar","2026-08-30 02:29:39",220.7,1,tharunkumarjayakumar
6966,16677328,"Eng. Husnain","2026-08-08 13:13:23",220.4,2,enghusnain
6967,16684237,Zen_0910,"2026-08-07 17:07:02",220.0,1,zendeptrai
6968,16688190,"Win M","2026-08-08 00:28:18",218.7,1,winmet
6969,16794720,"paola hernandez55","2026-08-31 04:19:31",218.6,1,paolahernandez55
6970,16738563,"Amrutha H","2026-08-19 14:01:51",218.5,1,amr13utha
6971,16666414,salyamq,"2026-08-05 16:41:38",218.4,1,salyamq
6972,16692652,"Harsith R","2026-08-08 20:26:56",218.0,1,chiefofpredicitions
6973,16795043,"SONU RAUT","2026-08-31 09:25:56",218.0,2,sonuraut
6974,16773557,"Rudra kalyan","2026-08-26 09:08:54",217.9,2,rk1144
6975,16654244,"Saad Nanawala","2026-08-03 18:17:33",217.8,1,saadnanawala
6976,16802892,YUYA,"2026-09-02 13:31:18",217.7,2,yuyaizumikawa
6977,16811407,"Souta Wakatsuki","2026-09-03 00:01:10",217.5,1,souwaka
6978,16656771,"thushara bandara","2026-08-07 04:13:43",217.3,2,dushyanthibandara
6979,16652159,Boson328,"2026-08-04 10:06:13",217.1,1,boson328
6980,16663913,"Aanaa Kaliil","2026-08-05 15:15:31",216.4,2,aanaakaliil
6981,16769470,HaHHYbYY,"2026-08-26 07:52:33",216.3,1,hahhybyy
6982,16724242,"Romash Koirala","2026-08-20 11:34:14",215.9,1,romashkoirala
6983,16668048,"Gazi Sayem Uddin Samir","2026-08-05 14:29:51",215.8,2,gazisayemuddinsamir
6984,16799132,"Marlon Vasquez","2026-09-01 08:07:31",215.5,2,vexmeavf
6985,16623563,"Jocelyn Dumlao","2026-09-01 02:35:54",215.3,2,jocelyndumlao
6986,16760920,"Román Eliezer Pérez Ríos","2026-08-31 18:07:43",215.0,2,perezrios
6987,16639465,"Gabriel Aguiar Leao","2026-08-02 00:23:49",214.9,1,"gabrielaguiarleao,marcositta"
6988,16679713,"John william Vicente 🇧🇷","2026-08-07 00:38:57",214.7,1,chrollo079
6989,16662108,nhkien,"2026-08-05 06:52:18",214.6,2,nhkien
6990,16674093,"Hoàng Trần Đặng Minh","2026-08-06 08:54:38",214.3,1,hongtrnngminh
6991,16723262,"Tiago OliveiraLL","2026-08-28 18:22:12",214.1,1,tiagooliveirall
6992,16744461,"Adiratna Kamble","2026-08-21 22:05:13",214.0,1,adiratnakamble
6993,16736759,"Lavesh Kadam","2026-08-18 10:55:05",213.9,1,laveshk314
6994,16654827,"ADITYA KUMAR MISHRA","2026-08-03 20:07:22",212.8,1,aditya1kumarmishra
6995,16660978,"Maksym Khavil","2026-08-04 13:43:48",211.9,1,maksymkhavil
6996,16665371,"Kevoh Mutwiri","2026-08-24 19:31:27",211.2,2,kevohmutwiri
6997,16679470,"GamaL Mahmoud","2026-08-08 13:33:52",210.6,2,gamalmahmoudtaha
6998,16802867,matcha110,"2026-09-02 15:56:01",209.1,2,matcha110
6999,16707062,"G DOLANARASIMHA","2026-08-11 12:18:02",208.2,2,gdolanarasimha
7000,16666037,"Matheus Marques","2026-08-06 06:03:28",208.1,2,mathmarquesbr
7001,16792329,"Kumkum Barot","2026-09-02 06:44:17",207.9,2,kumkumbarot02062003
7002,16656196,"Vishwash Golakiya","2026-08-27 01:07:00",207.0,1,vishwashgolakiya
7003,16730086,HanaGhanem,"2026-08-16 23:44:56",206.0,1,hanaghanem
7004,16659247,cindrella_18,"2026-09-02 06:43:32",205.6,2,"ankithraj30,neharaj1518"
7005,16683577,"Ankush Kumar M","2026-08-07 13:19:05",205.0,2,ankushkumarm
7006,16635248,eosphor,"2026-08-01 09:46:59",203.6,2,eosphor
7007,16657628,Hamo,"2026-08-07 12:00:21",203.5,2,mohamed2223
7008,16666383,"Sindhi Vishal","2026-08-14 10:46:32",203.2,2,sindhivishal
7009,16674390,yangluo1,"2026-08-08 01:31:08",203.1,2,yangluo1
7010,16658635,"Deepak Kumar ","2026-08-05 02:38:29",202.7,2,deepak2026ml
7011,16662083,ihabkaggle,"2026-08-07 00:42:33",201.6,2,ihabkaggle
7012,16734896,pattikamo,"2026-08-27 10:52:28",201.5,2,pattikamo
7013,16662269,"KAMLESH KUMAR POKHARNA","2026-08-06 17:25:51",200.9,2,kamleshkumarpokharna
7014,16667968,ChronosData,"2026-08-18 14:25:43",200.9,2,codex5843
7015,16660146,4Solver,"2026-08-08 02:06:19",200.4,2,msfbiolinhares
7016,16802035,"sanchit atre","2026-09-01 09:31:07",200.1,2,sanchitatre
7017,16729148,"Marco M","2026-08-16 22:51:36",200.1,1,marcoms1000
7018,16662630,"M.mohamed Muhasir","2026-08-05 18:25:39",199.7,2,mmohamedmuhasir
7019,16797025,"Jonathan Glinton","2026-09-02 00:01:32",199.4,2,jonathanglinton
7020,16659036,"Mohammed Kaif","2026-08-04 10:41:22",198.9,2,mkaif001
7021,16669142,"Jaclyn Agee","2026-08-07 15:21:06",198.9,2,jaclynagee
7022,16686834,Kaabbil,"2026-08-09 16:14:49",198.6,2,"dr3aking,kaabbil"
7023,16780986,Azizbek,"2026-09-01 14:26:45",198.4,2,miracle88
7024,16668018,"DAVID CHEW HL","2026-08-06 06:36:34",198.2,2,davidchewhl
7025,16664315,happy_boy_2007,"2026-08-12 09:04:40",198.1,1,happyboy2007
7026,16775493,"JOE DEVA JERRY D ","2026-08-26 15:41:55",198.1,1,joedevajerryd
7027,16680419,"Tech Changer","2026-08-17 12:31:58",198.0,1,johnbibin
7028,16677403,bababoy,"2026-08-15 14:55:17",197.6,2,adrienrenard
7029,16713329,qrcodeTH,"2026-08-13 08:22:40",197.6,2,thanaphumsaywonin
7030,16661500,"yagnit sutariya","2026-08-04 15:34:39",197.5,1,yagnitsutariya
7031,16699578,kakanekoka,"2026-08-12 13:35:37",197.3,1,kakanekoka
7032,16653462,"Ruchi Scott","2026-08-12 12:19:19",196.7,2,ruchiscott
7033,16752120,"Görkem Tuğ","2026-08-24 10:45:35",196.2,2,grkemtu
7034,16688165,"David @ Koantek","2026-08-25 23:53:17",195.5,2,artificialbrilliance
7035,16785398,"Vitória Freitas","2026-08-28 20:07:12",195.2,1,vitoriafreitas13
7036,16662099,"The Algorithmist","2026-08-04 23:41:59",194.8,2,riyagheewala
7037,16632111,"Arda Çiftçi","2026-08-04 20:03:37",194.7,2,ardaciftci
7038,16807010,cjsrudals,"2026-09-02 14:01:08",194.6,1,cjsrudals
7039,16655573,"Probablyaphilosopher ","2026-08-16 00:01:40",194.5,2,probablyaphilosopher
7040,16752481,"Thanh Toan","2026-08-21 08:33:13",194.5,2,tonnglthnh
7041,16656210,"Sanjay Suthraye","2026-08-04 14:55:13",194.4,2,sanjaysuthraye96
7042,16757671,xxxxc47,"2026-08-22 08:25:52",194.2,1,xxxxc47
7043,16658401,"Aryan Lonare","2026-08-04 09:55:47",193.9,2,aryandyalullonare
7044,16724995,dice1494,"2026-08-16 08:51:34",193.5,1,dice1494
7045,16653906,swaroop41,"2026-08-04 05:53:29",193.4,2,swaroop41
7046,16658969,"Yuri Maslov","2026-08-04 10:11:45",193.4,1,yurimaslov
7047,16633003,"K Mukhiya ","2026-08-01 12:09:51",193.1,2,kmukhiya
7048,16658522,"Amna khanii23","2026-08-07 05:15:47",193.1,2,amnakhanii23
7049,16784431,"Régis Meyssonnier","2026-08-28 14:47:27",192.2,1,rgismeyssonnier
7050,16670462,"Talha Kayar","2026-08-15 15:24:03",192.2,2,talhakayar
7051,16670777,"Aman Yitbark","2026-08-13 05:43:27",191.9,1,amanyitbark
7052,16729010,"karan sankhe","2026-08-16 15:15:45",191.6,2,karansankhe1356
7053,16668495,Herisitraka,"2026-08-05 17:16:28",191.1,2,herisitraka
7054,16659062,"MOHAMMAD SUBHAN PASHA","2026-08-17 07:14:09",191.0,1,mohammadsubhanpasha
7055,16639615,rickzai,"2026-09-01 05:37:21",190.9,2,rickzai
7056,16657344,"Ombayo fredrick","2026-08-04 14:04:04",190.9,2,ombayofredrick
7057,16705360,Elahi,"2026-08-18 05:49:00",190.5,2,mmelahi
7058,16630041,"Devi prashad tripathi","2026-08-03 17:56:58",190.4,1,deviprashadtripathi
7059,16763255,"I P Tharun Gowda","2026-08-31 16:07:06",190.4,2,iptharungowda
7060,16633551,"Subarno Sen","2026-08-25 04:42:35",190.2,2,lordfiftyfive
7061,16632119,nickyl,"2026-08-18 15:41:50",189.9,2,nickyjliang
7062,16662557,"Naman Sudershan","2026-08-05 13:21:08",189.8,2,namansudershan
7063,16662803,"Ashish Gawade","2026-08-04 19:11:19",189.7,2,ashishgawade
7064,16706557,"Nurullah Gundogdu","2026-08-11 17:52:07",189.6,2,nurullahgundogdu
7065,16657462,"CROP CODERS","2026-08-10 18:00:28",189.4,2,"dhanvanthraj,raghavan9944,shanmugam666,sitha2345,sumaiyahibrahim"
7066,16663945,anyasri,"2026-08-18 03:52:31",189.0,2,anyasri
7067,16715354,"Alyssa Clark","2026-08-14 02:52:26",188.9,2,a1yssaclark
7068,16663265,"Darlington Ayakazi","2026-08-04 20:26:08",188.8,1,darlingtonayakazi
7069,16734901,Breaking1800,"2026-08-22 10:59:10",188.8,2,breaking1800
7070,16666706,baijiachang,"2026-08-05 11:04:21",188.8,1,baijiachang
7071,16658693,leehuilong,"2026-08-06 12:49:22",188.8,2,leehuilong
7072,16665223,"Sawon Mitra","2026-08-07 11:11:17",188.7,2,sawonmitra
7073,16690199,"Lavkush Yadav","2026-08-08 10:20:55",188.7,1,lavkushyadavcse
7074,16756875,"Meryem Kevser Keskin","2026-09-01 21:30:35",188.6,2,meryemkevserkeskin
7075,16664875,SaiSujitPunukollu,"2026-08-05 05:46:11",188.6,1,saisujitpunukollu
7076,16697466,"hunain shahid","2026-08-11 06:12:38",188.3,2,hunainshahid230
7077,16629426,"Abdullah Qureshi","2026-07-31 10:00:44",188.2,2,abdullahqureshi120
7078,16656278,"Bhuvaneshwari Rebba","2026-08-04 09:20:36",187.7,1,bhuvaneshwarirebba
7079,16692568,"Muhammed Gulfam Toor","2026-08-13 19:04:32",187.7,2,gultoor
7080,16791131,"Maria Carolina BRAY","2026-09-02 16:52:31",187.6,2,mariacarolinabray
7081,16680858,"Harshul Gupta","2026-08-21 04:40:05",187.4,2,harshulgupta77
7082,16698307,AnasAl7,"2026-08-10 13:08:08",187.3,2,anasal7
7083,16714589,xinsu9898,"2026-08-16 22:26:49",187.2,1,xinsu9898
7084,16662662,"Joaquim Jose1","2026-08-04 17:57:03",187.2,1,joaquimjose1
7085,16733121,saturnliu,"2026-09-02 07:34:54",186.9,2,saturnliu
7086,16624973,"Mrunmayee Kulkarni","2026-07-31 06:16:46",186.7,1,kulmrun
7087,16640468,"Sohangkumar Patel","2026-08-26 15:00:44",186.6,2,samsamurai
7088,16625043,"Ivan Litvak","2026-08-27 21:14:45",186.6,2,trydotatwo
7089,16697339,"Muhammad Safwan Ahmad Saffi","2026-08-15 00:28:21",186.6,2,safwanahmadsaffi
7090,16691502,"DILANE FOGUE KAMGA","2026-08-08 15:20:05",186.5,1,dilanekamga
7091,16725990,"Parth Tomar","2026-08-24 12:35:45",186.4,2,parthtomar193
7092,16671232,"sms tcil","2026-08-07 13:03:30",186.2,1,smstcil
7093,16676026,"Bedashree Swarupa Das","2026-08-06 14:14:21",186.2,1,ashokkumardasbedashr
7094,16630725,"vaibhav vyas","2026-08-06 10:56:52",186.2,2,vaibhavvyas0
7095,16722089,"Saidjon Ramazonov","2026-08-16 05:51:50",185.8,2,saidjonramazonov
7096,16743630,TRP,"2026-09-01 17:06:48",185.7,2,tejratanpaulrocky
7097,16690112,"Ayush Tripathi","2026-08-17 09:03:03",185.6,2,ayushtripathi112
7098,16663334,"sameer mughal","2026-08-29 20:12:57",185.4,2,sameermughal109
7099,16681895,Akshar,"2026-08-07 06:16:19",185.3,2,aks0625
7100,16701997,zran1t,"2026-08-15 14:10:18",185.2,2,zran1t
7101,16662859,"Mohamed Zahran","2026-08-05 04:41:56",185.0,1,zrnking2012
7102,16659929,"MAMADOU LY (LY BOUSSO 45)","2026-08-13 11:43:25",184.9,2,mamadoulylybousso45
7103,16657227,"Anusha Marla","2026-08-04 07:05:53",184.4,2,anushamarla
7104,16769595,Rudra,"2026-09-03 02:18:39",184.2,1,rudrabhaskar
7105,16664586,"Owen Lim","2026-08-05 05:42:25",184.2,2,owenlim45
7106,16685093,"Huzaifa Inam","2026-08-07 13:47:15",183.6,2,huzaifainam
7107,16730380,"FOKRUL ISLAM LECTURER","2026-08-19 01:56:28",183.5,2,fokrulislamlecturer
7108,16658362,MHaurel,"2026-08-09 15:32:45",183.4,1,hetax17
7109,16658440,"Gloria Lourelynn S","2026-08-04 15:16:09",183.3,1,glorialourelynn
7110,16657306,"Krunal Chavda","2026-08-07 21:38:11",183.3,2,krunalchavda21
7111,16664458,"Prantik Chandra","2026-08-05 05:47:10",183.0,1,prantikchandra
7112,16688288,"Ojo Oluwadamilare","2026-08-08 01:43:30",182.9,2,ojooluwadamilare
7113,16713002,"Adithya M","2026-08-13 15:42:17",182.4,2,adithya3907
7114,16712562,"Sagar Singh","2026-08-17 09:28:26",182.3,2,acrejzz
7115,16660285,"Sawan Kohli","2026-08-06 13:11:44",182.2,2,sawankohli
7116,16661447,"Sibel Özbek","2026-08-04 20:50:27",182.1,1,sibelzbek
7117,16654124,"Aditya Kumar Singh","2026-08-05 09:57:29",181.7,2,adityq121608
7118,16773333,"Abdullah javed Javed","2026-08-29 06:46:45",181.7,2,abdullahjavedjaved
7119,16701106,moshito,"2026-08-10 14:13:58",181.6,2,"danamaulana123,moshito,naufaldhiaulhaq01"
7120,16658033,"sanjay Ghalagi","2026-08-27 15:29:34",181.6,2,sanjayghalagi
7121,16667231,bettsy,"2026-08-05 12:12:35",180.9,2,bettsy
7122,16721941,"Rita Ohabuenyi","2026-08-14 12:57:37",180.8,2,ritaohabuenyi
7123,16802348,Shergill_17,"2026-09-01 11:17:15",180.6,2,shergill17
7124,16657578,raushancoursework,"2026-08-05 06:54:51",180.3,1,raushancoursework
7125,16677081,"Brandon Gaston","2026-08-12 23:49:58",180.2,1,mushmon
7126,16777407,"Fahrur Rozzi","2026-08-26 23:01:52",179.6,1,frozzi18
7127,16695951,"Gleb Makarenko","2026-08-09 18:21:25",179.3,2,gleny48
7128,16632418,"Bretokce 3amich","2026-08-07 12:18:26",179.2,2,bretokce3amich
7129,16641277,Zenieverse,"2026-08-30 05:09:04",178.6,2,zenieverse
7130,16667886,"Ubaid ur rehman 0345","2026-08-05 15:23:12",178.5,2,ubaidurrehman0345
7131,16657892,"Boonanan namna","2026-08-17 04:36:04",177.9,1,boonanannamna
7132,16690433,"Amar Amar Gupta","2026-08-15 10:08:37",177.6,2,amaramargupta
7133,16632458,"RAMAN BANSAL","2026-08-24 04:35:56",177.5,1,ramanbansal
7134,16683808,RuggedBones,"2026-09-03 02:08:03",177.4,2,ruggedbones
7135,16785085,"THEEPAN S.S","2026-08-28 16:35:39",177.1,2,theepanss
7136,16670662,"Gina Lee","2026-08-11 22:45:21",177.0,2,ginaleegdm
7137,16690195,"Manshi Shukla","2026-08-08 10:12:24",177.0,2,manshishukla
7138,16625029,Hilarus,"2026-08-01 15:59:02",176.7,2,hilagbag
7139,16659271,Hamish,"2026-08-12 12:48:51",176.7,2,hamishdickson
7140,16634761,"CHARHBILI Moad","2026-08-07 13:44:23",176.6,1,charhbilimoad
7141,16771841,"Panagiotis Alimisis","2026-08-25 18:00:11",175.5,1,palimisis6
7142,16654098,"Mohd Zaki","2026-08-26 01:46:45",175.5,2,mdzaki08
7143,16656954,"Marwan Elmetwally","2026-08-04 05:56:29",174.7,2,marwanelmetwally
7144,16755329,SBedrosian123@,"2026-08-21 15:07:41",174.6,1,sbedrosian123
7145,16717094,geoperate,"2026-08-13 12:30:26",174.6,1,geoperate
7146,16626979,"Soobin An","2026-09-03 04:55:44",174.4,2,myotterspace
7147,16669311,Schoki,"2026-08-17 22:26:49",173.8,2,jensdnisch
7148,16712406,"L Sangeetha","2026-08-18 01:56:24",173.7,2,lsangeetha
7149,16629441,Sofia_Gilka,"2026-08-01 07:45:58",173.7,2,sofiagilka
7150,16740144,Salmon,"2026-08-21 12:55:13",173.3,2,shin3110
7151,16713896,"Quantum Fusion","2026-08-14 12:12:34",173.2,1,gugurobotics
7152,16621610,NMarkS,"2026-09-02 13:35:10",173.2,2,nmarks
7153,16755664,"Shivam Rajdev","2026-08-21 17:52:04",173.1,1,shivamrajdev
7154,16656164,"Justin Schomer","2026-08-09 09:05:59",172.3,2,fathersecurity
7155,16741243,"Yasin Mert Şahin","2026-08-19 08:02:12",171.0,2,ymertsahin
7156,16778908,"PATIL ADITYA PANDURANG","2026-09-01 17:34:33",171.0,1,"jagdalepranavsagar,patiladityapandurang,pavankadam7005"
7157,16718139,"shah jatin","2026-08-30 09:40:14",170.9,2,shahjatin
7158,16662334,"Andres Beltran","2026-08-04 22:58:11",170.7,2,andresbeltran05
7159,16647390,"guoqin gu","2026-08-11 08:54:59",170.3,1,guoqingu
7160,16723289,"Caio Saboia","2026-08-28 18:24:29",170.0,1,caiosaboia
7161,16660342,"Adapa Gopireddy","2026-08-04 12:49:43",169.8,1,adapagopireddy
7162,16794281,"adilio freitas","2026-08-30 22:25:36",169.7,1,adiliofreitas
7163,16653934,"Ayomide Abdulrahmon","2026-08-03 19:22:32",169.4,2,ayomideabdulrahmon
7164,16698164,"Ruizhang Zhi","2026-08-27 14:51:13",168.8,2,ruizhangzhi
7165,16634016,"Adrien Thomas","2026-08-19 17:15:08",168.8,1,adrienthomas
7166,16717600,"Collistus Kibe","2026-08-21 22:13:38",168.7,2,collistuskibe
7167,16662933,"Marcelo Pereira","2026-08-19 01:14:40",168.0,2,marcekkusrp
7168,16681056,"Aryan Jhingan","2026-08-11 18:53:48",167.8,2,aryanjhingan
7169,16712568,"Tanvi Dobariya","2026-08-14 17:39:52",167.2,1,tanvidobariya
7170,16754111,"Kalpana Patki","2026-08-22 16:05:10",166.9,1,kalpanapatki
7171,16661460,Lucky,"2026-08-31 17:53:25",166.9,2,tmiya0107
7172,16756264,query_stop,"2026-08-27 00:24:14",166.3,2,jaared
7173,16690188,Anurag,"2026-08-08 10:20:42",166.1,2,kumaranu2007
7174,16784932,"Shefali Pradhan","2026-08-29 10:03:30",165.2,2,shefalipradhan
7175,16683903,Saju,"2026-08-17 11:31:45",164.9,1,sajutr
7176,16809820,"Pramit Das","2026-09-02 16:30:18",164.2,1,pramitdas
7177,16672322,"khalil ur Rehman","2026-08-13 05:10:03",164.2,2,khalilurehman
7178,16718605,"صفاء عبد الرقيب","2026-08-31 19:21:50",164.1,2,bssgirl
7179,16697540,"Jared Floersch","2026-09-02 14:34:06",162.8,2,jaredfloersch
7180,16674774,"Dine ALASSANE","2026-08-07 05:53:28",162.2,2,dinealassane
7181,16750391,"Batuhan Yerebasmaz","2026-08-20 18:34:21",162.0,2,batuhanyerebasmaz
7182,16705490,"KASTHURI DEVI M","2026-08-13 10:42:42",160.8,2,kasthuridevim
7183,16656815,"Atharva S. Naladkar","2026-08-06 06:46:40",160.6,2,atharvasnaladkar
7184,16654556,anjipoo,"2026-08-05 15:33:04",160.5,2,anjana0812
7185,16737641,"PATIL ATHARV VIJAYKUMAR","2026-09-01 18:05:10",160.3,2,"atharv095022,patilsarthakvilas,sonuretusharsuresh"
7186,16806568,"Mumtaz Ahmad Maitla","2026-09-02 06:08:22",159.9,2,mumtazahmadmaitla
7187,16679979,Pranav6657,"2026-08-07 02:40:48",158.4,1,pranav6657
7188,16680165,"Radwa ALkalifa","2026-08-23 08:39:37",158.1,2,radwahamada
7189,16636855,"Wynn Koo","2026-08-01 14:03:04",157.9,1,yongfenggg
7190,16782192,"Marcelo Correa","2026-08-28 04:15:07",157.5,1,mvcorrea
7191,16662123,hannhu40022,"2026-08-04 18:45:07",157.3,2,hannhu40022
7192,16654384,"Alladi Sai Kalyan Raman 24BCE1509","2026-08-30 09:33:11",156.5,2,alladisaikalyanraman
7193,16697716,ZEO,"2026-08-09 19:43:41",155.1,1,anuppatil29
7194,16770924,rohit,"2026-09-01 15:55:43",155.1,2,rohitsrinivasan31
7195,16621770,"Rudraksh Zodage","2026-07-30 20:07:49",155.0,2,rudrakshzodage
7196,16770096,Program,"2026-09-01 19:36:25",153.4,2,panagiotapanora
7197,16626159,"Cảnh Đinh Tiến","2026-08-02 09:17:36",152.4,2,tourist110406
7198,16730745,"Aymerou Yaya Koné","2026-09-02 04:33:04",152.2,2,aymerouyayakon
7199,16793648,Sarda___,"2026-08-30 16:51:21",151.6,2,brainnotfound3
7200,16656235,"Zain Ul Abideen Samo","2026-08-06 15:22:02",151.3,2,zainulabideensamo
7201,16707146,kaganou,"2026-08-11 13:19:53",150.7,1,kaganou
7202,16658189,"Zale John","2026-08-26 00:48:24",150.6,2,zalejohn
7203,16716402,"Shashvat Singham","2026-08-13 10:56:39",150.3,1,shashvatsingham
7204,16657486,"Turhan TAS","2026-08-10 09:21:40",149.0,1,turhantas
7205,16656240,"SACHIN KUMAR","2026-08-10 03:13:24",148.8,2,sackm123
7206,16664199,SomyaSingh_07,"2026-09-01 07:03:52",148.5,2,somyasingh07
7207,16739102,"Mithulya Kumarapeli","2026-08-30 03:53:39",148.5,1,sandalim
7208,16756344,"Pasindu Perera","2026-08-21 19:21:11",148.2,1,amavinperera
7209,16719809,"Milanto FR","2026-08-14 05:37:48",148.1,2,milantofr
7210,16661160,"Roobhasridevi P","2026-08-04 14:31:22",147.9,1,roobhasridevi
7211,16623660,"Taylor S. Amarel","2026-07-31 23:36:48",147.8,1,taylorsamarel
7212,16683220,Kongali,"2026-08-10 01:24:37",147.3,2,kongali
7213,16660340,"pawan sondhiya","2026-08-07 06:22:38",146.2,2,pawansondhiya
7214,16662295,"benja cooper","2026-08-04 17:41:28",146.0,2,benjacooper
7215,16743241,"Adhvaith KS","2026-09-02 14:30:35",145.8,1,adhvaithks
7216,16808545,"Qinyong Wang","2026-09-02 11:53:03",145.7,2,magicwqy
7217,16662809,"Chukwu Excellent","2026-08-08 22:06:34",145.5,2,chukwuexcellent
7218,16725070,"Mehak Iftikhar","2026-08-15 13:21:30",145.3,2,mehakiftikhar
7219,16743822,Surya,"2026-08-19 16:21:21",145.1,1,suryapandian
7220,16737040,"Joseph Djian","2026-08-30 21:18:34",144.3,2,djian55
7221,16713435,"Visruti Patidar","2026-08-16 11:18:23",143.2,2,visrutipatidar
7222,16799001,"Trịnh Quang Minh","2026-09-01 05:16:32",143.2,1,trnhquangminh140
7223,16662230,"Angus Mc Gregor","2026-08-13 21:25:46",142.6,2,angusmcgregor
7224,16670547,"Maduako Prince","2026-08-05 22:53:03",142.5,2,maduakoprince
7225,16723068,"Clara Lima Silva","2026-08-21 21:39:57",142.0,1,claralimasilva
7226,16659840,"Dasari Giri Gabrelu","2026-08-05 13:41:11",141.9,2,giridasari
7227,16659582,"Srikanth Adivanna","2026-08-04 11:25:45",141.9,1,srikanthadivanna
7228,16640323,"KOUSHIK KUMAR DINDA","2026-08-29 01:55:31",141.7,2,koushikkumardinda
7229,16656643,"Willetta Dettore","2026-08-05 15:33:52",141.7,2,willettadettore
7230,16748612,"Priyadharshini B","2026-08-24 12:06:18",141.6,1,priyadh29
7231,16690499,SuperAI@2615,"2026-08-11 16:42:48",141.5,2,superai2615
7232,16623094,"Claudia Arias Gonzalez","2026-09-02 20:56:53",141.4,2,claudiaariasgonzalez
7233,16621565,"salih chindo","2026-08-12 19:45:58",141.3,1,salihchindo
7234,16659871,"Abel Kpoton","2026-08-04 20:41:20",139.9,2,abelkpoton
7235,16659451,anero98,"2026-08-22 20:47:29",139.7,2,anero98
7236,16658297,"Charishma Pillapalem","2026-08-11 12:46:56",138.9,2,charishmapillapalem
7237,16726311,"Prince Diwakar","2026-08-16 12:55:18",138.8,2,princediwaker
7238,16679847,"Julio Contreras","2026-08-21 20:29:09",137.9,2,juliocontreras
7239,16657303,"Tejas Tiwari","2026-08-04 07:32:17",137.6,1,tejaat
7240,16633511,"joshan gladston","2026-08-01 01:19:57",137.2,2,joshangladston
7241,16662714,"Amilcar Rodriguez","2026-09-01 04:22:39",136.7,2,amilcarskt
7242,16670552,"Harsh Chaudhary ml","2026-08-05 22:16:25",135.5,1,harshchaudharyml
7243,16674328,daniel,"2026-08-06 09:34:23",134.9,1,dkamgamegasoft
7244,16659097,noril09,"2026-08-04 11:56:35",134.7,2,noril09
7245,16654363,"NIKHIL YADAV","2026-08-17 21:20:32",134.1,2,nikhilyadav232223
7246,16744618,"Roberth Douglas UFC","2026-08-27 16:33:10",133.9,2,roberthdouglasufc
7247,16633190,Gigrise,"2026-09-02 04:57:09",133.7,2,gigrais
7248,16807373,"junxing peng","2026-09-03 01:56:28",132.8,1,junxingpeng
7249,16746655,"Charan Reddy321","2026-08-25 06:27:38",132.8,1,charanreddy321
7250,16757366,"Sean Connolly","2026-09-03 05:19:02",132.7,1,seanconnolly
7251,16731986,Vugar3,"2026-08-17 10:51:29",132.5,2,vuqarxudvrdyev001342
7252,16661098,"Muhammad aufa azmi","2026-08-04 15:18:35",132.3,2,muhammadaufaazmi
7253,16676977,"Akash Babu","2026-08-28 06:26:25",132.0,2,akashbabu17
7254,16775483,"Parv Malav","2026-08-26 16:20:27",131.4,2,parvmalav
7255,16659881,SantosR,"2026-09-02 12:37:43",130.6,2,santosr
7256,16662547,"hiteshsinh solanki","2026-08-05 07:59:16",129.6,2,hiteshsinhsolanki2
7257,16623953,"Denuwan Wijesinghe","2026-08-01 07:57:04",129.5,2,denuwanwijesinghe
7258,16687628,ruchit,"2026-08-28 11:22:16",128.3,1,ruchitkhade
7259,16661969,"Raja T","2026-09-02 13:57:27",126.8,2,rajathiagaraj
7260,16670368,"Gary Gitton","2026-08-19 17:03:04",126.6,2,garygitton
7261,16657561,Roshdibenrojo83,"2026-08-04 07:19:05",126.1,2,roshdibenrojo83
7262,16621519,Ᏸ𐍂Ꭷ,"2026-07-30 17:30:30",125.2,2,dheerajkannaujiya
7263,16656685,"Shravani Hibare","2026-08-05 10:15:36",125.1,2,shrahib4725
7264,16727876,"Harrison Wachira","2026-08-16 08:50:03",124.8,1,harrisonwachira254
7265,16723091,"Naiely Silva","2026-08-28 00:53:34",124.6,1,naielysilva
7266,16658666,"VMax Agents","2026-08-04 10:57:49",123.9,1,"akhiildheep,mithun5353"
7267,16654559,"Kerem Ali AVCIOĞLU","2026-08-03 19:28:49",123.5,2,keremaliavciolu
7268,16677441,"ERREGUI YOUSSEF","2026-08-06 18:02:39",122.8,2,erreguiyoussef
7269,16691542,Tushar_SVC,"2026-08-11 04:12:09",121.9,2,tusharsvc
7270,16662455,"Nenavath Shashi","2026-08-04 18:04:52",121.1,2,nenavathshashi
7271,16735237,"YASH CHIMAN","2026-08-18 04:20:24",121.0,1,yashchiman
7272,16626218,"Srishti Gauraha","2026-08-08 05:40:23",119.8,1,srishtigauraha
7273,16659308,Attaerabi,"2026-08-05 07:52:52",119.4,2,attaerabi
7274,16668691,BeltusTebid,"2026-08-05 16:01:45",119.2,1,beltustebid
7275,16662142,"Adnan Khan","2026-08-30 06:22:52",117.7,2,iamadnankhan313
7276,16731873,"Abhishek Singh Solanki","2026-08-19 07:24:47",117.5,1,realabhi5hek
7277,16658695,"Muskan Zahid","2026-08-04 14:14:02",117.5,2,artificial52
7278,16665345,saurabh10june,"2026-08-05 11:53:47",117.0,2,saurabh10june
7279,16707468,"SBJ 2205","2026-08-12 09:59:33",116.8,1,sbj2205
7280,16700316,"Pranav Waghmare","2026-08-11 16:29:05",115.4,1,waghmarepranav6
7281,16666072,Abinash,"2026-08-05 15:07:52",115.2,2,abinashsinha1726
7282,16659041,"uma mahesh23","2026-08-04 11:50:03",114.9,2,umamahesh23
7283,16665079,"Maguluri Keerthi","2026-08-05 06:16:03",114.5,2,magulurikeerthi
7284,16654509,"Shruti Kondabathula","2026-08-07 18:17:56",114.2,2,shrutikondabathula
7285,16780057,"Njabulo Hope Makana","2026-09-02 18:42:15",114.2,2,njabulohopemakana
7286,16762458,"Promise Matorofa","2026-08-24 10:00:04",113.7,2,promisematorofa
7287,16693819,"Hossein Shad Manaman","2026-08-12 03:14:58",113.2,2,hosseinshadmanaman
7288,16658898,"SRI shiva","2026-08-07 17:21:07",112.9,2,srishiva
7289,16655748,revathip,"2026-08-06 06:00:14",110.7,2,revathiprakash
7290,16730708,ysakuragi,"2026-08-19 01:30:12",110.5,1,ysakuragi
7291,16662243,"Cepeda Braxton","2026-08-04 19:31:54",108.3,2,cepedabraxton
7292,16661419,"Shivansh Soni","2026-08-04 15:08:01",106.0,2,shivanshsonii
7293,16663406,"Elshan Kazim","2026-08-16 08:38:43",105.9,1,elsnkazm
7294,16667489,"Cornol Lieto","2026-08-05 12:31:14",105.0,1,lietocornol
7295,16736939,"Flandre 29","2026-08-26 08:23:01",104.9,2,flandre29
7296,16789546,"lsm jii","2026-08-29 08:48:51",103.5,2,lsmjii
7297,16735064,"Harshada Thorat 129","2026-08-18 03:58:34",103.4,1,harshadathorat129
7298,16691729,"ADOLF FAUSTINE","2026-08-18 02:42:39",102.2,2,adolffaustine
7299,16663161,"Pial Mahmud","2026-08-17 10:38:21",101.4,2,pialgroup
7300,16654711,"Rupam Bhattacharjee1","2026-08-14 16:43:07",100.2,1,rupambhattacharjee1
7301,16659675,"M.Athallah Rafif Aldera","2026-08-06 12:40:14",99.3,2,mathallahrafifaldera
7302,16663897,jayaBhavagan,"2026-08-05 19:34:36",98.8,1,jayabhavagan
7303,16755807,PokeTrader,"2026-08-23 14:59:36",96.3,2,poketrader
7304,16678283,"Ajinkya Digurkar","2026-08-21 10:56:03",96.2,2,"ajinkyadigurkar,sakshiagrawal8818"
7305,16657055,RedKiwi,"2026-08-05 05:57:34",96.1,2,tnmthai
7306,16658299,"Bakar Prabowo!","2026-09-02 04:20:00",96.1,2,"galihrattn,kingki19,ranggacarkawan"
7307,16785053,"Rinosh Bethala","2026-08-28 17:52:26",95.6,1,rinoshbethala
7308,16735323,"Souvik Routh","2026-08-18 04:30:21",94.4,1,souvikrouth
7309,16641109,zzgtylors,"2026-08-06 06:21:50",94.3,2,zzgtylors
7310,16658577,farmercode261,"2026-08-20 07:15:35",94.3,2,hifnikhakim
7311,16728931,Sathwik2006,"2026-08-16 14:25:36",93.6,2,sathwik2006
7312,16668599,"Hafsa Anwaar","2026-08-05 17:43:21",93.2,2,hafsaanwaar
7313,16658100,"Nanda Riansyah","2026-08-04 08:55:54",93.2,2,nandariansyah
7314,16660886,"Dr.Eldirdiri Fadol ","2026-08-05 05:30:48",90.7,2,dreldirdirifadol
7315,16656777,"Salam Alqerem","2026-08-31 10:59:33",90.4,2,salamalqerem
7316,16667773,ShashankJha,"2026-08-11 15:41:47",89.3,2,shankinfy
7317,16803074,"fumihito mori","2026-09-01 14:00:16",89.1,1,fumihitomori
7318,16654087,Gabriela_Fernandes4,"2026-08-04 19:12:33",88.4,1,gabrielafernandes4
7319,16798631,dzlabs,"2026-09-01 09:57:10",88.2,2,dzlabs
7320,16661711,"Wild Star217","2026-08-30 18:00:18",87.5,2,wildstar217
7321,16680428,"Surabhi veda","2026-08-07 01:49:35",87.2,1,surabhiveda
7322,16663277,"Mariana Mejía","2026-08-24 23:58:54",86.4,2,marianameja
7323,16739908,"Asfam Parvez Kawser","2026-08-18 22:25:36",86.0,2,asfamparvezkawser
7324,16666836,"Emir Ayvaz","2026-08-07 05:57:00",83.3,2,emirayvaz
7325,16633018,purelilyth,"2026-08-20 19:43:09",83.2,2,purelilyth
7326,16710773,Openaiskrip,"2026-08-12 07:54:38",80.6,2,openaiskrip
7327,16679410,"Leke Glean","2026-08-07 17:29:04",80.2,2,lekeglean
7328,16731524,"Tsyrenov Mergen","2026-08-17 09:42:39",79.0,1,tsyrenovmergen
7329,16754882,vvs,"2026-08-30 14:34:02",78.8,2,marvelworld
7330,16767147,"Hacker Trinity","2026-08-25 11:21:37",74.9,2,hackertrinity
7331,16809774,farmci,"2026-09-02 16:59:50",74.3,1,ermismel
7332,16794173,"Kamran Arshad","2026-08-31 07:19:49",73.7,2,kamranarshad
7333,16665139,"Siddharaj Kulkarni","2026-08-16 05:23:21",73.0,2,siddharajkulkarni
7334,16808566,"contemporary dance","2026-09-02 22:44:14",72.7,2,shigeria
7335,16698958,"Shanjaya SK","2026-08-28 15:25:11",72.4,1,"payuu03,shanjayask"
7336,16675209,lavica,"2026-08-11 13:23:03",72.0,2,lavica
7337,16785477,"ASHMIL P URK25CS7129","2026-08-28 18:26:11",71.7,1,ashmilpurk25cs7129
7338,16632413,"Varun Patil","2026-07-31 18:41:34",71.6,1,varunpatil262005
7339,16738778,"DILIP BAVISKAR","2026-08-27 09:44:22",71.4,2,dilipbdilipb
7340,16784650,LukasM1,"2026-08-28 14:15:24",69.8,1,lukasm1
7341,16719441,Gatranova,"2026-08-14 04:11:54",69.5,2,rafiabiyyuairlangga
7342,16644474,"Vihaan Ahluwalia","2026-08-05 13:16:21",68.9,2,vihaanahluwalia
7343,16684847,"M.Harshavardhan Raju","2026-08-09 16:15:49",68.6,2,mharshavardhanraju
7344,16624064,"Hemant Ahlawat","2026-07-31 15:52:56",66.8,2,happyahlawat
7345,16640594,Win2207,"2026-08-07 12:05:07",66.4,2,win2207
7346,16666273,"Wondu Zerihun","2026-09-01 06:43:22",65.8,1,zerihun369
7347,16778494,"Agda Niya","2026-08-28 06:43:07",65.2,2,agdaniya
7348,16761521,"Artificial Silicon","2026-08-29 10:17:46",65.1,1,artificialsilicon
7349,16656753,"TAMAL SINGHA ROY","2026-08-05 07:57:48",64.7,2,tamalsingharoy
7350,16698953,Locked_in_hell,"2026-08-13 18:31:55",63.7,2,stealthknight
7351,16724806,rin2401,"2026-08-15 09:39:51",62.2,1,rin2401
7352,16761007,"Pankaj Nakhat","2026-08-23 11:48:21",62.0,2,pankajnakhat
7353,16673372,"Hadyan Adira","2026-08-14 03:16:30",60.7,2,hadyanadira
7354,16716079,shaurya_pandey@19,"2026-08-13 09:27:49",57.6,2,shauryapandey19
7355,16675819,RohitS001,"2026-08-11 18:05:54",55.1,2,rohits001
7356,16714192,"Nishanth Palugula","2026-08-14 06:51:09",54.4,2,nishanthpalugula
7357,16667339,"Victor Chege","2026-09-01 13:56:51",53.0,2,victorchege0
7358,16742172,"Felisitas Mellania","2026-08-25 18:57:18",52.6,2,felisitasmellania
7359,16716562,"Ananya Maurya","2026-08-13 10:01:25",51.7,2,ananyamaurya
7360,16708290,"Hrishikesh Thakare","2026-08-12 14:45:08",51.7,1,hrishikeshthakare
7361,16696104,"Harshit Meesari","2026-08-09 14:31:00",50.5,1,harshitmeesari
7362,16669011,"Siddiqui Rehan Ahmed Furqan","2026-08-07 05:24:38",47.1,2,siddiquirehanahmed
7363,16633932,omikbop,"2026-08-02 12:36:52",46.3,2,omikbop
7364,16662721,"Manish Sharma","2026-08-12 17:44:16",44.7,2,themihirsharma
7365,16676428,wayzhengong27,"2026-08-08 06:34:59",42.4,2,"kkkuek,wayzhengong27"
7366,16705637,"Vedant Ghodekar","2026-08-11 05:28:57",39.9,1,vedantghodekar
7367,16633250,Myst19,"2026-08-03 13:25:15",38.9,2,jakeschweikhart
7368,16768100,Nathael,"2026-08-25 10:58:51",38.1,2,nathaeldias
7369,16689555,"kelvin waruingi","2026-08-09 22:45:23",32.6,2,kelvinwaruingi
7370,16794292,"Taylor Clark","2026-09-02 03:15:03",31.7,2,taylorclark637
7371,16664822,"Prateek Singh","2026-08-05 05:30:22",27.5,2,pra73ek
7372,16721495,"404 Crop Not Found","2026-09-01 08:45:29",23.2,2,"aiprojector,boazx15"
7373,16624553,"Abiram Bharathi S.A","2026-08-22 05:13:32",22.9,2,abirambharathisa
7374,16771156,"Ronald Ayamba","2026-08-25 19:16:26",22.6,1,ronaldayamba
7375,16661152,"Dr.Abdulbaset Musleh","2026-08-19 20:09:26",22.1,2,drabdulbasetaledresi
7376,16654026,"joju shaji","2026-08-09 16:36:43",20.8,2,jojushaji
7377,16673732,"Async Null","2026-08-06 16:55:26",18.5,1,asyncnull
7378,16780027,rotto,"2026-09-01 13:18:33",14.3,2,pirotototo4023
7379,16658745,"Shabby farms 2.0","2026-08-16 03:10:28",11.4,2,rahulk5418
7380,16644519,"Shambhu Shekhar Sinha","2026-08-12 18:55:43",9.8,2,shambhushekharsinha
7381,16657568,"Manpreet Singh","2026-08-08 13:45:41",9.6,2,manpreet1994
7382,16659501,Duckey,"2026-08-04 13:02:16",8.9,2,bokangletsapo
7383,16720136,"Roaring Cotton","2026-08-20 07:33:15",4.8,2,daviddavidelijah
7384,16676890,luciferingstar256,"2026-08-20 15:40:55",-0.1,1,luciferingstar256
7385,16644439," علي ساجد","2026-08-02 21:40:07",-4.5,2,jdvdjdv97171ushd
7386,16654404,"Madhan Sidmal","2026-08-11 21:28:45",-6.0,2,madhansidmal
7387,16674526,"Imdadul hasan hamim","2026-08-13 07:32:37",-7.8,1,imdadulhasanhamim
7388,16659057,"Jolvin James","2026-08-07 08:04:22",-12.3,2,jolvinjames
7389,16792531,"subash jayakumar","2026-08-30 20:14:56",-12.6,2,subashjayakumar
7390,16689681,"Prakash Rajan","2026-08-09 16:37:56",-13.8,2,prakashai
7391,16732320,"Malik Muhammad Arbaz","2026-08-18 13:05:51",-14.8,1,malikmuhammadarbaz
7392,16632708,__Taichicchi__,"2026-08-31 17:07:08",-15.5,2,hutch1221
7393,16780318,"Piyush Darinda","2026-08-27 17:28:07",-20.3,2,piyushdarinda
7394,16624666,"Avik Das","2026-08-21 08:57:10",-21.5,2,avikdas567
7395,16735078,"SUDHANSHU PATIL","2026-08-18 04:37:33",-22.1,2,sudhanshupatil10
7396,16731488,"James Kimani","2026-08-27 13:18:20",-24.2,1,jaykim122
7397,16805234,Ryuzaki2325,"2026-09-01 19:44:54",-34.6,1,ryuzaki2325
7398,16679250,srskat,"2026-08-16 08:26:30",-36.5,2,srskat
7399,16755427,"Daksh Jain","2026-08-21 15:18:57",-38.6,1,dakshu081
7400,16663728,"Al'Humairah Ali","2026-08-10 17:28:01",-41.8,1,alhumairahali
7401,16710428,"Mansi Aggarwal","2026-08-31 18:21:35",-49.2,2,mansiaggarwal88
7402,16683041,Abhishektyagi649,"2026-08-07 08:37:09",-53.6,2,abhishektyagi649
7403,16662922,BrandonDucar,"2026-08-05 16:38:12",-56.5,2,brandonducar
7404,16685888,LeulYT,"2026-08-10 05:35:44",-59.6,2,leulyt
7405,16758417,AthulJenson,"2026-08-22 14:21:26",-64.4,1,athuljenson
7406,16622991,"Fedor Grigorev","2026-08-27 15:30:57",-66.8,1,fedorgrigorev
7407,16629006,ymym_tymblack,"2026-08-22 09:44:39",-79.4,2,ymymtymblack
7408,16713011,"Tasmayu Swain","2026-08-14 15:49:35",-80.2,1,tasmayuswain
7409,16731829,"Alexandra Tricia","2026-08-19 07:03:33",-81.4,2,alexandratricia
7410,16657035,"Christvin Mathew","2026-08-04 08:55:56",-81.7,2,christvinmathew
7411,16675801,"Neeraj Jha","2026-08-06 13:43:18",-89.7,1,neerajjha1996
7412,16794008,HyperPlanz,"2026-08-31 13:08:38",-96.8,2,domiandr000
7413,16719181,SaltyCode,"2026-08-16 04:56:22",-120.0,1,saltycode
7414,16659864,"Twin Titans","2026-08-08 07:50:33",-156.0,2,"sivahokage,solaisararaju"
7415,16728276,"ROHAAN ASIF","2026-08-16 11:20:59",-157.9,2,ordinarydev007
7416,16665495,"sai chand Boppudi","2026-08-07 04:19:58",-161.2,2,saichandboppudi
7417,16695221,"Muhammad Daud Abbas","2026-08-12 20:04:32",-164.2,2,muhammaddaudabbas
7418,16660261,"YO_ONE CHAUHAN","2026-08-08 23:49:54",-164.4,2,yoonechauhan
7419,16668701,"Nihal Jamadar","2026-08-09 04:28:26",-167.2,2,nihaljamadar313
7420,16717416,"Timofey Kalyak","2026-08-20 07:04:06",-175.4,1,timofeytweaky
7421,16692837,"Sai Uttam Gite","2026-08-09 11:36:32",-177.4,1,saiuttamgite
