episode_id,seat,player_name,won,reward,opponent_reward,day0_hires,total_hires,cows,sheep,geese,wheat_seeds,carrot_seeds,tomato_seeds,strawberry_seeds,melon_seeds,ne_unlock_day,sw_unlock_day,se_unlock_day,milk_sold,wool_sold,egg_sold,wheat_sold,carrot_sold,tomato_sold,strawberry_sold,melon_sold,fert_sold,pressure_wheat,pressure_carrot,pressure_tomato,pressure_strawberry,pressure_melon,pressure_egg,pressure_milk,pressure_wool,pressure_fert,cluster_id,shops_list
95554687,0,peikopon,0,97895.0,104855.0,5,277,10,4,0,127,6,2,32,20,6,11,-1,324,137,0,1152,15,10,260,120,1874,37,1,7,25,1,19,25,13,0,9,PIZZA_SHOP|ICE_CREAM_SHOP|SMOOTHIE_SHOP|BAKERY|BAKERY|YARN_STORE|ICE_CREAM_SHOP|BRUNCH_SPOT
95554687,1,Crop Dusta,1,104855.0,97895.0,4,295,11,3,0,147,0,0,35,13,5,8,-1,307,75,0,511,0,0,230,78,137,37,1,7,25,1,19,25,13,0,9,PIZZA_SHOP|ICE_CREAM_SHOP|SMOOTHIE_SHOP|BAKERY|BAKERY|YARN_STORE|ICE_CREAM_SHOP|BRUNCH_SPOT
95554694,0,Ryo Hasegawa,1,58793.0,50901.0,5,290,8,3,0,160,0,0,36,11,6,10,-1,214,98,0,388,0,0,283,66,185,31,19,7,31,1,13,25,1,0,1,PET_CAFE|BAKERY|SMOOTHIE_SHOP|ICE_CREAM_SHOP|BAKERY|FARMERS_MARKET|SMOOTHIE_SHOP|ICE_CREAM_SHOP
95554694,1,dunky su,0,50901.0,58793.0,5,277,10,4,0,125,5,0,42,12,6,11,-1,279,120,0,856,11,0,274,72,2932,31,19,7,31,1,13,25,1,0,1,PET_CAFE|BAKERY|SMOOTHIE_SHOP|ICE_CREAM_SHOP|BAKERY|FARMERS_MARKET|SMOOTHIE_SHOP|ICE_CREAM_SHOP
95554748,0,Subramanya N,1,136899.0,126981.0,6,303,14,6,0,76,11,0,41,13,6,10,-1,317,147,0,178,21,0,282,53,266,25,13,7,31,1,7,31,13,0,8,ICE_CREAM_SHOP|YARN_STORE|ICE_CREAM_SHOP|SMOOTHIE_SHOP|PET_CAFE|BRUNCH_SPOT|PIZZA_SHOP|SMOOTHIE_SHOP
95554748,1,Izzoudine Mohamed KANTA,0,126981.0,136899.0,5,277,6,12,0,152,4,0,34,17,6,11,12,228,270,0,1653,4,0,226,120,2019,25,13,7,31,1,7,31,13,0,8,ICE_CREAM_SHOP|YARN_STORE|ICE_CREAM_SHOP|SMOOTHIE_SHOP|PET_CAFE|BRUNCH_SPOT|PIZZA_SHOP|SMOOTHIE_SHOP
95554751,0,Dmitry Larko,1,73944.0,73258.0,5,277,10,4,0,133,13,0,42,12,6,11,-1,280,141,0,858,11,0,285,72,2932,37,25,13,31,1,19,7,13,0,3,ICE_CREAM_SHOP|PET_CAFE|BAKERY|YARN_STORE|BRUNCH_SPOT|BRUNCH_SPOT|FARMERS_MARKET|FARMERS_MARKET
95554751,1,Kostiantyn Isaienkov,0,73258.0,73944.0,5,277,10,4,0,131,12,0,42,12,6,11,-1,279,120,0,786,9,0,281,72,2380,37,25,13,31,1,19,7,13,0,3,ICE_CREAM_SHOP|PET_CAFE|BAKERY|YARN_STORE|BRUNCH_SPOT|BRUNCH_SPOT|FARMERS_MARKET|FARMERS_MARKET
95556842,0,Michael Timbs,0,86351.0,96264.0,5,264,8,4,0,146,0,0,37,20,6,10,-1,215,132,0,433,0,0,278,102,216,31,25,19,25,1,13,13,13,0,13,YARN_STORE|FARMERS_MARKET|SMOOTHIE_SHOP|PET_CAFE|FARMERS_MARKET|BAKERY|BRUNCH_SPOT|PIZZA_SHOP
95556842,1,Rayk Kretzschmar,1,96264.0,86351.0,5,277,6,12,0,126,1,0,42,12,6,11,12,208,266,0,1196,2,0,287,72,2701,31,25,19,25,1,13,13,13,0,13,YARN_STORE|FARMERS_MARKET|SMOOTHIE_SHOP|PET_CAFE|FARMERS_MARKET|BAKERY|BRUNCH_SPOT|PIZZA_SHOP
95557003,0,DeeperNet,0,98800.0,101679.0,5,277,10,4,0,133,13,0,42,12,6,11,-1,279,158,0,856,11,0,276,72,2932,19,37,1,25,1,7,19,13,0,12,ICE_CREAM_SHOP|SMOOTHIE_SHOP|PET_CAFE|YARN_STORE|BRUNCH_SPOT|PET_CAFE|ICE_CREAM_SHOP|PET_CAFE
95557003,1,James Holland,1,101679.0,98800.0,5,278,10,4,0,123,5,0,42,12,6,11,-1,367,268,0,678,10,0,363,160,2750,19,37,1,25,1,7,19,13,0,12,ICE_CREAM_SHOP|SMOOTHIE_SHOP|PET_CAFE|YARN_STORE|BRUNCH_SPOT|PET_CAFE|ICE_CREAM_SHOP|PET_CAFE
95559209,0,Kostiantyn Isaienkov,0,72753.0,79692.0,5,277,10,4,0,135,14,0,34,20,6,11,-1,279,120,0,1142,15,0,254,120,1906,43,19,19,19,1,19,19,1,0,7,BRUNCH_SPOT|ICE_CREAM_SHOP|PET_CAFE|PIZZA_SHOP|PIZZA_SHOP|BAKERY|BAKERY|FARMERS_MARKET
95559209,1,ReCurSiON,1,79692.0,72753.0,4,262,9,4,0,143,0,0,37,20,6,10,-1,296,200,0,457,0,0,290,114,265,43,19,19,19,1,19,19,1,0,7,BRUNCH_SPOT|ICE_CREAM_SHOP|PET_CAFE|PIZZA_SHOP|PIZZA_SHOP|BAKERY|BAKERY|FARMERS_MARKET
95559233,0,Giulio Ravasio,1,143731.0,141553.0,5,278,10,4,0,123,5,0,42,12,6,11,-1,279,180,0,675,10,0,275,72,2750,31,7,19,31,1,7,37,1,0,6,SMOOTHIE_SHOP|PIZZA_SHOP|SMOOTHIE_SHOP|SMOOTHIE_SHOP|ICE_CREAM_SHOP|FARMERS_MARKET|BAKERY|PIZZA_SHOP
95559233,1,Laplacenvmv,0,141553.0,143731.0,5,277,10,4,0,125,5,0,42,12,6,11,-1,280,150,0,856,11,0,277,72,2932,31,7,19,31,1,7,37,1,0,6,SMOOTHIE_SHOP|PIZZA_SHOP|SMOOTHIE_SHOP|SMOOTHIE_SHOP|ICE_CREAM_SHOP|FARMERS_MARKET|BAKERY|PIZZA_SHOP
95559327,0,One-For-All,0,78202.0,88099.0,5,277,10,4,0,127,11,0,34,20,6,11,-1,322,134,0,1142,15,0,258,120,1906,19,13,1,19,1,7,13,49,0,11,ICE_CREAM_SHOP|BRUNCH_SPOT|PET_CAFE|YARN_STORE|YARN_STORE|YARN_STORE|ICE_CREAM_SHOP|YARN_STORE
95559327,1,JeremiahMannings,1,88099.0,78202.0,4,263,9,4,0,160,0,0,37,15,6,10,-1,401,285,0,765,0,0,313,114,302,19,13,1,19,1,7,13,49,0,11,ICE_CREAM_SHOP|BRUNCH_SPOT|PET_CAFE|YARN_STORE|YARN_STORE|YARN_STORE|ICE_CREAM_SHOP|YARN_STORE
95561632,0,Kostiantyn Isaienkov,0,70466.0,80681.0,5,277,8,4,2,135,14,0,34,20,6,11,-1,279,120,30,1142,15,0,252,120,1906,31,1,1,25,1,19,19,25,0,14,BRUNCH_SPOT|BAKERY|ICE_CREAM_SHOP|BAKERY|YARN_STORE|SMOOTHIE_SHOP|ICE_CREAM_SHOP|YARN_STORE
95561632,1,Ryo Hasegawa,1,80681.0,70466.0,5,290,8,4,0,156,0,0,36,11,6,10,-1,214,112,0,369,0,0,284,66,199,31,1,1,25,1,19,19,25,0,14,BRUNCH_SPOT|BAKERY|ICE_CREAM_SHOP|BAKERY|YARN_STORE|SMOOTHIE_SHOP|ICE_CREAM_SHOP|YARN_STORE
95563783,0,Alexander Shahramanyan,0,75051.0,76352.0,5,277,10,4,0,125,5,0,42,12,6,11,-1,280,150,0,856,11,0,274,72,2932,49,13,19,31,1,19,19,1,0,7,BAKERY|ICE_CREAM_SHOP|FARMERS_MARKET|PIZZA_SHOP|ICE_CREAM_SHOP|FARMERS_MARKET|BRUNCH_SPOT|BAKERY
95563783,1,lucaskna,1,76352.0,75051.0,5,277,10,4,0,125,5,0,42,12,6,11,-1,212,120,0,608,11,0,276,72,236,49,13,19,31,1,19,19,1,0,7,BAKERY|ICE_CREAM_SHOP|FARMERS_MARKET|PIZZA_SHOP|ICE_CREAM_SHOP|FARMERS_MARKET|BRUNCH_SPOT|BAKERY
95563798,0,SaiKushal185,1,91411.0,91059.0,5,277,10,4,0,129,5,0,42,12,6,11,-1,279,120,0,542,11,0,274,72,234,37,1,13,19,1,19,25,13,0,7,SMOOTHIE_SHOP|PIZZA_SHOP|BAKERY|ICE_CREAM_SHOP|BAKERY|YARN_STORE|BRUNCH_SPOT|PIZZA_SHOP
95563798,1,Luan Kunyu,0,91059.0,91411.0,5,277,10,4,0,125,5,0,42,12,6,11,-1,280,150,0,856,11,0,277,72,2932,37,1,13,19,1,19,25,13,0,7,SMOOTHIE_SHOP|PIZZA_SHOP|BAKERY|ICE_CREAM_SHOP|BAKERY|YARN_STORE|BRUNCH_SPOT|PIZZA_SHOP
95563800,0,ReCurSiON,0,139120.0,142888.0,4,262,9,4,0,143,0,0,37,15,6,10,-1,296,200,0,457,0,0,290,114,265,31,1,13,37,1,13,37,1,0,8,SMOOTHIE_SHOP|PIZZA_SHOP|SMOOTHIE_SHOP|ICE_CREAM_SHOP|SMOOTHIE_SHOP|BRUNCH_SPOT|PIZZA_SHOP|BRUNCH_SPOT
95563800,1,Suneeth reddy,1,142888.0,139120.0,5,277,10,4,0,129,5,0,42,12,6,11,-1,279,120,0,552,11,0,268,72,223,31,1,13,37,1,13,37,1,0,8,SMOOTHIE_SHOP|PIZZA_SHOP|SMOOTHIE_SHOP|ICE_CREAM_SHOP|SMOOTHIE_SHOP|BRUNCH_SPOT|PIZZA_SHOP|BRUNCH_SPOT
95563802,0,feel the borov,0,54021.0,55159.0,5,277,10,4,0,125,5,0,42,12,6,11,-1,280,158,0,856,11,0,288,72,2932,19,37,19,7,1,1,25,13,0,10,PET_CAFE|PET_CAFE|PIZZA_SHOP|YARN_STORE|SMOOTHIE_SHOP|PET_CAFE|PIZZA_SHOP|PIZZA_SHOP
95563802,1,lucaskna,1,55159.0,54021.0,5,277,10,4,0,125,5,0,42,12,6,11,-1,208,120,0,572,11,0,274,72,237,19,37,19,7,1,1,25,13,0,10,PET_CAFE|PET_CAFE|PIZZA_SHOP|YARN_STORE|SMOOTHIE_SHOP|PET_CAFE|PIZZA_SHOP|PIZZA_SHOP
95563856,0,Suneeth reddy,1,115795.0,100857.0,5,277,6,12,0,150,3,0,34,20,6,11,12,189,270,0,1040,2,0,208,120,291,19,25,13,25,1,7,13,25,0,13,SMOOTHIE_SHOP|YARN_STORE|BAKERY|SMOOTHIE_SHOP|FARMERS_MARKET|YARN_STORE|FARMERS_MARKET|PET_CAFE
95563856,1,Giulio Ravasio,0,100857.0,115795.0,5,278,10,4,0,123,5,0,42,12,6,11,-1,279,180,0,675,10,0,275,72,2750,19,25,13,25,1,7,13,25,0,13,SMOOTHIE_SHOP|YARN_STORE|BAKERY|SMOOTHIE_SHOP|FARMERS_MARKET|YARN_STORE|FARMERS_MARKET|PET_CAFE
95563861,0,Victor @ Tufa Labs,1,109504.0,107045.0,5,277,10,4,0,125,5,0,42,12,6,11,-1,280,194,0,13471,11,0,311,72,2966,49,19,31,31,1,7,25,1,0,6,PIZZA_SHOP|ICE_CREAM_SHOP|ICE_CREAM_SHOP|BAKERY|PIZZA_SHOP|FARMERS_MARKET|FARMERS_MARKET|FARMERS_MARKET
95563861,1,Eddy Despradel,0,107045.0,109504.0,5,277,10,4,0,133,13,0,42,12,6,11,-1,280,158,0,856,11,0,288,72,2932,49,19,31,31,1,7,25,1,0,6,PIZZA_SHOP|ICE_CREAM_SHOP|ICE_CREAM_SHOP|BAKERY|PIZZA_SHOP|FARMERS_MARKET|FARMERS_MARKET|FARMERS_MARKET
95566014,0,Rayk Kretzschmar,0,107844.0,112659.0,5,277,10,4,0,125,5,0,42,12,6,11,-1,280,150,0,859,11,0,274,72,2932,31,1,13,31,1,13,37,1,0,8,BRUNCH_SPOT|PIZZA_SHOP|PIZZA_SHOP|SMOOTHIE_SHOP|ICE_CREAM_SHOP|SMOOTHIE_SHOP|BAKERY|SMOOTHIE_SHOP
95566014,1,lucaskna,1,112659.0,107844.0,5,278,10,4,0,125,5,0,42,12,6,11,-1,279,120,0,566,11,0,276,72,234,31,1,13,31,1,13,37,1,0,8,BRUNCH_SPOT|PIZZA_SHOP|PIZZA_SHOP|SMOOTHIE_SHOP|ICE_CREAM_SHOP|SMOOTHIE_SHOP|BAKERY|SMOOTHIE_SHOP
95568301,0,Rayk Kretzschmar,0,94836.0,96338.0,5,277,6,12,0,145,3,0,34,17,6,11,12,228,270,0,1648,2,0,226,120,2026,19,19,13,13,1,7,13,37,0,11,PIZZA_SHOP|YARN_STORE|YARN_STORE|BAKERY|SMOOTHIE_SHOP|FARMERS_MARKET|PET_CAFE|YARN_STORE
95568301,1,Seb (allegedly),1,96338.0,94836.0,7,301,7,16,0,114,0,0,28,20,4,8,10,179,321,0,272,0,0,181,120,299,19,19,13,13,1,7,13,37,0,11,PIZZA_SHOP|YARN_STORE|YARN_STORE|BAKERY|SMOOTHIE_SHOP|FARMERS_MARKET|PET_CAFE|YARN_STORE
95568456,0,Izzoudine Mohamed KANTA,1,104259.0,101487.0,5,277,10,4,0,132,6,0,38,12,6,11,-1,280,165,0,871,11,0,294,72,2933,31,13,13,37,1,13,19,13,0,9,FARMERS_MARKET|ICE_CREAM_SHOP|SMOOTHIE_SHOP|BAKERY|BRUNCH_SPOT|YARN_STORE|SMOOTHIE_SHOP|FARMERS_MARKET
95568456,1,Xiaowenhao404,0,101487.0,104259.0,5,277,10,4,0,127,15,0,42,12,6,11,-1,269,119,0,1225,18,0,1281,72,1617,31,13,13,37,1,13,19,13,0,9,FARMERS_MARKET|ICE_CREAM_SHOP|SMOOTHIE_SHOP|BAKERY|BRUNCH_SPOT|YARN_STORE|SMOOTHIE_SHOP|FARMERS_MARKET
95568464,0,Seb (allegedly),0,72008.0,76890.0,7,301,10,3,0,90,0,0,30,17,4,8,-1,232,85,0,238,0,0,221,102,248,25,19,13,19,1,13,19,13,0,1,PET_CAFE|SMOOTHIE_SHOP|FARMERS_MARKET|YARN_STORE|SMOOTHIE_SHOP|BAKERY|PIZZA_SHOP|BAKERY
95568464,1,One-For-All,1,76890.0,72008.0,5,277,10,4,0,127,11,0,34,20,6,11,-1,328,150,0,1138,15,0,254,120,1906,25,19,13,19,1,13,19,13,0,1,PET_CAFE|SMOOTHIE_SHOP|FARMERS_MARKET|YARN_STORE|SMOOTHIE_SHOP|BAKERY|PIZZA_SHOP|BAKERY
95570587,0,Giulio Ravasio,1,62709.0,60552.0,5,278,10,4,0,123,5,0,42,12,6,11,-1,279,180,0,675,10,0,275,72,2750,13,43,7,25,1,7,13,13,0,12,FARMERS_MARKET|PET_CAFE|SMOOTHIE_SHOP|PET_CAFE|BRUNCH_SPOT|PET_CAFE|SMOOTHIE_SHOP|YARN_STORE
95570587,1,Rayk Kretzschmar,0,60552.0,62709.0,5,277,10,4,0,125,5,0,42,12,6,11,-1,280,150,0,856,11,0,274,72,2932,13,43,7,25,1,7,13,13,0,12,FARMERS_MARKET|PET_CAFE|SMOOTHIE_SHOP|PET_CAFE|BRUNCH_SPOT|PET_CAFE|SMOOTHIE_SHOP|YARN_STORE
95570654,0,James Holland,0,63651.0,71476.0,5,277,6,12,0,141,8,0,34,20,6,11,12,263,339,0,1466,4,0,314,180,1772,31,13,1,25,1,25,13,13,0,14,BRUNCH_SPOT|YARN_STORE|BAKERY|BAKERY|PET_CAFE|BRUNCH_SPOT|ICE_CREAM_SHOP|SMOOTHIE_SHOP
95570654,1,ReCurSiON,1,71476.0,63651.0,4,262,7,6,0,143,0,0,37,15,6,10,-1,296,202,0,457,0,0,290,114,265,31,13,1,25,1,25,13,13,0,14,BRUNCH_SPOT|YARN_STORE|BAKERY|BAKERY|PET_CAFE|BRUNCH_SPOT|ICE_CREAM_SHOP|SMOOTHIE_SHOP
95570655,0,lucaskna,0,63236.0,64492.0,5,278,10,4,0,125,5,0,42,12,6,11,-1,279,120,0,568,11,0,276,72,237,37,19,31,13,1,7,31,1,0,5,FARMERS_MARKET|PIZZA_SHOP|BAKERY|PIZZA_SHOP|PIZZA_SHOP|SMOOTHIE_SHOP|PIZZA_SHOP|PET_CAFE
95570655,1,Efe Can Celiksoy,1,64492.0,63236.0,5,277,10,4,0,126,16,0,42,12,6,11,-1,279,119,0,1020,17,0,286,72,2013,37,19,31,13,1,7,31,1,0,5,FARMERS_MARKET|PIZZA_SHOP|BAKERY|PIZZA_SHOP|PIZZA_SHOP|SMOOTHIE_SHOP|PIZZA_SHOP|PET_CAFE
95570768,0,Nat00,1,104886.0,104825.0,5,277,10,4,0,129,5,0,42,12,6,11,-1,280,196,0,856,11,0,319,72,2932,37,19,25,37,1,7,19,13,0,4,PIZZA_SHOP|ICE_CREAM_SHOP|FARMERS_MARKET|BRUNCH_SPOT|FARMERS_MARKET|SMOOTHIE_SHOP|FARMERS_MARKET|YARN_STORE
95570768,1,DeeperNet,0,104825.0,104886.0,5,277,10,4,0,133,13,0,42,12,6,11,-1,279,120,0,856,11,0,288,72,2932,37,19,25,37,1,7,19,13,0,4,PIZZA_SHOP|ICE_CREAM_SHOP|FARMERS_MARKET|BRUNCH_SPOT|FARMERS_MARKET|SMOOTHIE_SHOP|FARMERS_MARKET|YARN_STORE
95570769,0,Izzoudine Mohamed KANTA,1,131611.0,128622.0,5,277,10,4,0,132,6,0,38,12,6,11,-1,280,143,0,882,11,0,294,72,2933,37,1,13,31,1,19,31,1,0,9,BRUNCH_SPOT|SMOOTHIE_SHOP|ICE_CREAM_SHOP|SMOOTHIE_SHOP|BRUNCH_SPOT|PIZZA_SHOP|PIZZA_SHOP|BAKERY
95570769,1,カワシギ,0,128622.0,131611.0,5,277,10,4,0,120,15,0,42,12,6,11,-1,279,103,0,1090,17,0,287,72,1682,37,1,13,31,1,19,31,1,0,9,BRUNCH_SPOT|SMOOTHIE_SHOP|ICE_CREAM_SHOP|SMOOTHIE_SHOP|BRUNCH_SPOT|PIZZA_SHOP|PIZZA_SHOP|BAKERY
95572922,0,Ryo Hasegawa,1,65607.0,63709.0,5,289,8,4,0,86,34,14,36,23,5,9,-1,197,83,0,200,93,63,236,138,168,19,37,19,25,1,1,19,13,0,10,FARMERS_MARKET|PET_CAFE|FARMERS_MARKET|PIZZA_SHOP|PET_CAFE|YARN_STORE|SMOOTHIE_SHOP|SMOOTHIE_SHOP
95572922,1,tetsuya,0,63709.0,65607.0,6,310,6,7,3,66,56,0,43,10,7,10,-1,191,157,81,141,153,0,247,54,296,19,37,19,25,1,1,19,13,0,10,FARMERS_MARKET|PET_CAFE|FARMERS_MARKET|PIZZA_SHOP|PET_CAFE|YARN_STORE|SMOOTHIE_SHOP|SMOOTHIE_SHOP
95572923,0,Crop Dusta,1,108364.0,88655.0,4,296,7,10,0,161,0,0,23,15,5,8,-1,169,227,0,659,0,0,141,90,165,31,19,25,19,1,7,25,13,0,5,YARN_STORE|PET_CAFE|PIZZA_SHOP|BRUNCH_SPOT|PIZZA_SHOP|PIZZA_SHOP|FARMERS_MARKET|SMOOTHIE_SHOP
95572923,1,Arman Tuganbaev,0,88655.0,108364.0,2,317,5,8,0,142,0,12,45,78,7,7,-1,127,225,0,256,0,64,38,150,258,31,19,25,19,1,7,25,13,0,5,YARN_STORE|PET_CAFE|PIZZA_SHOP|BRUNCH_SPOT|PIZZA_SHOP|PIZZA_SHOP|FARMERS_MARKET|SMOOTHIE_SHOP
95572925,0,Arman Tuganbaev,0,87546.0,93970.0,2,269,8,8,0,136,0,0,35,26,7,9,-1,179,200,0,208,0,0,263,124,252,31,1,1,25,1,25,13,25,0,14,SMOOTHIE_SHOP|BAKERY|BAKERY|YARN_STORE|ICE_CREAM_SHOP|YARN_STORE|BRUNCH_SPOT|BRUNCH_SPOT
95572925,1,Crop Dusta,1,93970.0,87546.0,4,294,8,8,4,153,0,0,24,16,5,8,-1,205,131,109,579,0,0,149,96,200,31,1,1,25,1,25,13,25,0,14,SMOOTHIE_SHOP|BAKERY|BAKERY|YARN_STORE|ICE_CREAM_SHOP|YARN_STORE|BRUNCH_SPOT|BRUNCH_SPOT
95572927,0,tetsuya,0,63558.0,78814.0,6,306,10,5,1,114,0,0,44,11,7,10,-1,270,142,0,253,0,0,253,54,274,25,25,1,13,1,19,13,13,0,0,PET_CAFE|SMOOTHIE_SHOP|ICE_CREAM_SHOP|YARN_STORE|BAKERY|PET_CAFE|BAKERY|BAKERY
95572927,1,Crop Dusta,1,78814.0,63558.0,4,294,9,10,0,76,59,0,36,21,5,8,-1,214,168,0,266,184,0,177,118,176,25,25,1,13,1,19,13,13,0,0,PET_CAFE|SMOOTHIE_SHOP|ICE_CREAM_SHOP|YARN_STORE|BAKERY|PET_CAFE|BAKERY|BAKERY
95572941,0,bplyc15,0,62579.0,73173.0,5,277,10,4,0,129,5,0,42,12,6,11,-1,279,120,0,856,11,0,274,72,2932,43,19,31,25,1,13,19,1,0,4,BAKERY|SMOOTHIE_SHOP|FARMERS_MARKET|FARMERS_MARKET|PIZZA_SHOP|PIZZA_SHOP|FARMERS_MARKET|BAKERY
95572941,1,JeremiahMannings,1,73173.0,62579.0,4,263,9,4,0,140,0,0,37,20,6,10,-1,401,189,0,720,0,0,313,114,302,43,19,31,25,1,13,19,1,0,4,BAKERY|SMOOTHIE_SHOP|FARMERS_MARKET|FARMERS_MARKET|PIZZA_SHOP|PIZZA_SHOP|FARMERS_MARKET|BAKERY
95575168,0,JeremiahMannings,0,130691.0,134428.0,4,263,9,4,0,140,0,0,37,20,6,10,-1,401,285,0,720,0,0,313,114,302,25,13,13,19,1,1,31,25,0,2,ICE_CREAM_SHOP|ICE_CREAM_SHOP|PIZZA_SHOP|YARN_STORE|SMOOTHIE_SHOP|PET_CAFE|YARN_STORE|PIZZA_SHOP
95575168,1,Rayk Kretzschmar,1,134428.0,130691.0,5,277,10,4,0,125,8,0,42,12,6,11,-1,280,155,0,856,11,0,296,72,2932,25,13,13,19,1,1,31,25,0,2,ICE_CREAM_SHOP|ICE_CREAM_SHOP|PIZZA_SHOP|YARN_STORE|SMOOTHIE_SHOP|PET_CAFE|YARN_STORE|PIZZA_SHOP
95575284,0,Xiaowenhao404,1,65843.0,49918.0,5,277,6,12,0,142,11,0,42,12,6,11,12,192,275,0,1842,8,0,294,72,1655,31,25,7,13,1,19,13,13,0,0,BAKERY|YARN_STORE|BAKERY|ICE_CREAM_SHOP|PET_CAFE|PET_CAFE|BRUNCH_SPOT|PIZZA_SHOP
95575284,1,peikopon,0,49918.0,65843.0,5,278,10,4,0,113,20,0,38,12,6,11,-1,279,180,0,675,34,0,275,72,2750,31,25,7,13,1,19,13,13,0,0,BAKERY|YARN_STORE|BAKERY|ICE_CREAM_SHOP|PET_CAFE|PET_CAFE|BRUNCH_SPOT|PIZZA_SHOP
95577452,0,feel the borov,1,66964.0,66930.0,5,277,10,4,0,125,5,0,42,12,6,11,-1,280,158,0,856,11,0,288,72,2932,37,19,13,25,1,13,19,13,0,1,PET_CAFE|BRUNCH_SPOT|ICE_CREAM_SHOP|PIZZA_SHOP|YARN_STORE|FARMERS_MARKET|ICE_CREAM_SHOP|BAKERY
95577452,1,Rayk Kretzschmar,0,66930.0,66964.0,5,277,10,4,0,125,5,0,42,12,6,11,-1,280,150,0,856,11,0,274,72,2932,37,19,13,25,1,13,19,13,0,1,PET_CAFE|BRUNCH_SPOT|ICE_CREAM_SHOP|PIZZA_SHOP|YARN_STORE|FARMERS_MARKET|ICE_CREAM_SHOP|BAKERY
95577544,0,Giulio Ravasio,0,48723.0,51168.0,5,278,10,4,0,123,5,0,42,12,6,11,-1,279,180,0,675,10,0,275,72,2750,37,13,13,19,1,25,19,1,0,7,PIZZA_SHOP|BAKERY|BRUNCH_SPOT|BAKERY|PIZZA_SHOP|SMOOTHIE_SHOP|PET_CAFE|BRUNCH_SPOT
95577544,1,peikopon,1,51168.0,48723.0,5,278,10,4,0,125,5,2,36,12,6,11,-1,279,178,0,677,10,11,275,72,2752,37,13,13,19,1,25,19,1,0,7,PIZZA_SHOP|BAKERY|BRUNCH_SPOT|BAKERY|PIZZA_SHOP|SMOOTHIE_SHOP|PET_CAFE|BRUNCH_SPOT
95577546,0,Xiaowenhao404,0,105256.0,106912.0,5,277,6,8,0,131,14,0,42,12,6,11,-1,1178,208,0,1349,16,0,318,83,1752,31,19,7,31,1,19,7,25,0,14,FARMERS_MARKET|BRUNCH_SPOT|YARN_STORE|YARN_STORE|PET_CAFE|BRUNCH_SPOT|ICE_CREAM_SHOP|BRUNCH_SPOT
95577546,1,Crop Dusta,1,106912.0,105256.0,4,295,4,14,2,121,0,0,32,16,5,8,-1,96,225,77,454,0,0,226,96,152,31,19,7,31,1,19,7,25,0,14,FARMERS_MARKET|BRUNCH_SPOT|YARN_STORE|YARN_STORE|PET_CAFE|BRUNCH_SPOT|ICE_CREAM_SHOP|BRUNCH_SPOT
95577562,0,Egor Trushin,0,69867.0,73217.0,5,277,6,12,0,128,1,0,42,12,6,11,12,255,266,0,1196,2,0,291,72,2701,25,19,19,13,1,7,19,25,0,13,YARN_STORE|PIZZA_SHOP|PIZZA_SHOP|FARMERS_MARKET|BAKERY|PET_CAFE|SMOOTHIE_SHOP|YARN_STORE
95577562,1,Seb (allegedly),1,73217.0,69867.0,7,302,6,17,0,121,0,0,24,19,4,8,10,180,312,0,283,0,0,166,114,356,25,19,19,13,1,7,19,25,0,13,YARN_STORE|PIZZA_SHOP|PIZZA_SHOP|FARMERS_MARKET|BAKERY|PET_CAFE|SMOOTHIE_SHOP|YARN_STORE
95577599,0,lucaskna,0,107410.0,110335.0,5,277,6,12,0,128,1,0,42,12,6,11,12,189,266,0,816,2,0,271,72,273,31,7,13,31,1,7,31,13,0,8,YARN_STORE|ICE_CREAM_SHOP|ICE_CREAM_SHOP|PIZZA_SHOP|BAKERY|FARMERS_MARKET|SMOOTHIE_SHOP|SMOOTHIE_SHOP
95577599,1,Izzoudine Mohamed KANTA,1,110335.0,107410.0,5,277,6,12,0,135,3,0,42,12,6,11,12,255,266,0,1200,2,0,283,72,2702,31,7,13,31,1,7,31,13,0,8,YARN_STORE|ICE_CREAM_SHOP|ICE_CREAM_SHOP|PIZZA_SHOP|BAKERY|FARMERS_MARKET|SMOOTHIE_SHOP|SMOOTHIE_SHOP
95577601,0,Subramanya N,1,66904.0,47879.0,6,307,3,7,8,195,11,0,19,15,6,10,-1,102,156,285,502,21,0,93,70,260,31,25,1,13,1,25,7,13,0,0,BAKERY|BAKERY|BRUNCH_SPOT|YARN_STORE|BAKERY|PET_CAFE|ICE_CREAM_SHOP|PET_CAFE
95577601,1,Xiaowenhao404,0,47879.0,66904.0,5,277,8,6,0,129,14,0,42,12,6,11,-1,182,163,0,1535,10,0,285,89,2146,31,25,1,13,1,25,7,13,0,0,BAKERY|BAKERY|BRUNCH_SPOT|YARN_STORE|BAKERY|PET_CAFE|ICE_CREAM_SHOP|PET_CAFE
95577603,0,Suneeth reddy,0,83353.0,84908.0,5,277,10,4,0,129,5,0,42,12,6,11,-1,279,120,0,550,11,0,268,72,224,31,13,25,25,1,7,19,25,0,13,FARMERS_MARKET|FARMERS_MARKET|PIZZA_SHOP|SMOOTHIE_SHOP|PIZZA_SHOP|YARN_STORE|BRUNCH_SPOT|YARN_STORE
95577603,1,Dmitry Larko,1,84908.0,83353.0,5,277,10,4,0,133,13,0,42,12,6,11,-1,280,141,0,856,11,0,274,72,2932,31,13,25,25,1,7,19,25,0,13,FARMERS_MARKET|FARMERS_MARKET|PIZZA_SHOP|SMOOTHIE_SHOP|PIZZA_SHOP|YARN_STORE|BRUNCH_SPOT|YARN_STORE
95579867,0,Kobe BRYANT,1,85433.0,80925.0,5,277,10,4,0,132,6,0,38,12,6,11,-1,280,172,0,863,11,0,294,72,2933,25,25,13,13,1,7,19,25,0,13,BRUNCH_SPOT|PIZZA_SHOP|ICE_CREAM_SHOP|YARN_STORE|YARN_STORE|PIZZA_SHOP|PET_CAFE|PET_CAFE
95579867,1,Michael Timbs,0,80925.0,85433.0,5,277,10,4,0,125,15,0,42,12,6,11,-1,279,120,0,730,15,0,291,72,283,25,25,13,13,1,7,19,25,0,13,BRUNCH_SPOT|PIZZA_SHOP|ICE_CREAM_SHOP|YARN_STORE|YARN_STORE|PIZZA_SHOP|PET_CAFE|PET_CAFE
95584338,0,Kostiantyn Isaienkov,0,116761.0,121088.0,5,277,6,8,0,131,12,0,42,12,6,11,-1,279,202,0,786,9,0,281,72,2380,31,13,7,19,1,7,25,25,0,2,YARN_STORE|ICE_CREAM_SHOP|ICE_CREAM_SHOP|BAKERY|PIZZA_SHOP|ICE_CREAM_SHOP|PET_CAFE|YARN_STORE
95584338,1,SaiKushal185,1,121088.0,116761.0,5,277,6,12,0,130,1,0,42,12,6,11,12,189,266,0,795,2,0,271,72,275,31,13,7,19,1,7,25,25,0,2,YARN_STORE|ICE_CREAM_SHOP|ICE_CREAM_SHOP|BAKERY|PIZZA_SHOP|ICE_CREAM_SHOP|PET_CAFE|YARN_STORE
95584339,0,ReCurSiON,0,95989.0,97516.0,4,262,9,4,0,143,0,0,37,20,6,10,-1,296,200,0,457,0,0,290,114,265,43,13,13,31,1,19,13,13,0,9,FARMERS_MARKET|ICE_CREAM_SHOP|YARN_STORE|FARMERS_MARKET|BAKERY|BAKERY|ICE_CREAM_SHOP|BRUNCH_SPOT
95584339,1,feel the borov,1,97516.0,95989.0,5,277,6,8,0,125,5,0,42,12,6,11,-1,279,231,0,856,11,0,296,72,2932,43,13,13,31,1,19,13,13,0,9,FARMERS_MARKET|ICE_CREAM_SHOP|YARN_STORE|FARMERS_MARKET|BAKERY|BAKERY|ICE_CREAM_SHOP|BRUNCH_SPOT
95586691,0,Efe Can Celiksoy,0,36337.0,50749.0,5,277,10,4,0,138,16,0,34,20,6,11,-1,278,120,0,943,17,0,251,120,2245,19,55,7,13,1,13,7,1,0,0,PET_CAFE|PET_CAFE|FARMERS_MARKET|BAKERY|BAKERY|PET_CAFE|SMOOTHIE_SHOP|PET_CAFE
95586691,1,Ryo Hasegawa,1,50749.0,36337.0,5,289,6,3,0,128,55,0,36,11,6,10,-1,168,99,0,276,150,0,284,66,146,19,55,7,13,1,13,7,1,0,0,PET_CAFE|PET_CAFE|FARMERS_MARKET|BAKERY|BAKERY|PET_CAFE|SMOOTHIE_SHOP|PET_CAFE
95586692,0,HKmgikao,1,97837.0,92150.0,5,277,6,12,0,136,9,0,42,12,6,11,12,255,266,0,1196,2,0,291,72,2701,7,19,7,25,1,1,19,37,0,11,YARN_STORE|YARN_STORE|FARMERS_MARKET|SMOOTHIE_SHOP|SMOOTHIE_SHOP|PET_CAFE|SMOOTHIE_SHOP|YARN_STORE
95586692,1,Kostiantyn Isaienkov,0,92150.0,97837.0,5,277,6,8,0,131,12,0,42,12,6,11,-1,279,202,0,786,9,0,281,72,2380,7,19,7,25,1,1,19,37,0,11,YARN_STORE|YARN_STORE|FARMERS_MARKET|SMOOTHIE_SHOP|SMOOTHIE_SHOP|PET_CAFE|SMOOTHIE_SHOP|YARN_STORE
95588940,0,Alexander Shahramanyan,0,81859.0,87658.0,5,277,8,6,0,125,5,0,42,12,6,11,-1,279,214,0,856,11,0,296,72,2932,43,13,19,31,1,19,13,13,0,7,BRUNCH_SPOT|FARMERS_MARKET|BAKERY|BRUNCH_SPOT|FARMERS_MARKET|YARN_STORE|ICE_CREAM_SHOP|PIZZA_SHOP
95588940,1,Kostiantyn Isaienkov,1,87658.0,81859.0,5,277,6,4,4,131,12,0,42,12,6,11,-1,279,120,98,784,9,0,281,72,2380,43,13,19,31,1,19,13,13,0,7,BRUNCH_SPOT|FARMERS_MARKET|BAKERY|BRUNCH_SPOT|FARMERS_MARKET|YARN_STORE|ICE_CREAM_SHOP|PIZZA_SHOP
95588950,0,SaiKushal185,0,58046.0,59109.0,5,277,10,4,0,129,5,0,42,12,6,11,-1,279,120,0,542,11,0,274,72,234,25,37,19,31,1,1,25,1,0,10,PET_CAFE|PIZZA_SHOP|ICE_CREAM_SHOP|PET_CAFE|FARMERS_MARKET|FARMERS_MARKET|SMOOTHIE_SHOP|SMOOTHIE_SHOP
95588950,1,Efe Can Celiksoy,1,59109.0,58046.0,5,277,10,4,0,126,16,0,42,12,6,11,-1,279,119,0,900,17,0,286,72,2013,25,37,19,31,1,1,25,1,0,10,PET_CAFE|PIZZA_SHOP|ICE_CREAM_SHOP|PET_CAFE|FARMERS_MARKET|FARMERS_MARKET|SMOOTHIE_SHOP|SMOOTHIE_SHOP
95588986,0,Victor @ Tufa Labs,0,117750.0,120105.0,5,277,10,4,0,125,5,0,42,12,6,11,-1,280,194,0,1013414,11,0,307,72,2964,31,1,13,19,1,7,25,37,0,2,ICE_CREAM_SHOP|PIZZA_SHOP|PIZZA_SHOP|YARN_STORE|BRUNCH_SPOT|ICE_CREAM_SHOP|YARN_STORE|YARN_STORE
95588986,1,Bruce,1,120105.0,117750.0,5,277,10,4,0,133,13,0,42,12,6,11,-1,280,160,0,855,11,0,279,72,2932,31,1,13,19,1,7,25,37,0,2,ICE_CREAM_SHOP|PIZZA_SHOP|PIZZA_SHOP|YARN_STORE|BRUNCH_SPOT|ICE_CREAM_SHOP|YARN_STORE|YARN_STORE
95591198,0,lucaskna,0,110319.0,116500.0,5,277,10,4,0,118,15,0,42,12,6,11,-1,221,109,0,608,13,0,310,72,230,31,13,19,37,1,13,19,13,0,9,SMOOTHIE_SHOP|BRUNCH_SPOT|YARN_STORE|FARMERS_MARKET|PIZZA_SHOP|SMOOTHIE_SHOP|BRUNCH_SPOT|FARMERS_MARKET
95591198,1,Suneeth reddy,1,116500.0,110319.0,5,277,8,6,0,129,5,0,42,12,6,11,-1,237,164,0,552,11,0,268,72,223,31,13,19,37,1,13,19,13,0,9,SMOOTHIE_SHOP|BRUNCH_SPOT|YARN_STORE|FARMERS_MARKET|PIZZA_SHOP|SMOOTHIE_SHOP|BRUNCH_SPOT|FARMERS_MARKET
95591253,0,Efe Can Celiksoy,0,111436.0,125493.0,5,277,10,4,0,126,16,0,42,12,6,11,-1,279,119,0,1017,17,0,286,72,2013,31,19,25,31,1,1,19,25,0,13,ICE_CREAM_SHOP|FARMERS_MARKET|YARN_STORE|FARMERS_MARKET|PIZZA_SHOP|SMOOTHIE_SHOP|FARMERS_MARKET|YARN_STORE
95591253,1,Eddy Despradel,1,125493.0,111436.0,5,277,6,8,0,133,13,0,42,12,6,11,-1,279,242,0,856,11,0,296,72,2932,31,19,25,31,1,1,19,25,0,13,ICE_CREAM_SHOP|FARMERS_MARKET|YARN_STORE|FARMERS_MARKET|PIZZA_SHOP|SMOOTHIE_SHOP|FARMERS_MARKET|YARN_STORE
95593555,0,peikopon,0,77616.0,78760.0,5,278,6,12,0,132,6,2,32,20,6,11,12,189,271,0,1466,4,10,243,120,1826,37,1,13,25,1,25,13,25,0,14,YARN_STORE|BRUNCH_SPOT|PIZZA_SHOP|PIZZA_SHOP|BRUNCH_SPOT|BRUNCH_SPOT|BRUNCH_SPOT|YARN_STORE
95593555,1,One-For-All,1,78760.0,77616.0,5,277,6,12,0,126,9,0,42,12,6,11,12,189,263,0,1446,7,0,266,72,1264,37,1,13,25,1,25,13,25,0,14,YARN_STORE|BRUNCH_SPOT|PIZZA_SHOP|PIZZA_SHOP|BRUNCH_SPOT|BRUNCH_SPOT|BRUNCH_SPOT|YARN_STORE
95595804,0,SaiKushal185,1,97309.0,95780.0,5,277,6,12,0,150,3,0,34,20,6,11,12,189,270,0,1035,2,0,216,120,297,19,7,7,31,1,13,19,25,0,2,BRUNCH_SPOT|YARN_STORE|SMOOTHIE_SHOP|BAKERY|SMOOTHIE_SHOP|FARMERS_MARKET|YARN_STORE|SMOOTHIE_SHOP
95595804,1,James Holland,0,95780.0,97309.0,5,277,6,12,0,141,7,0,34,12,6,11,12,263,339,0,1469,4,0,320,180,1735,19,7,7,31,1,13,19,25,0,2,BRUNCH_SPOT|YARN_STORE|SMOOTHIE_SHOP|BAKERY|SMOOTHIE_SHOP|FARMERS_MARKET|YARN_STORE|SMOOTHIE_SHOP
95595808,0,ReCurSiON,0,76630.0,93393.0,4,262,6,7,0,143,0,0,37,15,6,10,-1,279,247,0,457,0,0,290,114,265,25,31,19,13,1,7,13,25,0,13,YARN_STORE|PET_CAFE|BRUNCH_SPOT|PIZZA_SHOP|PIZZA_SHOP|YARN_STORE|PET_CAFE|FARMERS_MARKET
95595808,1,lucaskna,1,93393.0,76630.0,5,277,6,12,0,145,3,0,34,20,6,11,12,163,270,0,1027,2,0,217,120,295,25,31,19,13,1,7,13,25,0,13,YARN_STORE|PET_CAFE|BRUNCH_SPOT|PIZZA_SHOP|PIZZA_SHOP|YARN_STORE|PET_CAFE|FARMERS_MARKET
95597995,0,feel the borov,1,78264.0,77123.0,5,277,6,12,0,127,1,0,42,12,6,11,12,255,266,0,1196,2,0,291,72,2701,19,25,1,25,1,19,7,25,0,11,YARN_STORE|PET_CAFE|YARN_STORE|PET_CAFE|SMOOTHIE_SHOP|BRUNCH_SPOT|BRUNCH_SPOT|BRUNCH_SPOT
95597995,1,Nat00,0,77123.0,78264.0,5,277,6,12,0,130,2,0,42,12,6,11,12,288,266,0,1196,2,0,324,72,2701,19,25,1,25,1,19,7,25,0,11,YARN_STORE|PET_CAFE|YARN_STORE|PET_CAFE|SMOOTHIE_SHOP|BRUNCH_SPOT|BRUNCH_SPOT|BRUNCH_SPOT
95597996,0,Xiaowenhao404,0,94770.0,97119.0,5,277,8,6,0,129,14,0,42,12,6,11,-1,185,162,0,1533,10,0,293,72,2202,43,25,25,49,1,13,13,1,0,4,BRUNCH_SPOT|FARMERS_MARKET|FARMERS_MARKET|BRUNCH_SPOT|FARMERS_MARKET|ICE_CREAM_SHOP|FARMERS_MARKET|SMOOTHIE_SHOP
95597996,1,Izzoudine Mohamed KANTA,1,97119.0,94770.0,5,277,8,6,0,132,6,0,38,12,6,11,-1,279,159,0,892,11,0,294,72,2933,43,25,25,49,1,13,13,1,0,4,BRUNCH_SPOT|FARMERS_MARKET|FARMERS_MARKET|BRUNCH_SPOT|FARMERS_MARKET|ICE_CREAM_SHOP|FARMERS_MARKET|SMOOTHIE_SHOP
95597998,0,カワシギ,0,65576.0,70537.0,5,277,10,4,0,120,14,0,42,12,6,11,-1,249,102,0,1123,15,0,303,72,1412,31,31,13,31,1,7,25,1,0,1,PIZZA_SHOP|PET_CAFE|FARMERS_MARKET|SMOOTHIE_SHOP|BRUNCH_SPOT|PET_CAFE|ICE_CREAM_SHOP|ICE_CREAM_SHOP
95597998,1,peikopon,1,70537.0,65576.0,5,278,10,4,0,96,35,4,32,12,6,11,-1,279,178,0,675,68,21,275,72,2756,31,31,13,31,1,7,25,1,0,1,PIZZA_SHOP|PET_CAFE|FARMERS_MARKET|SMOOTHIE_SHOP|BRUNCH_SPOT|PET_CAFE|ICE_CREAM_SHOP|ICE_CREAM_SHOP
95598098,0,Crop Dusta,0,52550.0,54132.0,4,296,7,4,8,125,78,0,12,22,5,8,-1,184,84,142,333,176,0,57,112,237,31,37,19,1,1,13,19,1,0,0,BAKERY|PIZZA_SHOP|PET_CAFE|BAKERY|PET_CAFE|PET_CAFE|PIZZA_SHOP|PIZZA_SHOP
95598098,1,Ryo Hasegawa,1,54132.0,52550.0,5,289,8,2,0,193,86,0,16,11,5,10,-1,215,61,0,505,252,0,125,66,195,31,37,19,1,1,13,19,1,0,0,BAKERY|PIZZA_SHOP|PET_CAFE|BAKERY|PET_CAFE|PET_CAFE|PIZZA_SHOP|PIZZA_SHOP
95598099,0,Xiaowenhao404,0,108244.0,114589.0,5,277,6,8,0,131,14,0,42,12,6,11,-1,1182,208,0,1334,16,0,295,83,1773,37,1,13,25,1,13,25,25,0,2,PIZZA_SHOP|BRUNCH_SPOT|YARN_STORE|ICE_CREAM_SHOP|YARN_STORE|PIZZA_SHOP|ICE_CREAM_SHOP|BRUNCH_SPOT
95598099,1,Arman Tuganbaev,1,114589.0,108244.0,2,286,9,10,0,130,8,0,41,9,6,10,-1,216,227,0,181,21,0,317,54,294,37,1,13,25,1,13,25,25,0,2,PIZZA_SHOP|BRUNCH_SPOT|YARN_STORE|ICE_CREAM_SHOP|YARN_STORE|PIZZA_SHOP|ICE_CREAM_SHOP|BRUNCH_SPOT
95598101,0,tetsuya,1,119914.0,107881.0,6,310,8,6,1,127,0,0,39,12,7,10,-1,218,163,34,294,0,0,295,72,272,43,7,13,37,1,19,19,13,0,9,BRUNCH_SPOT|FARMERS_MARKET|ICE_CREAM_SHOP|ICE_CREAM_SHOP|PIZZA_SHOP|YARN_STORE|BRUNCH_SPOT|BRUNCH_SPOT
95598101,1,Crop Dusta,0,107881.0,119914.0,4,295,6,3,3,93,0,14,41,18,5,8,-1,139,76,105,282,0,84,272,104,80,43,7,13,37,1,19,19,13,0,9,BRUNCH_SPOT|FARMERS_MARKET|ICE_CREAM_SHOP|ICE_CREAM_SHOP|PIZZA_SHOP|YARN_STORE|BRUNCH_SPOT|BRUNCH_SPOT
95598104,0,tetsuya,0,92175.0,105367.0,6,312,6,5,4,130,0,0,40,12,7,9,-1,192,141,107,274,0,0,304,72,262,31,13,25,31,1,7,25,13,0,5,BRUNCH_SPOT|PIZZA_SHOP|FARMERS_MARKET|FARMERS_MARKET|SMOOTHIE_SHOP|YARN_STORE|PIZZA_SHOP|SMOOTHIE_SHOP
95598104,1,Crop Dusta,1,105367.0,92175.0,4,296,7,4,1,133,0,18,36,15,5,8,-1,185,100,30,455,0,136,194,90,94,31,13,25,31,1,7,25,13,0,5,BRUNCH_SPOT|PIZZA_SHOP|FARMERS_MARKET|FARMERS_MARKET|SMOOTHIE_SHOP|YARN_STORE|PIZZA_SHOP|SMOOTHIE_SHOP
95600341,0,JeremiahMannings,1,128625.0,112455.0,4,263,7,6,0,160,0,0,37,15,6,10,-1,401,300,0,765,0,0,313,114,302,31,13,7,31,1,13,25,13,0,1,BRUNCH_SPOT|YARN_STORE|ICE_CREAM_SHOP|ICE_CREAM_SHOP|PET_CAFE|SMOOTHIE_SHOP|PIZZA_SHOP|BRUNCH_SPOT
95600341,1,peikopon,0,112455.0,128625.0,5,278,6,12,0,132,6,0,32,20,6,11,12,189,271,0,1465,4,0,231,120,1811,31,13,7,31,1,13,25,13,0,1,BRUNCH_SPOT|YARN_STORE|ICE_CREAM_SHOP|ICE_CREAM_SHOP|PET_CAFE|SMOOTHIE_SHOP|PIZZA_SHOP|BRUNCH_SPOT
95602648,0,Crop Dusta,1,106806.0,103620.0,4,292,7,13,0,151,0,0,25,11,5,10,-1,190,294,0,519,0,0,139,66,221,25,13,7,19,1,13,19,25,0,11,PIZZA_SHOP|YARN_STORE|BRUNCH_SPOT|YARN_STORE|BAKERY|SMOOTHIE_SHOP|ICE_CREAM_SHOP|PET_CAFE
95602648,1,lucaskna,0,103620.0,106806.0,5,277,6,12,0,145,3,0,34,20,6,11,12,189,270,0,1019,2,0,217,120,295,25,13,7,19,1,13,19,25,0,11,PIZZA_SHOP|YARN_STORE|BRUNCH_SPOT|YARN_STORE|BAKERY|SMOOTHIE_SHOP|ICE_CREAM_SHOP|PET_CAFE
95602651,0,Kostiantyn Isaienkov,1,143275.0,140678.0,5,277,6,8,0,131,12,0,42,12,6,11,-1,279,202,0,786,9,0,281,72,2380,31,1,1,31,1,19,19,25,0,14,ICE_CREAM_SHOP|YARN_STORE|SMOOTHIE_SHOP|BRUNCH_SPOT|BAKERY|YARN_STORE|ICE_CREAM_SHOP|BRUNCH_SPOT
95602651,1,DeeperNet,0,140678.0,143275.0,5,277,6,12,0,153,10,0,34,17,6,11,12,228,270,0,1648,2,0,226,120,2026,31,1,1,31,1,19,19,25,0,14,ICE_CREAM_SHOP|YARN_STORE|SMOOTHIE_SHOP|BRUNCH_SPOT|BAKERY|YARN_STORE|ICE_CREAM_SHOP|BRUNCH_SPOT
95602662,0,Ryo Hasegawa,0,64555.0,66864.0,5,289,5,7,0,145,0,0,40,23,6,9,-1,145,178,0,293,0,0,248,112,206,31,19,7,25,1,19,13,13,0,14,PET_CAFE|YARN_STORE|FARMERS_MARKET|ICE_CREAM_SHOP|BAKERY|BRUNCH_SPOT|BAKERY|SMOOTHIE_SHOP
95602662,1,Seb (allegedly),1,66864.0,64555.0,7,307,5,13,0,108,0,0,19,19,4,8,-1,137,275,0,282,0,0,140,114,346,31,19,7,25,1,19,13,13,0,14,PET_CAFE|YARN_STORE|FARMERS_MARKET|ICE_CREAM_SHOP|BAKERY|BRUNCH_SPOT|BAKERY|SMOOTHIE_SHOP
95604818,0,SaiKushal185,1,75793.0,74683.0,5,277,6,12,0,150,3,0,34,20,6,11,12,189,264,0,1035,2,0,216,120,297,31,13,7,19,1,19,13,25,0,14,BRUNCH_SPOT|YARN_STORE|PIZZA_SHOP|BRUNCH_SPOT|BAKERY|PET_CAFE|YARN_STORE|ICE_CREAM_SHOP
95604818,1,Izzoudine Mohamed KANTA,0,74683.0,75793.0,5,277,6,12,0,152,4,0,34,17,6,11,12,209,270,0,1653,4,0,227,120,2019,31,13,7,19,1,19,13,25,0,14,BRUNCH_SPOT|YARN_STORE|PIZZA_SHOP|BRUNCH_SPOT|BAKERY|PET_CAFE|YARN_STORE|ICE_CREAM_SHOP
95604820,0,Subramanya N,1,76780.0,73263.0,6,304,3,8,0,120,51,0,37,11,6,11,-1,102,201,0,345,125,0,225,64,153,31,25,13,31,1,13,13,13,0,1,FARMERS_MARKET|PET_CAFE|YARN_STORE|ICE_CREAM_SHOP|BAKERY|FARMERS_MARKET|BRUNCH_SPOT|SMOOTHIE_SHOP
95604820,1,カワシギ,0,73263.0,76780.0,5,277,6,8,0,148,14,0,34,20,6,11,-1,153,195,0,1035,10,0,238,120,1839,31,25,13,31,1,13,13,13,0,1,FARMERS_MARKET|PET_CAFE|YARN_STORE|ICE_CREAM_SHOP|BAKERY|FARMERS_MARKET|BRUNCH_SPOT|SMOOTHIE_SHOP
95604821,0,SaiKushal185,1,44319.0,44137.0,5,277,8,6,0,129,5,0,42,12,6,11,-1,237,164,0,542,11,0,274,72,234,31,31,13,13,1,19,7,13,0,0,BAKERY|FARMERS_MARKET|BAKERY|BRUNCH_SPOT|PIZZA_SHOP|PET_CAFE|YARN_STORE|PET_CAFE
95604821,1,Dmitry Larko,0,44137.0,44319.0,5,277,8,6,0,133,13,0,42,12,6,11,-1,279,190,0,858,11,0,279,72,2932,31,31,13,13,1,19,7,13,0,0,BAKERY|FARMERS_MARKET|BAKERY|BRUNCH_SPOT|PIZZA_SHOP|PET_CAFE|YARN_STORE|PET_CAFE
95604929,0,peikopon,0,78621.0,101557.0,5,278,6,12,0,129,6,0,31,20,6,11,12,189,271,0,1465,4,0,250,120,1806,43,7,19,19,1,19,19,13,0,7,YARN_STORE|ICE_CREAM_SHOP|BAKERY|PIZZA_SHOP|PIZZA_SHOP|BRUNCH_SPOT|BAKERY|FARMERS_MARKET
95604929,1,Kobe BRYANT,1,101557.0,78621.0,5,277,6,12,0,135,3,0,42,12,6,11,12,255,266,0,1206,2,0,288,72,2702,43,7,19,19,1,19,19,13,0,7,YARN_STORE|ICE_CREAM_SHOP|BAKERY|PIZZA_SHOP|PIZZA_SHOP|BRUNCH_SPOT|BAKERY|FARMERS_MARKET
95604950,0,Kostiantyn Isaienkov,0,83634.0,85621.0,5,277,10,4,0,131,12,0,42,12,6,11,-1,279,120,0,786,9,0,281,72,2380,25,31,13,19,1,7,13,25,0,13,BRUNCH_SPOT|ICE_CREAM_SHOP|FARMERS_MARKET|PET_CAFE|YARN_STORE|YARN_STORE|PIZZA_SHOP|PET_CAFE
95604950,1,James Holland,1,85621.0,83634.0,5,278,10,4,0,123,5,0,42,12,6,11,-1,367,268,0,678,10,0,363,160,2750,25,31,13,19,1,7,13,25,0,13,BRUNCH_SPOT|ICE_CREAM_SHOP|FARMERS_MARKET|PET_CAFE|YARN_STORE|YARN_STORE|PIZZA_SHOP|PET_CAFE
95609419,0,ReCurSiON,0,113836.0,116527.0,4,263,9,4,0,143,0,0,37,20,6,10,-1,296,200,0,457,0,0,313,114,265,25,19,13,25,1,7,25,13,0,1,SMOOTHIE_SHOP|FARMERS_MARKET|YARN_STORE|PIZZA_SHOP|SMOOTHIE_SHOP|BAKERY|PET_CAFE|ICE_CREAM_SHOP
95609419,1,Ryo Hasegawa,1,116527.0,113836.0,5,290,7,7,0,148,0,0,36,11,6,10,-1,194,183,0,273,0,0,268,66,242,25,19,13,25,1,7,25,13,0,1,SMOOTHIE_SHOP|FARMERS_MARKET|YARN_STORE|PIZZA_SHOP|SMOOTHIE_SHOP|BAKERY|PET_CAFE|ICE_CREAM_SHOP
95613826,0,peikopon,1,78580.0,74151.0,5,278,10,4,0,123,5,0,38,12,6,11,-1,279,178,0,677,10,0,275,72,2750,37,1,13,25,1,19,31,1,0,7,BAKERY|BRUNCH_SPOT|SMOOTHIE_SHOP|SMOOTHIE_SHOP|PIZZA_SHOP|ICE_CREAM_SHOP|PIZZA_SHOP|BAKERY
95613826,1,Ozi,0,74151.0,78580.0,5,277,10,4,0,125,5,0,42,12,6,11,-1,280,150,0,856,11,0,277,72,2932,37,1,13,25,1,19,31,1,0,7,BAKERY|BRUNCH_SPOT|SMOOTHIE_SHOP|SMOOTHIE_SHOP|PIZZA_SHOP|ICE_CREAM_SHOP|PIZZA_SHOP|BAKERY
95614014,0,One-For-All,0,78962.0,85200.0,5,277,6,8,0,121,12,0,42,12,6,11,-1,214,208,0,1069,17,0,277,72,1107,37,13,25,37,1,13,25,1,0,6,FARMERS_MARKET|BRUNCH_SPOT|PIZZA_SHOP|PIZZA_SHOP|BRUNCH_SPOT|SMOOTHIE_SHOP|FARMERS_MARKET|SMOOTHIE_SHOP
95614014,1,Rayk Kretzschmar,1,85200.0,78962.0,5,277,10,4,0,125,5,0,42,12,6,11,-1,280,175,0,856,11,0,296,72,2932,37,13,25,37,1,13,25,1,0,6,FARMERS_MARKET|BRUNCH_SPOT|PIZZA_SHOP|PIZZA_SHOP|BRUNCH_SPOT|SMOOTHIE_SHOP|FARMERS_MARKET|SMOOTHIE_SHOP
95614071,0,Nat00,0,129904.0,130370.0,5,277,10,4,0,129,5,0,42,12,6,11,-1,280,196,0,856,11,0,319,72,2932,31,13,19,37,1,7,31,1,0,6,ICE_CREAM_SHOP|SMOOTHIE_SHOP|BAKERY|PIZZA_SHOP|SMOOTHIE_SHOP|FARMERS_MARKET|SMOOTHIE_SHOP|FARMERS_MARKET
95614071,1,Suneeth reddy,1,130370.0,129904.0,5,277,10,4,0,129,5,0,42,12,6,11,-1,279,120,0,552,11,0,268,72,223,31,13,19,37,1,7,31,1,0,6,ICE_CREAM_SHOP|SMOOTHIE_SHOP|BAKERY|PIZZA_SHOP|SMOOTHIE_SHOP|FARMERS_MARKET|SMOOTHIE_SHOP|FARMERS_MARKET
95614072,0,Dmitry Larko,0,82339.0,86791.0,5,277,6,12,0,136,9,0,42,12,6,11,12,255,266,0,1196,2,0,291,72,2701,31,25,19,19,1,7,13,25,0,13,YARN_STORE|YARN_STORE|BAKERY|PIZZA_SHOP|FARMERS_MARKET|ICE_CREAM_SHOP|FARMERS_MARKET|PET_CAFE
95614072,1,lucaskna,1,86791.0,82339.0,5,277,6,12,0,145,3,0,34,17,6,11,12,155,270,0,1033,2,0,217,102,294,31,25,19,19,1,7,13,25,0,13,YARN_STORE|YARN_STORE|BAKERY|PIZZA_SHOP|FARMERS_MARKET|ICE_CREAM_SHOP|FARMERS_MARKET|PET_CAFE
95616249,0,DeeperNet,1,67229.0,67157.0,5,277,10,4,0,133,13,0,42,12,6,11,-1,279,135,0,856,11,0,276,72,2932,31,19,13,19,1,13,19,13,0,1,BAKERY|SMOOTHIE_SHOP|FARMERS_MARKET|ICE_CREAM_SHOP|PET_CAFE|PIZZA_SHOP|BAKERY|YARN_STORE
95616249,1,Efe Can Celiksoy,0,67157.0,67229.0,5,277,10,4,0,126,16,0,42,12,6,11,-1,279,119,0,1020,17,0,286,72,2013,31,19,13,19,1,13,19,13,0,1,BAKERY|SMOOTHIE_SHOP|FARMERS_MARKET|ICE_CREAM_SHOP|PET_CAFE|PIZZA_SHOP|BAKERY|YARN_STORE
95616250,0,Eddy Despradel,0,85354.0,86666.0,5,277,10,4,0,133,13,0,42,12,6,11,-1,280,158,0,856,11,0,288,72,2932,43,13,25,31,1,19,19,1,0,4,BRUNCH_SPOT|SMOOTHIE_SHOP|FARMERS_MARKET|BAKERY|FARMERS_MARKET|PIZZA_SHOP|PIZZA_SHOP|BRUNCH_SPOT
95616250,1,Kostiantyn Isaienkov,1,86666.0,85354.0,5,277,10,4,0,131,12,0,42,12,6,11,-1,279,120,0,786,9,0,281,72,2380,43,13,25,31,1,19,19,1,0,4,BRUNCH_SPOT|SMOOTHIE_SHOP|FARMERS_MARKET|BAKERY|FARMERS_MARKET|PIZZA_SHOP|PIZZA_SHOP|BRUNCH_SPOT
95618618,0,SaiKushal185,1,130877.0,130800.0,5,277,10,4,0,129,5,0,42,12,6,11,-1,279,120,0,542,11,0,274,72,234,43,13,25,37,1,7,31,1,0,6,SMOOTHIE_SHOP|PIZZA_SHOP|ICE_CREAM_SHOP|PIZZA_SHOP|BRUNCH_SPOT|ICE_CREAM_SHOP|FARMERS_MARKET|FARMERS_MARKET
95618618,1,James Holland,0,130800.0,130877.0,5,278,10,4,0,123,5,0,42,12,6,11,-1,353,250,0,678,10,0,335,136,2750,43,13,25,37,1,7,31,1,0,6,SMOOTHIE_SHOP|PIZZA_SHOP|ICE_CREAM_SHOP|PIZZA_SHOP|BRUNCH_SPOT|ICE_CREAM_SHOP|FARMERS_MARKET|FARMERS_MARKET
95618621,0,ReCurSiON,0,105951.0,119431.0,4,262,6,7,0,143,0,0,37,15,6,10,-1,279,217,0,457,0,0,290,114,265,25,13,7,31,1,7,31,13,0,8,YARN_STORE|PIZZA_SHOP|SMOOTHIE_SHOP|SMOOTHIE_SHOP|BRUNCH_SPOT|PET_CAFE|ICE_CREAM_SHOP|ICE_CREAM_SHOP
95618621,1,SaiKushal185,1,119431.0,105951.0,5,277,6,12,0,130,1,0,42,12,6,11,12,189,266,0,795,2,0,271,72,275,25,13,7,31,1,7,31,13,0,8,YARN_STORE|PIZZA_SHOP|SMOOTHIE_SHOP|SMOOTHIE_SHOP|BRUNCH_SPOT|PET_CAFE|ICE_CREAM_SHOP|ICE_CREAM_SHOP
95620859,0,Michael Timbs,0,79790.0,95615.0,5,264,8,4,0,146,0,0,37,20,6,10,-1,215,132,0,433,0,0,278,102,216,37,7,25,13,1,13,19,25,0,5,PIZZA_SHOP|FARMERS_MARKET|YARN_STORE|BRUNCH_SPOT|BAKERY|YARN_STORE|PIZZA_SHOP|PIZZA_SHOP
95620859,1,feel the borov,1,95615.0,79790.0,5,277,6,8,0,137,8,0,34,20,6,11,-1,189,207,0,1012,19,0,225,120,1794,37,7,25,13,1,13,19,25,0,5,PIZZA_SHOP|FARMERS_MARKET|YARN_STORE|BRUNCH_SPOT|BAKERY|YARN_STORE|PIZZA_SHOP|PIZZA_SHOP
95620861,0,Arman Tuganbaev,1,84930.0,82677.0,2,249,8,10,0,148,0,2,27,11,6,11,-1,162,264,0,223,0,7,186,63,309,37,1,13,19,1,25,19,13,0,7,PIZZA_SHOP|YARN_STORE|BAKERY|PIZZA_SHOP|SMOOTHIE_SHOP|BRUNCH_SPOT|BAKERY|BRUNCH_SPOT
95620861,1,Izzoudine Mohamed KANTA,0,82677.0,84930.0,5,277,6,12,0,152,4,0,34,17,6,11,12,193,270,0,1653,4,0,216,120,2025,37,1,13,19,1,25,19,13,0,7,PIZZA_SHOP|YARN_STORE|BAKERY|PIZZA_SHOP|SMOOTHIE_SHOP|BRUNCH_SPOT|BAKERY|BRUNCH_SPOT
95620864,0,peikopon,1,145915.0,144010.0,5,278,10,4,0,123,5,0,38,12,6,11,-1,279,178,0,677,10,0,275,72,2750,31,19,7,37,1,13,25,1,0,8,ICE_CREAM_SHOP|ICE_CREAM_SHOP|SMOOTHIE_SHOP|FARMERS_MARKET|SMOOTHIE_SHOP|PET_CAFE|BRUNCH_SPOT|BAKERY
95620864,1,SaiKushal185,0,144010.0,145915.0,5,277,10,4,0,129,5,0,42,12,6,11,-1,279,120,0,542,11,0,274,72,234,31,19,7,37,1,13,25,1,0,8,ICE_CREAM_SHOP|ICE_CREAM_SHOP|SMOOTHIE_SHOP|FARMERS_MARKET|SMOOTHIE_SHOP|PET_CAFE|BRUNCH_SPOT|BAKERY
95620890,0,Crop Dusta,1,90954.0,87935.0,4,295,7,2,0,95,0,11,49,13,5,8,-1,174,52,0,348,0,63,304,78,65,37,25,19,31,1,13,13,13,0,4,ICE_CREAM_SHOP|FARMERS_MARKET|BRUNCH_SPOT|PIZZA_SHOP|PET_CAFE|BRUNCH_SPOT|YARN_STORE|FARMERS_MARKET
95620890,1,Xiaowenhao404,0,87935.0,90954.0,5,277,10,4,0,127,15,0,42,12,6,11,-1,268,119,0,1219,18,0,1280,89,1971,37,25,19,31,1,13,13,13,0,4,ICE_CREAM_SHOP|FARMERS_MARKET|BRUNCH_SPOT|PIZZA_SHOP|PET_CAFE|BRUNCH_SPOT|YARN_STORE|FARMERS_MARKET
95620892,0,Arman Tuganbaev,0,91598.0,96521.0,2,290,9,8,0,144,36,0,44,7,6,10,-1,211,215,0,180,84,0,314,42,284,13,37,1,19,1,7,13,25,0,12,ICE_CREAM_SHOP|PET_CAFE|YARN_STORE|YARN_STORE|SMOOTHIE_SHOP|PET_CAFE|PET_CAFE|BRUNCH_SPOT
95620892,1,Izzoudine Mohamed KANTA,1,96521.0,91598.0,5,277,6,8,0,132,6,0,38,12,6,11,-1,279,250,0,872,11,0,296,72,2933,13,37,1,19,1,7,13,25,0,12,ICE_CREAM_SHOP|PET_CAFE|YARN_STORE|YARN_STORE|SMOOTHIE_SHOP|PET_CAFE|PET_CAFE|BRUNCH_SPOT
95620894,0,Crop Dusta,0,108620.0,119926.0,4,295,11,4,0,92,0,0,49,16,5,8,-1,303,79,0,322,0,0,265,96,163,37,1,13,19,1,19,31,1,0,7,SMOOTHIE_SHOP|ICE_CREAM_SHOP|SMOOTHIE_SHOP|BAKERY|BAKERY|PIZZA_SHOP|PIZZA_SHOP|BAKERY
95620894,1,Ryo Hasegawa,1,119926.0,108620.0,5,288,12,2,0,130,0,0,42,11,5,10,-1,299,66,0,298,0,0,326,66,218,37,1,13,19,1,19,31,1,0,7,SMOOTHIE_SHOP|ICE_CREAM_SHOP|SMOOTHIE_SHOP|BAKERY|BAKERY|PIZZA_SHOP|PIZZA_SHOP|BAKERY
95620895,0,tetsuya,0,76583.0,82430.0,6,309,6,5,4,125,0,0,39,12,7,10,-1,177,143,105,286,0,0,292,72,259,37,7,7,37,1,25,19,1,0,9,BRUNCH_SPOT|BAKERY|FARMERS_MARKET|BRUNCH_SPOT|BAKERY|ICE_CREAM_SHOP|SMOOTHIE_SHOP|SMOOTHIE_SHOP
95620895,1,Crop Dusta,1,82430.0,76583.0,4,296,3,3,5,152,0,0,39,18,5,8,-1,95,65,191,515,0,0,238,94,79,37,7,7,37,1,25,19,1,0,9,BRUNCH_SPOT|BAKERY|FARMERS_MARKET|BRUNCH_SPOT|BAKERY|ICE_CREAM_SHOP|SMOOTHIE_SHOP|SMOOTHIE_SHOP
95620898,0,Izzoudine Mohamed KANTA,0,107254.0,110616.0,5,277,10,4,0,132,6,0,38,12,6,11,-1,280,142,0,871,11,0,296,72,2933,31,1,13,19,1,13,31,13,0,2,PIZZA_SHOP|SMOOTHIE_SHOP|PIZZA_SHOP|BAKERY|ICE_CREAM_SHOP|SMOOTHIE_SHOP|BAKERY|YARN_STORE
95620898,1,tetsuya,1,110616.0,107254.0,6,308,11,4,0,161,0,8,29,10,7,10,-1,274,108,0,415,0,52,191,60,226,31,1,13,19,1,13,31,13,0,2,PIZZA_SHOP|SMOOTHIE_SHOP|PIZZA_SHOP|BAKERY|ICE_CREAM_SHOP|SMOOTHIE_SHOP|BAKERY|YARN_STORE
95623157,0,lucaskna,0,66246.0,67812.0,5,277,8,6,0,122,5,0,34,20,6,11,-1,162,164,0,739,10,0,259,120,239,25,25,1,31,1,25,13,1,0,3,BRUNCH_SPOT|BAKERY|PET_CAFE|BRUNCH_SPOT|BRUNCH_SPOT|SMOOTHIE_SHOP|SMOOTHIE_SHOP|PET_CAFE
95623157,1,JeremiahMannings,1,67812.0,66246.0,4,263,9,4,0,160,0,0,37,15,6,10,-1,401,189,0,765,0,0,313,114,302,25,25,1,31,1,25,13,1,0,3,BRUNCH_SPOT|BAKERY|PET_CAFE|BRUNCH_SPOT|BRUNCH_SPOT|SMOOTHIE_SHOP|SMOOTHIE_SHOP|PET_CAFE
95623170,0,Xiaowenhao404,1,43453.0,42125.0,5,277,10,4,0,127,14,0,42,12,6,11,-1,274,119,0,1232,18,0,1268,72,1632,37,19,25,13,1,13,19,13,0,5,PET_CAFE|PIZZA_SHOP|BAKERY|PIZZA_SHOP|BRUNCH_SPOT|PIZZA_SHOP|FARMERS_MARKET|YARN_STORE
95623170,1,dunky su,0,42125.0,43453.0,5,277,10,4,0,125,5,0,42,12,6,11,-1,280,158,0,856,11,0,279,72,2932,37,19,25,13,1,13,19,13,0,5,PET_CAFE|PIZZA_SHOP|BAKERY|PIZZA_SHOP|BRUNCH_SPOT|PIZZA_SHOP|FARMERS_MARKET|YARN_STORE
95625468,0,Eddy Despradel,0,60663.0,63084.0,5,277,10,4,0,133,13,0,42,12,6,11,-1,280,158,0,856,11,0,288,72,2932,25,31,13,19,1,13,7,25,0,13,PET_CAFE|BRUNCH_SPOT|PIZZA_SHOP|BRUNCH_SPOT|FARMERS_MARKET|YARN_STORE|YARN_STORE|PET_CAFE
95625468,1,Giulio Ravasio,1,63084.0,60663.0,5,278,10,4,0,123,5,0,42,12,6,11,-1,279,180,0,675,10,0,275,72,2750,25,31,13,19,1,13,7,25,0,13,PET_CAFE|BRUNCH_SPOT|PIZZA_SHOP|BRUNCH_SPOT|FARMERS_MARKET|YARN_STORE|YARN_STORE|PET_CAFE
95625469,0,Suneeth reddy,0,75656.0,81661.0,5,277,6,12,0,150,3,0,34,20,6,11,12,189,270,0,1040,2,0,216,120,289,31,19,19,25,1,7,25,13,0,5,BRUNCH_SPOT|YARN_STORE|PET_CAFE|ICE_CREAM_SHOP|PIZZA_SHOP|PIZZA_SHOP|SMOOTHIE_SHOP|FARMERS_MARKET
95625469,1,Kostiantyn Isaienkov,1,81661.0,75656.0,5,277,6,8,0,131,12,0,42,12,6,11,-1,279,202,0,786,9,0,281,72,2380,31,19,19,25,1,7,25,13,0,5,BRUNCH_SPOT|YARN_STORE|PET_CAFE|ICE_CREAM_SHOP|PIZZA_SHOP|PIZZA_SHOP|SMOOTHIE_SHOP|FARMERS_MARKET
95627744,0,Izzoudine Mohamed KANTA,0,48859.0,51876.0,5,277,6,12,0,135,3,0,42,12,6,11,12,233,266,0,1209,2,0,282,72,2702,31,25,7,7,1,19,13,13,0,0,YARN_STORE|PET_CAFE|BAKERY|PET_CAFE|BAKERY|ICE_CREAM_SHOP|PIZZA_SHOP|BAKERY
95627744,1,カワシギ,1,51876.0,48859.0,5,277,6,12,0,153,14,0,42,12,6,11,12,149,258,0,1759,15,0,281,72,1841,31,25,7,7,1,19,13,13,0,0,YARN_STORE|PET_CAFE|BAKERY|PET_CAFE|BAKERY|ICE_CREAM_SHOP|PIZZA_SHOP|BAKERY
95627746,0,peikopon,0,57692.0,60133.0,5,278,9,6,0,123,5,0,38,12,6,11,-1,297,183,0,678,10,0,275,72,2750,43,1,1,31,1,37,13,1,0,3,BRUNCH_SPOT|BAKERY|SMOOTHIE_SHOP|BAKERY|BAKERY|BRUNCH_SPOT|ICE_CREAM_SHOP|BRUNCH_SPOT
95627746,1,カワシギ,1,60133.0,57692.0,5,277,10,4,0,128,14,0,42,12,6,11,-1,217,105,0,1270,9,0,304,72,1848,43,1,1,31,1,37,13,1,0,3,BRUNCH_SPOT|BAKERY|SMOOTHIE_SHOP|BAKERY|BAKERY|BRUNCH_SPOT|ICE_CREAM_SHOP|BRUNCH_SPOT
95627747,0,Izzoudine Mohamed KANTA,0,56726.0,62249.0,5,277,6,6,2,132,6,0,38,12,6,11,-1,279,134,56,880,11,0,274,72,2933,25,43,7,19,1,13,13,1,0,0,BAKERY|FARMERS_MARKET|SMOOTHIE_SHOP|BAKERY|PET_CAFE|PET_CAFE|ICE_CREAM_SHOP|PET_CAFE
95627747,1,Subramanya N,1,62249.0,56726.0,6,305,3,3,2,124,45,0,35,14,6,10,-1,102,98,83,381,108,0,206,72,149,25,43,7,19,1,13,13,1,0,0,BAKERY|FARMERS_MARKET|SMOOTHIE_SHOP|BAKERY|PET_CAFE|PET_CAFE|ICE_CREAM_SHOP|PET_CAFE
95632287,0,カワシギ,1,105244.0,100736.0,5,277,6,12,0,145,13,0,34,20,6,11,12,189,264,0,1383,10,0,226,120,1807,37,7,25,19,1,7,31,13,0,5,YARN_STORE|ICE_CREAM_SHOP|PIZZA_SHOP|BAKERY|SMOOTHIE_SHOP|PIZZA_SHOP|PIZZA_SHOP|FARMERS_MARKET
95632287,1,ReCurSiON,0,100736.0,105244.0,4,262,6,7,0,143,0,0,37,20,6,10,-1,279,256,0,457,0,0,290,114,265,37,7,25,19,1,7,31,13,0,5,YARN_STORE|ICE_CREAM_SHOP|PIZZA_SHOP|BAKERY|SMOOTHIE_SHOP|PIZZA_SHOP|PIZZA_SHOP|FARMERS_MARKET
95632289,0,dunky su,1,83679.0,82615.0,5,277,6,12,0,126,1,0,42,12,6,11,12,192,266,0,1196,2,0,271,72,2701,37,25,25,25,1,7,19,13,0,5,YARN_STORE|PIZZA_SHOP|FARMERS_MARKET|FARMERS_MARKET|PET_CAFE|ICE_CREAM_SHOP|BRUNCH_SPOT|PIZZA_SHOP
95632289,1,Ryo Hasegawa,0,82615.0,83679.0,5,290,6,7,0,151,0,0,47,11,6,9,-1,171,191,0,263,0,0,250,66,231,37,25,25,25,1,7,19,13,0,5,YARN_STORE|PIZZA_SHOP|FARMERS_MARKET|FARMERS_MARKET|PET_CAFE|ICE_CREAM_SHOP|BRUNCH_SPOT|PIZZA_SHOP
95636860,0,James Holland,0,72873.0,73259.0,5,277,6,12,0,141,7,0,34,12,6,11,12,263,339,0,1469,4,0,320,180,1735,19,25,1,31,1,13,19,13,0,12,YARN_STORE|PET_CAFE|SMOOTHIE_SHOP|PET_CAFE|SMOOTHIE_SHOP|ICE_CREAM_SHOP|BRUNCH_SPOT|BRUNCH_SPOT
95636860,1,Alexander Shahramanyan,1,73259.0,72873.0,5,277,6,12,0,128,1,0,42,12,6,11,12,255,266,0,1196,2,0,291,72,2701,19,25,1,31,1,13,19,13,0,12,YARN_STORE|PET_CAFE|SMOOTHIE_SHOP|PET_CAFE|SMOOTHIE_SHOP|ICE_CREAM_SHOP|BRUNCH_SPOT|BRUNCH_SPOT
95636866,0,Laplacenvmv,0,72240.0,72931.0,5,277,10,4,0,125,5,0,42,12,6,11,-1,280,150,0,856,11,0,277,72,2932,49,19,19,37,1,13,19,1,0,4,FARMERS_MARKET|BAKERY|ICE_CREAM_SHOP|BAKERY|FARMERS_MARKET|ICE_CREAM_SHOP|FARMERS_MARKET|ICE_CREAM_SHOP
95636866,1,Ozi,1,72931.0,72240.0,5,277,10,4,0,125,5,0,42,12,6,11,-1,280,150,0,856,11,0,277,72,2932,49,19,19,37,1,13,19,1,0,4,FARMERS_MARKET|BAKERY|ICE_CREAM_SHOP|BAKERY|FARMERS_MARKET|ICE_CREAM_SHOP|FARMERS_MARKET|ICE_CREAM_SHOP
95636872,0,Efe Can Celiksoy,0,65697.0,66548.0,5,277,10,4,0,138,16,0,34,20,6,11,-1,278,120,0,998,17,0,251,120,2245,31,13,7,19,1,19,19,13,0,14,BAKERY|PIZZA_SHOP|YARN_STORE|SMOOTHIE_SHOP|BAKERY|BRUNCH_SPOT|PET_CAFE|ICE_CREAM_SHOP
95636872,1,Victor @ Tufa Labs,1,66548.0,65697.0,5,277,10,4,0,124,5,0,42,12,6,11,-1,1000251,105,0,8451,11,0,1000281,72,1000260,31,13,7,19,1,19,19,13,0,14,BAKERY|PIZZA_SHOP|YARN_STORE|SMOOTHIE_SHOP|BAKERY|BRUNCH_SPOT|PET_CAFE|ICE_CREAM_SHOP
95636879,0,Rayk Kretzschmar,0,46381.0,47704.0,5,277,10,4,0,125,5,0,42,12,6,11,-1,280,150,0,856,11,0,274,72,2932,31,25,7,19,1,13,25,1,0,1,BAKERY|SMOOTHIE_SHOP|PET_CAFE|PET_CAFE|BAKERY|ICE_CREAM_SHOP|ICE_CREAM_SHOP|PIZZA_SHOP
95636879,1,lucaskna,1,47704.0,46381.0,5,278,10,4,0,125,5,0,42,12,6,11,-1,199,120,0,584,11,0,276,72,237,31,25,7,19,1,13,25,1,0,1,BAKERY|SMOOTHIE_SHOP|PET_CAFE|PET_CAFE|BAKERY|ICE_CREAM_SHOP|ICE_CREAM_SHOP|PIZZA_SHOP
95639014,0,Seb (allegedly),0,54849.0,59381.0,7,305,12,5,0,102,0,0,38,18,4,8,10,246,74,0,254,0,0,268,108,286,43,13,13,37,1,19,19,1,0,9,BAKERY|SMOOTHIE_SHOP|BAKERY|FARMERS_MARKET|ICE_CREAM_SHOP|BRUNCH_SPOT|FARMERS_MARKET|ICE_CREAM_SHOP
95639014,1,Dmitry Larko,1,59381.0,54849.0,5,277,10,4,0,133,13,0,42,12,6,11,-1,280,175,0,858,11,0,296,72,2932,43,13,13,37,1,19,19,1,0,9,BAKERY|SMOOTHIE_SHOP|BAKERY|FARMERS_MARKET|ICE_CREAM_SHOP|BRUNCH_SPOT|FARMERS_MARKET|ICE_CREAM_SHOP
95639029,0,JeremiahMannings,1,62103.0,53891.0,4,263,9,4,0,140,0,0,37,20,6,10,-1,401,253,0,720,0,0,313,114,302,37,19,13,19,1,25,7,13,0,3,PET_CAFE|BRUNCH_SPOT|PIZZA_SHOP|BRUNCH_SPOT|FARMERS_MARKET|BAKERY|YARN_STORE|BAKERY
95639029,1,Nat00,0,53891.0,62103.0,5,277,10,4,0,129,5,0,42,12,6,11,-1,280,167,0,856,11,0,306,72,2932,37,19,13,19,1,25,7,13,0,3,PET_CAFE|BRUNCH_SPOT|PIZZA_SHOP|BRUNCH_SPOT|FARMERS_MARKET|BAKERY|YARN_STORE|BAKERY
95639036,0,peikopon,0,88660.0,88747.0,5,278,10,4,0,95,35,2,36,12,6,11,-1,279,184,0,675,67,11,275,72,2752,25,37,13,31,1,7,13,13,0,10,FARMERS_MARKET|BRUNCH_SPOT|FARMERS_MARKET|ICE_CREAM_SHOP|PET_CAFE|YARN_STORE|PET_CAFE|SMOOTHIE_SHOP
95639036,1,lucaskna,1,88747.0,88660.0,5,277,8,6,0,125,5,0,42,12,6,11,-1,174,164,0,602,11,0,276,72,235,25,37,13,31,1,7,13,13,0,10,FARMERS_MARKET|BRUNCH_SPOT|FARMERS_MARKET|ICE_CREAM_SHOP|PET_CAFE|YARN_STORE|PET_CAFE|SMOOTHIE_SHOP
95639117,0,Kostiantyn Isaienkov,1,52168.0,47983.0,5,277,6,4,4,131,12,0,42,12,6,11,-1,279,120,98,786,9,0,281,72,2380,37,31,19,31,1,19,7,1,0,4,PET_CAFE|BAKERY|FARMERS_MARKET|FARMERS_MARKET|SMOOTHIE_SHOP|BAKERY|BRUNCH_SPOT|FARMERS_MARKET
95639117,1,Victor @ Tufa Labs,0,47983.0,52168.0,5,277,10,4,0,125,5,0,42,12,6,11,-1,280,194,0,13471,11,0,311,72,2966,37,31,19,31,1,19,7,1,0,4,PET_CAFE|BAKERY|FARMERS_MARKET|FARMERS_MARKET|SMOOTHIE_SHOP|BAKERY|BRUNCH_SPOT|FARMERS_MARKET
95639139,0,DeeperNet,0,53364.0,65973.0,5,277,6,8,0,133,13,0,42,12,6,11,-1,201,208,0,856,11,0,274,72,2932,25,37,13,13,1,13,13,13,0,0,PET_CAFE|BRUNCH_SPOT|YARN_STORE|PET_CAFE|PIZZA_SHOP|BRUNCH_SPOT|PET_CAFE|PIZZA_SHOP
95639139,1,Ryo Hasegawa,1,65973.0,53364.0,5,289,6,7,0,115,43,0,36,11,6,10,-1,168,181,0,193,111,0,271,66,220,25,37,13,13,1,13,13,13,0,0,PET_CAFE|BRUNCH_SPOT|YARN_STORE|PET_CAFE|PIZZA_SHOP|BRUNCH_SPOT|PET_CAFE|PIZZA_SHOP
95641218,0,shyjin,0,127457.0,127981.0,5,277,6,12,0,145,3,0,34,17,6,11,12,228,270,0,1647,2,0,226,120,2028,25,13,19,25,1,1,19,37,0,13,PIZZA_SHOP|YARN_STORE|ICE_CREAM_SHOP|SMOOTHIE_SHOP|YARN_STORE|YARN_STORE|FARMERS_MARKET|FARMERS_MARKET
95641218,1,Xiaowenhao404,1,127981.0,127457.0,5,277,6,12,0,142,11,0,42,12,6,11,12,192,265,0,1836,8,0,330,72,1620,25,13,19,25,1,1,19,37,0,13,PIZZA_SHOP|YARN_STORE|ICE_CREAM_SHOP|SMOOTHIE_SHOP|YARN_STORE|YARN_STORE|FARMERS_MARKET|FARMERS_MARKET
95643599,0,SaiKushal185,0,93504.0,94499.0,5,277,10,4,0,129,5,0,42,12,6,11,-1,279,120,0,542,11,0,274,72,234,31,19,19,25,1,7,25,13,0,5,FARMERS_MARKET|PIZZA_SHOP|PIZZA_SHOP|ICE_CREAM_SHOP|YARN_STORE|SMOOTHIE_SHOP|BRUNCH_SPOT|PET_CAFE
95643599,1,Suneeth reddy,1,94499.0,93504.0,5,277,10,4,0,129,5,0,42,12,6,11,-1,279,120,0,552,11,0,268,72,223,31,19,19,25,1,7,25,13,0,5,FARMERS_MARKET|PIZZA_SHOP|PIZZA_SHOP|ICE_CREAM_SHOP|YARN_STORE|SMOOTHIE_SHOP|BRUNCH_SPOT|PET_CAFE
95643601,0,ReCurSiON,0,132784.0,133381.0,4,262,9,4,0,143,0,0,37,15,6,10,-1,296,172,0,457,0,0,290,114,265,31,7,19,25,1,7,31,13,0,5,SMOOTHIE_SHOP|ICE_CREAM_SHOP|PIZZA_SHOP|SMOOTHIE_SHOP|FARMERS_MARKET|BAKERY|PIZZA_SHOP|YARN_STORE
95643601,1,Laplacenvmv,1,133381.0,132784.0,5,277,10,4,0,125,5,0,42,12,6,11,-1,280,164,0,856,11,0,296,72,2932,31,7,19,25,1,7,31,13,0,5,SMOOTHIE_SHOP|ICE_CREAM_SHOP|PIZZA_SHOP|SMOOTHIE_SHOP|FARMERS_MARKET|BAKERY|PIZZA_SHOP|YARN_STORE
95643715,0,Crop Dusta,1,90323.0,79023.0,4,294,7,13,0,195,0,0,12,15,5,9,-1,118,251,0,703,0,0,61,90,163,31,1,13,7,1,19,13,37,0,11,YARN_STORE|BAKERY|PIZZA_SHOP|BAKERY|YARN_STORE|BRUNCH_SPOT|YARN_STORE|PIZZA_SHOP
95643715,1,SaiKushal185,0,79023.0,90323.0,5,277,6,12,0,130,1,0,42,12,6,11,12,183,254,0,767,2,0,261,72,272,31,1,13,7,1,19,13,37,0,11,YARN_STORE|BAKERY|PIZZA_SHOP|BAKERY|YARN_STORE|BRUNCH_SPOT|YARN_STORE|PIZZA_SHOP
95643720,0,Efe Can Celiksoy,1,124140.0,119931.0,5,277,10,4,0,126,16,0,42,12,6,11,-1,279,119,0,1020,17,0,286,72,2013,37,13,7,31,1,19,25,1,0,9,BRUNCH_SPOT|SMOOTHIE_SHOP|ICE_CREAM_SHOP|PIZZA_SHOP|ICE_CREAM_SHOP|BAKERY|BRUNCH_SPOT|PET_CAFE
95643720,1,feel the borov,0,119931.0,124140.0,5,277,10,4,0,125,5,0,42,12,6,11,-1,280,158,0,856,11,0,288,72,2932,37,13,7,31,1,19,25,1,0,9,BRUNCH_SPOT|SMOOTHIE_SHOP|ICE_CREAM_SHOP|PIZZA_SHOP|ICE_CREAM_SHOP|BAKERY|BRUNCH_SPOT|PET_CAFE
95645799,0,shyjin,0,83413.0,85960.0,5,277,10,4,0,125,5,0,42,12,6,11,-1,280,159,0,856,11,0,288,72,2935,31,31,13,19,1,13,19,1,0,1,PIZZA_SHOP|ICE_CREAM_SHOP|PET_CAFE|SMOOTHIE_SHOP|FARMERS_MARKET|BAKERY|PET_CAFE|BAKERY
95645799,1,peikopon,1,85960.0,83413.0,5,278,10,5,0,95,35,2,36,12,6,11,-1,279,178,0,675,68,11,275,72,2752,31,31,13,19,1,13,19,1,0,1,PIZZA_SHOP|ICE_CREAM_SHOP|PET_CAFE|SMOOTHIE_SHOP|FARMERS_MARKET|BAKERY|PET_CAFE|BAKERY
95645909,0,Xiaowenhao404,1,108228.0,105560.0,5,277,10,4,0,127,14,0,42,12,6,11,-1,284,119,0,1226,18,0,1278,89,1819,25,1,7,25,1,13,19,37,0,11,SMOOTHIE_SHOP|BRUNCH_SPOT|ICE_CREAM_SHOP|PIZZA_SHOP|YARN_STORE|YARN_STORE|YARN_STORE|BRUNCH_SPOT
95645909,1,Subramanya N,0,105560.0,108228.0,6,303,12,9,0,61,11,0,51,16,6,10,-1,267,135,0,176,21,0,309,64,251,25,1,7,25,1,13,19,37,0,11,SMOOTHIE_SHOP|BRUNCH_SPOT|ICE_CREAM_SHOP|PIZZA_SHOP|YARN_STORE|YARN_STORE|YARN_STORE|BRUNCH_SPOT
95645910,0,Ryo Hasegawa,0,65225.0,67105.0,5,290,6,6,0,181,60,0,24,11,5,9,-1,169,132,0,428,173,0,191,66,204,19,25,7,19,1,13,19,13,0,12,BRUNCH_SPOT|PET_CAFE|PET_CAFE|YARN_STORE|PIZZA_SHOP|BAKERY|SMOOTHIE_SHOP|SMOOTHIE_SHOP
95645910,1,Crop Dusta,1,67105.0,65225.0,4,296,4,10,6,79,60,0,29,18,5,8,-1,126,176,161,260,184,0,159,95,227,19,25,7,19,1,13,19,13,0,12,BRUNCH_SPOT|PET_CAFE|PET_CAFE|YARN_STORE|PIZZA_SHOP|BAKERY|SMOOTHIE_SHOP|SMOOTHIE_SHOP
95645912,0,Crop Dusta,1,98090.0,82941.0,4,296,7,10,3,187,0,0,16,18,5,8,-1,215,179,101,684,0,0,79,102,218,37,1,19,7,1,13,25,25,0,5,BAKERY|PIZZA_SHOP|YARN_STORE|ICE_CREAM_SHOP|BAKERY|PIZZA_SHOP|PIZZA_SHOP|YARN_STORE
95645912,1,Arman Tuganbaev,0,82941.0,98090.0,2,236,7,8,0,136,0,0,19,26,7,10,-1,165,219,0,275,0,0,132,144,290,37,1,19,7,1,13,25,25,0,5,BAKERY|PIZZA_SHOP|YARN_STORE|ICE_CREAM_SHOP|BAKERY|PIZZA_SHOP|PIZZA_SHOP|YARN_STORE
95645913,0,カワシギ,0,89444.0,99841.0,5,277,6,12,0,158,13,0,34,20,6,11,12,177,272,0,1400,8,0,200,117,2318,19,25,13,7,1,7,19,25,0,11,PET_CAFE|YARN_STORE|YARN_STORE|SMOOTHIE_SHOP|BAKERY|PIZZA_SHOP|PIZZA_SHOP|PET_CAFE
95645913,1,Crop Dusta,1,99841.0,89444.0,4,295,3,14,0,136,0,0,15,23,5,9,-1,101,336,0,514,0,0,96,117,214,19,25,13,7,1,7,19,25,0,11,PET_CAFE|YARN_STORE|YARN_STORE|SMOOTHIE_SHOP|BAKERY|PIZZA_SHOP|PIZZA_SHOP|PET_CAFE
95645915,0,Izzoudine Mohamed KANTA,1,119098.0,118361.0,5,277,6,8,0,132,6,0,38,12,6,11,-1,279,252,0,879,11,0,296,72,2933,31,13,13,37,1,19,7,25,0,14,SMOOTHIE_SHOP|BRUNCH_SPOT|YARN_STORE|BRUNCH_SPOT|FARMERS_MARKET|YARN_STORE|BRUNCH_SPOT|FARMERS_MARKET
95645915,1,Arman Tuganbaev,0,118361.0,119098.0,2,284,9,10,0,134,8,0,41,9,6,10,-1,233,214,0,173,24,0,317,54,287,31,13,13,37,1,19,7,25,0,14,SMOOTHIE_SHOP|BRUNCH_SPOT|YARN_STORE|BRUNCH_SPOT|FARMERS_MARKET|YARN_STORE|BRUNCH_SPOT|FARMERS_MARKET
95645918,0,tetsuya,0,55246.0,68317.0,6,308,11,4,0,104,56,8,29,10,7,10,-1,283,109,0,209,146,56,162,60,312,25,31,13,13,1,13,13,13,0,0,PIZZA_SHOP|PET_CAFE|BAKERY|SMOOTHIE_SHOP|PET_CAFE|FARMERS_MARKET|YARN_STORE|BAKERY
95645918,1,Crop Dusta,1,68317.0,55246.0,4,297,7,4,0,147,84,0,14,18,5,8,-1,174,98,0,533,250,0,90,108,82,25,31,13,13,1,13,13,13,0,0,PIZZA_SHOP|PET_CAFE|BAKERY|SMOOTHIE_SHOP|PET_CAFE|FARMERS_MARKET|YARN_STORE|BAKERY
95648091,0,shyjin,1,70331.0,69435.0,5,277,10,4,0,125,5,0,42,12,6,11,-1,280,154,0,856,11,0,279,72,2935,37,13,7,31,1,25,19,1,0,9,PIZZA_SHOP|PET_CAFE|BRUNCH_SPOT|SMOOTHIE_SHOP|ICE_CREAM_SHOP|BRUNCH_SPOT|BAKERY|BRUNCH_SPOT
95648091,1,James Holland,0,69435.0,70331.0,5,278,10,4,0,123,5,0,42,12,6,11,-1,367,268,0,678,10,0,363,160,2750,37,13,7,31,1,25,19,1,0,9,PIZZA_SHOP|PET_CAFE|BRUNCH_SPOT|SMOOTHIE_SHOP|ICE_CREAM_SHOP|BRUNCH_SPOT|BAKERY|BRUNCH_SPOT
95650376,0,Eddy Despradel,0,109244.0,115074.0,5,277,10,4,0,133,13,0,42,12,6,11,-1,280,158,0,856,11,0,288,72,2932,37,7,13,37,1,13,25,13,0,9,ICE_CREAM_SHOP|BRUNCH_SPOT|PIZZA_SHOP|BRUNCH_SPOT|SMOOTHIE_SHOP|YARN_STORE|FARMERS_MARKET|ICE_CREAM_SHOP
95650376,1,shyjin,1,115074.0,109244.0,5,277,10,4,0,125,5,0,42,12,6,11,-1,280,154,0,856,11,0,279,72,2935,37,7,13,37,1,13,25,13,0,9,ICE_CREAM_SHOP|BRUNCH_SPOT|PIZZA_SHOP|BRUNCH_SPOT|SMOOTHIE_SHOP|YARN_STORE|FARMERS_MARKET|ICE_CREAM_SHOP
95652826,0,peikopon,0,88764.0,89330.0,5,277,10,4,0,100,33,0,34,20,6,11,-1,322,139,0,1139,95,0,260,120,1872,19,19,13,25,1,1,25,25,0,2,PET_CAFE|SMOOTHIE_SHOP|SMOOTHIE_SHOP|PIZZA_SHOP|YARN_STORE|FARMERS_MARKET|YARN_STORE|ICE_CREAM_SHOP
95652826,1,カワシギ,1,89330.0,88764.0,5,277,10,4,0,121,14,0,42,12,6,11,-1,269,120,0,1105,13,0,314,72,1513,19,19,13,25,1,1,25,25,0,2,PET_CAFE|SMOOTHIE_SHOP|SMOOTHIE_SHOP|PIZZA_SHOP|YARN_STORE|FARMERS_MARKET|YARN_STORE|ICE_CREAM_SHOP
95652827,0,feel the borov,0,128885.0,132033.0,5,277,10,4,0,125,5,0,42,12,6,11,-1,280,158,0,856,11,0,288,72,2932,37,13,19,37,1,7,31,1,0,6,SMOOTHIE_SHOP|FARMERS_MARKET|ICE_CREAM_SHOP|PIZZA_SHOP|FARMERS_MARKET|ICE_CREAM_SHOP|BAKERY|SMOOTHIE_SHOP
95652827,1,Izzoudine Mohamed KANTA,1,132033.0,128885.0,5,277,10,4,0,132,6,0,38,12,6,11,-1,280,141,0,881,11,0,294,72,2933,37,13,19,37,1,7,31,1,0,6,SMOOTHIE_SHOP|FARMERS_MARKET|ICE_CREAM_SHOP|PIZZA_SHOP|FARMERS_MARKET|ICE_CREAM_SHOP|BAKERY|SMOOTHIE_SHOP
95654945,0,shyjin,0,57551.0,60051.0,5,277,8,6,0,125,5,0,42,12,6,11,-1,273,193,0,856,11,0,279,72,2935,19,43,7,25,1,13,7,13,0,12,PET_CAFE|BRUNCH_SPOT|PET_CAFE|YARN_STORE|FARMERS_MARKET|SMOOTHIE_SHOP|PET_CAFE|BRUNCH_SPOT
95654945,1,Nat00,1,60051.0,57551.0,5,277,8,6,0,129,5,0,42,12,6,11,-1,279,238,0,856,11,0,319,72,2932,19,43,7,25,1,13,7,13,0,12,PET_CAFE|BRUNCH_SPOT|PET_CAFE|YARN_STORE|FARMERS_MARKET|SMOOTHIE_SHOP|PET_CAFE|BRUNCH_SPOT
95657400,0,ReCurSiON,0,43138.0,45849.0,4,262,9,4,0,143,0,0,37,20,6,10,-1,296,200,0,457,0,0,290,114,265,37,31,19,19,1,13,19,1,0,4,FARMERS_MARKET|PET_CAFE|PET_CAFE|PIZZA_SHOP|BAKERY|PIZZA_SHOP|ICE_CREAM_SHOP|BRUNCH_SPOT
95657400,1,lucaskna,1,45849.0,43138.0,5,277,8,6,0,122,5,0,34,20,6,11,-1,187,164,0,711,10,0,259,120,239,37,31,19,19,1,13,19,1,0,4,FARMERS_MARKET|PET_CAFE|PET_CAFE|PIZZA_SHOP|BAKERY|PIZZA_SHOP|ICE_CREAM_SHOP|BRUNCH_SPOT
95659525,0,shyjin,1,34506.0,33557.0,5,277,10,4,0,125,5,0,42,12,6,11,-1,280,154,0,856,11,0,279,72,2935,31,25,13,7,1,19,19,1,0,0,PET_CAFE|PIZZA_SHOP|BAKERY|BAKERY|BAKERY|SMOOTHIE_SHOP|PET_CAFE|PIZZA_SHOP
95659525,1,Rayk Kretzschmar,0,33557.0,34506.0,5,277,10,4,0,125,5,0,42,12,6,11,-1,280,150,0,856,11,0,274,72,2932,31,25,13,7,1,19,19,1,0,0,PET_CAFE|PIZZA_SHOP|BAKERY|BAKERY|BAKERY|SMOOTHIE_SHOP|PET_CAFE|PIZZA_SHOP
95661815,0,shyjin,1,95242.0,94447.0,5,277,10,4,0,125,5,0,42,12,6,11,-1,280,154,0,856,11,0,288,72,2935,37,7,13,25,1,19,19,13,0,7,FARMERS_MARKET|ICE_CREAM_SHOP|SMOOTHIE_SHOP|BAKERY|PIZZA_SHOP|BRUNCH_SPOT|YARN_STORE|BAKERY
95661815,1,Michael Timbs,0,94447.0,95242.0,5,277,10,4,0,125,15,0,42,12,6,11,-1,279,120,0,730,15,0,291,72,283,37,7,13,25,1,19,19,13,0,7,FARMERS_MARKET|ICE_CREAM_SHOP|SMOOTHIE_SHOP|BAKERY|PIZZA_SHOP|BRUNCH_SPOT|YARN_STORE|BAKERY
95661838,0,Ryo Hasegawa,1,83759.0,82485.0,5,290,6,7,0,146,14,0,44,11,6,9,-1,168,191,0,259,33,0,255,66,231,25,31,7,31,1,19,7,13,0,0,YARN_STORE|PET_CAFE|SMOOTHIE_SHOP|FARMERS_MARKET|BRUNCH_SPOT|BRUNCH_SPOT|PET_CAFE|BRUNCH_SPOT
95661838,1,Ozi,0,82485.0,83759.0,5,277,6,12,0,128,1,0,42,12,6,11,12,189,266,0,1196,2,0,271,72,2701,25,31,7,31,1,19,7,13,0,0,YARN_STORE|PET_CAFE|SMOOTHIE_SHOP|FARMERS_MARKET|BRUNCH_SPOT|BRUNCH_SPOT|PET_CAFE|BRUNCH_SPOT
95661994,0,Dmitry Larko,0,61731.0,62225.0,5,277,10,4,0,133,13,0,42,12,6,11,-1,280,141,0,858,11,0,276,72,2932,37,25,13,19,1,19,19,1,0,7,PET_CAFE|ICE_CREAM_SHOP|BRUNCH_SPOT|BRUNCH_SPOT|PIZZA_SHOP|BAKERY|PET_CAFE|PIZZA_SHOP
95661994,1,James Holland,1,62225.0,61731.0,5,278,10,4,0,123,5,0,42,12,6,11,-1,347,250,0,678,10,0,335,136,2750,37,25,13,19,1,19,19,1,0,7,PET_CAFE|ICE_CREAM_SHOP|BRUNCH_SPOT|BRUNCH_SPOT|PIZZA_SHOP|BAKERY|PET_CAFE|PIZZA_SHOP
95664102,0,shyjin,1,52929.0,51801.0,5,277,8,6,0,125,5,0,42,12,6,11,-1,273,193,0,856,11,0,279,72,2935,31,37,13,25,1,19,1,13,0,0,PET_CAFE|BRUNCH_SPOT|PET_CAFE|FARMERS_MARKET|YARN_STORE|FARMERS_MARKET|BRUNCH_SPOT|BAKERY
95664102,1,James Holland,0,51801.0,52929.0,5,278,10,4,0,123,5,0,42,12,6,11,-1,367,268,0,678,10,0,363,160,2750,31,37,13,25,1,19,1,13,0,0,PET_CAFE|BRUNCH_SPOT|PET_CAFE|FARMERS_MARKET|YARN_STORE|FARMERS_MARKET|BRUNCH_SPOT|BAKERY
95664186,0,One-For-All,0,89811.0,94439.0,5,277,10,4,0,113,12,0,42,12,6,11,-1,292,128,0,1153,14,0,300,72,1547,37,19,7,37,1,25,13,1,0,3,ICE_CREAM_SHOP|BRUNCH_SPOT|BRUNCH_SPOT|FARMERS_MARKET|PET_CAFE|BAKERY|SMOOTHIE_SHOP|BRUNCH_SPOT
95664186,1,Crop Dusta,1,94439.0,89811.0,4,296,7,3,0,111,0,0,48,13,5,8,-1,158,70,0,340,0,0,321,78,66,37,19,7,37,1,25,13,1,0,3,ICE_CREAM_SHOP|BRUNCH_SPOT|BRUNCH_SPOT|FARMERS_MARKET|PET_CAFE|BAKERY|SMOOTHIE_SHOP|BRUNCH_SPOT
95664187,0,Victor @ Tufa Labs,0,80454.0,83055.0,5,277,6,12,0,133,2,0,34,20,6,11,12,190,271,0,12552,4,0,271,120,1818,37,13,7,25,1,13,25,13,0,1,YARN_STORE|BAKERY|BRUNCH_SPOT|ICE_CREAM_SHOP|ICE_CREAM_SHOP|PET_CAFE|PIZZA_SHOP|ICE_CREAM_SHOP
95664187,1,lucaskna,1,83055.0,80454.0,5,277,6,12,0,145,3,0,34,17,6,11,12,155,270,0,1033,2,0,217,102,294,37,13,7,25,1,13,25,13,0,1,YARN_STORE|BAKERY|BRUNCH_SPOT|ICE_CREAM_SHOP|ICE_CREAM_SHOP|PET_CAFE|PIZZA_SHOP|ICE_CREAM_SHOP
95664263,0,JeremiahMannings,1,116358.0,111679.0,4,263,9,4,0,160,0,0,37,15,6,10,-1,401,189,0,765,0,0,313,114,302,25,37,19,25,1,7,19,1,0,10,SMOOTHIE_SHOP|FARMERS_MARKET|PIZZA_SHOP|FARMERS_MARKET|SMOOTHIE_SHOP|PET_CAFE|BAKERY|PET_CAFE
95664263,1,Kostiantyn Isaienkov,0,111679.0,116358.0,5,277,10,4,0,135,14,0,34,20,6,11,-1,279,120,0,1142,15,0,254,120,1906,25,37,19,25,1,7,19,1,0,10,SMOOTHIE_SHOP|FARMERS_MARKET|PIZZA_SHOP|FARMERS_MARKET|SMOOTHIE_SHOP|PET_CAFE|BAKERY|PET_CAFE
95666384,0,Ryo Hasegawa,1,102627.0,97098.0,5,290,8,4,0,160,0,0,36,11,6,10,-1,214,108,0,386,0,0,264,66,201,37,19,19,25,1,13,19,13,0,7,ICE_CREAM_SHOP|FARMERS_MARKET|BRUNCH_SPOT|BRUNCH_SPOT|PIZZA_SHOP|YARN_STORE|PET_CAFE|PIZZA_SHOP
95666384,1,shyjin,0,97098.0,102627.0,5,277,10,4,0,125,5,0,42,12,6,11,-1,279,120,0,859,11,0,274,72,2935,37,19,19,25,1,13,19,13,0,7,ICE_CREAM_SHOP|FARMERS_MARKET|BRUNCH_SPOT|BRUNCH_SPOT|PIZZA_SHOP|YARN_STORE|PET_CAFE|PIZZA_SHOP
95666470,0,DeeperNet,1,98233.0,82391.0,5,277,6,8,0,133,13,0,42,12,6,11,-1,201,242,0,856,11,0,287,72,2932,43,13,13,37,1,19,13,13,0,9,BAKERY|ICE_CREAM_SHOP|YARN_STORE|BRUNCH_SPOT|FARMERS_MARKET|ICE_CREAM_SHOP|FARMERS_MARKET|BRUNCH_SPOT
95666470,1,Efe Can Celiksoy,0,82391.0,98233.0,5,277,10,4,0,126,16,0,42,12,6,11,-1,279,119,0,1020,17,0,286,72,2013,43,13,13,37,1,19,13,13,0,9,BAKERY|ICE_CREAM_SHOP|YARN_STORE|BRUNCH_SPOT|FARMERS_MARKET|ICE_CREAM_SHOP|FARMERS_MARKET|BRUNCH_SPOT
95668666,0,Xiaowenhao404,0,57644.0,58260.0,5,277,8,6,0,129,14,0,42,12,6,11,-1,181,162,0,1527,10,0,285,72,2201,49,7,7,37,1,43,1,1,0,3,BAKERY|BRUNCH_SPOT|BAKERY|FARMERS_MARKET|BRUNCH_SPOT|BRUNCH_SPOT|BRUNCH_SPOT|BRUNCH_SPOT
95668666,1,shyjin,1,58260.0,57644.0,5,277,8,6,0,125,5,0,42,12,6,11,-1,273,202,0,856,11,0,296,72,2935,49,7,7,37,1,43,1,1,0,3,BAKERY|BRUNCH_SPOT|BAKERY|FARMERS_MARKET|BRUNCH_SPOT|BRUNCH_SPOT|BRUNCH_SPOT|BRUNCH_SPOT
95668728,0,Xiaowenhao404,1,68232.0,64737.0,5,277,6,8,0,131,14,0,42,12,6,11,-1,1178,208,0,1349,16,0,284,72,1765,43,7,7,25,1,25,13,13,0,14,BAKERY|BRUNCH_SPOT|YARN_STORE|BAKERY|FARMERS_MARKET|ICE_CREAM_SHOP|BAKERY|ICE_CREAM_SHOP
95668728,1,Kostiantyn Isaienkov,0,64737.0,68232.0,5,277,6,6,2,131,12,0,42,12,6,11,-1,279,164,58,786,9,0,281,72,2380,43,7,7,25,1,25,13,13,0,14,BAKERY|BRUNCH_SPOT|YARN_STORE|BAKERY|FARMERS_MARKET|ICE_CREAM_SHOP|BAKERY|ICE_CREAM_SHOP
95670944,0,shyjin,1,110405.0,105556.0,5,277,10,4,0,125,5,0,42,12,6,11,-1,280,158,0,856,11,0,279,72,2935,43,1,13,25,1,13,37,1,0,6,PIZZA_SHOP|ICE_CREAM_SHOP|PIZZA_SHOP|ICE_CREAM_SHOP|BAKERY|SMOOTHIE_SHOP|BAKERY|ICE_CREAM_SHOP
95670944,1,Xiaowenhao404,0,105556.0,110405.0,5,277,10,4,0,127,15,0,42,12,6,11,-1,290,119,0,1235,18,0,1277,72,1632,43,1,13,25,1,13,37,1,0,6,PIZZA_SHOP|ICE_CREAM_SHOP|PIZZA_SHOP|ICE_CREAM_SHOP|BAKERY|SMOOTHIE_SHOP|BAKERY|ICE_CREAM_SHOP
95671055,0,Nat00,0,100086.0,100575.0,5,277,6,12,0,150,3,0,34,17,6,11,12,258,270,0,1648,2,0,269,120,2026,31,1,13,13,1,13,25,25,0,2,SMOOTHIE_SHOP|YARN_STORE|BAKERY|PIZZA_SHOP|PIZZA_SHOP|ICE_CREAM_SHOP|YARN_STORE|BAKERY
95671055,1,Suneeth reddy,1,100575.0,100086.0,5,277,6,12,0,150,3,0,34,20,6,11,12,189,270,0,1040,2,0,216,120,289,31,1,13,13,1,13,25,25,0,2,SMOOTHIE_SHOP|YARN_STORE|BAKERY|PIZZA_SHOP|PIZZA_SHOP|ICE_CREAM_SHOP|YARN_STORE|BAKERY
95671056,0,ReCurSiON,0,99874.0,110500.0,4,262,9,4,0,143,0,0,37,15,6,10,-1,296,200,0,457,0,0,290,114,265,37,31,25,19,1,1,31,1,0,5,PIZZA_SHOP|ICE_CREAM_SHOP|PIZZA_SHOP|FARMERS_MARKET|PET_CAFE|ICE_CREAM_SHOP|PIZZA_SHOP|PET_CAFE
95671056,1,lucaskna,1,110500.0,99874.0,5,277,10,4,0,123,6,0,34,20,6,11,-1,278,120,0,614,14,0,243,120,241,37,31,25,19,1,1,31,1,0,5,PIZZA_SHOP|ICE_CREAM_SHOP|PIZZA_SHOP|FARMERS_MARKET|PET_CAFE|ICE_CREAM_SHOP|PIZZA_SHOP|PET_CAFE
95671099,0,SaiKushal185,0,119828.0,121147.0,5,277,10,4,0,129,5,0,42,12,6,11,-1,279,120,0,542,11,0,274,72,234,25,13,19,19,1,1,37,13,0,5,PIZZA_SHOP|ICE_CREAM_SHOP|PIZZA_SHOP|SMOOTHIE_SHOP|SMOOTHIE_SHOP|PET_CAFE|YARN_STORE|PIZZA_SHOP
95671099,1,peikopon,1,121147.0,119828.0,5,277,10,5,0,126,5,4,34,12,6,11,-1,279,178,0,676,10,21,273,72,2755,25,13,19,19,1,1,37,13,0,5,PIZZA_SHOP|ICE_CREAM_SHOP|PIZZA_SHOP|SMOOTHIE_SHOP|SMOOTHIE_SHOP|PET_CAFE|YARN_STORE|PIZZA_SHOP
95673229,0,Nat00,0,99594.0,100994.0,5,277,10,4,0,129,5,0,42,12,6,11,-1,280,196,0,856,11,0,319,72,2932,31,19,19,31,1,13,7,25,0,13,BRUNCH_SPOT|FARMERS_MARKET|SMOOTHIE_SHOP|YARN_STORE|FARMERS_MARKET|YARN_STORE|BAKERY|FARMERS_MARKET
95673229,1,shyjin,1,100994.0,99594.0,5,277,10,4,0,125,5,0,42,12,6,11,-1,280,154,0,856,11,0,279,72,2935,31,19,19,31,1,13,7,25,0,13,BRUNCH_SPOT|FARMERS_MARKET|SMOOTHIE_SHOP|YARN_STORE|FARMERS_MARKET|YARN_STORE|BAKERY|FARMERS_MARKET
95673336,0,Crop Dusta,0,55708.0,57262.0,4,295,9,4,3,137,0,0,28,22,5,8,-1,228,85,81,426,0,0,165,118,196,31,25,7,19,1,19,19,1,0,1,BAKERY|SMOOTHIE_SHOP|PET_CAFE|PIZZA_SHOP|BAKERY|BRUNCH_SPOT|ICE_CREAM_SHOP|PET_CAFE
95673336,1,Ryo Hasegawa,1,57262.0,55708.0,5,290,10,2,0,210,10,0,24,11,5,10,-1,251,65,0,567,27,0,191,66,214,31,25,7,19,1,19,19,1,0,1,BAKERY|SMOOTHIE_SHOP|PET_CAFE|PIZZA_SHOP|BAKERY|BRUNCH_SPOT|ICE_CREAM_SHOP|PET_CAFE
95673339,0,Izzoudine Mohamed KANTA,0,139297.0,146311.0,5,277,10,4,0,132,6,0,38,12,6,11,-1,280,158,0,871,11,0,296,72,2933,31,7,13,31,1,1,31,25,0,2,ICE_CREAM_SHOP|FARMERS_MARKET|ICE_CREAM_SHOP|PIZZA_SHOP|ICE_CREAM_SHOP|YARN_STORE|SMOOTHIE_SHOP|YARN_STORE
95673339,1,Arman Tuganbaev,1,146311.0,139297.0,2,278,11,4,0,139,8,0,41,11,6,10,-1,266,136,0,216,21,0,312,66,248,31,7,13,31,1,1,31,25,0,2,ICE_CREAM_SHOP|FARMERS_MARKET|ICE_CREAM_SHOP|PIZZA_SHOP|ICE_CREAM_SHOP|YARN_STORE|SMOOTHIE_SHOP|YARN_STORE
95673340,0,Subramanya N,1,137849.0,105948.0,6,305,10,15,0,167,11,0,13,20,6,10,-1,183,370,0,348,21,0,84,70,309,37,13,25,19,1,7,19,25,0,5,YARN_STORE|YARN_STORE|PIZZA_SHOP|ICE_CREAM_SHOP|PIZZA_SHOP|FARMERS_MARKET|BAKERY|FARMERS_MARKET
95673340,1,Izzoudine Mohamed KANTA,0,105948.0,137849.0,5,277,6,12,0,135,3,0,42,12,6,11,12,257,266,0,1207,2,0,290,72,2702,37,13,25,19,1,7,19,25,0,5,YARN_STORE|YARN_STORE|PIZZA_SHOP|ICE_CREAM_SHOP|PIZZA_SHOP|FARMERS_MARKET|BAKERY|FARMERS_MARKET
95673341,0,Arman Tuganbaev,0,107193.0,116708.0,2,266,6,9,0,137,0,0,35,26,7,9,-1,120,228,0,273,0,0,256,156,217,25,1,13,25,1,13,31,13,0,2,YARN_STORE|BRUNCH_SPOT|SMOOTHIE_SHOP|PIZZA_SHOP|SMOOTHIE_SHOP|BAKERY|SMOOTHIE_SHOP|PIZZA_SHOP
95673341,1,Crop Dusta,1,116708.0,107193.0,4,295,10,10,0,129,0,0,40,15,5,8,-1,205,222,0,441,0,0,200,84,187,25,1,13,25,1,13,31,13,0,2,YARN_STORE|BRUNCH_SPOT|SMOOTHIE_SHOP|PIZZA_SHOP|SMOOTHIE_SHOP|BAKERY|SMOOTHIE_SHOP|PIZZA_SHOP
95673342,0,Arman Tuganbaev,1,81381.0,75606.0,2,277,11,4,0,141,8,0,41,11,6,10,-1,272,135,0,218,21,0,326,66,256,31,19,13,31,1,13,25,1,0,1,ICE_CREAM_SHOP|BAKERY|PIZZA_SHOP|PET_CAFE|SMOOTHIE_SHOP|BRUNCH_SPOT|SMOOTHIE_SHOP|FARMERS_MARKET
95673342,1,Izzoudine Mohamed KANTA,0,75606.0,81381.0,5,277,10,4,0,132,6,0,38,12,6,11,-1,280,140,0,882,11,0,296,72,2933,31,19,13,31,1,13,25,1,0,1,ICE_CREAM_SHOP|BAKERY|PIZZA_SHOP|PET_CAFE|SMOOTHIE_SHOP|BRUNCH_SPOT|SMOOTHIE_SHOP|FARMERS_MARKET
95673343,0,lucaskna,1,56608.0,53619.0,5,277,6,12,0,145,3,0,34,17,6,11,12,155,270,0,1046,2,0,217,102,295,31,31,13,7,1,19,7,13,0,0,YARN_STORE|PIZZA_SHOP|BAKERY|PET_CAFE|BAKERY|FARMERS_MARKET|BAKERY|PET_CAFE
95673343,1,Xiaowenhao404,0,53619.0,56608.0,5,277,6,12,0,142,10,0,42,12,6,11,12,192,275,0,1844,8,0,282,72,1620,31,31,13,7,1,19,7,13,0,0,YARN_STORE|PIZZA_SHOP|BAKERY|PET_CAFE|BAKERY|FARMERS_MARKET|BAKERY|PET_CAFE
95673344,0,Arman Tuganbaev,0,87767.0,87913.0,2,253,8,12,0,146,0,2,28,11,6,11,-1,178,240,0,239,0,8,213,66,301,37,1,13,25,1,19,25,13,0,7,PIZZA_SHOP|YARN_STORE|BRUNCH_SPOT|PIZZA_SHOP|BAKERY|BRUNCH_SPOT|SMOOTHIE_SHOP|ICE_CREAM_SHOP
95673344,1,tetsuya,1,87913.0,87767.0,6,310,5,10,0,159,0,0,30,15,7,10,-1,159,257,0,422,0,0,185,90,268,37,1,13,25,1,19,25,13,0,7,PIZZA_SHOP|YARN_STORE|BRUNCH_SPOT|PIZZA_SHOP|BAKERY|BRUNCH_SPOT|SMOOTHIE_SHOP|ICE_CREAM_SHOP
95675522,0,shyjin,1,94353.0,93316.0,5,277,10,4,0,125,5,0,42,12,6,11,-1,280,154,0,856,11,0,279,72,2935,49,7,25,25,1,13,31,1,0,6,BRUNCH_SPOT|PIZZA_SHOP|PIZZA_SHOP|ICE_CREAM_SHOP|PIZZA_SHOP|FARMERS_MARKET|BAKERY|ICE_CREAM_SHOP
95675522,1,Suneeth reddy,0,93316.0,94353.0,5,277,10,4,0,129,5,0,42,12,6,11,-1,279,120,0,552,11,0,268,72,223,49,7,25,25,1,13,31,1,0,6,BRUNCH_SPOT|PIZZA_SHOP|PIZZA_SHOP|ICE_CREAM_SHOP|PIZZA_SHOP|FARMERS_MARKET|BAKERY|ICE_CREAM_SHOP
95675658,0,Luan Kunyu,0,56111.0,56801.0,5,277,10,4,0,125,5,0,42,12,6,11,-1,280,150,0,856,11,0,279,72,2932,25,43,13,25,1,13,13,1,0,10,PIZZA_SHOP|PET_CAFE|BRUNCH_SPOT|FARMERS_MARKET|SMOOTHIE_SHOP|PET_CAFE|PET_CAFE|BRUNCH_SPOT
95675658,1,SaiKushal185,1,56801.0,56111.0,5,277,10,4,0,129,5,0,42,12,6,11,-1,279,120,0,542,11,0,274,72,234,25,43,13,25,1,13,13,1,0,10,PIZZA_SHOP|PET_CAFE|BRUNCH_SPOT|FARMERS_MARKET|SMOOTHIE_SHOP|PET_CAFE|PET_CAFE|BRUNCH_SPOT
95677810,0,Crop Dusta,1,82216.0,68070.0,4,295,3,3,7,184,0,0,24,17,5,8,-1,81,67,245,621,0,0,178,102,104,37,19,7,31,1,31,7,1,0,3,BRUNCH_SPOT|BAKERY|BAKERY|BRUNCH_SPOT|BRUNCH_SPOT|FARMERS_MARKET|PET_CAFE|SMOOTHIE_SHOP
95677810,1,shyjin,0,68070.0,82216.0,5,277,8,6,0,125,5,0,42,12,6,11,-1,273,164,0,856,11,0,274,72,2935,37,19,7,31,1,31,7,1,0,3,BRUNCH_SPOT|BAKERY|BAKERY|BRUNCH_SPOT|BRUNCH_SPOT|FARMERS_MARKET|PET_CAFE|SMOOTHIE_SHOP
95680099,0,shyjin,0,134536.0,137119.0,5,277,6,8,0,125,5,0,42,12,6,11,-1,267,233,0,856,11,0,288,72,2935,19,13,7,31,1,7,31,13,0,8,SMOOTHIE_SHOP|SMOOTHIE_SHOP|YARN_STORE|BRUNCH_SPOT|ICE_CREAM_SHOP|PET_CAFE|SMOOTHIE_SHOP|PIZZA_SHOP
95680099,1,Kostiantyn Isaienkov,1,137119.0,134536.0,5,277,6,8,0,131,12,0,42,12,6,11,-1,279,202,0,786,9,0,281,72,2380,19,13,7,31,1,7,31,13,0,8,SMOOTHIE_SHOP|SMOOTHIE_SHOP|YARN_STORE|BRUNCH_SPOT|ICE_CREAM_SHOP|PET_CAFE|SMOOTHIE_SHOP|PIZZA_SHOP
95680134,0,Kobe BRYANT,1,123857.0,123213.0,5,277,10,4,0,132,6,0,38,12,6,11,-1,280,153,0,863,11,0,294,72,2933,43,19,25,37,1,7,19,13,0,4,ICE_CREAM_SHOP|ICE_CREAM_SHOP|BRUNCH_SPOT|PIZZA_SHOP|FARMERS_MARKET|FARMERS_MARKET|YARN_STORE|FARMERS_MARKET
95680134,1,Victor @ Tufa Labs,0,123213.0,123857.0,5,277,10,4,0,125,5,0,42,12,6,11,-1,280,194,0,13471,11,0,311,72,2966,43,19,25,37,1,7,19,13,0,4,ICE_CREAM_SHOP|ICE_CREAM_SHOP|BRUNCH_SPOT|PIZZA_SHOP|FARMERS_MARKET|FARMERS_MARKET|YARN_STORE|FARMERS_MARKET
95682436,0,peikopon,1,67323.0,64146.0,5,278,10,4,0,93,35,0,38,12,6,11,-1,279,178,0,675,67,0,275,72,2750,25,25,1,25,1,19,13,13,0,0,SMOOTHIE_SHOP|BAKERY|BRUNCH_SPOT|PET_CAFE|PET_CAFE|ICE_CREAM_SHOP|YARN_STORE|BRUNCH_SPOT
95682436,1,Kostiantyn Isaienkov,0,64146.0,67323.0,5,277,10,4,0,131,12,0,42,12,6,11,-1,279,120,0,786,9,0,281,72,2380,25,25,1,25,1,19,13,13,0,0,SMOOTHIE_SHOP|BAKERY|BRUNCH_SPOT|PET_CAFE|PET_CAFE|ICE_CREAM_SHOP|YARN_STORE|BRUNCH_SPOT
95682437,0,Arman Tuganbaev,1,101962.0,92861.0,2,246,6,10,0,133,0,0,32,11,6,11,-1,161,270,0,219,0,0,240,66,294,19,19,13,25,1,7,19,25,0,13,YARN_STORE|PET_CAFE|SMOOTHIE_SHOP|SMOOTHIE_SHOP|FARMERS_MARKET|PIZZA_SHOP|BRUNCH_SPOT|YARN_STORE
95682437,1,カワシギ,0,92861.0,101962.0,5,277,6,12,0,151,15,0,34,20,6,11,12,189,260,0,1390,14,0,218,120,1605,19,19,13,25,1,7,19,25,0,13,YARN_STORE|PET_CAFE|SMOOTHIE_SHOP|SMOOTHIE_SHOP|FARMERS_MARKET|PIZZA_SHOP|BRUNCH_SPOT|YARN_STORE
95682438,0,feel the borov,0,79147.0,82730.0,5,277,6,12,0,145,3,0,34,17,6,11,12,193,270,0,1648,2,0,216,120,2026,31,7,13,31,1,13,25,13,0,9,BAKERY|YARN_STORE|BRUNCH_SPOT|PIZZA_SHOP|ICE_CREAM_SHOP|FARMERS_MARKET|SMOOTHIE_SHOP|SMOOTHIE_SHOP
95682438,1,Crop Dusta,1,82730.0,79147.0,4,294,3,10,0,160,0,0,24,11,5,9,-1,101,234,0,645,0,0,181,66,105,31,7,13,31,1,13,25,13,0,9,BAKERY|YARN_STORE|BRUNCH_SPOT|PIZZA_SHOP|ICE_CREAM_SHOP|FARMERS_MARKET|SMOOTHIE_SHOP|SMOOTHIE_SHOP
95684664,0,Eddy Despradel,0,111219.0,114235.0,5,277,10,4,0,133,13,0,42,12,6,11,-1,280,158,0,856,11,0,288,72,2932,25,19,13,31,1,13,25,1,0,1,SMOOTHIE_SHOP|SMOOTHIE_SHOP|BRUNCH_SPOT|BAKERY|SMOOTHIE_SHOP|FARMERS_MARKET|PET_CAFE|PIZZA_SHOP
95684664,1,shyjin,1,114235.0,111219.0,5,277,10,4,0,125,5,0,42,12,6,11,-1,280,154,0,856,11,0,279,72,2935,25,19,13,31,1,13,25,1,0,1,SMOOTHIE_SHOP|SMOOTHIE_SHOP|BRUNCH_SPOT|BAKERY|SMOOTHIE_SHOP|FARMERS_MARKET|PET_CAFE|PIZZA_SHOP
95686966,0,DeeperNet,0,93484.0,94498.0,5,277,6,12,0,153,10,0,34,17,6,11,12,228,265,0,1648,2,0,216,120,2026,37,1,25,13,1,7,37,13,0,5,ICE_CREAM_SHOP|YARN_STORE|PIZZA_SHOP|BAKERY|PIZZA_SHOP|PIZZA_SHOP|SMOOTHIE_SHOP|PIZZA_SHOP
95686966,1,shyjin,1,94498.0,93484.0,5,277,6,12,0,145,3,0,34,17,6,11,12,216,270,0,1647,2,0,226,120,2028,37,1,25,13,1,7,37,13,0,5,ICE_CREAM_SHOP|YARN_STORE|PIZZA_SHOP|BAKERY|PIZZA_SHOP|PIZZA_SHOP|SMOOTHIE_SHOP|PIZZA_SHOP
95687005,0,Seb (allegedly),1,79522.0,75479.0,7,309,5,14,0,123,0,0,30,19,4,9,10,135,276,0,285,0,0,215,114,314,37,19,13,25,1,19,13,13,0,7,YARN_STORE|FARMERS_MARKET|BRUNCH_SPOT|PIZZA_SHOP|BAKERY|ICE_CREAM_SHOP|BRUNCH_SPOT|PET_CAFE
95687005,1,peikopon,0,75479.0,79522.0,5,278,6,12,0,132,7,2,32,20,6,11,12,189,271,0,1469,4,10,223,120,1826,37,19,13,25,1,19,13,13,0,7,YARN_STORE|FARMERS_MARKET|BRUNCH_SPOT|PIZZA_SHOP|BAKERY|ICE_CREAM_SHOP|BRUNCH_SPOT|PET_CAFE
95687024,0,peikopon,1,71945.0,71019.0,5,277,10,4,0,126,6,0,34,20,6,11,-1,325,123,0,1144,15,0,258,120,1872,37,7,19,25,1,19,19,13,0,7,BRUNCH_SPOT|BAKERY|SMOOTHIE_SHOP|PIZZA_SHOP|YARN_STORE|PIZZA_SHOP|BRUNCH_SPOT|FARMERS_MARKET
95687024,1,ReCurSiON,0,71019.0,71945.0,4,262,9,4,0,143,0,0,37,20,6,10,-1,296,200,0,457,0,0,290,114,265,37,7,19,25,1,19,19,13,0,7,BRUNCH_SPOT|BAKERY|SMOOTHIE_SHOP|PIZZA_SHOP|YARN_STORE|PIZZA_SHOP|BRUNCH_SPOT|FARMERS_MARKET
95689247,0,Nat00,0,56003.0,56190.0,5,277,8,6,0,129,5,0,42,12,6,11,-1,279,238,0,856,11,0,319,72,2932,43,13,1,19,1,43,1,1,0,3,BRUNCH_SPOT|BAKERY|BRUNCH_SPOT|BRUNCH_SPOT|BAKERY|PET_CAFE|BAKERY|BAKERY
95689247,1,shyjin,1,56190.0,56003.0,5,277,8,6,0,125,5,0,42,12,6,11,-1,273,193,0,856,11,0,279,72,2935,43,13,1,19,1,43,1,1,0,3,BRUNCH_SPOT|BAKERY|BRUNCH_SPOT|BRUNCH_SPOT|BAKERY|PET_CAFE|BAKERY|BAKERY
95689313,0,shyjin,0,62523.0,63174.0,5,277,10,4,0,125,5,0,42,12,6,11,-1,280,154,0,856,11,0,279,72,2935,25,19,13,19,1,13,19,13,0,1,PET_CAFE|FARMERS_MARKET|SMOOTHIE_SHOP|BAKERY|SMOOTHIE_SHOP|YARN_STORE|PIZZA_SHOP|BAKERY
95689313,1,Giulio Ravasio,1,63174.0,62523.0,5,278,10,4,0,123,5,0,42,12,6,11,-1,279,180,0,675,10,0,275,72,2750,25,19,13,19,1,13,19,13,0,1,PET_CAFE|FARMERS_MARKET|SMOOTHIE_SHOP|BAKERY|SMOOTHIE_SHOP|YARN_STORE|PIZZA_SHOP|BAKERY
95691607,0,James Holland,0,89063.0,95447.0,5,278,10,4,0,123,5,0,42,12,6,11,-1,353,250,0,678,10,0,335,136,2750,31,31,19,37,1,7,13,13,0,4,BRUNCH_SPOT|FARMERS_MARKET|PET_CAFE|YARN_STORE|FARMERS_MARKET|SMOOTHIE_SHOP|ICE_CREAM_SHOP|FARMERS_MARKET
95691607,1,SaiKushal185,1,95447.0,89063.0,5,277,8,6,0,129,5,0,42,12,6,11,-1,237,164,0,542,11,0,274,72,234,31,31,19,37,1,7,13,13,0,4,BRUNCH_SPOT|FARMERS_MARKET|PET_CAFE|YARN_STORE|FARMERS_MARKET|SMOOTHIE_SHOP|ICE_CREAM_SHOP|FARMERS_MARKET
95693847,0,One-For-All,0,93575.0,104084.0,5,277,6,8,0,121,12,0,42,12,6,11,-1,214,208,0,1069,17,0,277,72,1107,31,13,19,37,1,7,31,1,0,6,FARMERS_MARKET|BAKERY|SMOOTHIE_SHOP|SMOOTHIE_SHOP|ICE_CREAM_SHOP|FARMERS_MARKET|SMOOTHIE_SHOP|PIZZA_SHOP
95693847,1,Laplacenvmv,1,104084.0,93575.0,5,277,10,4,0,125,5,0,42,12,6,11,-1,280,175,0,856,11,0,296,72,2932,31,13,19,37,1,7,31,1,0,6,FARMERS_MARKET|BAKERY|SMOOTHIE_SHOP|SMOOTHIE_SHOP|ICE_CREAM_SHOP|FARMERS_MARKET|SMOOTHIE_SHOP|PIZZA_SHOP
95696126,0,Giulio Ravasio,0,122864.0,134077.0,5,276,10,4,0,136,14,0,34,20,6,11,-1,279,120,0,1086,14,0,241,120,1698,25,7,7,25,1,7,19,37,0,11,ICE_CREAM_SHOP|SMOOTHIE_SHOP|YARN_STORE|YARN_STORE|ICE_CREAM_SHOP|BAKERY|YARN_STORE|FARMERS_MARKET
95696126,1,Ryo Hasegawa,1,134077.0,122864.0,5,290,8,8,0,137,0,0,36,11,6,10,-1,214,195,0,236,0,0,257,66,277,25,7,7,25,1,7,19,37,0,11,ICE_CREAM_SHOP|SMOOTHIE_SHOP|YARN_STORE|YARN_STORE|ICE_CREAM_SHOP|BAKERY|YARN_STORE|FARMERS_MARKET
95696149,0,Efe Can Celiksoy,0,74126.0,98143.0,5,277,10,4,0,126,16,0,42,12,6,11,-1,279,119,0,1017,17,0,286,72,2013,31,25,13,19,1,19,1,25,0,0,YARN_STORE|BRUNCH_SPOT|FARMERS_MARKET|YARN_STORE|FARMERS_MARKET|BAKERY|BAKERY|PET_CAFE
95696149,1,Cengizhan Tümer,1,98143.0,74126.0,5,277,6,12,0,136,9,0,42,12,6,11,12,255,266,0,1196,2,0,291,72,2702,31,25,13,19,1,19,1,25,0,0,YARN_STORE|BRUNCH_SPOT|FARMERS_MARKET|YARN_STORE|FARMERS_MARKET|BAKERY|BAKERY|PET_CAFE
95698429,0,Kostiantyn Isaienkov,1,81815.0,75938.0,5,277,6,4,4,131,12,0,42,12,6,11,-1,279,120,98,784,9,0,281,72,2380,31,25,19,37,1,13,19,1,0,4,BRUNCH_SPOT|PET_CAFE|FARMERS_MARKET|SMOOTHIE_SHOP|PIZZA_SHOP|FARMERS_MARKET|SMOOTHIE_SHOP|BRUNCH_SPOT
95698429,1,feel the borov,0,75938.0,81815.0,5,277,8,6,0,125,5,0,42,12,6,11,-1,279,214,0,856,11,0,296,72,2932,31,25,19,37,1,13,19,1,0,4,BRUNCH_SPOT|PET_CAFE|FARMERS_MARKET|SMOOTHIE_SHOP|PIZZA_SHOP|FARMERS_MARKET|SMOOTHIE_SHOP|BRUNCH_SPOT
95700738,0,ReCurSiON,1,108688.0,102563.0,4,262,6,7,0,143,0,0,37,15,6,10,-1,279,231,0,457,0,0,290,114,265,43,19,19,43,1,25,1,13,0,3,YARN_STORE|BRUNCH_SPOT|BRUNCH_SPOT|BRUNCH_SPOT|BRUNCH_SPOT|FARMERS_MARKET|FARMERS_MARKET|FARMERS_MARKET
95700738,1,Suneeth reddy,0,102563.0,108688.0,5,277,6,12,0,130,1,0,42,12,6,11,12,189,266,0,796,2,0,271,72,271,43,19,19,43,1,25,1,13,0,3,YARN_STORE|BRUNCH_SPOT|BRUNCH_SPOT|BRUNCH_SPOT|BRUNCH_SPOT|FARMERS_MARKET|FARMERS_MARKET|FARMERS_MARKET
95700739,0,Laplacenvmv,0,121048.0,121572.0,5,277,10,4,0,125,5,0,42,12,6,11,-1,280,150,0,856,11,0,277,72,2932,25,13,13,19,1,7,31,13,0,2,PIZZA_SHOP|ICE_CREAM_SHOP|SMOOTHIE_SHOP|YARN_STORE|PIZZA_SHOP|BAKERY|PET_CAFE|SMOOTHIE_SHOP
95700739,1,lucaskna,1,121572.0,121048.0,5,278,10,4,0,125,5,0,42,12,6,11,-1,279,120,0,544,11,0,276,72,234,25,13,13,19,1,7,31,13,0,2,PIZZA_SHOP|ICE_CREAM_SHOP|SMOOTHIE_SHOP|YARN_STORE|PIZZA_SHOP|BAKERY|PET_CAFE|SMOOTHIE_SHOP
95700758,0,Xiaowenhao404,0,97239.0,97658.0,5,277,10,4,0,127,15,0,42,12,6,11,-1,274,119,0,1231,18,0,1282,72,1623,37,19,19,31,1,13,25,1,0,6,PIZZA_SHOP|BRUNCH_SPOT|SMOOTHIE_SHOP|FARMERS_MARKET|BRUNCH_SPOT|ICE_CREAM_SHOP|PIZZA_SHOP|PET_CAFE
95700758,1,Giulio Ravasio,1,97658.0,97239.0,5,278,10,4,0,123,5,0,42,12,6,11,-1,279,180,0,675,10,0,275,72,2750,37,19,19,31,1,13,25,1,0,6,PIZZA_SHOP|BRUNCH_SPOT|SMOOTHIE_SHOP|FARMERS_MARKET|BRUNCH_SPOT|ICE_CREAM_SHOP|PIZZA_SHOP|PET_CAFE
95702942,0,SaiKushal185,0,62572.0,89276.0,5,277,10,4,0,129,5,0,42,12,6,11,-1,279,120,0,542,11,0,274,72,234,25,25,13,13,1,13,13,25,0,13,BRUNCH_SPOT|PIZZA_SHOP|PET_CAFE|YARN_STORE|PET_CAFE|YARN_STORE|PIZZA_SHOP|BRUNCH_SPOT
95702942,1,Crop Dusta,1,89276.0,62572.0,4,295,7,13,0,118,63,0,24,19,5,8,-1,164,210,0,429,170,0,138,89,182,25,25,13,13,1,13,13,25,0,13,BRUNCH_SPOT|PIZZA_SHOP|PET_CAFE|YARN_STORE|PET_CAFE|YARN_STORE|PIZZA_SHOP|BRUNCH_SPOT
95703021,0,peikopon,1,115582.0,111082.0,5,278,10,4,0,125,5,2,36,12,6,11,-1,279,178,0,677,10,11,275,72,2752,37,19,13,25,1,19,19,1,0,7,ICE_CREAM_SHOP|PIZZA_SHOP|SMOOTHIE_SHOP|FARMERS_MARKET|BRUNCH_SPOT|BAKERY|BAKERY|PET_CAFE
95703021,1,Xiaowenhao404,0,111082.0,115582.0,5,277,10,4,0,127,15,0,42,12,6,11,-1,287,119,0,1231,18,0,1280,72,1622,37,19,13,25,1,19,19,1,0,7,ICE_CREAM_SHOP|PIZZA_SHOP|SMOOTHIE_SHOP|FARMERS_MARKET|BRUNCH_SPOT|BAKERY|BAKERY|PET_CAFE
95703023,0,James Holland,0,95013.0,104131.0,5,277,6,12,0,141,7,0,34,12,6,11,12,257,339,0,1469,4,0,320,180,1735,25,19,7,19,1,13,7,37,0,11,FARMERS_MARKET|YARN_STORE|BAKERY|BRUNCH_SPOT|YARN_STORE|YARN_STORE|ICE_CREAM_SHOP|PET_CAFE
95703023,1,lucaskna,1,104131.0,95013.0,5,277,6,12,0,145,3,0,34,17,6,11,12,109,270,0,1057,2,0,217,102,295,25,19,7,19,1,13,7,37,0,11,FARMERS_MARKET|YARN_STORE|BAKERY|BRUNCH_SPOT|YARN_STORE|YARN_STORE|ICE_CREAM_SHOP|PET_CAFE
95703024,0,Crop Dusta,0,110326.0,114510.0,4,296,7,10,0,98,37,0,29,21,5,8,-1,185,232,0,305,102,0,199,96,180,25,25,19,31,1,1,25,13,0,10,ICE_CREAM_SHOP|YARN_STORE|PET_CAFE|FARMERS_MARKET|SMOOTHIE_SHOP|PIZZA_SHOP|FARMERS_MARKET|SMOOTHIE_SHOP
95703024,1,Ryo Hasegawa,1,114510.0,110326.0,5,290,6,9,0,156,34,0,31,11,5,9,-1,170,208,0,341,99,0,232,66,257,25,25,19,31,1,1,25,13,0,10,ICE_CREAM_SHOP|YARN_STORE|PET_CAFE|FARMERS_MARKET|SMOOTHIE_SHOP|PIZZA_SHOP|FARMERS_MARKET|SMOOTHIE_SHOP
95703026,0,カワシギ,1,112065.0,110308.0,5,277,10,4,0,121,14,0,42,12,6,11,-1,279,103,0,1124,11,0,302,72,1565,37,7,19,37,1,7,37,1,0,6,BRUNCH_SPOT|PIZZA_SHOP|FARMERS_MARKET|ICE_CREAM_SHOP|ICE_CREAM_SHOP|PIZZA_SHOP|SMOOTHIE_SHOP|SMOOTHIE_SHOP
95703026,1,Izzoudine Mohamed KANTA,0,110308.0,112065.0,5,277,8,6,0,132,6,0,38,12,6,11,-1,279,158,0,886,11,0,294,72,2933,37,7,19,37,1,7,37,1,0,6,BRUNCH_SPOT|PIZZA_SHOP|FARMERS_MARKET|ICE_CREAM_SHOP|ICE_CREAM_SHOP|PIZZA_SHOP|SMOOTHIE_SHOP|SMOOTHIE_SHOP
95703027,0,Subramanya N,0,125974.0,126028.0,6,302,14,2,0,71,11,0,51,16,6,10,-1,311,68,0,189,21,0,314,72,206,43,19,19,25,1,7,31,1,0,6,ICE_CREAM_SHOP|FARMERS_MARKET|ICE_CREAM_SHOP|ICE_CREAM_SHOP|PIZZA_SHOP|PET_CAFE|PIZZA_SHOP|BAKERY
95703027,1,SaiKushal185,1,126028.0,125974.0,5,277,10,4,0,129,5,0,42,12,6,11,-1,279,120,0,542,11,0,274,72,234,43,19,19,25,1,7,31,1,0,6,ICE_CREAM_SHOP|FARMERS_MARKET|ICE_CREAM_SHOP|ICE_CREAM_SHOP|PIZZA_SHOP|PET_CAFE|PIZZA_SHOP|BAKERY
95703028,0,Ryo Hasegawa,0,55859.0,56179.0,5,290,8,2,0,182,54,0,24,11,5,10,-1,216,65,0,465,161,0,190,66,182,31,25,7,13,1,25,13,1,0,0,PET_CAFE|BRUNCH_SPOT|PIZZA_SHOP|BAKERY|PET_CAFE|BAKERY|SMOOTHIE_SHOP|BAKERY
95703028,1,Crop Dusta,1,56179.0,55859.0,4,295,4,5,5,99,71,0,29,19,5,8,-1,112,106,141,297,203,0,141,101,149,31,25,7,13,1,25,13,1,0,0,PET_CAFE|BRUNCH_SPOT|PIZZA_SHOP|BAKERY|PET_CAFE|BAKERY|SMOOTHIE_SHOP|BAKERY
95703029,0,tetsuya,0,51036.0,61175.0,6,311,8,6,1,159,13,0,36,8,7,9,-1,227,165,35,416,39,0,186,48,274,25,37,7,13,1,13,13,13,0,0,PET_CAFE|PIZZA_SHOP|BAKERY|ICE_CREAM_SHOP|PET_CAFE|BRUNCH_SPOT|YARN_STORE|PET_CAFE
95703029,1,Ryo Hasegawa,1,61175.0,51036.0,5,289,10,2,0,144,56,0,24,23,5,10,-1,236,63,0,368,153,0,149,138,213,25,37,7,13,1,13,13,13,0,0,PET_CAFE|PIZZA_SHOP|BAKERY|ICE_CREAM_SHOP|PET_CAFE|BRUNCH_SPOT|YARN_STORE|PET_CAFE
95703032,0,Xiaowenhao404,0,99174.0,100614.0,5,277,10,4,0,127,14,0,42,12,6,11,-1,276,119,0,1207,18,0,1282,72,1617,25,13,7,37,1,13,31,1,0,8,PET_CAFE|BRUNCH_SPOT|SMOOTHIE_SHOP|SMOOTHIE_SHOP|ICE_CREAM_SHOP|SMOOTHIE_SHOP|PIZZA_SHOP|BRUNCH_SPOT
95703032,1,Izzoudine Mohamed KANTA,1,100614.0,99174.0,5,277,8,6,0,132,6,0,38,12,6,11,-1,279,153,0,879,11,0,294,72,2933,25,13,7,37,1,13,31,1,0,8,PET_CAFE|BRUNCH_SPOT|SMOOTHIE_SHOP|SMOOTHIE_SHOP|ICE_CREAM_SHOP|SMOOTHIE_SHOP|PIZZA_SHOP|BRUNCH_SPOT
95709888,0,Kobe BRYANT,1,93917.0,90863.0,5,277,8,6,0,132,6,0,38,12,6,11,-1,279,168,0,863,11,0,294,72,2933,25,19,7,25,1,13,19,13,0,1,SMOOTHIE_SHOP|PET_CAFE|FARMERS_MARKET|SMOOTHIE_SHOP|ICE_CREAM_SHOP|BAKERY|BAKERY|YARN_STORE
95709888,1,Luan Kunyu,0,90863.0,93917.0,5,277,10,4,0,125,5,0,42,12,6,11,-1,280,154,0,856,11,0,279,72,2932,25,19,7,25,1,13,19,13,0,1,SMOOTHIE_SHOP|PET_CAFE|FARMERS_MARKET|SMOOTHIE_SHOP|ICE_CREAM_SHOP|BAKERY|BAKERY|YARN_STORE
95709891,0,James Holland,1,122788.0,120147.0,5,278,10,4,0,123,5,0,42,12,6,11,-1,367,268,0,678,10,0,363,160,2750,31,19,7,37,1,7,31,1,0,8,BAKERY|ICE_CREAM_SHOP|SMOOTHIE_SHOP|ICE_CREAM_SHOP|FARMERS_MARKET|ICE_CREAM_SHOP|SMOOTHIE_SHOP|PET_CAFE
95709891,1,Victor @ Tufa Labs,0,120147.0,122788.0,5,277,10,4,0,124,5,0,42,12,6,11,-1,1000251,105,0,8451,11,0,1000281,72,260,31,19,7,37,1,7,31,1,0,8,BAKERY|ICE_CREAM_SHOP|SMOOTHIE_SHOP|ICE_CREAM_SHOP|FARMERS_MARKET|ICE_CREAM_SHOP|SMOOTHIE_SHOP|PET_CAFE
95714336,0,u,1,61071.0,61015.0,5,277,10,4,0,125,5,0,38,16,6,11,-1,282,161,0,862,11,0,290,84,2999,25,13,7,13,1,13,13,37,0,11,PET_CAFE|BRUNCH_SPOT|PIZZA_SHOP|ICE_CREAM_SHOP|BAKERY|YARN_STORE|YARN_STORE|YARN_STORE
95714336,1,Kostiantyn Isaienkov,0,61015.0,61071.0,5,277,8,4,2,131,12,0,42,12,6,11,-1,279,120,58,786,9,0,281,72,2380,25,13,7,13,1,13,13,37,0,11,PET_CAFE|BRUNCH_SPOT|PIZZA_SHOP|ICE_CREAM_SHOP|BAKERY|YARN_STORE|YARN_STORE|YARN_STORE
95714337,0,Izzoudine Mohamed KANTA,0,98799.0,100869.0,5,277,6,12,0,152,4,0,34,17,6,11,12,193,270,0,1653,4,0,216,120,2019,31,19,25,7,1,7,19,25,0,5,BAKERY|YARN_STORE|PIZZA_SHOP|YARN_STORE|PIZZA_SHOP|FARMERS_MARKET|PIZZA_SHOP|PET_CAFE
95714337,1,Arman Tuganbaev,1,100869.0,98799.0,2,253,6,12,0,133,0,12,28,11,6,11,-1,151,258,0,256,0,59,197,66,288,31,19,25,7,1,7,19,25,0,5,BAKERY|YARN_STORE|PIZZA_SHOP|YARN_STORE|PIZZA_SHOP|FARMERS_MARKET|PIZZA_SHOP|PET_CAFE
95714449,0,James Holland,1,66740.0,62746.0,5,278,10,4,0,123,5,0,42,12,6,11,-1,367,268,0,678,10,0,363,160,2750,43,7,7,25,1,25,13,13,0,14,BRUNCH_SPOT|BAKERY|ICE_CREAM_SHOP|BAKERY|YARN_STORE|ICE_CREAM_SHOP|BAKERY|FARMERS_MARKET
95714449,1,Eddy Despradel,0,62746.0,66740.0,5,277,10,4,0,133,13,0,42,12,6,11,-1,286,160,0,861,11,0,293,72,2932,43,7,7,25,1,25,13,13,0,14,BRUNCH_SPOT|BAKERY|ICE_CREAM_SHOP|BAKERY|YARN_STORE|ICE_CREAM_SHOP|BAKERY|FARMERS_MARKET
95716725,0,peikopon,1,69013.0,66162.0,5,278,10,4,0,113,20,0,38,12,6,11,-1,279,178,0,675,36,0,275,72,2750,19,25,7,19,1,13,25,1,0,1,BAKERY|SMOOTHIE_SHOP|SMOOTHIE_SHOP|PET_CAFE|PIZZA_SHOP|BAKERY|SMOOTHIE_SHOP|PET_CAFE
95716725,1,Luan Kunyu,0,66162.0,69013.0,5,277,10,4,0,125,5,0,42,12,6,11,-1,280,155,0,856,11,0,283,72,2932,19,25,7,19,1,13,25,1,0,1,BAKERY|SMOOTHIE_SHOP|SMOOTHIE_SHOP|PET_CAFE|PIZZA_SHOP|BAKERY|SMOOTHIE_SHOP|PET_CAFE
95718924,0,Crop Dusta,1,114361.0,107654.0,4,296,9,2,0,50,34,10,49,14,5,8,-1,213,44,0,136,93,58,332,84,88,43,25,13,43,1,13,19,1,0,4,ICE_CREAM_SHOP|FARMERS_MARKET|ICE_CREAM_SHOP|BRUNCH_SPOT|FARMERS_MARKET|PET_CAFE|BRUNCH_SPOT|ICE_CREAM_SHOP
95718924,1,ReCurSiON,0,107654.0,114361.0,4,263,9,4,0,140,0,0,37,20,6,10,-1,359,189,0,485,0,0,313,114,279,43,25,13,43,1,13,19,1,0,4,ICE_CREAM_SHOP|FARMERS_MARKET|ICE_CREAM_SHOP|BRUNCH_SPOT|FARMERS_MARKET|PET_CAFE|BRUNCH_SPOT|ICE_CREAM_SHOP
95718951,0,shyjin,1,76826.0,76550.0,5,277,10,4,0,125,5,0,42,12,6,11,-1,280,154,0,856,11,0,279,72,2935,31,25,13,19,1,7,31,1,0,1,PET_CAFE|ICE_CREAM_SHOP|SMOOTHIE_SHOP|BAKERY|PIZZA_SHOP|ICE_CREAM_SHOP|PET_CAFE|PIZZA_SHOP
95718951,1,bplyc15,0,76550.0,76826.0,5,277,10,4,0,129,5,0,42,12,6,11,-1,303,194,0,856,11,0,324,72,2932,31,25,13,19,1,7,31,1,0,1,PET_CAFE|ICE_CREAM_SHOP|SMOOTHIE_SHOP|BAKERY|PIZZA_SHOP|ICE_CREAM_SHOP|PET_CAFE|PIZZA_SHOP
95723508,0,SaiKushal185,0,85329.0,90002.0,5,277,10,4,0,129,5,0,42,12,6,11,-1,279,120,0,542,11,0,267,72,236,31,25,1,25,1,25,13,1,0,3,BRUNCH_SPOT|BRUNCH_SPOT|ICE_CREAM_SHOP|SMOOTHIE_SHOP|PET_CAFE|PET_CAFE|BAKERY|BAKERY
95723508,1,Kostiantyn Isaienkov,1,90002.0,85329.0,5,277,8,4,2,131,12,0,42,12,6,11,-1,279,120,58,786,9,0,281,72,2380,31,25,1,25,1,25,13,1,0,3,BRUNCH_SPOT|BRUNCH_SPOT|ICE_CREAM_SHOP|SMOOTHIE_SHOP|PET_CAFE|PET_CAFE|BAKERY|BAKERY
95728051,0,Luan Kunyu,0,80978.0,88321.0,5,277,8,6,0,125,5,0,42,12,6,11,-1,279,164,0,856,11,0,274,72,2932,31,25,25,37,1,7,13,13,0,4,FARMERS_MARKET|BAKERY|FARMERS_MARKET|FARMERS_MARKET|SMOOTHIE_SHOP|SMOOTHIE_SHOP|YARN_STORE|FARMERS_MARKET
95728051,1,Ryo Hasegawa,1,88321.0,80978.0,5,290,8,3,0,163,0,0,36,11,6,10,-1,193,95,0,408,0,0,272,66,175,31,25,25,37,1,7,13,13,0,4,FARMERS_MARKET|BAKERY|FARMERS_MARKET|FARMERS_MARKET|SMOOTHIE_SHOP|SMOOTHIE_SHOP|YARN_STORE|FARMERS_MARKET
95728063,0,Luan Kunyu,0,99158.0,100704.0,5,277,10,4,0,125,5,0,42,12,6,11,-1,280,154,0,856,11,0,288,72,2932,25,19,7,25,1,7,19,25,0,2,SMOOTHIE_SHOP|FARMERS_MARKET|PET_CAFE|ICE_CREAM_SHOP|ICE_CREAM_SHOP|YARN_STORE|BAKERY|YARN_STORE
95728063,1,Efe Can Celiksoy,1,100704.0,99158.0,5,277,10,4,0,126,16,0,42,12,6,11,-1,279,119,0,1020,17,0,286,72,2013,25,19,7,25,1,7,19,25,0,2,SMOOTHIE_SHOP|FARMERS_MARKET|PET_CAFE|ICE_CREAM_SHOP|ICE_CREAM_SHOP|YARN_STORE|BAKERY|YARN_STORE
95730349,0,Kostiantyn Isaienkov,1,105950.0,94012.0,5,277,6,6,2,131,12,0,42,12,6,11,-1,279,164,58,786,9,0,281,72,2380,37,7,19,25,1,19,19,13,0,7,BRUNCH_SPOT|FARMERS_MARKET|YARN_STORE|SMOOTHIE_SHOP|BRUNCH_SPOT|PIZZA_SHOP|BAKERY|PIZZA_SHOP
95730349,1,Michael Timbs,0,94012.0,105950.0,5,277,10,4,0,125,15,0,42,12,6,11,-1,279,120,0,730,15,0,291,72,283,37,7,19,25,1,19,19,13,0,7,BRUNCH_SPOT|FARMERS_MARKET|YARN_STORE|SMOOTHIE_SHOP|BRUNCH_SPOT|PIZZA_SHOP|BAKERY|PIZZA_SHOP
95730350,0,SaiKushal185,1,55860.0,54671.0,5,277,6,12,0,130,1,0,42,12,6,11,12,189,266,0,795,2,0,271,72,275,19,13,1,19,1,19,19,13,0,1,YARN_STORE|PET_CAFE|BAKERY|SMOOTHIE_SHOP|BAKERY|SMOOTHIE_SHOP|BAKERY|SMOOTHIE_SHOP
95730350,1,feel the borov,0,54671.0,55860.0,5,277,6,12,0,127,1,0,42,12,6,11,12,255,266,0,1196,2,0,291,72,2701,19,13,1,19,1,19,19,13,0,1,YARN_STORE|PET_CAFE|BAKERY|SMOOTHIE_SHOP|BAKERY|SMOOTHIE_SHOP|BAKERY|SMOOTHIE_SHOP
95732647,0,ReCurSiON,1,62655.0,57402.0,4,262,9,4,0,143,0,0,37,18,6,10,-1,296,172,0,457,0,0,290,114,265,31,31,19,13,1,7,19,13,0,10,PET_CAFE|ICE_CREAM_SHOP|PET_CAFE|PIZZA_SHOP|FARMERS_MARKET|BAKERY|PIZZA_SHOP|YARN_STORE
95732647,1,Kostiantyn Isaienkov,0,57402.0,62655.0,5,277,10,4,0,135,14,0,34,20,6,11,-1,279,120,0,1142,15,0,254,120,1906,31,31,19,13,1,7,19,13,0,10,PET_CAFE|ICE_CREAM_SHOP|PET_CAFE|PIZZA_SHOP|FARMERS_MARKET|BAKERY|PIZZA_SHOP|YARN_STORE
95732648,0,Suneeth reddy,1,98271.0,93519.0,5,277,10,4,0,129,5,0,42,12,6,11,-1,279,120,0,552,11,0,268,72,223,37,25,19,31,1,13,13,13,0,4,BRUNCH_SPOT|BRUNCH_SPOT|ICE_CREAM_SHOP|YARN_STORE|PET_CAFE|FARMERS_MARKET|PIZZA_SHOP|FARMERS_MARKET
95732648,1,TTANE,0,93519.0,98271.0,5,277,10,4,0,133,13,0,42,12,6,11,-1,263,158,0,861,11,0,293,72,2985,37,25,19,31,1,13,13,13,0,4,BRUNCH_SPOT|BRUNCH_SPOT|ICE_CREAM_SHOP|YARN_STORE|PET_CAFE|FARMERS_MARKET|PIZZA_SHOP|FARMERS_MARKET
95732649,0,lucaskna,1,113988.0,108035.0,5,277,10,4,0,118,15,0,42,12,6,11,-1,273,109,0,585,13,0,310,72,230,31,1,7,37,1,19,31,1,0,9,SMOOTHIE_SHOP|BRUNCH_SPOT|BRUNCH_SPOT|SMOOTHIE_SHOP|PIZZA_SHOP|BAKERY|SMOOTHIE_SHOP|ICE_CREAM_SHOP
95732649,1,Xiaowenhao404,0,108035.0,113988.0,5,277,10,4,0,127,14,0,42,12,6,11,-1,274,119,0,1225,18,0,1284,72,1637,31,1,7,37,1,19,31,1,0,9,SMOOTHIE_SHOP|BRUNCH_SPOT|BRUNCH_SPOT|SMOOTHIE_SHOP|PIZZA_SHOP|BAKERY|SMOOTHIE_SHOP|ICE_CREAM_SHOP
95732663,0,Xiaowenhao404,1,54375.0,49829.0,5,277,8,6,0,128,48,0,42,12,6,11,-1,179,161,0,1487,1072,0,281,72,2199,37,37,19,31,1,13,13,1,0,4,PET_CAFE|BRUNCH_SPOT|PET_CAFE|PIZZA_SHOP|FARMERS_MARKET|BRUNCH_SPOT|ICE_CREAM_SHOP|FARMERS_MARKET
95732663,1,Kobe BRYANT,0,49829.0,54375.0,5,277,8,6,0,132,6,0,38,12,6,11,-1,279,157,0,869,11,0,294,72,2933,37,37,19,31,1,13,13,1,0,4,PET_CAFE|BRUNCH_SPOT|PET_CAFE|PIZZA_SHOP|FARMERS_MARKET|BRUNCH_SPOT|ICE_CREAM_SHOP|FARMERS_MARKET
95734935,0,Xiaowenhao404,0,111870.0,116342.0,5,277,10,4,0,127,15,0,42,12,6,11,-1,287,119,0,1231,18,0,1279,72,1606,37,19,19,31,1,13,25,1,0,6,PIZZA_SHOP|FARMERS_MARKET|SMOOTHIE_SHOP|ICE_CREAM_SHOP|BRUNCH_SPOT|PIZZA_SHOP|PET_CAFE|BRUNCH_SPOT
95734935,1,peikopon,1,116342.0,111870.0,5,278,10,4,0,125,5,2,34,12,6,11,-1,279,178,0,677,10,11,275,72,2753,37,19,19,31,1,13,25,1,0,6,PIZZA_SHOP|FARMERS_MARKET|SMOOTHIE_SHOP|ICE_CREAM_SHOP|BRUNCH_SPOT|PIZZA_SHOP|PET_CAFE|BRUNCH_SPOT
95734938,0,ReCurSiON,1,87121.0,85704.0,4,262,9,4,0,143,0,0,37,15,6,10,-1,296,164,0,457,0,0,290,114,265,19,13,7,13,1,13,19,25,0,11,SMOOTHIE_SHOP|BAKERY|PIZZA_SHOP|YARN_STORE|BAKERY|YARN_STORE|SMOOTHIE_SHOP|PET_CAFE
95734938,1,James Holland,0,85704.0,87121.0,5,277,10,4,0,127,6,0,34,20,6,11,-1,420,223,0,973,15,0,314,184,1953,19,13,7,13,1,13,19,25,0,11,SMOOTHIE_SHOP|BAKERY|PIZZA_SHOP|YARN_STORE|BAKERY|YARN_STORE|SMOOTHIE_SHOP|PET_CAFE
95734939,0,Laplacenvmv,0,59865.0,61734.0,5,277,10,4,0,125,5,0,42,12,6,11,-1,280,150,0,856,11,0,277,72,2932,43,19,7,25,1,31,7,1,0,3,PET_CAFE|ICE_CREAM_SHOP|FARMERS_MARKET|BRUNCH_SPOT|BAKERY|BAKERY|BAKERY|BRUNCH_SPOT
95734939,1,lucaskna,1,61734.0,59865.0,5,277,10,4,0,125,5,0,42,12,6,11,-1,175,120,0,640,11,0,276,72,236,43,19,7,25,1,31,7,1,0,3,PET_CAFE|ICE_CREAM_SHOP|FARMERS_MARKET|BRUNCH_SPOT|BAKERY|BAKERY|BAKERY|BRUNCH_SPOT
95734940,0,peikopon,0,91186.0,109843.0,5,278,10,4,0,125,5,2,36,12,6,11,-1,279,180,0,676,10,11,275,72,2752,37,13,19,31,1,13,13,25,0,13,FARMERS_MARKET|BRUNCH_SPOT|YARN_STORE|YARN_STORE|BRUNCH_SPOT|PIZZA_SHOP|ICE_CREAM_SHOP|FARMERS_MARKET
95734940,1,Izzoudine Mohamed KANTA,1,109843.0,91186.0,5,277,6,8,0,132,6,0,38,12,6,11,-1,279,240,0,879,11,0,292,72,2933,37,13,19,31,1,13,13,25,0,13,FARMERS_MARKET|BRUNCH_SPOT|YARN_STORE|YARN_STORE|BRUNCH_SPOT|PIZZA_SHOP|ICE_CREAM_SHOP|FARMERS_MARKET
95734941,0,Crop Dusta,1,82507.0,75761.0,4,296,5,3,3,159,0,18,25,16,5,8,-1,145,54,94,507,0,116,188,90,84,31,13,13,37,1,19,19,1,0,9,BAKERY|FARMERS_MARKET|BAKERY|FARMERS_MARKET|SMOOTHIE_SHOP|SMOOTHIE_SHOP|SMOOTHIE_SHOP|BRUNCH_SPOT
95734941,1,Arman Tuganbaev,0,75761.0,82507.0,2,252,8,4,0,141,0,0,39,26,7,9,-1,189,135,0,289,0,0,252,150,202,31,13,13,37,1,19,19,1,0,9,BAKERY|FARMERS_MARKET|BAKERY|FARMERS_MARKET|SMOOTHIE_SHOP|SMOOTHIE_SHOP|SMOOTHIE_SHOP|BRUNCH_SPOT
95734942,0,Subramanya N,1,131162.0,95292.0,6,304,3,18,0,79,11,18,33,12,6,10,-1,102,363,0,159,21,91,198,53,263,31,19,25,19,1,7,7,37,0,13,FARMERS_MARKET|YARN_STORE|PIZZA_SHOP|YARN_STORE|FARMERS_MARKET|FARMERS_MARKET|BAKERY|YARN_STORE
95734942,1,カワシギ,0,95292.0,131162.0,5,277,6,12,0,148,15,0,34,20,6,11,12,158,266,0,1569,7,0,217,120,1197,31,19,25,19,1,7,7,37,0,13,FARMERS_MARKET|YARN_STORE|PIZZA_SHOP|YARN_STORE|FARMERS_MARKET|FARMERS_MARKET|BAKERY|YARN_STORE
95734943,0,カワシギ,1,72918.0,72590.0,5,277,6,12,0,165,12,0,34,20,6,11,12,167,237,0,1593,10,0,205,120,1829,31,19,19,19,1,13,19,13,0,5,PET_CAFE|YARN_STORE|BRUNCH_SPOT|FARMERS_MARKET|SMOOTHIE_SHOP|PIZZA_SHOP|PIZZA_SHOP|BAKERY
95734943,1,Subramanya N,0,72590.0,72918.0,6,307,3,10,0,105,40,0,35,14,6,10,-1,102,271,0,279,96,0,243,66,209,31,19,19,19,1,13,19,13,0,5,PET_CAFE|YARN_STORE|BRUNCH_SPOT|FARMERS_MARKET|SMOOTHIE_SHOP|PIZZA_SHOP|PIZZA_SHOP|BAKERY
95734944,0,Crop Dusta,1,67311.0,60247.0,4,292,4,10,4,99,74,0,26,18,5,10,-1,99,220,96,269,203,0,99,95,215,25,31,7,13,1,19,7,13,0,0,PET_CAFE|BAKERY|YARN_STORE|FARMERS_MARKET|PET_CAFE|SMOOTHIE_SHOP|BAKERY|BAKERY
95734944,1,Ryo Hasegawa,0,60247.0,67311.0,5,290,6,6,0,149,62,0,24,23,5,10,-1,159,140,0,365,174,0,144,138,216,25,31,7,13,1,19,7,13,0,0,PET_CAFE|BAKERY|YARN_STORE|FARMERS_MARKET|PET_CAFE|SMOOTHIE_SHOP|BAKERY|BAKERY
95734945,0,tetsuya,1,105369.0,99448.0,6,305,7,8,0,149,0,0,32,15,7,10,-1,213,199,0,358,0,0,193,90,272,19,19,13,25,1,1,25,25,0,2,PIZZA_SHOP|PET_CAFE|YARN_STORE|SMOOTHIE_SHOP|FARMERS_MARKET|SMOOTHIE_SHOP|YARN_STORE|ICE_CREAM_SHOP
95734945,1,Ryo Hasegawa,0,99448.0,105369.0,5,290,7,8,0,152,18,8,24,23,5,10,-1,182,152,0,310,49,40,132,138,244,19,19,13,25,1,1,25,25,0,2,PIZZA_SHOP|PET_CAFE|YARN_STORE|SMOOTHIE_SHOP|FARMERS_MARKET|SMOOTHIE_SHOP|YARN_STORE|ICE_CREAM_SHOP
95741824,0,Victor @ Tufa Labs,0,98129.0,102299.0,5,277,10,4,0,129,6,0,34,20,6,11,-1,395,154,0,11453,15,0,345,130,1822,43,7,19,31,1,13,31,1,0,6,FARMERS_MARKET|SMOOTHIE_SHOP|ICE_CREAM_SHOP|BRUNCH_SPOT|BAKERY|PIZZA_SHOP|PIZZA_SHOP|ICE_CREAM_SHOP
95741824,1,Crop Dusta,1,102299.0,98129.0,4,296,8,3,0,75,0,0,54,14,5,8,-1,224,64,0,239,0,0,371,84,101,43,7,19,31,1,13,31,1,0,6,FARMERS_MARKET|SMOOTHIE_SHOP|ICE_CREAM_SHOP|BRUNCH_SPOT|BAKERY|PIZZA_SHOP|PIZZA_SHOP|ICE_CREAM_SHOP
95746362,0,カワシギ,0,101663.0,103918.0,5,277,10,4,0,124,16,0,42,12,6,11,-1,258,103,0,1021,16,0,285,72,1705,31,25,19,37,1,1,31,1,0,6,FARMERS_MARKET|FARMERS_MARKET|SMOOTHIE_SHOP|SMOOTHIE_SHOP|PET_CAFE|ICE_CREAM_SHOP|ICE_CREAM_SHOP|PIZZA_SHOP
95746362,1,Izzoudine Mohamed KANTA,1,103918.0,101663.0,5,277,8,6,0,132,6,0,38,12,6,11,-1,279,158,0,886,11,0,294,72,2933,31,25,19,37,1,1,31,1,0,6,FARMERS_MARKET|FARMERS_MARKET|SMOOTHIE_SHOP|SMOOTHIE_SHOP|PET_CAFE|ICE_CREAM_SHOP|ICE_CREAM_SHOP|PIZZA_SHOP
95748654,0,peikopon,1,90855.0,87810.0,5,278,10,4,0,125,5,2,36,12,6,11,-1,279,180,0,676,10,11,275,72,2752,43,13,25,31,1,19,13,13,0,4,FARMERS_MARKET|BRUNCH_SPOT|BRUNCH_SPOT|BRUNCH_SPOT|FARMERS_MARKET|PIZZA_SHOP|PIZZA_SHOP|YARN_STORE
95748654,1,Giulio Ravasio,0,87810.0,90855.0,5,278,10,4,0,123,5,0,42,12,6,11,-1,279,180,0,675,10,0,275,72,2750,43,13,25,31,1,19,13,13,0,4,FARMERS_MARKET|BRUNCH_SPOT|BRUNCH_SPOT|BRUNCH_SPOT|FARMERS_MARKET|PIZZA_SHOP|PIZZA_SHOP|YARN_STORE
95748696,0,peikopon,1,62862.0,59477.0,5,278,10,4,0,125,5,2,36,12,6,11,-1,279,180,0,676,10,11,275,72,2752,37,19,19,19,1,19,13,13,0,7,BAKERY|PIZZA_SHOP|BRUNCH_SPOT|YARN_STORE|PIZZA_SHOP|BRUNCH_SPOT|FARMERS_MARKET|PET_CAFE
95748696,1,Kostiantyn Isaienkov,0,59477.0,62862.0,5,277,10,4,0,131,12,0,42,12,6,11,-1,279,120,0,786,9,0,281,72,2380,37,19,19,19,1,19,13,13,0,7,BAKERY|PIZZA_SHOP|BRUNCH_SPOT|YARN_STORE|PIZZA_SHOP|BRUNCH_SPOT|FARMERS_MARKET|PET_CAFE
95750962,0,ReCurSiON,0,114127.0,122290.0,4,262,9,4,0,143,0,0,37,20,6,10,-1,296,200,0,457,0,0,290,114,265,43,31,31,31,1,1,25,1,0,6,FARMERS_MARKET|ICE_CREAM_SHOP|PIZZA_SHOP|ICE_CREAM_SHOP|PET_CAFE|FARMERS_MARKET|PIZZA_SHOP|FARMERS_MARKET
95750962,1,peikopon,1,122290.0,114127.0,5,277,10,4,0,100,33,2,32,20,6,11,-1,328,123,0,1143,95,10,260,120,1874,43,31,31,31,1,1,25,1,0,6,FARMERS_MARKET|ICE_CREAM_SHOP|PIZZA_SHOP|ICE_CREAM_SHOP|PET_CAFE|FARMERS_MARKET|PIZZA_SHOP|FARMERS_MARKET
95750966,0,ReCurSiON,1,131943.0,130675.0,4,262,9,4,0,143,0,0,37,15,6,10,-1,296,200,0,457,0,0,290,114,265,25,13,7,31,1,7,37,1,0,8,ICE_CREAM_SHOP|ICE_CREAM_SHOP|SMOOTHIE_SHOP|BAKERY|PET_CAFE|SMOOTHIE_SHOP|PIZZA_SHOP|SMOOTHIE_SHOP
95750966,1,shyjin,0,130675.0,131943.0,5,277,8,6,0,122,5,0,34,20,6,11,-1,248,179,0,1182,10,0,267,120,2022,25,13,7,31,1,7,37,1,0,8,ICE_CREAM_SHOP|ICE_CREAM_SHOP|SMOOTHIE_SHOP|BAKERY|PET_CAFE|SMOOTHIE_SHOP|PIZZA_SHOP|SMOOTHIE_SHOP
95750968,0,bplyc15,1,75700.0,73187.0,5,277,6,12,0,130,1,0,42,12,6,11,12,316,266,0,1196,2,0,353,72,2701,43,13,13,31,1,25,7,13,0,3,YARN_STORE|BRUNCH_SPOT|BAKERY|ICE_CREAM_SHOP|BRUNCH_SPOT|FARMERS_MARKET|BAKERY|FARMERS_MARKET
95750968,1,Giulio Ravasio,0,73187.0,75700.0,5,277,6,12,0,136,9,0,42,12,6,11,12,255,266,0,1196,2,0,291,72,2701,43,13,13,31,1,25,7,13,0,3,YARN_STORE|BRUNCH_SPOT|BAKERY|ICE_CREAM_SHOP|BRUNCH_SPOT|FARMERS_MARKET|BAKERY|FARMERS_MARKET
95757742,0,James Holland,1,54067.0,53849.0,5,278,10,4,0,123,5,0,42,12,6,11,-1,367,268,0,678,10,0,363,160,2750,37,31,19,19,1,19,13,1,0,0,PET_CAFE|BRUNCH_SPOT|FARMERS_MARKET|BRUNCH_SPOT|PIZZA_SHOP|PET_CAFE|BAKERY|PIZZA_SHOP
95757742,1,SaiKushal185,0,53849.0,54067.0,5,277,8,6,0,129,5,0,42,12,6,11,-1,237,164,0,542,11,0,274,72,234,37,31,19,19,1,19,13,1,0,0,PET_CAFE|BRUNCH_SPOT|FARMERS_MARKET|BRUNCH_SPOT|PIZZA_SHOP|PET_CAFE|BAKERY|PIZZA_SHOP
95759970,0,TTANE,0,39207.0,73352.0,5,277,8,6,0,133,13,0,42,12,6,11,-1,260,180,0,856,11,0,276,72,2985,25,55,13,19,1,1,19,1,0,10,PET_CAFE|PET_CAFE|PET_CAFE|ICE_CREAM_SHOP|PIZZA_SHOP|ICE_CREAM_SHOP|FARMERS_MARKET|PET_CAFE
95759970,1,Xiaowenhao404,1,73352.0,39207.0,5,277,8,6,0,131,48,0,42,12,6,11,-1,229,161,0,1491,1069,0,273,72,2172,25,55,13,19,1,1,19,1,0,10,PET_CAFE|PET_CAFE|PET_CAFE|ICE_CREAM_SHOP|PIZZA_SHOP|ICE_CREAM_SHOP|FARMERS_MARKET|PET_CAFE
95762298,0,Ryo Hasegawa,1,93480.0,86589.0,5,290,7,7,0,173,0,0,35,11,6,9,-1,191,183,0,348,0,0,224,66,249,37,19,25,19,1,7,25,13,0,5,PIZZA_SHOP|YARN_STORE|PIZZA_SHOP|PET_CAFE|PIZZA_SHOP|ICE_CREAM_SHOP|FARMERS_MARKET|BRUNCH_SPOT
95762298,1,feel the borov,0,86589.0,93480.0,5,277,6,12,0,143,3,0,34,17,6,11,12,195,270,0,1641,4,0,216,120,2026,37,19,25,19,1,7,25,13,0,5,PIZZA_SHOP|YARN_STORE|PIZZA_SHOP|PET_CAFE|PIZZA_SHOP|ICE_CREAM_SHOP|FARMERS_MARKET|BRUNCH_SPOT
95762303,0,Efe Can Celiksoy,1,49416.0,48003.0,5,277,10,4,0,126,16,0,42,12,6,11,-1,279,119,0,902,17,0,286,72,2013,31,43,25,19,1,7,7,13,0,10,PIZZA_SHOP|FARMERS_MARKET|PET_CAFE|BAKERY|PET_CAFE|YARN_STORE|FARMERS_MARKET|FARMERS_MARKET
95762303,1,Luan Kunyu,0,48003.0,49416.0,5,277,10,4,0,125,5,0,42,12,6,11,-1,280,163,0,856,11,0,288,72,2932,31,43,25,19,1,7,7,13,0,10,PIZZA_SHOP|FARMERS_MARKET|PET_CAFE|BAKERY|PET_CAFE|YARN_STORE|FARMERS_MARKET|FARMERS_MARKET
95762304,0,Efe Can Celiksoy,0,74501.0,77938.0,5,277,10,4,0,138,16,0,34,20,6,11,-1,278,120,0,998,17,0,251,120,2245,37,25,19,31,1,7,25,1,0,6,FARMERS_MARKET|BAKERY|SMOOTHIE_SHOP|FARMERS_MARKET|PET_CAFE|ICE_CREAM_SHOP|PIZZA_SHOP|ICE_CREAM_SHOP
95762304,1,James Holland,1,77938.0,74501.0,5,278,10,4,0,123,5,0,42,12,6,11,-1,367,268,0,678,10,0,363,160,2750,37,25,19,31,1,7,25,1,0,6,FARMERS_MARKET|BAKERY|SMOOTHIE_SHOP|FARMERS_MARKET|PET_CAFE|ICE_CREAM_SHOP|PIZZA_SHOP|ICE_CREAM_SHOP
95764594,0,u,0,86494.0,86656.0,5,277,8,6,0,125,5,0,42,12,6,11,-1,274,182,0,857,11,0,279,72,2999,43,13,19,31,1,25,7,13,0,3,FARMERS_MARKET|BRUNCH_SPOT|BRUNCH_SPOT|BRUNCH_SPOT|PIZZA_SHOP|YARN_STORE|FARMERS_MARKET|BAKERY
95764594,1,SaiKushal185,1,86656.0,86494.0,5,277,8,6,0,129,5,0,42,12,6,11,-1,237,164,0,542,11,0,274,72,234,43,13,19,31,1,25,7,13,0,3,FARMERS_MARKET|BRUNCH_SPOT|BRUNCH_SPOT|BRUNCH_SPOT|PIZZA_SHOP|YARN_STORE|FARMERS_MARKET|BAKERY
95764599,0,James Holland,1,96572.0,95855.0,5,278,10,4,0,123,5,0,42,12,6,11,-1,347,250,0,678,10,0,335,136,2750,43,25,13,37,1,19,13,1,0,3,FARMERS_MARKET|ICE_CREAM_SHOP|BRUNCH_SPOT|BRUNCH_SPOT|ICE_CREAM_SHOP|FARMERS_MARKET|PET_CAFE|BAKERY
95764599,1,Kostiantyn Isaienkov,0,95855.0,96572.0,5,277,10,4,0,131,12,0,42,12,6,11,-1,279,120,0,786,9,0,281,72,2380,43,25,13,37,1,19,13,1,0,3,FARMERS_MARKET|ICE_CREAM_SHOP|BRUNCH_SPOT|BRUNCH_SPOT|ICE_CREAM_SHOP|FARMERS_MARKET|PET_CAFE|BAKERY
95766882,0,Suneeth reddy,1,101715.0,94310.0,5,277,6,8,0,129,5,0,42,12,6,11,-1,189,208,0,552,11,0,268,72,223,31,13,7,19,1,13,25,13,0,1,ICE_CREAM_SHOP|BAKERY|YARN_STORE|ICE_CREAM_SHOP|PET_CAFE|PIZZA_SHOP|SMOOTHIE_SHOP|BAKERY
95766882,1,Efe Can Celiksoy,0,94310.0,101715.0,5,277,10,4,0,126,16,0,42,12,6,11,-1,279,119,0,1020,17,0,286,72,2013,31,13,7,19,1,13,25,13,0,1,ICE_CREAM_SHOP|BAKERY|YARN_STORE|ICE_CREAM_SHOP|PET_CAFE|PIZZA_SHOP|SMOOTHIE_SHOP|BAKERY
95766884,0,Alexander Shahramanyan,0,50646.0,52287.0,5,277,10,4,0,125,5,0,42,12,6,11,-1,280,150,0,856,11,0,274,72,2932,31,25,19,19,1,13,13,13,0,13,FARMERS_MARKET|PET_CAFE|PIZZA_SHOP|BAKERY|SMOOTHIE_SHOP|FARMERS_MARKET|BAKERY|YARN_STORE
95766884,1,lucaskna,1,52287.0,50646.0,5,278,10,4,0,125,5,0,42,12,6,11,-1,203,120,0,599,11,0,276,72,237,31,25,19,19,1,13,13,13,0,13,FARMERS_MARKET|PET_CAFE|PIZZA_SHOP|BAKERY|SMOOTHIE_SHOP|FARMERS_MARKET|BAKERY|YARN_STORE
95766891,0,Kobe BRYANT,1,76277.0,73324.0,5,277,10,4,0,132,6,0,38,12,6,11,-1,280,149,0,865,11,0,294,72,2933,43,19,13,25,1,19,19,1,0,7,PET_CAFE|ICE_CREAM_SHOP|ICE_CREAM_SHOP|BRUNCH_SPOT|PIZZA_SHOP|BAKERY|BAKERY|FARMERS_MARKET
95766891,1,Kostiantyn Isaienkov,0,73324.0,76277.0,5,277,10,4,0,131,12,0,42,12,6,11,-1,279,120,0,786,9,0,281,72,2380,43,19,13,25,1,19,19,1,0,7,PET_CAFE|ICE_CREAM_SHOP|ICE_CREAM_SHOP|BRUNCH_SPOT|PIZZA_SHOP|BAKERY|BAKERY|FARMERS_MARKET
95769164,0,Ozi,0,114897.0,117302.0,5,277,6,12,0,145,3,0,34,17,6,11,12,215,270,0,1648,2,0,226,120,2026,25,19,7,37,1,7,25,13,0,8,SMOOTHIE_SHOP|YARN_STORE|PET_CAFE|ICE_CREAM_SHOP|BRUNCH_SPOT|ICE_CREAM_SHOP|SMOOTHIE_SHOP|FARMERS_MARKET
95769164,1,SaiKushal185,1,117302.0,114897.0,5,277,6,12,0,150,3,0,34,20,6,11,12,189,270,0,1035,2,0,216,120,297,25,19,7,37,1,7,25,13,0,8,SMOOTHIE_SHOP|YARN_STORE|PET_CAFE|ICE_CREAM_SHOP|BRUNCH_SPOT|ICE_CREAM_SHOP|SMOOTHIE_SHOP|FARMERS_MARKET
95769173,0,ReCurSiON,1,69241.0,68509.0,4,262,9,4,0,143,0,0,37,20,6,10,-1,296,200,0,457,0,0,290,114,265,37,7,19,31,1,13,31,1,0,6,BAKERY|BRUNCH_SPOT|FARMERS_MARKET|SMOOTHIE_SHOP|PIZZA_SHOP|PIZZA_SHOP|ICE_CREAM_SHOP|SMOOTHIE_SHOP
95769173,1,Xiaowenhao404,0,68509.0,69241.0,5,277,10,4,0,131,6,0,34,20,6,11,-1,328,132,0,1138,15,0,254,120,1906,37,7,19,31,1,13,31,1,0,6,BAKERY|BRUNCH_SPOT|FARMERS_MARKET|SMOOTHIE_SHOP|PIZZA_SHOP|PIZZA_SHOP|ICE_CREAM_SHOP|SMOOTHIE_SHOP
95769175,0,lucaskna,0,72185.0,72744.0,5,277,10,4,0,125,5,0,42,12,6,11,-1,219,120,0,594,11,0,276,72,236,31,25,19,25,1,13,13,13,0,13,PIZZA_SHOP|FARMERS_MARKET|SMOOTHIE_SHOP|BAKERY|FARMERS_MARKET|PET_CAFE|BRUNCH_SPOT|YARN_STORE
95769175,1,Efe Can Celiksoy,1,72744.0,72185.0,5,277,10,4,0,126,16,0,42,12,6,11,-1,279,119,0,1020,17,0,286,72,2013,31,25,19,25,1,13,13,13,0,13,PIZZA_SHOP|FARMERS_MARKET|SMOOTHIE_SHOP|BAKERY|FARMERS_MARKET|PET_CAFE|BRUNCH_SPOT|YARN_STORE
95769176,0,Subramanya N,1,84341.0,82575.0,6,306,7,6,0,145,11,0,36,16,6,10,-1,198,134,0,465,21,0,227,77,165,37,7,19,25,1,13,25,13,0,7,FARMERS_MARKET|PIZZA_SHOP|ICE_CREAM_SHOP|BAKERY|YARN_STORE|BRUNCH_SPOT|SMOOTHIE_SHOP|PIZZA_SHOP
95769176,1,Izzoudine Mohamed KANTA,0,82575.0,84341.0,5,277,10,4,0,132,6,0,38,12,6,11,-1,279,120,0,871,11,0,274,72,2933,37,7,19,25,1,13,25,13,0,7,FARMERS_MARKET|PIZZA_SHOP|ICE_CREAM_SHOP|BAKERY|YARN_STORE|BRUNCH_SPOT|SMOOTHIE_SHOP|PIZZA_SHOP
95769177,0,Arman Tuganbaev,1,129296.0,124052.0,2,282,11,4,0,141,8,0,43,11,6,10,-1,266,134,0,206,24,0,324,66,258,25,13,7,25,1,7,31,13,0,2,SMOOTHIE_SHOP|SMOOTHIE_SHOP|ICE_CREAM_SHOP|PIZZA_SHOP|BAKERY|PET_CAFE|YARN_STORE|ICE_CREAM_SHOP
95769177,1,tetsuya,0,124052.0,129296.0,6,308,12,3,0,96,0,0,47,14,7,11,-1,321,98,0,251,0,0,257,84,263,25,13,7,25,1,7,31,13,0,2,SMOOTHIE_SHOP|SMOOTHIE_SHOP|ICE_CREAM_SHOP|PIZZA_SHOP|BAKERY|PET_CAFE|YARN_STORE|ICE_CREAM_SHOP
95769178,0,Izzoudine Mohamed KANTA,1,87131.0,86211.0,5,277,8,6,0,132,6,0,38,12,6,11,-1,279,169,0,879,11,0,301,72,2933,31,25,13,31,1,19,7,13,0,3,BRUNCH_SPOT|SMOOTHIE_SHOP|PET_CAFE|FARMERS_MARKET|BAKERY|FARMERS_MARKET|BRUNCH_SPOT|YARN_STORE
95769178,1,peikopon,0,86211.0,87131.0,5,278,9,5,0,93,35,0,38,12,6,11,-1,287,188,0,675,67,0,275,72,2750,31,25,13,31,1,19,7,13,0,3,BRUNCH_SPOT|SMOOTHIE_SHOP|PET_CAFE|FARMERS_MARKET|BAKERY|FARMERS_MARKET|BRUNCH_SPOT|YARN_STORE
95769179,0,Xiaowenhao404,0,59129.0,72963.0,5,277,6,12,0,142,11,0,42,12,6,11,12,192,277,0,1843,8,0,334,83,1674,37,1,7,19,1,31,13,13,0,14,BRUNCH_SPOT|YARN_STORE|PIZZA_SHOP|BAKERY|BRUNCH_SPOT|BAKERY|SMOOTHIE_SHOP|BAKERY
95769179,1,Subramanya N,1,72963.0,59129.0,6,301,3,11,3,141,11,0,35,16,6,11,-1,87,259,92,406,21,0,192,60,222,37,1,7,19,1,31,13,13,0,14,BRUNCH_SPOT|YARN_STORE|PIZZA_SHOP|BAKERY|BRUNCH_SPOT|BAKERY|SMOOTHIE_SHOP|BAKERY
95769180,0,Ryo Hasegawa,1,82635.0,79756.0,5,290,6,6,0,216,0,0,24,11,5,10,-1,170,144,0,552,0,0,169,66,219,25,13,7,31,1,13,25,13,0,1,PET_CAFE|BRUNCH_SPOT|YARN_STORE|PIZZA_SHOP|SMOOTHIE_SHOP|ICE_CREAM_SHOP|BRUNCH_SPOT|SMOOTHIE_SHOP
95769180,1,Crop Dusta,0,79756.0,82635.0,4,295,6,10,0,109,0,0,24,19,5,8,-1,151,228,0,327,0,0,177,112,181,25,13,7,31,1,13,25,13,0,1,PET_CAFE|BRUNCH_SPOT|YARN_STORE|PIZZA_SHOP|SMOOTHIE_SHOP|ICE_CREAM_SHOP|BRUNCH_SPOT|SMOOTHIE_SHOP
95769181,0,Ryo Hasegawa,1,92721.0,88406.0,5,289,5,10,0,173,23,0,24,11,6,9,-1,148,240,0,422,66,0,178,66,277,25,19,13,19,1,13,7,37,0,11,YARN_STORE|PET_CAFE|YARN_STORE|BRUNCH_SPOT|FARMERS_MARKET|PIZZA_SHOP|YARN_STORE|BRUNCH_SPOT
95769181,1,tetsuya,0,88406.0,92721.0,6,313,4,10,1,168,0,0,30,15,7,9,-1,134,238,39,456,0,0,185,90,262,25,19,13,19,1,13,7,37,0,11,YARN_STORE|PET_CAFE|YARN_STORE|BRUNCH_SPOT|FARMERS_MARKET|PIZZA_SHOP|YARN_STORE|BRUNCH_SPOT
95769184,0,tetsuya,0,82698.0,103192.0,6,305,12,3,0,86,0,0,53,14,7,11,-1,321,98,0,181,0,0,276,84,270,19,31,7,25,1,13,19,1,0,12,SMOOTHIE_SHOP|SMOOTHIE_SHOP|FARMERS_MARKET|BAKERY|BAKERY|SMOOTHIE_SHOP|PET_CAFE|PET_CAFE
95769184,1,Arman Tuganbaev,1,103192.0,82698.0,2,287,11,4,0,141,20,0,43,11,6,10,-1,272,135,0,194,57,0,324,66,258,19,31,7,25,1,13,19,1,0,12,SMOOTHIE_SHOP|SMOOTHIE_SHOP|FARMERS_MARKET|BAKERY|BAKERY|SMOOTHIE_SHOP|PET_CAFE|PET_CAFE
95773727,0,bplyc15,1,53239.0,48005.0,5,277,8,6,0,129,5,0,42,12,6,11,-1,301,169,0,856,11,0,318,72,2932,25,37,13,25,1,7,13,13,0,10,PET_CAFE|PET_CAFE|FARMERS_MARKET|FARMERS_MARKET|YARN_STORE|SMOOTHIE_SHOP|BAKERY|ICE_CREAM_SHOP
95773727,1,Rayk Kretzschmar,0,48005.0,53239.0,5,277,8,6,0,125,5,0,42,12,6,11,-1,279,190,0,856,11,0,274,72,2932,25,37,13,25,1,7,13,13,0,10,PET_CAFE|PET_CAFE|FARMERS_MARKET|FARMERS_MARKET|YARN_STORE|SMOOTHIE_SHOP|BAKERY|ICE_CREAM_SHOP
95773737,0,feel the borov,0,87627.0,88081.0,5,277,6,12,0,127,1,0,42,12,6,11,12,255,266,0,1196,2,0,291,72,2701,19,19,7,19,1,13,13,25,0,11,YARN_STORE|FARMERS_MARKET|YARN_STORE|BAKERY|SMOOTHIE_SHOP|BAKERY|SMOOTHIE_SHOP|PET_CAFE
95773737,1,Laplacenvmv,1,88081.0,87627.0,5,277,6,12,0,128,1,0,42,12,6,11,12,250,266,0,1196,2,0,277,72,2701,19,19,7,19,1,13,13,25,0,11,YARN_STORE|FARMERS_MARKET|YARN_STORE|BAKERY|SMOOTHIE_SHOP|BAKERY|SMOOTHIE_SHOP|PET_CAFE
95776005,0,Luan Kunyu,1,106130.0,105206.0,5,277,10,4,0,125,5,0,42,12,6,11,-1,280,175,0,856,11,0,296,72,2932,31,13,13,37,1,13,19,13,0,9,BRUNCH_SPOT|SMOOTHIE_SHOP|ICE_CREAM_SHOP|FARMERS_MARKET|BAKERY|YARN_STORE|FARMERS_MARKET|SMOOTHIE_SHOP
95776005,1,Crop Dusta,0,105206.0,106130.0,4,294,9,4,0,109,0,0,43,13,5,9,-1,199,91,0,364,0,0,312,78,103,31,13,13,37,1,13,19,13,0,9,BRUNCH_SPOT|SMOOTHIE_SHOP|ICE_CREAM_SHOP|FARMERS_MARKET|BAKERY|YARN_STORE|FARMERS_MARKET|SMOOTHIE_SHOP
95776006,0,James Holland,0,63773.0,65387.0,5,278,10,4,0,123,5,0,42,12,6,11,-1,349,267,0,678,10,0,357,136,2767,37,25,13,31,1,19,13,1,0,3,BAKERY|ICE_CREAM_SHOP|FARMERS_MARKET|FARMERS_MARKET|PET_CAFE|BAKERY|SMOOTHIE_SHOP|BRUNCH_SPOT
95776006,1,Victor @ Tufa Labs,1,65387.0,63773.0,5,277,10,4,0,124,5,0,42,12,6,11,-1,1000251,105,0,8451,11,0,1000281,72,260,37,25,13,31,1,19,13,1,0,3,BAKERY|ICE_CREAM_SHOP|FARMERS_MARKET|FARMERS_MARKET|PET_CAFE|BAKERY|SMOOTHIE_SHOP|BRUNCH_SPOT
95780539,0,カワシギ,0,44291.0,78520.0,5,277,8,6,0,144,15,0,34,20,6,11,-1,186,138,0,809,15,0,237,120,2993,25,55,19,7,1,7,13,1,0,10,FARMERS_MARKET|BAKERY|PET_CAFE|PIZZA_SHOP|PET_CAFE|PET_CAFE|PIZZA_SHOP|PET_CAFE
95780539,1,Crop Dusta,1,78520.0,44291.0,4,296,4,3,2,111,58,20,25,16,5,8,-1,111,65,78,319,160,117,158,96,66,25,55,19,7,1,7,13,1,0,10,FARMERS_MARKET|BAKERY|PET_CAFE|PIZZA_SHOP|PET_CAFE|PET_CAFE|PIZZA_SHOP|PET_CAFE
95782836,0,peikopon,0,49691.0,63203.0,5,278,6,13,0,104,29,0,31,20,6,11,12,189,271,0,1465,52,0,223,120,1806,31,13,13,19,1,19,19,13,0,7,PET_CAFE|YARN_STORE|BAKERY|PIZZA_SHOP|PIZZA_SHOP|SMOOTHIE_SHOP|BRUNCH_SPOT|BRUNCH_SPOT
95782836,1,Seb (allegedly),1,63203.0,49691.0,7,299,5,12,0,115,0,0,21,19,4,8,-1,168,261,0,293,0,0,152,114,322,31,13,13,19,1,19,19,13,0,7,PET_CAFE|YARN_STORE|BAKERY|PIZZA_SHOP|PIZZA_SHOP|SMOOTHIE_SHOP|BRUNCH_SPOT|BRUNCH_SPOT
95782837,0,Kostiantyn Isaienkov,1,87248.0,75671.0,5,277,6,12,0,141,10,0,34,20,6,11,12,189,271,0,1455,4,0,221,120,1735,19,31,7,13,1,7,7,37,0,11,YARN_STORE|PET_CAFE|FARMERS_MARKET|BAKERY|ICE_CREAM_SHOP|PET_CAFE|YARN_STORE|YARN_STORE
95782837,1,ReCurSiON,0,75671.0,87248.0,4,262,6,7,0,143,0,0,37,15,6,10,-1,279,247,0,457,0,0,290,114,265,19,31,7,13,1,7,7,37,0,11,YARN_STORE|PET_CAFE|FARMERS_MARKET|BAKERY|ICE_CREAM_SHOP|PET_CAFE|YARN_STORE|YARN_STORE
95785105,0,ReCurSiON,0,100323.0,101170.0,4,262,9,4,0,143,0,0,37,20,6,10,-1,296,200,0,457,0,0,290,114,265,37,7,7,37,1,19,19,13,0,9,BRUNCH_SPOT|BRUNCH_SPOT|SMOOTHIE_SHOP|ICE_CREAM_SHOP|BAKERY|ICE_CREAM_SHOP|YARN_STORE|FARMERS_MARKET
95785105,1,James Holland,1,101170.0,100323.0,5,277,10,4,0,127,6,0,34,20,6,11,-1,427,238,0,971,15,0,342,208,1906,37,7,7,37,1,19,19,13,0,9,BRUNCH_SPOT|BRUNCH_SPOT|SMOOTHIE_SHOP|ICE_CREAM_SHOP|BAKERY|ICE_CREAM_SHOP|YARN_STORE|FARMERS_MARKET
95785109,0,Pardheev Krishna,0,103995.0,105757.0,5,277,10,4,0,125,5,0,42,12,6,11,-1,281,165,0,856,11,0,279,72,2932,37,31,25,31,1,7,19,1,0,4,PIZZA_SHOP|ICE_CREAM_SHOP|FARMERS_MARKET|SMOOTHIE_SHOP|FARMERS_MARKET|PET_CAFE|FARMERS_MARKET|BAKERY
95785109,1,Giulio Ravasio,1,105757.0,103995.0,5,278,10,4,0,123,5,0,42,12,6,11,-1,279,180,0,675,10,0,275,72,2750,37,31,25,31,1,7,19,1,0,4,PIZZA_SHOP|ICE_CREAM_SHOP|FARMERS_MARKET|SMOOTHIE_SHOP|FARMERS_MARKET|PET_CAFE|FARMERS_MARKET|BAKERY
95785110,0,extra eclaire,0,138673.0,142056.0,5,277,6,8,0,133,13,0,42,12,6,11,-1,279,208,0,856,11,0,274,72,2932,37,7,13,31,1,13,19,25,0,9,ICE_CREAM_SHOP|BRUNCH_SPOT|YARN_STORE|ICE_CREAM_SHOP|BRUNCH_SPOT|YARN_STORE|PIZZA_SHOP|FARMERS_MARKET
95785110,1,shyjin,1,142056.0,138673.0,5,277,6,8,0,125,5,0,42,12,6,11,-1,267,233,0,856,11,0,279,72,2935,37,7,13,31,1,13,19,25,0,9,ICE_CREAM_SHOP|BRUNCH_SPOT|YARN_STORE|ICE_CREAM_SHOP|BRUNCH_SPOT|YARN_STORE|PIZZA_SHOP|FARMERS_MARKET
95789634,0,Luan Kunyu,1,98830.0,73333.0,5,277,6,12,0,145,3,0,34,17,6,11,12,228,270,0,1648,2,0,226,120,2026,25,19,13,19,1,13,7,37,0,11,FARMERS_MARKET|YARN_STORE|PET_CAFE|BRUNCH_SPOT|PIZZA_SHOP|BRUNCH_SPOT|YARN_STORE|YARN_STORE
95789634,1,Michael Timbs,0,73333.0,98830.0,5,276,10,4,0,125,15,0,42,12,6,11,-1,279,120,0,730,15,0,290,72,266,25,19,13,19,1,13,7,37,0,11,FARMERS_MARKET|YARN_STORE|PET_CAFE|BRUNCH_SPOT|PIZZA_SHOP|BRUNCH_SPOT|YARN_STORE|YARN_STORE
95792006,0,Laplacenvmv,1,100240.0,96647.0,5,277,10,4,0,125,5,0,42,12,6,11,-1,280,158,0,856,11,0,279,72,2932,43,13,31,19,1,7,25,13,0,5,PIZZA_SHOP|PIZZA_SHOP|ICE_CREAM_SHOP|FARMERS_MARKET|YARN_STORE|FARMERS_MARKET|BAKERY|PIZZA_SHOP
95792006,1,Xiaowenhao404,0,96647.0,100240.0,5,277,10,4,0,127,15,0,42,12,6,11,-1,289,119,0,1227,18,0,1275,72,1632,43,13,31,19,1,7,25,13,0,5,PIZZA_SHOP|PIZZA_SHOP|ICE_CREAM_SHOP|FARMERS_MARKET|YARN_STORE|FARMERS_MARKET|BAKERY|PIZZA_SHOP
95796489,0,Laplacenvmv,0,90840.0,91047.0,5,277,6,8,0,125,5,0,42,12,6,11,-1,279,208,0,856,11,0,274,72,2932,25,19,13,25,1,1,25,25,0,2,FARMERS_MARKET|PET_CAFE|YARN_STORE|YARN_STORE|ICE_CREAM_SHOP|SMOOTHIE_SHOP|ICE_CREAM_SHOP|PIZZA_SHOP
95796489,1,Ryo Hasegawa,1,91047.0,90840.0,5,290,6,7,0,150,0,0,36,11,6,10,-1,168,183,0,334,0,0,280,66,223,25,19,13,25,1,1,25,25,0,2,FARMERS_MARKET|PET_CAFE|YARN_STORE|YARN_STORE|ICE_CREAM_SHOP|SMOOTHIE_SHOP|ICE_CREAM_SHOP|PIZZA_SHOP
95798811,0,カワシギ,0,104799.0,105301.0,5,277,6,12,0,138,11,0,42,12,6,11,12,189,263,0,1479,2,0,266,72,1355,19,7,19,25,1,1,31,25,0,2,YARN_STORE|FARMERS_MARKET|PIZZA_SHOP|SMOOTHIE_SHOP|PIZZA_SHOP|SMOOTHIE_SHOP|YARN_STORE|SMOOTHIE_SHOP
95798811,1,SaiKushal185,1,105301.0,104799.0,5,277,6,12,0,130,1,0,42,12,6,11,12,188,262,0,795,2,0,271,72,275,19,7,19,25,1,1,31,25,0,2,YARN_STORE|FARMERS_MARKET|PIZZA_SHOP|SMOOTHIE_SHOP|PIZZA_SHOP|SMOOTHIE_SHOP|YARN_STORE|SMOOTHIE_SHOP
95801116,0,lucaskna,0,96418.0,106224.0,5,277,6,12,0,145,3,0,34,20,6,11,12,118,270,0,1053,2,0,215,120,295,25,25,19,19,1,7,7,37,0,13,BRUNCH_SPOT|YARN_STORE|PET_CAFE|FARMERS_MARKET|YARN_STORE|PIZZA_SHOP|FARMERS_MARKET|YARN_STORE
95801116,1,Crop Dusta,1,106224.0,96418.0,4,294,3,14,0,112,53,0,25,11,5,9,-1,76,299,0,283,174,0,169,66,164,25,25,19,19,1,7,7,37,0,13,BRUNCH_SPOT|YARN_STORE|PET_CAFE|FARMERS_MARKET|YARN_STORE|PIZZA_SHOP|FARMERS_MARKET|YARN_STORE
95801119,0,Seb (allegedly),0,72602.0,73414.0,7,302,10,4,0,104,0,0,42,18,4,8,10,225,106,0,245,0,0,270,108,242,13,43,7,25,1,7,13,13,0,12,SMOOTHIE_SHOP|PET_CAFE|BRUNCH_SPOT|YARN_STORE|PET_CAFE|SMOOTHIE_SHOP|PET_CAFE|FARMERS_MARKET
95801119,1,Alexander Shahramanyan,1,73414.0,72602.0,5,277,10,4,0,125,5,0,42,12,6,11,-1,280,175,0,856,11,0,294,72,2932,13,43,7,25,1,7,13,13,0,12,SMOOTHIE_SHOP|PET_CAFE|BRUNCH_SPOT|YARN_STORE|PET_CAFE|SMOOTHIE_SHOP|PET_CAFE|FARMERS_MARKET
95801124,0,Kobe BRYANT,1,118904.0,116106.0,5,277,6,12,0,152,4,0,34,17,6,11,12,208,270,0,1656,2,0,227,120,2025,31,13,13,25,1,19,1,37,0,14,FARMERS_MARKET|YARN_STORE|BRUNCH_SPOT|YARN_STORE|FARMERS_MARKET|BRUNCH_SPOT|BAKERY|YARN_STORE
95801124,1,SaiKushal185,0,116106.0,118904.0,5,277,6,12,0,150,3,0,34,20,6,11,12,186,263,0,1037,3,0,216,120,297,31,13,13,25,1,19,1,37,0,14,FARMERS_MARKET|YARN_STORE|BRUNCH_SPOT|YARN_STORE|FARMERS_MARKET|BRUNCH_SPOT|BAKERY|YARN_STORE
95801125,0,Xiaowenhao404,0,139497.0,144515.0,5,277,10,4,0,127,14,0,42,12,6,11,-1,288,119,0,1226,18,0,1284,72,1613,31,13,1,37,1,13,31,1,0,8,SMOOTHIE_SHOP|ICE_CREAM_SHOP|ICE_CREAM_SHOP|BRUNCH_SPOT|PET_CAFE|SMOOTHIE_SHOP|ICE_CREAM_SHOP|BAKERY
95801125,1,Kostiantyn Isaienkov,1,144515.0,139497.0,5,277,10,4,0,131,12,0,42,12,6,11,-1,279,120,0,786,9,0,281,72,2380,31,13,1,37,1,13,31,1,0,8,SMOOTHIE_SHOP|ICE_CREAM_SHOP|ICE_CREAM_SHOP|BRUNCH_SPOT|PET_CAFE|SMOOTHIE_SHOP|ICE_CREAM_SHOP|BAKERY
95803344,0,Victor @ Tufa Labs,0,131603.0,134729.0,5,277,10,4,0,125,5,0,42,12,6,11,-1,301,198,0,13247,11,0,313,72,2959,25,1,13,19,1,7,31,25,0,2,SMOOTHIE_SHOP|SMOOTHIE_SHOP|ICE_CREAM_SHOP|BAKERY|YARN_STORE|YARN_STORE|PIZZA_SHOP|PIZZA_SHOP
95803344,1,THIRD FARM CLUB,1,134729.0,131603.0,5,277,10,4,0,133,13,0,42,12,6,11,-1,280,153,0,856,11,0,288,72,2932,25,1,13,19,1,7,31,25,0,2,SMOOTHIE_SHOP|SMOOTHIE_SHOP|ICE_CREAM_SHOP|BAKERY|YARN_STORE|YARN_STORE|PIZZA_SHOP|PIZZA_SHOP
95803397,0,Kobe BRYANT,1,107694.0,106807.0,5,277,10,4,0,132,6,0,38,12,6,11,-1,280,142,0,863,11,0,294,72,2933,31,1,13,25,1,13,31,13,0,2,PIZZA_SHOP|SMOOTHIE_SHOP|PIZZA_SHOP|BAKERY|SMOOTHIE_SHOP|BRUNCH_SPOT|ICE_CREAM_SHOP|YARN_STORE
95803397,1,Ozi,0,106807.0,107694.0,5,277,10,4,0,125,5,0,42,12,6,11,-1,280,150,0,856,11,0,277,72,2932,31,1,13,25,1,13,31,13,0,2,PIZZA_SHOP|SMOOTHIE_SHOP|PIZZA_SHOP|BAKERY|SMOOTHIE_SHOP|BRUNCH_SPOT|ICE_CREAM_SHOP|YARN_STORE
95803402,0,peikopon,1,88309.0,79139.0,5,277,10,4,0,126,5,4,34,12,6,11,-1,279,180,0,676,10,21,273,72,2754,43,1,25,1,1,19,25,13,0,7,PIZZA_SHOP|PIZZA_SHOP|PIZZA_SHOP|BAKERY|BAKERY|YARN_STORE|BAKERY|PIZZA_SHOP
95803402,1,lucaskna,0,79139.0,88309.0,5,277,10,4,0,125,5,0,42,12,6,11,-1,279,120,0,557,11,0,274,72,234,43,1,25,1,1,19,25,13,0,7,PIZZA_SHOP|PIZZA_SHOP|PIZZA_SHOP|BAKERY|BAKERY|YARN_STORE|BAKERY|PIZZA_SHOP
95803403,0,Izzoudine Mohamed KANTA,0,107622.0,111657.0,5,277,10,4,0,132,6,0,38,12,6,11,-1,280,153,0,871,11,0,294,72,2933,37,7,19,25,1,13,25,13,0,7,PIZZA_SHOP|PIZZA_SHOP|FARMERS_MARKET|ICE_CREAM_SHOP|BRUNCH_SPOT|SMOOTHIE_SHOP|YARN_STORE|BAKERY
95803403,1,peikopon,1,111657.0,107622.0,5,278,10,4,0,126,5,4,34,12,6,11,-1,279,178,0,676,10,21,275,72,2754,37,7,19,25,1,13,25,13,0,7,PIZZA_SHOP|PIZZA_SHOP|FARMERS_MARKET|ICE_CREAM_SHOP|BRUNCH_SPOT|SMOOTHIE_SHOP|YARN_STORE|BAKERY
95803405,0,Efe Can Celiksoy,1,119158.0,114740.0,5,277,10,4,0,126,16,0,42,12,6,11,-1,279,119,0,1020,17,0,286,72,2013,37,1,19,19,1,13,31,13,0,7,PIZZA_SHOP|ICE_CREAM_SHOP|YARN_STORE|BRUNCH_SPOT|PIZZA_SHOP|PIZZA_SHOP|SMOOTHIE_SHOP|BAKERY
95803405,1,feel the borov,0,114740.0,119158.0,5,277,6,8,0,125,5,0,42,12,6,11,-1,279,241,0,856,11,0,296,72,2932,37,1,19,19,1,13,31,13,0,7,PIZZA_SHOP|ICE_CREAM_SHOP|YARN_STORE|BRUNCH_SPOT|PIZZA_SHOP|PIZZA_SHOP|SMOOTHIE_SHOP|BAKERY
95803406,0,Subramanya N,1,99826.0,87576.0,6,301,3,11,1,112,11,0,43,11,6,10,-1,87,263,46,295,21,0,276,60,203,31,19,13,25,1,13,13,25,0,13,BRUNCH_SPOT|YARN_STORE|ICE_CREAM_SHOP|PET_CAFE|BRUNCH_SPOT|PIZZA_SHOP|YARN_STORE|FARMERS_MARKET
95803406,1,Izzoudine Mohamed KANTA,0,87576.0,99826.0,5,277,6,12,0,149,4,0,34,17,6,11,12,196,270,0,1648,4,0,217,120,2021,31,19,13,25,1,13,13,25,0,13,BRUNCH_SPOT|YARN_STORE|ICE_CREAM_SHOP|PET_CAFE|BRUNCH_SPOT|PIZZA_SHOP|YARN_STORE|FARMERS_MARKET
95803407,0,peikopon,0,126057.0,136092.0,5,278,6,12,0,133,6,2,32,20,6,11,12,189,271,0,1466,4,10,244,120,1826,25,13,13,37,1,1,25,25,0,2,YARN_STORE|FARMERS_MARKET|SMOOTHIE_SHOP|SMOOTHIE_SHOP|FARMERS_MARKET|YARN_STORE|ICE_CREAM_SHOP|ICE_CREAM_SHOP
95803407,1,Izzoudine Mohamed KANTA,1,136092.0,126057.0,5,277,6,12,0,135,3,0,42,12,6,11,12,258,266,0,1203,2,0,291,72,2702,25,13,13,37,1,1,25,25,0,2,YARN_STORE|FARMERS_MARKET|SMOOTHIE_SHOP|SMOOTHIE_SHOP|FARMERS_MARKET|YARN_STORE|ICE_CREAM_SHOP|ICE_CREAM_SHOP
95803408,0,Arman Tuganbaev,0,81004.0,85751.0,2,256,8,4,0,139,0,0,35,26,7,9,-1,188,134,0,262,0,0,271,144,195,43,13,13,31,1,31,7,1,0,3,BAKERY|BRUNCH_SPOT|BRUNCH_SPOT|FARMERS_MARKET|FARMERS_MARKET|SMOOTHIE_SHOP|BAKERY|BAKERY
95803408,1,Subramanya N,1,85751.0,81004.0,6,303,3,2,8,135,11,0,38,11,6,10,-1,102,66,302,349,21,0,251,66,209,43,13,13,31,1,31,7,1,0,3,BAKERY|BRUNCH_SPOT|BRUNCH_SPOT|FARMERS_MARKET|FARMERS_MARKET|SMOOTHIE_SHOP|BAKERY|BAKERY
95803409,0,Xiaowenhao404,1,101230.0,99144.0,5,277,10,4,0,131,6,0,34,20,6,11,-1,328,135,0,1138,15,0,254,120,1906,25,31,19,37,1,1,19,13,0,10,FARMERS_MARKET|FARMERS_MARKET|ICE_CREAM_SHOP|SMOOTHIE_SHOP|FARMERS_MARKET|PET_CAFE|SMOOTHIE_SHOP|YARN_STORE
95803409,1,ReCurSiON,0,99144.0,101230.0,4,262,9,4,0,143,0,0,37,20,6,10,-1,296,200,0,457,0,0,290,114,265,25,31,19,37,1,1,19,13,0,10,FARMERS_MARKET|FARMERS_MARKET|ICE_CREAM_SHOP|SMOOTHIE_SHOP|FARMERS_MARKET|PET_CAFE|SMOOTHIE_SHOP|YARN_STORE
95803410,0,Crop Dusta,1,108452.0,98436.0,4,295,7,2,1,104,0,17,42,14,5,8,-1,197,47,32,329,0,98,275,84,76,43,25,19,37,1,13,19,1,0,4,BRUNCH_SPOT|PIZZA_SHOP|FARMERS_MARKET|BRUNCH_SPOT|ICE_CREAM_SHOP|ICE_CREAM_SHOP|PET_CAFE|FARMERS_MARKET
95803410,1,Arman Tuganbaev,0,98436.0,108452.0,2,253,8,4,0,139,0,0,40,26,7,9,-1,189,134,0,270,0,0,258,149,195,43,25,19,37,1,13,19,1,0,4,BRUNCH_SPOT|PIZZA_SHOP|FARMERS_MARKET|BRUNCH_SPOT|ICE_CREAM_SHOP|ICE_CREAM_SHOP|PET_CAFE|FARMERS_MARKET
95803411,0,Ryo Hasegawa,0,89255.0,90801.0,5,290,8,6,0,131,0,0,36,23,5,10,-1,211,125,0,281,0,0,282,138,210,25,7,7,37,1,7,31,13,0,8,BAKERY|FARMERS_MARKET|SMOOTHIE_SHOP|YARN_STORE|SMOOTHIE_SHOP|SMOOTHIE_SHOP|ICE_CREAM_SHOP|ICE_CREAM_SHOP
95803411,1,tetsuya,1,90801.0,89255.0,6,313,6,7,2,123,0,0,40,11,7,10,-1,191,161,54,324,0,0,285,66,245,25,7,7,37,1,7,31,13,0,8,BAKERY|FARMERS_MARKET|SMOOTHIE_SHOP|YARN_STORE|SMOOTHIE_SHOP|SMOOTHIE_SHOP|ICE_CREAM_SHOP|ICE_CREAM_SHOP
95803412,0,Arman Tuganbaev,1,78998.0,66324.0,2,272,7,10,0,129,12,0,39,11,6,11,-1,147,244,0,159,24,0,298,66,270,25,37,13,31,1,13,7,13,0,10,BRUNCH_SPOT|YARN_STORE|BRUNCH_SPOT|PET_CAFE|FARMERS_MARKET|PET_CAFE|SMOOTHIE_SHOP|FARMERS_MARKET
95803412,1,tetsuya,0,66324.0,78998.0,6,302,5,10,1,109,0,0,46,11,7,10,-1,159,204,33,252,0,0,240,60,272,25,37,13,31,1,13,7,13,0,10,BRUNCH_SPOT|YARN_STORE|BRUNCH_SPOT|PET_CAFE|FARMERS_MARKET|PET_CAFE|SMOOTHIE_SHOP|FARMERS_MARKET
95803414,0,カワシギ,0,61696.0,75495.0,5,277,10,4,0,136,15,0,34,20,6,11,-1,220,117,0,1111,18,0,245,120,1575,37,7,13,19,1,19,13,25,0,14,FARMERS_MARKET|BAKERY|PIZZA_SHOP|YARN_STORE|ICE_CREAM_SHOP|BRUNCH_SPOT|BAKERY|YARN_STORE
95803414,1,tetsuya,1,75495.0,61696.0,6,313,6,8,1,144,0,0,36,12,7,10,-1,192,199,31,394,0,0,233,72,263,37,7,13,19,1,19,13,25,0,14,FARMERS_MARKET|BAKERY|PIZZA_SHOP|YARN_STORE|ICE_CREAM_SHOP|BRUNCH_SPOT|BAKERY|YARN_STORE
95810193,0,Rayk Kretzschmar,0,61325.0,64903.0,5,277,8,6,0,125,5,0,42,12,6,11,-1,279,164,0,856,11,0,274,72,2932,31,1,1,19,1,25,13,25,0,14,BAKERY|BAKERY|BRUNCH_SPOT|YARN_STORE|ICE_CREAM_SHOP|BAKERY|SMOOTHIE_SHOP|YARN_STORE
95810193,1,Ryo Hasegawa,1,64903.0,61325.0,5,289,6,6,0,160,0,0,36,11,6,10,-1,168,150,0,368,0,0,250,66,198,31,1,1,19,1,25,13,25,0,14,BAKERY|BAKERY|BRUNCH_SPOT|YARN_STORE|ICE_CREAM_SHOP|BAKERY|SMOOTHIE_SHOP|YARN_STORE
95812470,0,James Holland,1,121841.0,121483.0,5,277,6,12,0,141,7,0,34,12,6,11,12,257,339,0,1469,4,0,285,180,1735,25,13,7,25,1,1,31,25,0,2,YARN_STORE|ICE_CREAM_SHOP|PET_CAFE|ICE_CREAM_SHOP|YARN_STORE|SMOOTHIE_SHOP|PIZZA_SHOP|ICE_CREAM_SHOP
95812470,1,Ryo Hasegawa,0,121483.0,121841.0,5,290,6,7,0,157,0,0,47,11,6,9,-1,171,191,0,285,0,0,259,66,230,25,13,7,25,1,1,31,25,0,2,YARN_STORE|ICE_CREAM_SHOP|PET_CAFE|ICE_CREAM_SHOP|YARN_STORE|SMOOTHIE_SHOP|PIZZA_SHOP|ICE_CREAM_SHOP
95819345,0,Kostiantyn Isaienkov,0,86355.0,91581.0,5,277,6,8,0,131,12,0,42,12,6,11,-1,279,202,0,786,9,0,281,72,2380,25,25,19,25,1,1,19,25,0,13,YARN_STORE|PIZZA_SHOP|PET_CAFE|FARMERS_MARKET|ICE_CREAM_SHOP|FARMERS_MARKET|YARN_STORE|SMOOTHIE_SHOP
95819345,1,shyjin,1,91581.0,86355.0,5,277,6,12,0,128,1,0,42,12,6,11,12,255,266,0,1194,2,0,291,72,2703,25,25,19,25,1,1,19,25,0,13,YARN_STORE|PIZZA_SHOP|PET_CAFE|FARMERS_MARKET|ICE_CREAM_SHOP|FARMERS_MARKET|YARN_STORE|SMOOTHIE_SHOP
95819352,0,James Holland,0,103349.0,104143.0,5,277,10,4,0,127,6,0,34,20,6,11,-1,411,222,0,971,15,0,314,184,1962,43,13,13,43,1,19,13,13,0,9,BRUNCH_SPOT|FARMERS_MARKET|ICE_CREAM_SHOP|BRUNCH_SPOT|ICE_CREAM_SHOP|FARMERS_MARKET|YARN_STORE|BRUNCH_SPOT
95819352,1,ReCurSiON,1,104143.0,103349.0,4,262,9,4,0,143,0,0,37,15,6,10,-1,296,172,0,457,0,0,290,114,265,43,13,13,43,1,19,13,13,0,9,BRUNCH_SPOT|FARMERS_MARKET|ICE_CREAM_SHOP|BRUNCH_SPOT|ICE_CREAM_SHOP|FARMERS_MARKET|YARN_STORE|BRUNCH_SPOT
95821619,0,Rayk Kretzschmar,1,115207.0,106166.0,5,277,6,12,0,145,3,0,34,17,6,11,12,228,270,0,1648,2,0,226,120,2026,25,25,13,31,1,13,7,25,0,13,BRUNCH_SPOT|YARN_STORE|FARMERS_MARKET|YARN_STORE|PET_CAFE|SMOOTHIE_SHOP|BRUNCH_SPOT|FARMERS_MARKET
95821619,1,James Holland,0,106166.0,115207.0,5,277,6,12,0,141,7,0,34,12,6,11,12,277,355,0,1470,4,0,344,208,1735,25,25,13,31,1,13,7,25,0,13,BRUNCH_SPOT|YARN_STORE|FARMERS_MARKET|YARN_STORE|PET_CAFE|SMOOTHIE_SHOP|BRUNCH_SPOT|FARMERS_MARKET
95833020,0,Laplacenvmv,0,130339.0,130832.0,5,277,10,4,0,125,5,0,42,12,6,11,-1,280,150,0,856,11,0,277,72,2932,37,13,13,25,1,13,31,1,0,6,SMOOTHIE_SHOP|BRUNCH_SPOT|ICE_CREAM_SHOP|PIZZA_SHOP|ICE_CREAM_SHOP|PET_CAFE|PIZZA_SHOP|BAKERY
95833020,1,Alexander Shahramanyan,1,130832.0,130339.0,5,277,10,4,0,125,5,0,42,12,6,11,-1,280,150,0,856,11,0,274,72,2932,37,13,13,25,1,13,31,1,0,6,SMOOTHIE_SHOP|BRUNCH_SPOT|ICE_CREAM_SHOP|PIZZA_SHOP|ICE_CREAM_SHOP|PET_CAFE|PIZZA_SHOP|BAKERY
95835313,0,SaiKushal185,1,82587.0,77439.0,5,277,6,12,0,130,1,0,42,12,6,11,12,189,266,0,795,2,0,271,72,275,25,31,19,7,1,7,13,25,0,13,YARN_STORE|YARN_STORE|BAKERY|FARMERS_MARKET|PET_CAFE|PIZZA_SHOP|PET_CAFE|PIZZA_SHOP
95835313,1,ReCurSiON,0,77439.0,82587.0,4,262,6,7,0,143,0,0,37,20,6,10,-1,279,263,0,457,0,0,290,114,265,25,31,19,7,1,7,13,25,0,13,YARN_STORE|YARN_STORE|BAKERY|FARMERS_MARKET|PET_CAFE|PIZZA_SHOP|PET_CAFE|PIZZA_SHOP
95837598,0,lucaskna,1,64403.0,62099.0,5,278,10,4,0,125,5,0,42,12,6,11,-1,227,120,0,620,11,0,276,72,234,37,7,13,25,1,25,7,25,0,14,BAKERY|BRUNCH_SPOT|PIZZA_SHOP|FARMERS_MARKET|BRUNCH_SPOT|BRUNCH_SPOT|YARN_STORE|YARN_STORE
95837598,1,Xiaowenhao404,0,62099.0,64403.0,5,277,10,4,0,128,15,0,42,12,6,11,-1,266,119,0,1242,18,0,1272,72,1616,37,7,13,25,1,25,7,25,0,14,BAKERY|BRUNCH_SPOT|PIZZA_SHOP|FARMERS_MARKET|BRUNCH_SPOT|BRUNCH_SPOT|YARN_STORE|YARN_STORE
95837602,0,Izzoudine Mohamed KANTA,0,59048.0,74398.0,5,277,6,6,2,132,6,0,38,12,6,11,-1,279,139,56,884,11,0,274,72,2933,49,13,25,25,1,19,19,1,0,7,BAKERY|BAKERY|PIZZA_SHOP|FARMERS_MARKET|BRUNCH_SPOT|ICE_CREAM_SHOP|FARMERS_MARKET|PIZZA_SHOP
95837602,1,Crop Dusta,1,74398.0,59048.0,4,295,5,3,4,200,0,15,13,16,5,8,-1,134,64,151,732,0,117,100,84,103,49,13,25,25,1,19,19,1,0,7,BAKERY|BAKERY|PIZZA_SHOP|FARMERS_MARKET|BRUNCH_SPOT|ICE_CREAM_SHOP|FARMERS_MARKET|PIZZA_SHOP
95837604,0,Kenjo1209,0,44534.0,109546.0,5,277,6,12,0,124,3,0,34,20,6,11,12,214,270,0,1648,4,0,232,126,2026,37,1,7,37,1,25,19,13,0,9,YARN_STORE|BRUNCH_SPOT|BRUNCH_SPOT|ICE_CREAM_SHOP|BRUNCH_SPOT|SMOOTHIE_SHOP|BRUNCH_SPOT|PIZZA_SHOP
95837604,1,Seb (allegedly),1,109546.0,44534.0,7,317,6,15,0,120,0,0,30,19,4,8,10,158,305,0,280,0,0,212,96,324,37,1,7,37,1,25,19,13,0,9,YARN_STORE|BRUNCH_SPOT|BRUNCH_SPOT|ICE_CREAM_SHOP|BRUNCH_SPOT|SMOOTHIE_SHOP|BRUNCH_SPOT|PIZZA_SHOP
95837607,0,webmaking,0,76680.0,76804.0,5,277,10,4,0,125,5,0,42,12,6,11,-1,279,120,0,539,11,0,274,72,236,25,13,7,19,1,19,7,37,0,11,BRUNCH_SPOT|PIZZA_SHOP|BRUNCH_SPOT|YARN_STORE|YARN_STORE|BRUNCH_SPOT|PET_CAFE|YARN_STORE
95837607,1,SaiKushal185,1,76804.0,76680.0,5,277,10,4,0,129,5,0,42,12,6,11,-1,279,120,0,542,11,0,274,72,234,25,13,7,19,1,19,7,37,0,11,BRUNCH_SPOT|PIZZA_SHOP|BRUNCH_SPOT|YARN_STORE|YARN_STORE|BRUNCH_SPOT|PET_CAFE|YARN_STORE
95837608,0,Kobe BRYANT,1,79564.0,79448.0,5,277,8,6,0,132,6,0,38,12,6,11,-1,279,153,0,866,11,0,294,72,2933,37,25,19,31,1,13,19,1,0,4,FARMERS_MARKET|PET_CAFE|ICE_CREAM_SHOP|FARMERS_MARKET|SMOOTHIE_SHOP|PIZZA_SHOP|BAKERY|BRUNCH_SPOT
95837608,1,Kostiantyn Isaienkov,0,79448.0,79564.0,5,277,8,4,2,131,12,0,42,12,6,11,-1,279,120,58,786,9,0,281,72,2380,37,25,19,31,1,13,19,1,0,4,FARMERS_MARKET|PET_CAFE|ICE_CREAM_SHOP|FARMERS_MARKET|SMOOTHIE_SHOP|PIZZA_SHOP|BAKERY|BRUNCH_SPOT
95837609,0,Michael Timbs,0,96214.0,96865.0,5,277,10,4,0,125,15,0,42,12,6,11,-1,279,120,0,730,15,0,291,72,288,37,25,13,37,1,13,13,13,0,4,BRUNCH_SPOT|ICE_CREAM_SHOP|PET_CAFE|ICE_CREAM_SHOP|FARMERS_MARKET|YARN_STORE|FARMERS_MARKET|BRUNCH_SPOT
95837609,1,Xiaowenhao404,1,96865.0,96214.0,5,277,10,4,0,127,15,0,42,12,6,11,-1,267,119,0,1228,18,0,1281,72,1642,37,25,13,37,1,13,13,13,0,4,BRUNCH_SPOT|ICE_CREAM_SHOP|PET_CAFE|ICE_CREAM_SHOP|FARMERS_MARKET|YARN_STORE|FARMERS_MARKET|BRUNCH_SPOT
95839866,0,Victor @ Tufa Labs,1,111449.0,111121.0,5,277,10,4,0,125,5,0,42,12,6,11,-1,280,194,0,13471,11,0,311,72,2966,37,13,13,43,1,13,25,1,0,9,ICE_CREAM_SHOP|BAKERY|SMOOTHIE_SHOP|FARMERS_MARKET|SMOOTHIE_SHOP|BRUNCH_SPOT|ICE_CREAM_SHOP|FARMERS_MARKET
95839866,1,Xiaowenhao404,0,111121.0,111449.0,5,277,10,4,0,127,15,0,42,12,6,11,-1,278,119,0,1232,18,0,1283,72,1598,37,13,13,43,1,13,25,1,0,9,ICE_CREAM_SHOP|BAKERY|SMOOTHIE_SHOP|FARMERS_MARKET|SMOOTHIE_SHOP|BRUNCH_SPOT|ICE_CREAM_SHOP|FARMERS_MARKET
95839887,0,lucaskna,1,83252.0,81682.0,5,277,8,6,0,125,5,0,42,12,6,11,-1,167,164,0,617,11,0,276,72,236,31,25,13,31,1,19,13,1,0,3,FARMERS_MARKET|FARMERS_MARKET|BAKERY|SMOOTHIE_SHOP|SMOOTHIE_SHOP|BRUNCH_SPOT|PET_CAFE|BAKERY
95839887,1,SaiKushal185,0,81682.0,83252.0,5,277,8,6,0,129,5,0,42,12,6,11,-1,237,164,0,542,11,0,274,72,234,31,25,13,31,1,19,13,1,0,3,FARMERS_MARKET|FARMERS_MARKET|BAKERY|SMOOTHIE_SHOP|SMOOTHIE_SHOP|BRUNCH_SPOT|PET_CAFE|BAKERY
95839888,0,peikopon,0,67349.0,87925.0,5,278,10,4,0,125,5,2,36,12,6,11,-1,279,184,0,681,10,11,275,72,2752,37,25,25,25,1,13,1,25,0,13,BAKERY|YARN_STORE|FARMERS_MARKET|BAKERY|FARMERS_MARKET|YARN_STORE|FARMERS_MARKET|FARMERS_MARKET
95839888,1,shyjin,1,87925.0,67349.0,5,277,6,12,0,145,3,0,34,17,6,11,12,228,270,0,1647,2,0,226,120,2028,37,25,25,25,1,13,1,25,0,13,BAKERY|YARN_STORE|FARMERS_MARKET|BAKERY|FARMERS_MARKET|YARN_STORE|FARMERS_MARKET|FARMERS_MARKET
95839889,0,カワシギ,0,110641.0,115318.0,5,277,10,4,0,122,13,0,42,12,6,11,-1,279,103,0,1183,11,0,297,72,1591,37,13,13,25,1,13,31,1,0,6,ICE_CREAM_SHOP|PIZZA_SHOP|PIZZA_SHOP|ICE_CREAM_SHOP|BAKERY|SMOOTHIE_SHOP|PET_CAFE|BRUNCH_SPOT
95839889,1,Izzoudine Mohamed KANTA,1,115318.0,110641.0,5,277,10,4,0,132,6,0,38,12,6,11,-1,280,143,0,882,11,0,294,72,2933,37,13,13,25,1,13,31,1,0,6,ICE_CREAM_SHOP|PIZZA_SHOP|PIZZA_SHOP|ICE_CREAM_SHOP|BAKERY|SMOOTHIE_SHOP|PET_CAFE|BRUNCH_SPOT
95839891,0,shyjin,1,83410.0,81738.0,5,277,10,4,0,125,5,0,42,12,6,11,-1,280,154,0,856,11,0,279,72,2935,43,19,19,25,1,7,31,1,0,6,ICE_CREAM_SHOP|PET_CAFE|BAKERY|ICE_CREAM_SHOP|ICE_CREAM_SHOP|PIZZA_SHOP|FARMERS_MARKET|PIZZA_SHOP
95839891,1,feel the borov,0,81738.0,83410.0,5,277,10,4,0,125,5,0,42,12,6,11,-1,280,158,0,856,11,0,288,72,2932,43,19,19,25,1,7,31,1,0,6,ICE_CREAM_SHOP|PET_CAFE|BAKERY|ICE_CREAM_SHOP|ICE_CREAM_SHOP|PIZZA_SHOP|FARMERS_MARKET|PIZZA_SHOP
95839892,0,ReCurSiON,1,49801.0,46024.0,4,262,9,4,0,143,0,0,37,20,6,10,-1,296,200,0,457,0,0,290,114,265,37,13,1,13,1,37,1,13,0,14,BRUNCH_SPOT|PET_CAFE|BAKERY|BAKERY|BAKERY|YARN_STORE|BRUNCH_SPOT|BAKERY
95839892,1,Efe Can Celiksoy,0,46024.0,49801.0,5,277,10,4,0,138,16,0,34,20,6,11,-1,278,120,0,1010,17,0,251,120,2245,37,13,1,13,1,37,1,13,0,14,BRUNCH_SPOT|PET_CAFE|BAKERY|BAKERY|BAKERY|YARN_STORE|BRUNCH_SPOT|BAKERY
95839893,0,Izzoudine Mohamed KANTA,0,66166.0,83891.0,5,277,8,6,0,132,6,0,38,12,6,11,-1,279,169,0,872,11,0,282,72,2933,31,37,25,19,1,7,13,13,0,10,FARMERS_MARKET|PET_CAFE|PIZZA_SHOP|YARN_STORE|BRUNCH_SPOT|FARMERS_MARKET|PIZZA_SHOP|PET_CAFE
95839893,1,Subramanya N,1,83891.0,66166.0,6,305,3,8,0,126,42,8,33,15,6,9,-1,99,164,0,355,88,50,199,70,146,31,37,25,19,1,7,13,13,0,10,FARMERS_MARKET|PET_CAFE|PIZZA_SHOP|YARN_STORE|BRUNCH_SPOT|FARMERS_MARKET|PIZZA_SHOP|PET_CAFE
95839894,0,peikopon,0,123369.0,128338.0,5,277,10,4,0,126,6,2,32,20,6,11,-1,327,139,0,1149,15,10,260,120,1874,25,25,19,13,1,1,31,13,0,5,SMOOTHIE_SHOP|PIZZA_SHOP|ICE_CREAM_SHOP|PIZZA_SHOP|YARN_STORE|PIZZA_SHOP|PET_CAFE|PET_CAFE
95839894,1,Subramanya N,1,128338.0,123369.0,6,305,15,4,0,114,11,0,40,8,6,10,-1,358,78,0,271,21,0,237,48,250,25,25,19,13,1,1,31,13,0,5,SMOOTHIE_SHOP|PIZZA_SHOP|ICE_CREAM_SHOP|PIZZA_SHOP|YARN_STORE|PIZZA_SHOP|PET_CAFE|PET_CAFE
95839895,0,tetsuya,1,128532.0,126719.0,6,312,12,3,0,118,0,0,40,14,7,10,-1,307,98,0,245,0,0,288,84,262,25,7,7,43,1,13,25,13,0,8,SMOOTHIE_SHOP|ICE_CREAM_SHOP|BRUNCH_SPOT|SMOOTHIE_SHOP|FARMERS_MARKET|SMOOTHIE_SHOP|YARN_STORE|BRUNCH_SPOT
95839895,1,Crop Dusta,0,126719.0,128532.0,4,295,11,3,0,93,0,0,45,16,5,8,-1,282,73,0,252,0,0,326,96,131,25,7,7,43,1,13,25,13,0,8,SMOOTHIE_SHOP|ICE_CREAM_SHOP|BRUNCH_SPOT|SMOOTHIE_SHOP|FARMERS_MARKET|SMOOTHIE_SHOP|YARN_STORE|BRUNCH_SPOT
95839896,0,Crop Dusta,0,55070.0,55359.0,4,296,5,5,7,168,0,0,13,20,5,8,-1,159,106,188,586,0,0,64,113,199,49,1,19,7,1,25,25,1,0,7,BAKERY|BAKERY|PIZZA_SHOP|BAKERY|PIZZA_SHOP|BAKERY|ICE_CREAM_SHOP|PIZZA_SHOP
95839896,1,Ryo Hasegawa,1,55359.0,55070.0,5,290,10,2,0,249,0,0,16,11,5,10,-1,240,65,0,695,0,0,108,66,225,49,1,19,7,1,25,25,1,0,7,BAKERY|BAKERY|PIZZA_SHOP|BAKERY|PIZZA_SHOP|BAKERY|ICE_CREAM_SHOP|PIZZA_SHOP
95839897,0,Arman Tuganbaev,1,110908.0,93338.0,2,295,8,4,0,135,12,12,39,11,6,11,-1,208,131,0,245,36,75,311,66,188,43,19,25,25,1,7,31,1,0,6,FARMERS_MARKET|PIZZA_SHOP|BRUNCH_SPOT|ICE_CREAM_SHOP|PIZZA_SHOP|PET_CAFE|ICE_CREAM_SHOP|PIZZA_SHOP
95839897,1,カワシギ,0,93338.0,110908.0,5,277,10,4,0,143,14,0,34,20,6,11,-1,278,100,0,1129,15,0,238,120,1666,43,19,25,25,1,7,31,1,0,6,FARMERS_MARKET|PIZZA_SHOP|BRUNCH_SPOT|ICE_CREAM_SHOP|PIZZA_SHOP|PET_CAFE|ICE_CREAM_SHOP|PIZZA_SHOP
95839898,0,カワシギ,1,98629.0,96613.0,5,276,10,4,0,137,15,0,34,20,6,11,-1,229,120,0,863,18,0,251,120,1570,25,25,13,25,1,13,7,25,0,13,SMOOTHIE_SHOP|BRUNCH_SPOT|FARMERS_MARKET|YARN_STORE|PET_CAFE|BAKERY|FARMERS_MARKET|YARN_STORE
95839898,1,ReCurSiON,0,96613.0,98629.0,4,262,9,4,0,143,0,0,37,15,6,10,-1,296,164,0,457,0,0,290,114,265,25,25,13,25,1,13,7,25,0,13,SMOOTHIE_SHOP|BRUNCH_SPOT|FARMERS_MARKET|YARN_STORE|PET_CAFE|BAKERY|FARMERS_MARKET|YARN_STORE
95839901,0,Crop Dusta,0,114136.0,114239.0,4,295,13,3,0,125,65,0,22,20,5,8,-1,285,62,0,443,172,0,162,113,113,37,31,19,25,1,1,31,1,0,6,PIZZA_SHOP|ICE_CREAM_SHOP|PET_CAFE|ICE_CREAM_SHOP|ICE_CREAM_SHOP|FARMERS_MARKET|PET_CAFE|PIZZA_SHOP
95839901,1,tetsuya,1,114239.0,114136.0,6,311,11,4,0,145,0,8,31,10,7,10,-1,279,114,0,277,0,56,229,60,273,37,31,19,25,1,1,31,1,0,6,PIZZA_SHOP|ICE_CREAM_SHOP|PET_CAFE|ICE_CREAM_SHOP|ICE_CREAM_SHOP|FARMERS_MARKET|PET_CAFE|PIZZA_SHOP
95849044,0,Alexander Shahramanyan,0,41719.0,51918.0,5,277,10,4,0,125,5,0,42,12,6,11,-1,279,120,0,856,11,0,274,72,2932,25,43,7,13,1,19,7,1,0,0,BAKERY|PET_CAFE|SMOOTHIE_SHOP|FARMERS_MARKET|PET_CAFE|BAKERY|PET_CAFE|BAKERY
95849044,1,Ryo Hasegawa,1,51918.0,41719.0,5,289,8,3,0,134,37,0,36,11,6,10,-1,214,99,0,309,105,0,284,66,187,25,43,7,13,1,19,7,1,0,0,BAKERY|PET_CAFE|SMOOTHIE_SHOP|FARMERS_MARKET|PET_CAFE|BAKERY|PET_CAFE|BAKERY
95858156,0,Cengizhan Tümer,1,99561.0,97048.0,5,277,6,8,0,133,13,0,42,12,6,11,-1,279,242,0,856,11,0,288,72,2933,25,19,7,19,1,13,7,37,0,11,ICE_CREAM_SHOP|FARMERS_MARKET|YARN_STORE|PET_CAFE|BAKERY|YARN_STORE|YARN_STORE|BRUNCH_SPOT
95858156,1,Kostiantyn Isaienkov,0,97048.0,99561.0,5,277,6,8,0,131,12,0,42,12,6,11,-1,279,202,0,786,9,0,281,72,2380,25,19,7,19,1,13,7,37,0,11,ICE_CREAM_SHOP|FARMERS_MARKET|YARN_STORE|PET_CAFE|BAKERY|YARN_STORE|YARN_STORE|BRUNCH_SPOT
95858164,0,Crop Dusta,1,110217.0,106398.0,4,296,9,10,0,78,0,0,48,14,5,8,-1,225,187,0,230,0,0,275,84,196,25,13,7,25,1,19,19,13,0,1,SMOOTHIE_SHOP|SMOOTHIE_SHOP|YARN_STORE|BRUNCH_SPOT|BAKERY|PET_CAFE|BRUNCH_SPOT|PIZZA_SHOP
95858164,1,James Holland,0,106398.0,110217.0,5,277,10,4,0,127,8,0,34,20,6,11,-1,352,194,0,602,15,0,324,184,242,25,13,7,25,1,19,19,13,0,1,SMOOTHIE_SHOP|SMOOTHIE_SHOP|YARN_STORE|BRUNCH_SPOT|BAKERY|PET_CAFE|BRUNCH_SPOT|PIZZA_SHOP
95860444,0,James Holland,1,80735.0,80515.0,5,278,10,4,0,123,5,0,42,12,6,11,-1,367,268,0,678,10,0,363,160,2750,31,31,19,37,1,13,7,13,0,4,FARMERS_MARKET|PET_CAFE|FARMERS_MARKET|BRUNCH_SPOT|FARMERS_MARKET|BRUNCH_SPOT|YARN_STORE|SMOOTHIE_SHOP
95860444,1,Pardheev Krishna,0,80515.0,80735.0,5,277,8,6,0,125,5,0,42,12,6,11,-1,279,201,0,856,11,0,279,72,2932,31,31,19,37,1,13,7,13,0,4,FARMERS_MARKET|PET_CAFE|FARMERS_MARKET|BRUNCH_SPOT|FARMERS_MARKET|BRUNCH_SPOT|YARN_STORE|SMOOTHIE_SHOP
95865044,0,Kobe BRYANT,1,59188.0,55732.0,5,277,8,6,0,132,6,0,38,12,6,11,-1,279,212,0,863,11,0,294,72,2933,31,25,7,19,1,25,7,13,0,0,BRUNCH_SPOT|PET_CAFE|BRUNCH_SPOT|BAKERY|YARN_STORE|BRUNCH_SPOT|PIZZA_SHOP|PET_CAFE
95865044,1,Luan Kunyu,0,55732.0,59188.0,5,277,8,6,0,122,5,0,42,12,6,11,-1,282,191,0,861,11,0,293,72,2932,31,25,7,19,1,25,7,13,0,0,BRUNCH_SPOT|PET_CAFE|BRUNCH_SPOT|BAKERY|YARN_STORE|BRUNCH_SPOT|PIZZA_SHOP|PET_CAFE
95881002,0,peikopon,1,102182.0,89995.0,5,278,10,4,0,96,35,4,34,12,6,11,-1,279,178,0,675,67,21,275,72,2754,31,19,25,19,1,1,31,13,0,5,PIZZA_SHOP|PIZZA_SHOP|FARMERS_MARKET|PET_CAFE|SMOOTHIE_SHOP|PIZZA_SHOP|ICE_CREAM_SHOP|YARN_STORE
95881002,1,Xiaowenhao404,0,89995.0,102182.0,5,277,10,4,0,127,15,0,42,12,6,11,-1,289,119,0,1229,18,0,1276,72,1622,31,19,25,19,1,1,31,13,0,5,PIZZA_SHOP|PIZZA_SHOP|FARMERS_MARKET|PET_CAFE|SMOOTHIE_SHOP|PIZZA_SHOP|ICE_CREAM_SHOP|YARN_STORE
95881005,0,lucaskna,0,80729.0,81362.0,5,277,6,12,0,145,3,0,34,20,6,11,12,145,270,0,1046,2,0,217,120,295,43,7,7,25,1,25,13,13,0,14,FARMERS_MARKET|YARN_STORE|ICE_CREAM_SHOP|BAKERY|BAKERY|ICE_CREAM_SHOP|BAKERY|BRUNCH_SPOT
95881005,1,ReCurSiON,1,81362.0,80729.0,4,262,7,6,0,143,0,0,37,15,6,10,-1,296,202,0,457,0,0,290,114,265,43,7,7,25,1,25,13,13,0,14,FARMERS_MARKET|YARN_STORE|ICE_CREAM_SHOP|BAKERY|BAKERY|ICE_CREAM_SHOP|BAKERY|BRUNCH_SPOT
95881008,0,Izzoudine Mohamed KANTA,1,46397.0,42240.0,5,277,6,6,2,132,6,0,38,12,6,11,-1,279,220,56,879,11,0,294,72,2933,25,19,7,25,1,19,13,13,0,1,BAKERY|PET_CAFE|BAKERY|BRUNCH_SPOT|YARN_STORE|SMOOTHIE_SHOP|FARMERS_MARKET|SMOOTHIE_SHOP
95881008,1,peikopon,0,42240.0,46397.0,5,278,10,4,0,93,35,0,38,12,6,11,-1,279,180,0,675,67,0,275,72,2750,25,19,7,25,1,19,13,13,0,1,BAKERY|PET_CAFE|BAKERY|BRUNCH_SPOT|YARN_STORE|SMOOTHIE_SHOP|FARMERS_MARKET|SMOOTHIE_SHOP
95881009,0,peikopon,1,97515.0,93938.0,5,278,10,4,0,96,35,4,34,12,6,11,-1,279,187,0,676,64,21,275,72,2754,31,43,25,25,1,7,7,13,0,10,FARMERS_MARKET|FARMERS_MARKET|FARMERS_MARKET|BRUNCH_SPOT|PIZZA_SHOP|YARN_STORE|PET_CAFE|PET_CAFE
95881009,1,Kostiantyn Isaienkov,0,93938.0,97515.0,5,277,6,4,4,131,12,0,42,12,6,11,-1,279,120,98,786,9,0,281,72,2380,31,43,25,25,1,7,7,13,0,10,FARMERS_MARKET|FARMERS_MARKET|FARMERS_MARKET|BRUNCH_SPOT|PIZZA_SHOP|YARN_STORE|PET_CAFE|PET_CAFE
95881010,0,Michael Timbs,0,55458.0,74038.0,5,264,8,4,0,146,0,0,37,20,6,10,-1,215,132,0,433,0,0,278,102,216,37,1,7,25,1,31,13,13,0,14,BRUNCH_SPOT|YARN_STORE|BAKERY|PIZZA_SHOP|BAKERY|BRUNCH_SPOT|BRUNCH_SPOT|SMOOTHIE_SHOP
95881010,1,Seb (allegedly),1,74038.0,55458.0,7,303,5,14,0,90,0,0,24,20,4,8,-1,113,292,0,229,0,0,182,120,332,37,1,7,25,1,31,13,13,0,14,BRUNCH_SPOT|YARN_STORE|BAKERY|PIZZA_SHOP|BAKERY|BRUNCH_SPOT|BRUNCH_SPOT|SMOOTHIE_SHOP
95883076,0,James Holland,0,88322.0,103407.0,5,277,10,4,0,127,8,0,34,20,6,11,-1,346,188,0,602,15,0,314,184,242,25,37,13,31,1,7,13,13,0,10,FARMERS_MARKET|FARMERS_MARKET|YARN_STORE|BRUNCH_SPOT|PET_CAFE|ICE_CREAM_SHOP|SMOOTHIE_SHOP|PET_CAFE
95883076,1,Excluding,1,103407.0,88322.0,5,297,6,10,0,116,0,11,36,13,6,10,-1,234,294,0,489,0,74,251,78,221,25,37,13,31,1,7,13,13,0,10,FARMERS_MARKET|FARMERS_MARKET|YARN_STORE|BRUNCH_SPOT|PET_CAFE|ICE_CREAM_SHOP|SMOOTHIE_SHOP|PET_CAFE
95885516,0,Ryo Hasegawa,1,116647.0,111277.0,5,289,9,3,0,153,0,0,36,11,6,10,-1,234,99,0,350,0,0,278,66,205,31,13,19,25,1,7,37,1,0,6,PIZZA_SHOP|ICE_CREAM_SHOP|PIZZA_SHOP|SMOOTHIE_SHOP|SMOOTHIE_SHOP|BRUNCH_SPOT|PET_CAFE|PIZZA_SHOP
95885516,1,Xiaowenhao404,0,111277.0,116647.0,5,277,10,4,0,127,14,0,42,12,6,11,-1,287,119,0,1222,18,0,1279,77,1838,31,13,19,25,1,7,37,1,0,6,PIZZA_SHOP|ICE_CREAM_SHOP|PIZZA_SHOP|SMOOTHIE_SHOP|SMOOTHIE_SHOP|BRUNCH_SPOT|PET_CAFE|PIZZA_SHOP
95885529,0,SaiKushal185,1,70105.0,67344.0,5,277,10,4,0,129,5,0,42,12,6,11,-1,279,120,0,542,11,0,274,72,234,25,25,7,19,1,19,13,13,0,0,SMOOTHIE_SHOP|BAKERY|PET_CAFE|YARN_STORE|BRUNCH_SPOT|PET_CAFE|BRUNCH_SPOT|PIZZA_SHOP
95885529,1,lucaskna,0,67344.0,70105.0,5,277,10,4,0,118,15,0,42,12,6,11,-1,173,109,0,637,13,0,308,72,230,25,25,7,19,1,19,13,13,0,0,SMOOTHIE_SHOP|BAKERY|PET_CAFE|YARN_STORE|BRUNCH_SPOT|PET_CAFE|BRUNCH_SPOT|PIZZA_SHOP
95885531,0,Kenjo1209,1,116988.0,111425.0,5,277,10,4,0,128,5,0,42,12,6,11,-1,280,167,0,856,11,0,288,72,2932,37,13,13,19,1,13,25,13,0,7,ICE_CREAM_SHOP|YARN_STORE|PIZZA_SHOP|BRUNCH_SPOT|PIZZA_SHOP|BAKERY|ICE_CREAM_SHOP|PET_CAFE
95885531,1,lucaskna,0,111425.0,116988.0,5,277,6,12,0,145,3,0,34,17,6,11,12,189,270,0,1027,2,0,217,102,295,37,13,13,19,1,13,25,13,0,7,ICE_CREAM_SHOP|YARN_STORE|PIZZA_SHOP|BRUNCH_SPOT|PIZZA_SHOP|BAKERY|ICE_CREAM_SHOP|PET_CAFE
95885533,0,shyjin,0,80140.0,86196.0,5,277,6,12,0,145,3,0,34,17,6,11,12,189,270,0,1647,2,0,216,120,2028,25,25,19,13,1,7,25,13,0,5,PIZZA_SHOP|YARN_STORE|PET_CAFE|PIZZA_SHOP|BRUNCH_SPOT|PET_CAFE|SMOOTHIE_SHOP|PIZZA_SHOP
95885533,1,Ryo Hasegawa,1,86196.0,80140.0,5,290,7,7,0,160,19,0,35,11,6,9,-1,182,183,0,316,51,0,220,66,248,25,25,19,13,1,7,25,13,0,5,PIZZA_SHOP|YARN_STORE|PET_CAFE|PIZZA_SHOP|BRUNCH_SPOT|PET_CAFE|SMOOTHIE_SHOP|PIZZA_SHOP
95885535,0,ReCurSiON,0,93025.0,93649.0,4,262,9,4,0,143,0,0,37,20,6,10,-1,296,200,0,457,0,0,290,114,265,31,25,7,25,1,13,19,13,0,1,ICE_CREAM_SHOP|BRUNCH_SPOT|PET_CAFE|BRUNCH_SPOT|YARN_STORE|ICE_CREAM_SHOP|PET_CAFE|PIZZA_SHOP
95885535,1,peikopon,1,93649.0,93025.0,5,277,10,4,0,100,32,0,34,20,6,11,-1,324,123,0,1143,93,0,261,120,1872,31,25,7,25,1,13,19,13,0,1,ICE_CREAM_SHOP|BRUNCH_SPOT|PET_CAFE|BRUNCH_SPOT|YARN_STORE|ICE_CREAM_SHOP|PET_CAFE|PIZZA_SHOP
95885536,0,lucaskna,0,87109.0,88619.0,5,277,8,6,0,125,5,0,42,12,6,11,-1,198,164,0,591,11,0,276,72,236,43,13,19,31,1,7,25,13,0,6,FARMERS_MARKET|FARMERS_MARKET|BAKERY|ICE_CREAM_SHOP|ICE_CREAM_SHOP|PIZZA_SHOP|ICE_CREAM_SHOP|YARN_STORE
95885536,1,Efe Can Celiksoy,1,88619.0,87109.0,5,277,10,4,0,126,16,0,42,12,6,11,-1,279,119,0,1020,17,0,286,72,2013,43,13,19,31,1,7,25,13,0,6,FARMERS_MARKET|FARMERS_MARKET|BAKERY|ICE_CREAM_SHOP|ICE_CREAM_SHOP|PIZZA_SHOP|ICE_CREAM_SHOP|YARN_STORE
95885537,0,Subramanya N,1,82354.0,78028.0,6,301,2,16,8,137,11,0,31,15,6,9,-1,72,206,263,271,21,0,135,84,272,37,7,7,19,1,31,1,25,0,14,FARMERS_MARKET|BAKERY|BAKERY|YARN_STORE|YARN_STORE|BAKERY|BRUNCH_SPOT|BRUNCH_SPOT
95885537,1,tetsuya,0,78028.0,82354.0,6,312,6,8,1,145,0,0,36,12,7,10,-1,192,196,30,393,0,0,203,72,275,37,7,7,19,1,31,1,25,0,14,FARMERS_MARKET|BAKERY|BAKERY|YARN_STORE|YARN_STORE|BAKERY|BRUNCH_SPOT|BRUNCH_SPOT
95885538,0,カワシギ,0,59132.0,64470.0,5,277,10,4,0,125,15,0,42,12,6,11,-1,232,103,0,1184,16,0,294,72,1544,37,19,7,31,1,19,19,1,0,9,BAKERY|ICE_CREAM_SHOP|BAKERY|SMOOTHIE_SHOP|PET_CAFE|ICE_CREAM_SHOP|BRUNCH_SPOT|FARMERS_MARKET
95885538,1,Izzoudine Mohamed KANTA,1,64470.0,59132.0,5,277,8,6,0,132,6,0,38,12,6,11,-1,279,158,0,886,11,0,294,72,2933,37,19,7,31,1,19,19,1,0,9,BAKERY|ICE_CREAM_SHOP|BAKERY|SMOOTHIE_SHOP|PET_CAFE|ICE_CREAM_SHOP|BRUNCH_SPOT|FARMERS_MARKET
95885539,0,Arman Tuganbaev,0,80270.0,90578.0,2,281,14,4,0,140,32,0,41,11,6,10,-1,234,132,0,218,66,0,314,66,234,19,49,1,25,1,1,25,1,0,12,PET_CAFE|ICE_CREAM_SHOP|ICE_CREAM_SHOP|PET_CAFE|ICE_CREAM_SHOP|PET_CAFE|SMOOTHIE_SHOP|PET_CAFE
95885539,1,Ryo Hasegawa,1,90578.0,80270.0,5,289,12,2,0,99,84,0,36,11,5,10,-1,280,65,0,273,238,0,284,66,218,19,49,1,25,1,1,25,1,0,12,PET_CAFE|ICE_CREAM_SHOP|ICE_CREAM_SHOP|PET_CAFE|ICE_CREAM_SHOP|PET_CAFE|SMOOTHIE_SHOP|PET_CAFE
95885540,0,tetsuya,0,116559.0,123073.0,6,308,4,10,1,107,0,0,43,15,7,10,-1,135,255,39,247,0,0,257,72,273,31,13,13,19,1,13,19,25,0,13,YARN_STORE|BRUNCH_SPOT|ICE_CREAM_SHOP|PIZZA_SHOP|YARN_STORE|PIZZA_SHOP|BRUNCH_SPOT|PET_CAFE
95885540,1,Crop Dusta,1,123073.0,116559.0,4,295,7,13,0,149,0,0,35,14,5,9,-1,162,263,0,555,0,0,176,78,163,31,13,13,19,1,13,19,25,0,13,YARN_STORE|BRUNCH_SPOT|ICE_CREAM_SHOP|PIZZA_SHOP|YARN_STORE|PIZZA_SHOP|BRUNCH_SPOT|PET_CAFE
95885542,0,カワシギ,0,54486.0,55259.0,5,277,10,4,0,124,16,0,42,12,6,11,-1,224,103,0,1158,19,0,308,72,1660,37,1,13,19,1,25,25,1,0,7,BAKERY|BRUNCH_SPOT|SMOOTHIE_SHOP|BAKERY|BAKERY|SMOOTHIE_SHOP|PIZZA_SHOP|PIZZA_SHOP
95885542,1,peikopon,1,55259.0,54486.0,5,278,10,4,0,123,5,0,36,12,6,11,-1,279,178,0,677,10,0,275,72,2752,37,1,13,19,1,25,25,1,0,7,BAKERY|BRUNCH_SPOT|SMOOTHIE_SHOP|BAKERY|BAKERY|SMOOTHIE_SHOP|PIZZA_SHOP|PIZZA_SHOP
95885543,0,Arman Tuganbaev,0,69484.0,73824.0,2,249,8,4,0,141,0,0,35,26,7,9,-1,188,136,0,284,0,0,264,120,199,31,31,19,37,1,13,13,1,0,4,PET_CAFE|BRUNCH_SPOT|FARMERS_MARKET|BAKERY|FARMERS_MARKET|SMOOTHIE_SHOP|FARMERS_MARKET|SMOOTHIE_SHOP
95885543,1,Subramanya N,1,73824.0,69484.0,6,304,4,2,7,111,47,0,36,13,6,10,-1,132,68,186,318,113,0,235,72,182,31,31,19,37,1,13,13,1,0,4,PET_CAFE|BRUNCH_SPOT|FARMERS_MARKET|BAKERY|FARMERS_MARKET|SMOOTHIE_SHOP|FARMERS_MARKET|SMOOTHIE_SHOP
95885546,0,tetsuya,0,66075.0,84223.0,6,312,8,6,1,159,13,0,36,8,7,9,-1,227,165,35,416,39,0,186,48,274,25,49,25,19,1,1,19,1,0,10,PET_CAFE|PIZZA_SHOP|PIZZA_SHOP|SMOOTHIE_SHOP|PET_CAFE|FARMERS_MARKET|FARMERS_MARKET|PET_CAFE
95885546,1,Ryo Hasegawa,1,84223.0,66075.0,5,289,10,2,0,104,68,25,24,11,5,10,-1,252,65,0,216,198,135,186,66,190,25,49,25,19,1,1,19,1,0,10,PET_CAFE|PIZZA_SHOP|PIZZA_SHOP|SMOOTHIE_SHOP|PET_CAFE|FARMERS_MARKET|FARMERS_MARKET|PET_CAFE
95887625,0,lucaskna,0,53803.0,64319.0,5,277,6,8,0,138,9,0,34,20,6,11,-1,133,207,0,592,19,0,225,120,247,43,7,13,19,1,25,13,13,0,7,FARMERS_MARKET|BAKERY|YARN_STORE|PIZZA_SHOP|BAKERY|BAKERY|ICE_CREAM_SHOP|BRUNCH_SPOT
95887625,1,Excluding,1,64319.0,53803.0,5,297,6,9,0,133,0,10,31,13,6,10,-1,221,292,0,497,0,66,208,78,206,43,7,13,19,1,25,13,13,0,7,FARMERS_MARKET|BAKERY|YARN_STORE|PIZZA_SHOP|BAKERY|BAKERY|ICE_CREAM_SHOP|BRUNCH_SPOT
95892212,0,Alexander Shahramanyan,0,65133.0,69125.0,5,277,10,4,0,125,5,0,42,12,6,11,-1,280,175,0,856,11,0,296,72,2932,25,25,7,25,1,13,19,13,0,1,PIZZA_SHOP|BRUNCH_SPOT|PET_CAFE|BRUNCH_SPOT|YARN_STORE|PET_CAFE|ICE_CREAM_SHOP|SMOOTHIE_SHOP
95892212,1,Excluding,1,69125.0,65133.0,5,300,9,3,0,160,0,7,31,13,6,10,-1,300,94,0,733,0,42,200,78,227,25,25,7,25,1,13,19,13,0,1,PIZZA_SHOP|BRUNCH_SPOT|PET_CAFE|BRUNCH_SPOT|YARN_STORE|PET_CAFE|ICE_CREAM_SHOP|SMOOTHIE_SHOP
95896790,0,Victor @ Tufa Labs,0,76646.0,84274.0,5,277,10,4,0,128,7,0,34,20,6,11,-1,335,151,0,11455,15,0,322,130,1845,49,7,13,31,1,25,19,1,0,9,PIZZA_SHOP|FARMERS_MARKET|BAKERY|BRUNCH_SPOT|ICE_CREAM_SHOP|ICE_CREAM_SHOP|BRUNCH_SPOT|BAKERY
95896790,1,Excluding,1,84274.0,76646.0,5,300,9,3,0,144,0,11,32,13,6,10,-1,303,94,0,701,0,67,238,78,276,49,7,13,31,1,25,19,1,0,9,PIZZA_SHOP|FARMERS_MARKET|BAKERY|BRUNCH_SPOT|ICE_CREAM_SHOP|ICE_CREAM_SHOP|BRUNCH_SPOT|BAKERY
95899082,0,Excluding,1,113811.0,108722.0,5,301,13,3,0,104,0,9,39,13,6,10,-1,418,94,0,531,0,56,281,78,224,37,7,13,37,1,13,25,13,0,9,ICE_CREAM_SHOP|BRUNCH_SPOT|ICE_CREAM_SHOP|FARMERS_MARKET|PIZZA_SHOP|YARN_STORE|BRUNCH_SPOT|SMOOTHIE_SHOP
95899082,1,Rayk Kretzschmar,0,108722.0,113811.0,5,277,10,4,0,125,5,0,42,12,6,11,-1,280,175,0,856,11,0,296,72,2932,37,7,13,37,1,13,25,13,0,9,ICE_CREAM_SHOP|BRUNCH_SPOT|ICE_CREAM_SHOP|FARMERS_MARKET|PIZZA_SHOP|YARN_STORE|BRUNCH_SPOT|SMOOTHIE_SHOP
95901360,0,bplyc15,0,143344.0,151788.0,5,277,6,12,0,150,3,0,34,17,6,11,12,189,270,0,1641,2,0,216,120,2024,25,7,13,31,1,1,31,25,0,2,ICE_CREAM_SHOP|YARN_STORE|SMOOTHIE_SHOP|ICE_CREAM_SHOP|PIZZA_SHOP|SMOOTHIE_SHOP|FARMERS_MARKET|YARN_STORE
95901360,1,Excluding,1,151788.0,143344.0,5,299,9,7,0,137,0,6,32,13,6,9,-1,304,218,0,585,0,44,232,78,207,25,7,13,31,1,1,31,25,0,2,ICE_CREAM_SHOP|YARN_STORE|SMOOTHIE_SHOP|ICE_CREAM_SHOP|PIZZA_SHOP|SMOOTHIE_SHOP|FARMERS_MARKET|YARN_STORE
95903641,0,Kostiantyn Isaienkov,1,100253.0,97794.0,5,277,10,4,0,131,12,0,42,12,6,11,-1,279,120,0,786,9,0,281,72,2380,25,7,7,25,1,13,19,25,0,2,FARMERS_MARKET|ICE_CREAM_SHOP|SMOOTHIE_SHOP|YARN_STORE|YARN_STORE|BAKERY|SMOOTHIE_SHOP|BAKERY
95903641,1,Excluding,0,97794.0,100253.0,5,302,12,3,0,122,0,7,36,13,6,10,-1,387,98,0,558,0,44,260,78,228,25,7,7,25,1,13,19,25,0,2,FARMERS_MARKET|ICE_CREAM_SHOP|SMOOTHIE_SHOP|YARN_STORE|YARN_STORE|BAKERY|SMOOTHIE_SHOP|BAKERY
95905927,0,Efe Can Celiksoy,0,68397.0,84777.0,5,277,10,4,0,138,16,0,34,20,6,11,-1,278,120,0,998,17,0,251,120,2245,19,13,1,19,1,13,13,37,0,11,PET_CAFE|SMOOTHIE_SHOP|YARN_STORE|BRUNCH_SPOT|YARN_STORE|BAKERY|YARN_STORE|ICE_CREAM_SHOP
95905927,1,Excluding,1,84777.0,68397.0,5,300,9,7,0,152,0,2,31,13,6,10,-1,279,173,0,617,0,13,196,78,242,19,13,1,19,1,13,13,37,0,11,PET_CAFE|SMOOTHIE_SHOP|YARN_STORE|BRUNCH_SPOT|YARN_STORE|BAKERY|YARN_STORE|ICE_CREAM_SHOP
95906096,0,ReCurSiON,1,110059.0,100884.0,4,262,9,4,0,143,0,0,37,20,6,10,-1,296,200,0,457,0,0,290,114,265,19,13,7,19,1,7,25,25,0,2,PIZZA_SHOP|YARN_STORE|ICE_CREAM_SHOP|PET_CAFE|BAKERY|SMOOTHIE_SHOP|YARN_STORE|SMOOTHIE_SHOP
95906096,1,Kostiantyn Isaienkov,0,100884.0,110059.0,5,277,6,12,0,141,10,0,34,20,6,11,12,189,271,0,1460,4,0,221,120,1735,19,13,7,19,1,7,25,25,0,2,PIZZA_SHOP|YARN_STORE|ICE_CREAM_SHOP|PET_CAFE|BAKERY|SMOOTHIE_SHOP|YARN_STORE|SMOOTHIE_SHOP
95906098,0,lucaskna,1,94380.0,88356.0,5,277,10,4,0,127,6,0,34,20,6,11,-1,266,119,0,436,15,0,253,120,242,25,25,1,25,1,13,25,1,0,1,SMOOTHIE_SHOP|PET_CAFE|BAKERY|ICE_CREAM_SHOP|ICE_CREAM_SHOP|SMOOTHIE_SHOP|BAKERY|PET_CAFE
95906098,1,Crop Dusta,0,88356.0,94380.0,4,294,11,3,0,151,0,0,32,14,5,8,-1,266,62,0,554,0,0,208,84,125,25,25,1,25,1,13,25,1,0,1,SMOOTHIE_SHOP|PET_CAFE|BAKERY|ICE_CREAM_SHOP|ICE_CREAM_SHOP|SMOOTHIE_SHOP|BAKERY|PET_CAFE
95908215,0,Izzoudine Mohamed KANTA,0,58867.0,77357.0,5,277,6,12,0,135,3,0,42,12,6,11,12,209,266,0,1206,2,0,283,72,2702,43,7,13,25,1,25,13,13,0,7,YARN_STORE|BAKERY|BRUNCH_SPOT|FARMERS_MARKET|BAKERY|ICE_CREAM_SHOP|PIZZA_SHOP|BRUNCH_SPOT
95908215,1,Excluding,1,77357.0,58867.0,5,295,2,14,0,141,0,7,30,13,6,10,-1,72,442,0,676,0,50,204,78,199,43,7,13,25,1,25,13,13,0,7,YARN_STORE|BAKERY|BRUNCH_SPOT|FARMERS_MARKET|BAKERY|ICE_CREAM_SHOP|PIZZA_SHOP|BRUNCH_SPOT
95908394,0,James Holland,1,162096.0,149559.0,5,277,10,4,0,127,6,0,34,20,6,11,-1,427,238,0,971,15,0,342,208,1906,31,7,7,49,1,1,43,1,0,8,ICE_CREAM_SHOP|SMOOTHIE_SHOP|SMOOTHIE_SHOP|SMOOTHIE_SHOP|ICE_CREAM_SHOP|ICE_CREAM_SHOP|ICE_CREAM_SHOP|FARMERS_MARKET
95908394,1,ReCurSiON,0,149559.0,162096.0,4,262,9,4,0,143,0,0,37,15,6,10,-1,296,200,0,457,0,0,290,114,265,31,7,7,49,1,1,43,1,0,8,ICE_CREAM_SHOP|SMOOTHIE_SHOP|SMOOTHIE_SHOP|SMOOTHIE_SHOP|ICE_CREAM_SHOP|ICE_CREAM_SHOP|ICE_CREAM_SHOP|FARMERS_MARKET
95910501,0,Kostiantyn Isaienkov,0,95883.0,110705.0,5,277,6,8,0,131,12,0,42,12,6,11,-1,279,202,0,786,9,0,281,72,2380,31,7,25,13,1,7,25,25,0,5,YARN_STORE|BAKERY|PIZZA_SHOP|SMOOTHIE_SHOP|YARN_STORE|FARMERS_MARKET|PIZZA_SHOP|PIZZA_SHOP
95910501,1,Excluding,1,110705.0,95883.0,5,296,5,11,0,151,0,7,28,13,6,9,-1,198,359,0,629,0,55,172,78,247,31,7,25,13,1,7,25,25,0,5,YARN_STORE|BAKERY|PIZZA_SHOP|SMOOTHIE_SHOP|YARN_STORE|FARMERS_MARKET|PIZZA_SHOP|PIZZA_SHOP
95912788,0,Excluding,1,105324.0,99176.0,5,300,11,5,0,140,0,7,31,13,6,10,-1,382,189,0,485,0,45,206,78,221,31,25,7,19,1,13,19,13,0,1,PIZZA_SHOP|ICE_CREAM_SHOP|YARN_STORE|BRUNCH_SPOT|PET_CAFE|ICE_CREAM_SHOP|BAKERY|PET_CAFE
95912788,1,shyjin,0,99176.0,105324.0,5,277,6,8,0,125,5,0,42,12,6,11,-1,267,242,0,856,11,0,296,72,2935,31,25,7,19,1,13,19,13,0,1,PIZZA_SHOP|ICE_CREAM_SHOP|YARN_STORE|BRUNCH_SPOT|PET_CAFE|ICE_CREAM_SHOP|BAKERY|PET_CAFE
95915078,0,Excluding,1,67168.0,54186.0,5,296,6,5,0,157,0,7,31,13,6,10,-1,236,186,0,641,0,47,205,78,224,25,19,7,19,1,19,7,25,0,14,BRUNCH_SPOT|BAKERY|PET_CAFE|FARMERS_MARKET|YARN_STORE|BAKERY|SMOOTHIE_SHOP|YARN_STORE
95915078,1,Efe Can Celiksoy,0,54186.0,67168.0,5,277,10,4,0,138,16,0,34,20,6,11,-1,278,120,0,998,17,0,251,120,2245,25,19,7,19,1,19,7,25,0,14,BRUNCH_SPOT|BAKERY|PET_CAFE|FARMERS_MARKET|YARN_STORE|BAKERY|SMOOTHIE_SHOP|YARN_STORE
95915224,0,James Holland,0,87872.0,97717.0,5,277,6,12,0,141,7,0,34,12,6,11,12,257,339,0,1469,4,0,320,180,1735,43,19,25,37,1,19,7,13,0,4,YARN_STORE|FARMERS_MARKET|FARMERS_MARKET|BRUNCH_SPOT|PIZZA_SHOP|BRUNCH_SPOT|BRUNCH_SPOT|FARMERS_MARKET
95915224,1,Kobe BRYANT,1,97717.0,87872.0,5,277,6,12,0,135,3,0,42,12,6,11,12,253,266,0,1206,2,0,291,72,2702,43,19,25,37,1,19,7,13,0,4,YARN_STORE|FARMERS_MARKET|FARMERS_MARKET|BRUNCH_SPOT|PIZZA_SHOP|BRUNCH_SPOT|BRUNCH_SPOT|FARMERS_MARKET
95917369,0,Efe Can Celiksoy,1,89929.0,87300.0,5,277,10,4,0,138,16,0,34,20,6,11,-1,278,120,0,998,17,0,251,120,2245,25,19,7,31,1,13,19,13,0,1,SMOOTHIE_SHOP|BRUNCH_SPOT|BAKERY|PET_CAFE|SMOOTHIE_SHOP|ICE_CREAM_SHOP|YARN_STORE|FARMERS_MARKET
95917369,1,Excluding,0,87300.0,89929.0,5,299,9,3,0,161,0,2,32,13,6,10,-1,299,94,0,587,0,13,237,78,221,25,19,7,31,1,13,19,13,0,1,SMOOTHIE_SHOP|BRUNCH_SPOT|BAKERY|PET_CAFE|SMOOTHIE_SHOP|ICE_CREAM_SHOP|YARN_STORE|FARMERS_MARKET
95919668,0,Excluding,1,59943.0,54747.0,5,302,12,3,0,135,0,10,30,13,6,10,-1,337,98,0,541,0,72,197,78,237,31,31,25,19,1,7,25,1,0,5,PET_CAFE|PIZZA_SHOP|SMOOTHIE_SHOP|PET_CAFE|PIZZA_SHOP|BRUNCH_SPOT|FARMERS_MARKET|PIZZA_SHOP
95919668,1,Izzoudine Mohamed KANTA,0,54747.0,59943.0,5,277,10,4,0,132,6,0,38,12,6,11,-1,280,140,0,856,11,0,296,72,2933,31,31,25,19,1,7,25,1,0,5,PET_CAFE|PIZZA_SHOP|SMOOTHIE_SHOP|PET_CAFE|PIZZA_SHOP|BRUNCH_SPOT|FARMERS_MARKET|PIZZA_SHOP
95921955,0,SaiKushal185,0,97598.0,98402.0,5,277,10,4,0,129,5,0,42,12,6,11,-1,279,120,0,542,11,0,274,72,234,31,25,19,37,1,1,31,1,0,6,SMOOTHIE_SHOP|PET_CAFE|SMOOTHIE_SHOP|PIZZA_SHOP|FARMERS_MARKET|FARMERS_MARKET|ICE_CREAM_SHOP|ICE_CREAM_SHOP
95921955,1,Excluding,1,98402.0,97598.0,5,303,13,3,0,127,0,9,32,13,6,10,-1,451,114,0,450,0,68,219,78,238,31,25,19,37,1,1,31,1,0,6,SMOOTHIE_SHOP|PET_CAFE|SMOOTHIE_SHOP|PIZZA_SHOP|FARMERS_MARKET|FARMERS_MARKET|ICE_CREAM_SHOP|ICE_CREAM_SHOP
95924258,0,Excluding,1,68028.0,63287.0,5,296,6,5,0,170,0,2,31,13,6,10,-1,261,146,0,715,0,12,221,78,222,25,37,13,31,1,13,7,13,0,10,PET_CAFE|BRUNCH_SPOT|SMOOTHIE_SHOP|PET_CAFE|YARN_STORE|BRUNCH_SPOT|FARMERS_MARKET|FARMERS_MARKET
95924258,1,lucaskna,0,63287.0,68028.0,5,277,10,4,0,123,7,0,34,20,6,11,-1,175,120,0,627,14,0,245,120,241,25,37,13,31,1,13,7,13,0,10,PET_CAFE|BRUNCH_SPOT|SMOOTHIE_SHOP|PET_CAFE|YARN_STORE|BRUNCH_SPOT|FARMERS_MARKET|FARMERS_MARKET
95926546,0,James Holland,0,116536.0,127382.0,5,277,6,12,0,141,10,0,34,20,6,11,12,257,339,0,1468,4,0,293,180,1735,31,13,1,25,1,19,19,13,0,14,YARN_STORE|ICE_CREAM_SHOP|BRUNCH_SPOT|SMOOTHIE_SHOP|ICE_CREAM_SHOP|PET_CAFE|BAKERY|BAKERY
95926546,1,Excluding,1,127382.0,116536.0,5,298,7,9,0,131,0,2,37,13,6,9,-1,224,338,0,535,0,16,282,78,212,31,13,1,25,1,19,19,13,0,14,YARN_STORE|ICE_CREAM_SHOP|BRUNCH_SPOT|SMOOTHIE_SHOP|ICE_CREAM_SHOP|PET_CAFE|BAKERY|BAKERY
95928833,0,Excluding,1,115191.0,110580.0,5,298,8,8,0,144,0,7,30,13,6,9,-1,245,313,0,616,0,50,217,78,209,25,19,13,31,1,1,31,13,0,8,YARN_STORE|PIZZA_SHOP|ICE_CREAM_SHOP|PET_CAFE|ICE_CREAM_SHOP|SMOOTHIE_SHOP|FARMERS_MARKET|SMOOTHIE_SHOP
95928833,1,lucaskna,0,110580.0,115191.0,5,277,6,12,0,145,4,0,34,20,6,11,12,189,270,0,1022,2,0,217,120,295,25,19,13,31,1,1,31,13,0,8,YARN_STORE|PIZZA_SHOP|ICE_CREAM_SHOP|PET_CAFE|ICE_CREAM_SHOP|SMOOTHIE_SHOP|FARMERS_MARKET|SMOOTHIE_SHOP
95931127,0,James Holland,0,92669.0,103636.0,5,277,10,4,0,127,8,0,34,20,6,11,-1,366,204,0,602,15,0,342,208,242,25,13,13,25,1,13,1,49,0,11,BRUNCH_SPOT|BRUNCH_SPOT|FARMERS_MARKET|YARN_STORE|YARN_STORE|YARN_STORE|FARMERS_MARKET|YARN_STORE
95931127,1,Excluding,1,103636.0,92669.0,5,297,6,5,0,141,0,7,36,13,6,10,-1,235,186,0,652,0,45,246,78,288,25,13,13,25,1,13,1,49,0,11,BRUNCH_SPOT|BRUNCH_SPOT|FARMERS_MARKET|YARN_STORE|YARN_STORE|YARN_STORE|FARMERS_MARKET|YARN_STORE
95933405,0,Excluding,1,84437.0,75220.0,5,298,14,2,0,153,0,2,31,17,6,9,-1,392,68,0,513,0,13,186,102,251,37,19,13,25,1,19,19,1,0,7,ICE_CREAM_SHOP|SMOOTHIE_SHOP|BAKERY|BAKERY|PET_CAFE|PIZZA_SHOP|BRUNCH_SPOT|FARMERS_MARKET
95933405,1,ReCurSiON,0,75220.0,84437.0,4,263,9,4,0,140,0,0,37,20,6,10,-1,359,189,0,485,0,0,313,114,279,37,19,13,25,1,19,19,1,0,7,ICE_CREAM_SHOP|SMOOTHIE_SHOP|BAKERY|BAKERY|PET_CAFE|PIZZA_SHOP|BRUNCH_SPOT|FARMERS_MARKET
95935689,0,Crop Dusta,1,98258.0,91803.0,4,295,9,10,0,114,0,0,36,15,5,9,-1,228,148,0,349,0,0,261,90,171,25,13,1,31,1,13,25,13,0,1,SMOOTHIE_SHOP|ICE_CREAM_SHOP|BAKERY|PET_CAFE|YARN_STORE|SMOOTHIE_SHOP|BRUNCH_SPOT|ICE_CREAM_SHOP
95935689,1,Excluding,0,91803.0,98258.0,5,302,14,2,0,148,0,2,31,17,6,10,-1,487,68,0,575,0,13,197,90,321,25,13,1,31,1,13,25,13,0,1,SMOOTHIE_SHOP|ICE_CREAM_SHOP|BAKERY|PET_CAFE|YARN_STORE|SMOOTHIE_SHOP|BRUNCH_SPOT|ICE_CREAM_SHOP
95937965,0,Excluding,1,68947.0,64666.0,5,298,9,3,0,169,0,2,32,13,6,10,-1,274,98,0,697,0,12,229,78,234,25,13,1,19,1,19,13,25,0,14,PET_CAFE|SMOOTHIE_SHOP|BAKERY|BRUNCH_SPOT|ICE_CREAM_SHOP|YARN_STORE|YARN_STORE|BAKERY
95937965,1,Xiaowenhao404,0,64666.0,68947.0,5,277,10,4,0,127,14,0,42,12,6,11,-1,266,119,0,1207,18,0,1278,89,1780,25,13,1,19,1,19,13,25,0,14,PET_CAFE|SMOOTHIE_SHOP|BAKERY|BRUNCH_SPOT|ICE_CREAM_SHOP|YARN_STORE|YARN_STORE|BAKERY
95938020,0,SaiKushal185,1,100128.0,98451.0,5,277,10,4,0,129,5,0,42,12,6,11,-1,279,120,0,542,11,0,274,72,234,31,7,7,31,1,19,19,13,0,9,SMOOTHIE_SHOP|BAKERY|BRUNCH_SPOT|SMOOTHIE_SHOP|ICE_CREAM_SHOP|YARN_STORE|FARMERS_MARKET|BAKERY
95938020,1,Xiaowenhao404,0,98451.0,100128.0,5,277,10,4,0,127,14,0,42,12,6,11,-1,273,119,0,1219,18,0,1281,72,1633,31,7,7,31,1,19,19,13,0,9,SMOOTHIE_SHOP|BAKERY|BRUNCH_SPOT|SMOOTHIE_SHOP|ICE_CREAM_SHOP|YARN_STORE|FARMERS_MARKET|BAKERY
95938024,0,Xiaowenhao404,1,70788.0,69383.0,5,277,10,4,0,127,15,0,42,12,6,11,-1,267,119,0,1238,18,0,1280,72,1649,49,13,25,31,1,19,19,1,0,4,PIZZA_SHOP|BRUNCH_SPOT|FARMERS_MARKET|BRUNCH_SPOT|BAKERY|FARMERS_MARKET|PIZZA_SHOP|ICE_CREAM_SHOP
95938024,1,Michael Timbs,0,69383.0,70788.0,5,277,10,4,0,125,15,0,42,12,6,11,-1,279,120,0,730,15,0,291,72,283,49,13,25,31,1,19,19,1,0,4,PIZZA_SHOP|BRUNCH_SPOT|FARMERS_MARKET|BRUNCH_SPOT|BAKERY|FARMERS_MARKET|PIZZA_SHOP|ICE_CREAM_SHOP
95938025,0,u,0,68773.0,76789.0,5,277,10,4,0,119,5,0,42,12,6,11,-1,279,136,0,865,11,0,289,72,2990,25,13,1,31,1,25,19,1,0,9,BRUNCH_SPOT|BAKERY|SMOOTHIE_SHOP|SMOOTHIE_SHOP|BAKERY|PET_CAFE|SMOOTHIE_SHOP|BRUNCH_SPOT
95938025,1,Seb (allegedly),1,76789.0,68773.0,7,303,8,5,0,87,0,0,33,18,4,8,-1,235,78,0,241,0,0,237,108,241,25,13,1,31,1,25,19,1,0,9,BRUNCH_SPOT|BAKERY|SMOOTHIE_SHOP|SMOOTHIE_SHOP|BAKERY|PET_CAFE|SMOOTHIE_SHOP|BRUNCH_SPOT
95940256,0,Excluding,0,44331.0,51336.0,5,298,6,4,0,194,0,6,24,17,6,10,-1,254,124,0,860,0,40,128,78,308,37,25,19,19,1,19,13,1,0,7,BAKERY|PET_CAFE|BAKERY|BAKERY|PIZZA_SHOP|FARMERS_MARKET|FARMERS_MARKET|SMOOTHIE_SHOP
95940256,1,Crop Dusta,1,51336.0,44331.0,4,295,5,3,9,154,63,0,13,15,5,8,-1,117,74,234,485,141,0,59,90,170,37,25,19,19,1,19,13,1,0,7,BAKERY|PET_CAFE|BAKERY|BAKERY|PIZZA_SHOP|FARMERS_MARKET|FARMERS_MARKET|SMOOTHIE_SHOP
95942545,0,Excluding,1,50655.0,41906.0,5,295,6,5,0,164,0,6,28,13,6,10,-1,234,187,0,607,0,46,180,78,234,25,31,7,25,1,7,19,13,0,12,PET_CAFE|PET_CAFE|BAKERY|ICE_CREAM_SHOP|FARMERS_MARKET|YARN_STORE|ICE_CREAM_SHOP|SMOOTHIE_SHOP
95942545,1,lucaskna,0,41906.0,50655.0,5,277,8,6,0,122,6,0,34,20,6,11,-1,172,164,0,713,10,0,259,120,237,25,31,7,25,1,7,19,13,0,12,PET_CAFE|PET_CAFE|BAKERY|ICE_CREAM_SHOP|FARMERS_MARKET|YARN_STORE|ICE_CREAM_SHOP|SMOOTHIE_SHOP
95942604,0,Ryo Hasegawa,1,89980.0,83260.0,5,290,8,3,0,155,17,0,36,11,6,10,-1,214,99,0,382,45,0,273,66,190,25,31,7,31,1,7,25,1,0,1,ICE_CREAM_SHOP|BAKERY|ICE_CREAM_SHOP|FARMERS_MARKET|PET_CAFE|PET_CAFE|SMOOTHIE_SHOP|SMOOTHIE_SHOP
95942604,1,Luan Kunyu,0,83260.0,89980.0,5,277,10,4,0,125,5,0,42,12,6,11,-1,279,120,0,856,11,0,274,72,2932,25,31,7,31,1,7,25,1,0,1,ICE_CREAM_SHOP|BAKERY|ICE_CREAM_SHOP|FARMERS_MARKET|PET_CAFE|PET_CAFE|SMOOTHIE_SHOP|SMOOTHIE_SHOP
95942605,0,Kobe BRYANT,1,61599.0,59976.0,5,277,8,6,0,132,6,0,38,12,6,11,-1,279,192,0,863,11,0,294,72,2933,37,19,13,25,1,13,19,13,0,1,FARMERS_MARKET|BAKERY|PET_CAFE|ICE_CREAM_SHOP|ICE_CREAM_SHOP|YARN_STORE|BRUNCH_SPOT|PIZZA_SHOP
95942605,1,feel the borov,0,59976.0,61599.0,5,277,8,6,0,125,5,0,42,12,6,11,-1,279,197,0,856,11,0,288,72,2932,37,19,13,25,1,13,19,13,0,1,FARMERS_MARKET|BAKERY|PET_CAFE|ICE_CREAM_SHOP|ICE_CREAM_SHOP|YARN_STORE|BRUNCH_SPOT|PIZZA_SHOP
95942606,0,peikopon,0,84837.0,91505.0,5,277,10,4,0,100,33,0,34,20,6,11,-1,279,120,0,1143,92,0,260,120,1872,25,31,7,31,1,19,13,1,0,1,BRUNCH_SPOT|SMOOTHIE_SHOP|BRUNCH_SPOT|PET_CAFE|BAKERY|SMOOTHIE_SHOP|PET_CAFE|FARMERS_MARKET
95942606,1,Ryo Hasegawa,1,91505.0,84837.0,5,290,8,3,0,156,13,0,36,11,6,10,-1,214,99,0,395,30,0,264,66,194,25,31,7,31,1,19,13,1,0,1,BRUNCH_SPOT|SMOOTHIE_SHOP|BRUNCH_SPOT|PET_CAFE|BAKERY|SMOOTHIE_SHOP|PET_CAFE|FARMERS_MARKET
95942607,0,Izzoudine Mohamed KANTA,1,89960.0,79407.0,5,277,8,6,0,132,6,0,38,12,6,11,-1,279,211,0,879,11,0,294,72,2933,37,19,7,25,1,19,13,13,0,14,ICE_CREAM_SHOP|BAKERY|FARMERS_MARKET|YARN_STORE|BRUNCH_SPOT|PET_CAFE|BAKERY|ICE_CREAM_SHOP
95942607,1,カワシギ,0,79407.0,89960.0,5,277,10,4,0,122,16,0,42,12,6,11,-1,227,120,0,1276,16,0,300,72,1706,37,19,7,25,1,19,13,13,0,14,ICE_CREAM_SHOP|BAKERY|FARMERS_MARKET|YARN_STORE|BRUNCH_SPOT|PET_CAFE|BAKERY|ICE_CREAM_SHOP
95942609,0,peikopon,0,101962.0,102045.0,5,278,9,5,0,123,5,0,38,12,6,11,-1,297,193,0,679,10,0,275,72,2750,37,19,19,25,1,13,19,13,0,7,BRUNCH_SPOT|ICE_CREAM_SHOP|BRUNCH_SPOT|YARN_STORE|PIZZA_SHOP|FARMERS_MARKET|PIZZA_SHOP|PET_CAFE
95942609,1,Izzoudine Mohamed KANTA,1,102045.0,101962.0,5,277,8,6,0,132,6,0,38,12,6,11,-1,279,207,0,856,11,0,301,72,2933,37,19,19,25,1,13,19,13,0,7,BRUNCH_SPOT|ICE_CREAM_SHOP|BRUNCH_SPOT|YARN_STORE|PIZZA_SHOP|FARMERS_MARKET|PIZZA_SHOP|PET_CAFE
95942611,0,Arman Tuganbaev,0,66024.0,83949.0,2,241,7,8,0,138,12,0,19,26,7,9,-1,182,202,0,225,27,0,144,126,282,19,25,7,7,1,13,7,37,0,11,PIZZA_SHOP|BAKERY|PET_CAFE|YARN_STORE|PET_CAFE|BRUNCH_SPOT|YARN_STORE|YARN_STORE
95942611,1,Crop Dusta,1,83949.0,66024.0,4,295,7,9,4,148,73,0,16,18,5,8,-1,180,146,140,510,183,0,46,101,217,19,25,7,7,1,13,7,37,0,11,PIZZA_SHOP|BAKERY|PET_CAFE|YARN_STORE|PET_CAFE|BRUNCH_SPOT|YARN_STORE|YARN_STORE
95942612,0,カワシギ,0,109519.0,115175.0,5,277,10,4,0,121,16,0,42,12,6,11,-1,239,109,0,1077,12,0,291,72,1379,25,7,7,37,1,13,19,25,0,2,FARMERS_MARKET|SMOOTHIE_SHOP|BRUNCH_SPOT|ICE_CREAM_SHOP|BRUNCH_SPOT|SMOOTHIE_SHOP|YARN_STORE|YARN_STORE
95942612,1,Izzoudine Mohamed KANTA,1,115175.0,109519.0,5,277,8,6,0,132,6,0,38,12,6,11,-1,279,184,0,871,11,0,294,72,2933,25,7,7,37,1,13,19,25,0,2,FARMERS_MARKET|SMOOTHIE_SHOP|BRUNCH_SPOT|ICE_CREAM_SHOP|BRUNCH_SPOT|SMOOTHIE_SHOP|YARN_STORE|YARN_STORE
95942614,0,カワシギ,0,82192.0,93195.0,5,277,10,4,0,138,16,0,34,20,6,11,-1,247,109,0,1032,13,0,231,120,1647,31,25,25,25,1,7,19,13,0,5,SMOOTHIE_SHOP|PIZZA_SHOP|BRUNCH_SPOT|FARMERS_MARKET|PET_CAFE|YARN_STORE|PIZZA_SHOP|FARMERS_MARKET
95942614,1,Arman Tuganbaev,1,93195.0,82192.0,2,279,11,4,0,140,8,0,41,11,6,10,-1,267,136,0,222,21,0,327,66,257,31,25,25,25,1,7,19,13,0,5,SMOOTHIE_SHOP|PIZZA_SHOP|BRUNCH_SPOT|FARMERS_MARKET|PET_CAFE|YARN_STORE|PIZZA_SHOP|FARMERS_MARKET
95942615,0,Subramanya N,1,138928.0,125982.0,6,299,18,2,0,63,11,0,49,9,6,10,-1,379,68,0,150,21,0,291,48,286,25,19,7,31,1,7,25,13,0,1,SMOOTHIE_SHOP|FARMERS_MARKET|ICE_CREAM_SHOP|SMOOTHIE_SHOP|ICE_CREAM_SHOP|PET_CAFE|BAKERY|YARN_STORE
95942615,1,Arman Tuganbaev,0,125982.0,138928.0,2,258,8,4,0,138,0,0,39,26,7,9,-1,188,134,0,273,0,0,257,153,197,25,19,7,31,1,7,25,13,0,1,SMOOTHIE_SHOP|FARMERS_MARKET|ICE_CREAM_SHOP|SMOOTHIE_SHOP|ICE_CREAM_SHOP|PET_CAFE|BAKERY|YARN_STORE
95942616,0,Crop Dusta,0,100238.0,127233.0,4,296,11,5,4,102,0,0,40,18,5,8,-1,181,99,85,300,0,0,270,89,170,19,19,7,43,1,7,31,1,0,8,BRUNCH_SPOT|PET_CAFE|ICE_CREAM_SHOP|SMOOTHIE_SHOP|SMOOTHIE_SHOP|SMOOTHIE_SHOP|FARMERS_MARKET|SMOOTHIE_SHOP
95942616,1,Ryo Hasegawa,1,127233.0,100238.0,5,290,12,2,0,147,14,0,36,11,5,10,-1,269,66,0,335,41,0,287,66,212,19,19,7,43,1,7,31,1,0,8,BRUNCH_SPOT|PET_CAFE|ICE_CREAM_SHOP|SMOOTHIE_SHOP|SMOOTHIE_SHOP|SMOOTHIE_SHOP|FARMERS_MARKET|SMOOTHIE_SHOP
95942617,0,tetsuya,0,71520.0,75162.0,6,311,11,4,0,124,0,0,41,9,7,11,-1,288,118,0,297,0,0,261,54,260,31,13,13,31,1,19,25,1,0,9,PET_CAFE|SMOOTHIE_SHOP|BRUNCH_SPOT|PIZZA_SHOP|SMOOTHIE_SHOP|BRUNCH_SPOT|BRUNCH_SPOT|PIZZA_SHOP
95942617,1,Arman Tuganbaev,1,75162.0,71520.0,2,267,8,4,0,145,12,0,39,11,6,11,-1,210,130,0,297,36,0,311,66,208,31,13,13,31,1,19,25,1,0,9,PET_CAFE|SMOOTHIE_SHOP|BRUNCH_SPOT|PIZZA_SHOP|SMOOTHIE_SHOP|BRUNCH_SPOT|BRUNCH_SPOT|PIZZA_SHOP
95944822,0,Excluding,0,88417.0,91359.0,5,299,7,5,0,141,0,10,31,13,6,10,-1,217,186,0,546,0,64,212,78,288,25,19,13,19,1,7,19,25,0,13,FARMERS_MARKET|BAKERY|SMOOTHIE_SHOP|PIZZA_SHOP|YARN_STORE|ICE_CREAM_SHOP|YARN_STORE|PET_CAFE
95944822,1,Izzoudine Mohamed KANTA,1,91359.0,88417.0,5,277,6,6,2,132,6,0,38,12,6,11,-1,279,171,56,871,11,0,274,72,2933,25,19,13,19,1,7,19,25,0,13,FARMERS_MARKET|BAKERY|SMOOTHIE_SHOP|PIZZA_SHOP|YARN_STORE|ICE_CREAM_SHOP|YARN_STORE|PET_CAFE
95947125,0,ReCurSiON,0,60167.0,70898.0,4,263,9,4,0,143,0,0,37,20,6,10,-1,296,200,0,457,0,0,313,114,265,43,25,25,31,1,19,1,13,0,4,BAKERY|FARMERS_MARKET|BAKERY|BRUNCH_SPOT|FARMERS_MARKET|YARN_STORE|FARMERS_MARKET|FARMERS_MARKET
95947125,1,Excluding,1,70898.0,60167.0,5,299,7,4,0,142,0,10,32,17,6,10,-1,257,159,0,647,0,61,220,102,269,43,25,25,31,1,19,1,13,0,4,BAKERY|FARMERS_MARKET|BAKERY|BRUNCH_SPOT|FARMERS_MARKET|YARN_STORE|FARMERS_MARKET|FARMERS_MARKET
95947165,0,SaiKushal185,1,67346.0,66047.0,5,277,10,4,0,129,5,0,42,12,6,11,-1,279,120,0,542,11,0,274,72,234,37,19,13,31,1,25,13,1,0,3,BRUNCH_SPOT|SMOOTHIE_SHOP|PET_CAFE|BAKERY|BRUNCH_SPOT|PIZZA_SHOP|BRUNCH_SPOT|FARMERS_MARKET
95947165,1,Anand,0,66047.0,67346.0,5,277,10,4,0,125,5,0,42,12,6,11,-1,280,165,0,856,11,0,295,72,2932,37,19,13,31,1,25,13,1,0,3,BRUNCH_SPOT|SMOOTHIE_SHOP|PET_CAFE|BAKERY|BRUNCH_SPOT|PIZZA_SHOP|BRUNCH_SPOT|FARMERS_MARKET
95949390,0,Excluding,1,135991.0,126701.0,5,295,5,11,0,146,0,2,32,13,6,10,-1,173,431,0,468,0,16,247,78,223,19,1,7,25,1,13,25,25,0,2,BRUNCH_SPOT|YARN_STORE|SMOOTHIE_SHOP|YARN_STORE|SMOOTHIE_SHOP|PIZZA_SHOP|SMOOTHIE_SHOP|BAKERY
95949390,1,カワシギ,0,126701.0,135991.0,5,277,6,12,0,140,10,0,34,20,6,11,12,189,271,0,1696,4,0,236,120,1847,19,1,7,25,1,13,25,25,0,2,BRUNCH_SPOT|YARN_STORE|SMOOTHIE_SHOP|YARN_STORE|SMOOTHIE_SHOP|PIZZA_SHOP|SMOOTHIE_SHOP|BAKERY
95951680,0,ReCurSiON,0,72886.0,104856.0,4,263,7,6,0,143,0,0,37,20,6,10,-1,296,234,0,457,0,0,313,114,265,31,1,7,19,1,25,13,25,0,14,BAKERY|YARN_STORE|BRUNCH_SPOT|YARN_STORE|BRUNCH_SPOT|BAKERY|PIZZA_SHOP|SMOOTHIE_SHOP
95951680,1,Excluding,1,104856.0,72886.0,5,297,4,12,0,159,0,2,29,17,6,9,-1,149,392,0,548,0,9,160,102,277,31,1,7,19,1,25,13,25,0,14,BAKERY|YARN_STORE|BRUNCH_SPOT|YARN_STORE|BRUNCH_SPOT|BAKERY|PIZZA_SHOP|SMOOTHIE_SHOP
95953971,0,Excluding,1,97557.0,97220.0,5,298,9,7,0,112,0,14,31,17,6,9,-1,279,249,0,440,0,97,185,102,393,31,19,19,19,1,7,19,25,0,13,FARMERS_MARKET|PIZZA_SHOP|YARN_STORE|BRUNCH_SPOT|PIZZA_SHOP|ICE_CREAM_SHOP|YARN_STORE|PET_CAFE
95953971,1,Subramanya N,0,97220.0,97557.0,6,300,6,9,0,126,11,5,35,15,6,10,-1,183,207,0,379,6,32,208,81,205,31,19,19,19,1,7,19,25,0,13,FARMERS_MARKET|PIZZA_SHOP|YARN_STORE|BRUNCH_SPOT|PIZZA_SHOP|ICE_CREAM_SHOP|YARN_STORE|PET_CAFE
95953990,0,SaiKushal185,1,131624.0,130599.0,5,277,10,4,0,129,5,0,42,12,6,11,-1,279,120,0,542,11,0,274,72,234,31,7,7,31,1,7,25,25,0,2,FARMERS_MARKET|ICE_CREAM_SHOP|ICE_CREAM_SHOP|ICE_CREAM_SHOP|BAKERY|SMOOTHIE_SHOP|YARN_STORE|YARN_STORE
95953990,1,Victor @ Tufa Labs,0,130599.0,131624.0,5,277,8,6,0,125,5,0,42,12,6,11,-1,279,257,0,13530,11,0,316,72,2948,31,7,7,31,1,7,25,25,0,2,FARMERS_MARKET|ICE_CREAM_SHOP|ICE_CREAM_SHOP|ICE_CREAM_SHOP|BAKERY|SMOOTHIE_SHOP|YARN_STORE|YARN_STORE
95956270,0,Excluding,1,101424.0,81828.0,5,298,8,8,0,132,0,10,29,17,6,10,-1,280,266,0,499,0,78,162,102,245,37,13,13,19,1,19,19,13,0,7,PIZZA_SHOP|YARN_STORE|BRUNCH_SPOT|PIZZA_SHOP|BAKERY|BRUNCH_SPOT|ICE_CREAM_SHOP|PET_CAFE
95956270,1,ReCurSiON,0,81828.0,101424.0,4,263,9,4,0,143,0,0,37,20,6,10,-1,296,200,0,457,0,0,313,114,265,37,13,13,19,1,19,19,13,0,7,PIZZA_SHOP|YARN_STORE|BRUNCH_SPOT|PIZZA_SHOP|BAKERY|BRUNCH_SPOT|ICE_CREAM_SHOP|PET_CAFE
95958572,0,Luan Kunyu,0,82392.0,83101.0,5,277,10,4,0,125,5,0,42,12,6,11,-1,280,150,0,856,11,0,274,72,2932,31,7,7,31,1,19,19,13,0,9,BAKERY|BRUNCH_SPOT|SMOOTHIE_SHOP|YARN_STORE|ICE_CREAM_SHOP|FARMERS_MARKET|SMOOTHIE_SHOP|BAKERY
95958572,1,bplyc15,1,83101.0,82392.0,5,277,10,4,0,129,5,0,42,12,6,11,-1,303,167,0,856,11,0,318,72,2932,31,7,7,31,1,19,19,13,0,9,BAKERY|BRUNCH_SPOT|SMOOTHIE_SHOP|YARN_STORE|ICE_CREAM_SHOP|FARMERS_MARKET|SMOOTHIE_SHOP|BAKERY
95960855,0,peikopon,0,70933.0,83068.0,5,278,9,5,0,113,20,0,38,12,6,11,-1,292,193,0,675,34,0,275,72,2750,19,25,1,19,1,13,13,25,0,11,BRUNCH_SPOT|YARN_STORE|BAKERY|PET_CAFE|SMOOTHIE_SHOP|YARN_STORE|ICE_CREAM_SHOP|PET_CAFE
95960855,1,Kostiantyn Isaienkov,1,83068.0,70933.0,5,277,6,8,0,131,12,0,42,12,6,11,-1,279,202,0,786,9,0,281,72,2380,19,25,1,19,1,13,13,25,0,11,BRUNCH_SPOT|YARN_STORE|BAKERY|PET_CAFE|SMOOTHIE_SHOP|YARN_STORE|ICE_CREAM_SHOP|PET_CAFE
95967701,0,ReCurSiON,1,66233.0,65712.0,4,262,9,4,0,143,0,0,37,15,6,10,-1,296,176,0,457,0,0,290,114,265,31,19,19,19,1,7,25,13,0,5,BAKERY|PET_CAFE|YARN_STORE|ICE_CREAM_SHOP|PIZZA_SHOP|SMOOTHIE_SHOP|FARMERS_MARKET|PIZZA_SHOP
95967701,1,Kostiantyn Isaienkov,0,65712.0,66233.0,5,277,6,6,2,135,14,0,34,20,6,11,-1,279,154,30,1146,15,0,252,120,1906,31,19,19,19,1,7,25,13,0,5,BAKERY|PET_CAFE|YARN_STORE|ICE_CREAM_SHOP|PIZZA_SHOP|SMOOTHIE_SHOP|FARMERS_MARKET|PIZZA_SHOP
95974545,0,Efe Can Celiksoy,0,121369.0,122040.0,5,277,10,4,0,138,16,0,34,20,6,11,-1,278,120,0,961,17,0,251,120,2245,37,1,7,37,1,7,43,1,0,8,PIZZA_SHOP|SMOOTHIE_SHOP|BAKERY|ICE_CREAM_SHOP|ICE_CREAM_SHOP|SMOOTHIE_SHOP|ICE_CREAM_SHOP|ICE_CREAM_SHOP
95974545,1,ReCurSiON,1,122040.0,121369.0,4,262,9,4,0,143,0,0,37,15,6,10,-1,296,200,0,457,0,0,290,114,265,37,1,7,37,1,7,43,1,0,8,PIZZA_SHOP|SMOOTHIE_SHOP|BAKERY|ICE_CREAM_SHOP|ICE_CREAM_SHOP|SMOOTHIE_SHOP|ICE_CREAM_SHOP|ICE_CREAM_SHOP
95976886,0,Excluding,0,71987.0,81099.0,5,299,7,4,0,170,0,2,32,13,6,10,-1,284,124,0,693,0,10,214,78,318,43,25,13,37,1,25,7,1,0,3,PET_CAFE|BRUNCH_SPOT|BRUNCH_SPOT|ICE_CREAM_SHOP|BAKERY|FARMERS_MARKET|BRUNCH_SPOT|FARMERS_MARKET
95976886,1,Izzoudine Mohamed KANTA,1,81099.0,71987.0,5,277,8,6,0,132,6,0,38,12,6,11,-1,279,128,0,884,11,0,274,72,2933,43,25,13,37,1,25,7,1,0,3,PET_CAFE|BRUNCH_SPOT|BRUNCH_SPOT|ICE_CREAM_SHOP|BAKERY|FARMERS_MARKET|BRUNCH_SPOT|FARMERS_MARKET
95981440,0,James Holland,1,146145.0,141632.0,5,278,10,4,0,123,5,0,42,12,6,11,-1,347,263,0,678,10,0,335,136,2771,31,13,7,31,1,7,31,13,0,8,ICE_CREAM_SHOP|ICE_CREAM_SHOP|YARN_STORE|PET_CAFE|ICE_CREAM_SHOP|SMOOTHIE_SHOP|BRUNCH_SPOT|PIZZA_SHOP
95981440,1,Efe Can Celiksoy,0,141632.0,146145.0,5,277,10,4,0,138,16,0,34,20,6,11,-1,278,120,0,998,17,0,251,120,2245,31,13,7,31,1,7,31,13,0,8,ICE_CREAM_SHOP|ICE_CREAM_SHOP|YARN_STORE|PET_CAFE|ICE_CREAM_SHOP|SMOOTHIE_SHOP|BRUNCH_SPOT|PIZZA_SHOP
95983718,0,lucaskna,1,89386.0,66822.0,5,277,6,12,0,145,3,0,34,20,6,11,12,125,270,0,1047,2,0,215,120,295,25,31,13,7,1,13,7,25,0,0,YARN_STORE|BAKERY|YARN_STORE|PET_CAFE|PIZZA_SHOP|FARMERS_MARKET|BAKERY|PET_CAFE
95983718,1,ReCurSiON,0,66822.0,89386.0,4,262,6,7,0,143,0,0,37,15,6,10,-1,279,247,0,457,0,0,290,114,265,25,31,13,7,1,13,7,25,0,0,YARN_STORE|BAKERY|YARN_STORE|PET_CAFE|PIZZA_SHOP|FARMERS_MARKET|BAKERY|PET_CAFE
95985983,0,Kostiantyn Isaienkov,0,101823.0,102812.0,5,277,10,4,0,131,12,0,42,12,6,11,-1,279,120,0,786,9,0,281,72,2380,31,43,19,37,1,7,13,1,0,10,SMOOTHIE_SHOP|ICE_CREAM_SHOP|PET_CAFE|FARMERS_MARKET|FARMERS_MARKET|BRUNCH_SPOT|PET_CAFE|FARMERS_MARKET
95985983,1,James Holland,1,102812.0,101823.0,5,278,10,4,0,123,5,0,42,12,6,11,-1,367,268,0,678,10,0,363,160,2750,31,43,19,37,1,7,13,1,0,10,SMOOTHIE_SHOP|ICE_CREAM_SHOP|PET_CAFE|FARMERS_MARKET|FARMERS_MARKET|BRUNCH_SPOT|PET_CAFE|FARMERS_MARKET
95988226,0,Anand,1,78018.0,76328.0,5,277,6,12,0,128,1,0,42,12,6,11,12,255,266,0,1196,2,0,291,72,2701,25,31,7,31,1,13,13,13,0,1,YARN_STORE|PET_CAFE|SMOOTHIE_SHOP|BRUNCH_SPOT|ICE_CREAM_SHOP|PET_CAFE|FARMERS_MARKET|BRUNCH_SPOT
95988226,1,lucaskna,0,76328.0,78018.0,5,277,6,12,0,145,3,0,34,17,6,11,12,151,270,0,1036,2,0,217,102,295,25,31,7,31,1,13,13,13,0,1,YARN_STORE|PET_CAFE|SMOOTHIE_SHOP|BRUNCH_SPOT|ICE_CREAM_SHOP|PET_CAFE|FARMERS_MARKET|BRUNCH_SPOT
95992824,0,James Holland,0,67690.0,74969.0,5,277,6,12,0,141,7,0,34,12,6,11,12,263,339,0,1469,4,0,320,180,1735,25,25,19,25,1,7,13,25,0,13,FARMERS_MARKET|YARN_STORE|PET_CAFE|PIZZA_SHOP|SMOOTHIE_SHOP|FARMERS_MARKET|YARN_STORE|BRUNCH_SPOT
95992824,1,Xiaowenhao404,1,74969.0,67690.0,5,277,6,12,0,142,11,0,42,12,6,11,12,192,265,0,1833,8,0,346,72,1613,25,25,19,25,1,7,13,25,0,13,FARMERS_MARKET|YARN_STORE|PET_CAFE|PIZZA_SHOP|SMOOTHIE_SHOP|FARMERS_MARKET|YARN_STORE|BRUNCH_SPOT
95992825,0,Xiaowenhao404,0,98887.0,101511.0,5,277,10,4,0,127,14,0,42,12,6,11,-1,289,119,0,1224,18,0,1275,72,1632,25,31,19,19,1,1,25,13,0,10,SMOOTHIE_SHOP|PIZZA_SHOP|FARMERS_MARKET|PIZZA_SHOP|PET_CAFE|YARN_STORE|ICE_CREAM_SHOP|PET_CAFE
95992825,1,feel the borov,1,101511.0,98887.0,5,277,10,4,0,125,5,0,42,12,6,11,-1,280,158,0,856,11,0,288,72,2932,25,31,19,19,1,1,25,13,0,10,SMOOTHIE_SHOP|PIZZA_SHOP|FARMERS_MARKET|PIZZA_SHOP|PET_CAFE|YARN_STORE|ICE_CREAM_SHOP|PET_CAFE
95992826,0,Seb (allegedly),1,75411.0,66646.0,7,303,8,7,0,109,0,0,25,19,4,8,-1,208,162,0,275,0,0,184,114,286,13,37,1,25,1,7,19,13,0,12,PET_CAFE|BRUNCH_SPOT|YARN_STORE|PET_CAFE|SMOOTHIE_SHOP|ICE_CREAM_SHOP|PET_CAFE|SMOOTHIE_SHOP
95992826,1,webmaking,0,66646.0,75411.0,5,277,6,8,0,119,5,0,42,12,6,11,-1,142,180,0,558,11,0,229,62,212,13,37,1,25,1,7,19,13,0,12,PET_CAFE|BRUNCH_SPOT|YARN_STORE|PET_CAFE|SMOOTHIE_SHOP|ICE_CREAM_SHOP|PET_CAFE|SMOOTHIE_SHOP
95995092,0,James Holland,0,67271.0,76993.0,5,277,10,4,0,127,8,0,34,20,6,11,-1,358,190,0,602,15,0,314,184,242,31,37,13,25,1,13,7,13,0,0,BAKERY|ICE_CREAM_SHOP|FARMERS_MARKET|YARN_STORE|PET_CAFE|PET_CAFE|BRUNCH_SPOT|FARMERS_MARKET
95995092,1,Crop Dusta,1,76993.0,67271.0,4,296,7,10,0,96,58,0,36,14,5,8,-1,175,177,0,291,168,0,229,84,149,31,37,13,25,1,13,7,13,0,0,BAKERY|ICE_CREAM_SHOP|FARMERS_MARKET|YARN_STORE|PET_CAFE|PET_CAFE|BRUNCH_SPOT|FARMERS_MARKET
95997380,0,Ryo Hasegawa,1,125678.0,119534.0,5,289,8,7,0,135,6,0,36,11,6,10,-1,214,183,0,236,9,0,265,66,260,19,25,7,19,1,1,25,25,0,12,SMOOTHIE_SHOP|PIZZA_SHOP|YARN_STORE|ICE_CREAM_SHOP|PET_CAFE|ICE_CREAM_SHOP|YARN_STORE|PET_CAFE
95997380,1,Kenjo1209,0,119534.0,125678.0,5,277,10,4,0,121,7,0,42,12,6,11,-1,279,121,0,764,15,0,292,72,945,19,25,7,19,1,1,25,25,0,12,SMOOTHIE_SHOP|PIZZA_SHOP|YARN_STORE|ICE_CREAM_SHOP|PET_CAFE|ICE_CREAM_SHOP|YARN_STORE|PET_CAFE
95997382,0,Xiaowenhao404,1,120619.0,111157.0,5,277,6,8,0,131,13,0,42,12,6,11,-1,1178,208,0,1344,16,0,313,72,1768,7,25,1,25,1,1,25,25,0,12,SMOOTHIE_SHOP|SMOOTHIE_SHOP|YARN_STORE|YARN_STORE|PET_CAFE|SMOOTHIE_SHOP|PET_CAFE|ICE_CREAM_SHOP
95997382,1,peikopon,0,111157.0,120619.0,5,278,12,3,0,93,35,0,38,12,6,11,-1,310,180,0,675,67,0,275,72,2750,7,25,1,25,1,1,25,25,0,12,SMOOTHIE_SHOP|SMOOTHIE_SHOP|YARN_STORE|YARN_STORE|PET_CAFE|SMOOTHIE_SHOP|PET_CAFE|ICE_CREAM_SHOP
95997383,0,Arman Tuganbaev,0,60831.0,67999.0,2,247,8,4,0,144,12,0,28,26,7,9,-1,187,135,0,299,18,0,205,144,213,37,31,19,19,1,19,13,1,0,0,PIZZA_SHOP|PET_CAFE|BRUNCH_SPOT|PIZZA_SHOP|BAKERY|PET_CAFE|FARMERS_MARKET|BRUNCH_SPOT
95997383,1,Subramanya N,1,67999.0,60831.0,6,303,11,2,0,181,53,0,21,12,6,8,-1,275,68,0,531,129,0,117,72,200,37,31,19,19,1,19,13,1,0,0,PIZZA_SHOP|PET_CAFE|BRUNCH_SPOT|PIZZA_SHOP|BAKERY|PET_CAFE|FARMERS_MARKET|BRUNCH_SPOT
95997385,0,peikopon,0,85029.0,88922.0,5,277,10,4,0,106,33,0,34,20,6,11,-1,323,134,0,1143,75,0,260,120,1872,43,25,19,31,1,7,25,1,0,6,BAKERY|ICE_CREAM_SHOP|ICE_CREAM_SHOP|FARMERS_MARKET|FARMERS_MARKET|PET_CAFE|PIZZA_SHOP|ICE_CREAM_SHOP
95997385,1,Crop Dusta,1,88922.0,85029.0,4,295,9,3,0,148,0,0,37,13,5,8,-1,227,67,0,478,0,0,267,78,92,43,25,19,31,1,7,25,1,0,6,BAKERY|ICE_CREAM_SHOP|ICE_CREAM_SHOP|FARMERS_MARKET|FARMERS_MARKET|PET_CAFE|PIZZA_SHOP|ICE_CREAM_SHOP
95997387,0,tetsuya,1,70321.0,66507.0,6,308,5,11,0,162,0,0,30,15,7,10,-1,157,243,0,432,0,0,206,90,250,25,25,7,13,1,19,13,13,0,0,BAKERY|YARN_STORE|BRUNCH_SPOT|SMOOTHIE_SHOP|BAKERY|PET_CAFE|PIZZA_SHOP|PET_CAFE
95997387,1,Ryo Hasegawa,0,66507.0,70321.0,5,290,6,9,0,174,14,0,29,11,5,9,-1,161,208,0,394,42,0,211,66,251,25,25,7,13,1,19,13,13,0,0,BAKERY|YARN_STORE|BRUNCH_SPOT|SMOOTHIE_SHOP|BAKERY|PET_CAFE|PIZZA_SHOP|PET_CAFE
95997388,0,Izzoudine Mohamed KANTA,1,100967.0,96706.0,5,277,10,4,0,132,6,0,38,12,6,11,-1,280,140,0,882,11,0,296,72,2933,37,1,1,43,1,25,25,1,0,9,BRUNCH_SPOT|ICE_CREAM_SHOP|SMOOTHIE_SHOP|BRUNCH_SPOT|BAKERY|BRUNCH_SPOT|ICE_CREAM_SHOP|SMOOTHIE_SHOP
95997388,1,tetsuya,0,96706.0,100967.0,6,312,12,3,0,131,1,0,40,12,7,9,-1,318,99,0,291,2,0,262,72,267,37,1,1,43,1,25,25,1,0,9,BRUNCH_SPOT|ICE_CREAM_SHOP|SMOOTHIE_SHOP|BRUNCH_SPOT|BAKERY|BRUNCH_SPOT|ICE_CREAM_SHOP|SMOOTHIE_SHOP
95999655,0,ReCurSiON,0,67259.0,85591.0,4,262,9,4,0,143,0,0,37,15,6,10,-1,296,176,0,457,0,0,290,114,265,19,19,13,19,1,7,13,37,0,11,PIZZA_SHOP|PET_CAFE|YARN_STORE|FARMERS_MARKET|YARN_STORE|YARN_STORE|BRUNCH_SPOT|SMOOTHIE_SHOP
95999655,1,Izzoudine Mohamed KANTA,1,85591.0,67259.0,5,277,6,8,0,132,6,0,38,12,6,11,-1,279,235,0,871,11,0,296,72,2933,19,19,13,19,1,7,13,37,0,11,PIZZA_SHOP|PET_CAFE|YARN_STORE|FARMERS_MARKET|YARN_STORE|YARN_STORE|BRUNCH_SPOT|SMOOTHIE_SHOP
96001961,0,SaiKushal185,0,103157.0,105168.0,5,277,10,4,0,129,5,0,42,12,6,11,-1,279,120,0,542,11,0,274,72,234,25,25,13,37,1,1,25,13,0,8,FARMERS_MARKET|FARMERS_MARKET|SMOOTHIE_SHOP|ICE_CREAM_SHOP|YARN_STORE|ICE_CREAM_SHOP|PET_CAFE|SMOOTHIE_SHOP
96001961,1,bplyc15,1,105168.0,103157.0,5,277,10,4,0,129,5,0,42,12,6,11,-1,302,186,0,856,11,0,322,72,2932,25,25,13,37,1,1,25,13,0,8,FARMERS_MARKET|FARMERS_MARKET|SMOOTHIE_SHOP|ICE_CREAM_SHOP|YARN_STORE|ICE_CREAM_SHOP|PET_CAFE|SMOOTHIE_SHOP
96001974,0,Excluding,1,75157.0,59367.0,5,295,2,14,0,145,0,7,31,13,6,10,-1,72,444,0,659,0,48,208,78,222,31,19,7,19,1,19,13,13,0,0,YARN_STORE|FARMERS_MARKET|BAKERY|SMOOTHIE_SHOP|PET_CAFE|BAKERY|ICE_CREAM_SHOP|BAKERY
96001974,1,Izzoudine Mohamed KANTA,0,59367.0,75157.0,5,277,6,12,0,131,3,0,42,12,6,11,12,209,266,0,1196,2,0,283,72,2702,31,19,7,19,1,19,13,13,0,0,YARN_STORE|FARMERS_MARKET|BAKERY|SMOOTHIE_SHOP|PET_CAFE|BAKERY|ICE_CREAM_SHOP|BAKERY
96004222,0,カワシギ,0,132300.0,133235.0,5,277,10,4,0,119,13,0,42,12,6,11,-1,279,103,0,1058,10,0,311,72,1311,37,7,13,37,1,13,31,1,0,8,SMOOTHIE_SHOP|ICE_CREAM_SHOP|PIZZA_SHOP|BAKERY|SMOOTHIE_SHOP|FARMERS_MARKET|BRUNCH_SPOT|ICE_CREAM_SHOP
96004222,1,peikopon,1,133235.0,132300.0,5,278,12,3,0,125,5,2,34,12,6,11,-1,312,178,0,676,10,11,275,72,2754,37,7,13,37,1,13,31,1,0,8,SMOOTHIE_SHOP|ICE_CREAM_SHOP|PIZZA_SHOP|BAKERY|SMOOTHIE_SHOP|FARMERS_MARKET|BRUNCH_SPOT|ICE_CREAM_SHOP
96008613,0,bplyc15,0,116441.0,121823.0,5,277,10,4,0,129,5,0,42,12,6,11,-1,279,120,0,856,11,0,274,72,2932,37,1,13,25,1,19,25,13,0,7,PIZZA_SHOP|ICE_CREAM_SHOP|SMOOTHIE_SHOP|BRUNCH_SPOT|PIZZA_SHOP|YARN_STORE|BAKERY|BRUNCH_SPOT
96008613,1,MiMi,1,121823.0,116441.0,5,294,14,3,0,151,12,8,52,12,5,10,12,311,82,0,613,12,22,227,72,218,37,1,13,25,1,19,25,13,0,7,PIZZA_SHOP|ICE_CREAM_SHOP|SMOOTHIE_SHOP|BRUNCH_SPOT|PIZZA_SHOP|YARN_STORE|BAKERY|BRUNCH_SPOT
96008786,0,SaiKushal185,0,73331.0,74488.0,5,277,10,4,0,129,5,0,42,12,6,11,-1,279,120,0,542,11,0,274,72,234,43,7,19,25,1,25,19,1,0,7,BRUNCH_SPOT|PIZZA_SHOP|BRUNCH_SPOT|PIZZA_SHOP|SMOOTHIE_SHOP|BAKERY|FARMERS_MARKET|BAKERY
96008786,1,peikopon,1,74488.0,73331.0,5,277,9,5,0,125,5,2,36,12,6,11,-1,297,182,0,678,10,11,273,72,2752,43,7,19,25,1,25,19,1,0,7,BRUNCH_SPOT|PIZZA_SHOP|BRUNCH_SPOT|PIZZA_SHOP|SMOOTHIE_SHOP|BAKERY|FARMERS_MARKET|BAKERY
96008788,0,Victor @ Tufa Labs,0,70564.0,71922.0,5,277,6,12,0,133,2,0,34,20,6,11,12,190,271,0,12552,4,0,271,120,1818,31,7,7,19,1,25,7,25,0,14,YARN_STORE|BRUNCH_SPOT|BAKERY|BAKERY|SMOOTHIE_SHOP|BAKERY|YARN_STORE|FARMERS_MARKET
96008788,1,feel the borov,1,71922.0,70564.0,5,277,6,12,0,125,1,0,42,12,6,11,12,257,266,0,1196,2,0,291,72,2701,31,7,7,19,1,25,7,25,0,14,YARN_STORE|BRUNCH_SPOT|BAKERY|BAKERY|SMOOTHIE_SHOP|BAKERY|YARN_STORE|FARMERS_MARKET
96011052,0,Anand,1,94105.0,93038.0,5,277,6,8,0,125,5,0,42,12,6,11,-1,279,231,0,856,11,0,296,72,2932,37,13,13,31,1,19,13,13,0,9,ICE_CREAM_SHOP|FARMERS_MARKET|YARN_STORE|BAKERY|BAKERY|SMOOTHIE_SHOP|BRUNCH_SPOT|FARMERS_MARKET
96011052,1,ReCurSiON,0,93038.0,94105.0,4,262,9,4,0,143,0,0,37,20,6,10,-1,296,200,0,457,0,0,290,114,265,37,13,13,31,1,19,13,13,0,9,ICE_CREAM_SHOP|FARMERS_MARKET|YARN_STORE|BAKERY|BAKERY|SMOOTHIE_SHOP|BRUNCH_SPOT|FARMERS_MARKET
96013325,0,Seb (allegedly),1,74383.0,71737.0,7,304,9,5,0,93,0,0,32,17,4,8,-1,217,82,0,269,0,0,230,102,241,37,19,31,25,1,7,19,13,0,5,FARMERS_MARKET|FARMERS_MARKET|BAKERY|FARMERS_MARKET|PIZZA_SHOP|SMOOTHIE_SHOP|PIZZA_SHOP|YARN_STORE
96013325,1,Luan Kunyu,0,71737.0,74383.0,5,277,8,6,0,122,5,0,42,12,6,11,-1,279,214,0,860,11,0,289,72,2932,37,19,31,25,1,7,19,13,0,5,FARMERS_MARKET|FARMERS_MARKET|BAKERY|FARMERS_MARKET|PIZZA_SHOP|SMOOTHIE_SHOP|PIZZA_SHOP|YARN_STORE
96015452,0,MiMi,1,103510.0,102450.0,5,296,12,7,0,178,13,0,30,12,5,10,12,202,167,0,813,18,0,152,72,213,31,1,13,13,1,13,25,25,0,2,YARN_STORE|BAKERY|PIZZA_SHOP|SMOOTHIE_SHOP|ICE_CREAM_SHOP|BAKERY|YARN_STORE|PIZZA_SHOP
96015452,1,Xiaowenhao404,0,102450.0,103510.0,5,277,6,12,0,142,10,0,42,12,6,11,12,192,265,0,1813,8,0,294,72,1662,31,1,13,13,1,13,25,25,0,2,YARN_STORE|BAKERY|PIZZA_SHOP|SMOOTHIE_SHOP|ICE_CREAM_SHOP|BAKERY|YARN_STORE|PIZZA_SHOP
96015606,0,peikopon,1,64943.0,59122.0,5,278,10,4,0,95,35,2,34,12,6,11,-1,279,181,0,678,65,11,275,72,2754,31,37,13,25,1,19,1,13,0,0,FARMERS_MARKET|BAKERY|BRUNCH_SPOT|PET_CAFE|BRUNCH_SPOT|PET_CAFE|FARMERS_MARKET|YARN_STORE
96015606,1,Luan Kunyu,0,59122.0,64943.0,5,277,8,6,0,125,5,0,42,12,6,11,-1,279,214,0,856,11,0,296,72,2932,31,37,13,25,1,19,1,13,0,0,FARMERS_MARKET|BAKERY|BRUNCH_SPOT|PET_CAFE|BRUNCH_SPOT|PET_CAFE|FARMERS_MARKET|YARN_STORE
96015607,0,Kostiantyn Isaienkov,1,48403.0,46908.0,5,277,10,4,0,154,12,0,19,12,6,11,-1,279,120,0,786,9,0,281,72,2387,31,13,13,13,1,13,25,13,0,1,PIZZA_SHOP|BAKERY|BAKERY|PET_CAFE|SMOOTHIE_SHOP|ICE_CREAM_SHOP|YARN_STORE|PIZZA_SHOP
96015607,1,Luan Kunyu,0,46908.0,48403.0,5,277,10,4,0,125,5,0,42,12,6,11,-1,280,175,0,856,11,0,296,72,2932,31,13,13,13,1,13,25,13,0,1,PIZZA_SHOP|BAKERY|BAKERY|PET_CAFE|SMOOTHIE_SHOP|ICE_CREAM_SHOP|YARN_STORE|PIZZA_SHOP
96017734,0,THIRD FARM CLUB,0,101720.0,110015.0,5,277,10,4,0,133,13,0,42,12,6,11,-1,280,158,0,856,11,0,288,72,2932,31,7,13,31,1,7,25,25,0,2,ICE_CREAM_SHOP|PIZZA_SHOP|BRUNCH_SPOT|YARN_STORE|YARN_STORE|ICE_CREAM_SHOP|FARMERS_MARKET|SMOOTHIE_SHOP
96017734,1,MiMi,1,110015.0,101720.0,5,294,11,9,0,145,11,0,43,12,5,10,12,256,163,0,524,6,0,256,72,243,31,7,13,31,1,7,25,25,0,2,ICE_CREAM_SHOP|PIZZA_SHOP|BRUNCH_SPOT|YARN_STORE|YARN_STORE|ICE_CREAM_SHOP|FARMERS_MARKET|SMOOTHIE_SHOP
96020011,0,MiMi,1,139375.0,123472.0,5,293,14,3,0,131,11,0,53,12,5,10,12,325,82,0,472,9,0,272,72,239,25,1,13,31,1,7,37,13,0,8,PIZZA_SHOP|SMOOTHIE_SHOP|SMOOTHIE_SHOP|BRUNCH_SPOT|ICE_CREAM_SHOP|YARN_STORE|PIZZA_SHOP|SMOOTHIE_SHOP
96020011,1,Xiaowenhao404,0,123472.0,139375.0,5,277,10,4,0,127,15,0,42,12,6,11,-1,288,119,0,1204,18,0,1278,72,1686,25,1,13,31,1,7,37,13,0,8,PIZZA_SHOP|SMOOTHIE_SHOP|SMOOTHIE_SHOP|BRUNCH_SPOT|ICE_CREAM_SHOP|YARN_STORE|PIZZA_SHOP|SMOOTHIE_SHOP
96022296,0,MiMi,1,88929.0,76029.0,5,292,11,3,0,148,13,8,43,22,5,10,12,248,87,0,585,18,37,191,126,203,43,19,19,19,1,19,19,1,0,7,PIZZA_SHOP|BRUNCH_SPOT|BAKERY|ICE_CREAM_SHOP|PIZZA_SHOP|FARMERS_MARKET|PET_CAFE|BAKERY
96022296,1,ReCurSiON,0,76029.0,88929.0,4,262,9,4,0,143,0,0,37,15,6,10,-1,296,200,0,457,0,0,290,114,265,43,19,19,19,1,19,19,1,0,7,PIZZA_SHOP|BRUNCH_SPOT|BAKERY|ICE_CREAM_SHOP|PIZZA_SHOP|FARMERS_MARKET|PET_CAFE|BAKERY
96024580,0,lucaskna,0,67197.0,79136.0,5,278,10,4,0,125,5,0,42,12,6,11,-1,276,120,0,611,11,0,276,72,238,37,19,25,19,1,13,25,1,0,5,PIZZA_SHOP|BRUNCH_SPOT|FARMERS_MARKET|BAKERY|SMOOTHIE_SHOP|PIZZA_SHOP|PIZZA_SHOP|PET_CAFE
96024580,1,MiMi,1,79136.0,67197.0,5,289,8,4,0,168,13,8,43,12,5,10,12,214,103,0,562,33,52,219,72,167,37,19,25,19,1,13,25,1,0,5,PIZZA_SHOP|BRUNCH_SPOT|FARMERS_MARKET|BAKERY|SMOOTHIE_SHOP|PIZZA_SHOP|PIZZA_SHOP|PET_CAFE
96026861,0,Ryo Hasegawa,0,83298.0,87608.0,5,290,7,7,0,155,0,0,36,11,6,9,-1,185,191,0,335,0,0,272,66,240,31,13,7,13,1,13,19,25,0,11,BAKERY|YARN_STORE|PIZZA_SHOP|ICE_CREAM_SHOP|PET_CAFE|YARN_STORE|BAKERY|ICE_CREAM_SHOP
96026861,1,MiMi,1,87608.0,83298.0,5,293,8,7,0,182,11,0,30,22,5,10,12,196,177,0,751,15,0,114,114,239,31,13,7,13,1,13,19,25,0,11,BAKERY|YARN_STORE|PIZZA_SHOP|ICE_CREAM_SHOP|PET_CAFE|YARN_STORE|BAKERY|ICE_CREAM_SHOP
96027056,0,Excluding,1,96951.0,82050.0,5,294,3,13,0,158,0,2,28,13,6,9,-1,133,413,0,571,0,13,209,78,222,31,13,7,19,1,19,13,25,0,14,YARN_STORE|BAKERY|PET_CAFE|ICE_CREAM_SHOP|YARN_STORE|BRUNCH_SPOT|BRUNCH_SPOT|PIZZA_SHOP
96027056,1,カワシギ,0,82050.0,96951.0,5,277,6,12,0,165,11,0,34,20,6,11,12,149,269,0,1542,5,0,231,120,1671,31,13,7,19,1,19,13,25,0,14,YARN_STORE|BAKERY|PET_CAFE|ICE_CREAM_SHOP|YARN_STORE|BRUNCH_SPOT|BRUNCH_SPOT|PIZZA_SHOP
96029146,0,MiMi,0,62886.0,70652.0,5,287,7,8,0,176,6,0,32,21,5,10,12,188,164,0,756,12,0,174,102,190,19,25,1,19,1,19,13,13,0,0,YARN_STORE|PET_CAFE|SMOOTHIE_SHOP|PET_CAFE|BAKERY|BRUNCH_SPOT|SMOOTHIE_SHOP|BAKERY
96029146,1,Seb (allegedly),1,70652.0,62886.0,7,298,5,14,0,112,0,0,22,17,4,8,-1,121,292,0,295,0,0,156,102,340,19,25,1,19,1,19,13,13,0,0,YARN_STORE|PET_CAFE|SMOOTHIE_SHOP|PET_CAFE|BAKERY|BRUNCH_SPOT|SMOOTHIE_SHOP|BAKERY
96031440,0,ReCurSiON,0,49019.0,60440.0,4,262,9,4,0,143,0,0,37,20,6,10,-1,296,200,0,457,0,0,290,114,265,43,19,13,19,1,31,7,1,0,3,FARMERS_MARKET|BAKERY|BRUNCH_SPOT|BAKERY|PET_CAFE|BAKERY|BRUNCH_SPOT|PIZZA_SHOP
96031440,1,MiMi,1,60440.0,49019.0,5,288,6,5,0,179,11,0,43,22,5,10,12,167,125,0,684,9,0,194,126,183,43,19,13,19,1,31,7,1,0,3,FARMERS_MARKET|BAKERY|BRUNCH_SPOT|BAKERY|PET_CAFE|BAKERY|BRUNCH_SPOT|PIZZA_SHOP
96031632,0,Efe Can Celiksoy,0,81730.0,90328.0,5,277,6,8,0,146,16,0,34,20,6,11,-1,189,207,0,840,19,0,225,120,1794,19,13,13,7,1,7,19,37,0,11,YARN_STORE|BAKERY|YARN_STORE|PIZZA_SHOP|PIZZA_SHOP|YARN_STORE|SMOOTHIE_SHOP|PET_CAFE
96031632,1,Ryo Hasegawa,1,90328.0,81730.0,5,290,6,10,0,157,0,0,39,11,6,9,-1,145,254,0,267,0,0,250,66,263,19,13,13,7,1,7,19,37,0,11,YARN_STORE|BAKERY|YARN_STORE|PIZZA_SHOP|PIZZA_SHOP|YARN_STORE|SMOOTHIE_SHOP|PET_CAFE
96033706,0,James Holland,0,69605.0,89259.0,5,278,10,4,0,123,5,0,42,12,6,11,-1,367,268,0,678,10,0,363,160,2750,25,13,1,31,1,19,13,25,0,14,BRUNCH_SPOT|PET_CAFE|YARN_STORE|YARN_STORE|ICE_CREAM_SHOP|BRUNCH_SPOT|BRUNCH_SPOT|SMOOTHIE_SHOP
96033706,1,Hello San Francisco,1,89259.0,69605.0,5,277,6,8,0,133,13,0,42,12,6,11,-1,323,231,0,1480,11,0,554,121,3359,25,13,1,31,1,19,13,25,0,14,BRUNCH_SPOT|PET_CAFE|YARN_STORE|YARN_STORE|ICE_CREAM_SHOP|BRUNCH_SPOT|BRUNCH_SPOT|SMOOTHIE_SHOP
96033737,0,Seb (allegedly),1,90450.0,84146.0,7,301,7,7,0,104,0,0,33,15,4,8,-1,184,160,0,283,0,0,238,90,245,19,13,1,25,1,13,19,25,0,11,BRUNCH_SPOT|BAKERY|YARN_STORE|SMOOTHIE_SHOP|SMOOTHIE_SHOP|PET_CAFE|YARN_STORE|ICE_CREAM_SHOP
96033737,1,MiMi,0,84146.0,90450.0,5,293,8,7,0,173,11,0,43,22,5,10,12,171,161,0,666,21,0,153,126,205,19,13,1,25,1,13,19,25,0,11,BRUNCH_SPOT|BAKERY|YARN_STORE|SMOOTHIE_SHOP|SMOOTHIE_SHOP|PET_CAFE|YARN_STORE|ICE_CREAM_SHOP
96035991,0,Anand,0,59979.0,62737.0,5,277,10,4,0,125,5,0,42,12,6,11,-1,281,170,0,856,11,0,295,72,2932,31,13,13,25,1,19,19,13,0,7,BRUNCH_SPOT|PIZZA_SHOP|PET_CAFE|BRUNCH_SPOT|PIZZA_SHOP|SMOOTHIE_SHOP|BRUNCH_SPOT|YARN_STORE
96035991,1,Hello San Francisco,1,62737.0,59979.0,5,277,10,4,0,133,13,0,42,12,6,11,-1,375,180,0,1483,11,0,552,121,3359,31,13,13,25,1,19,19,13,0,7,BRUNCH_SPOT|PIZZA_SHOP|PET_CAFE|BRUNCH_SPOT|PIZZA_SHOP|SMOOTHIE_SHOP|BRUNCH_SPOT|YARN_STORE
96036021,0,lucaskna,0,98997.0,104514.0,5,277,10,4,0,125,5,0,42,12,6,11,-1,253,120,0,555,10,0,276,72,237,25,31,25,31,1,1,19,13,0,10,PIZZA_SHOP|FARMERS_MARKET|SMOOTHIE_SHOP|FARMERS_MARKET|SMOOTHIE_SHOP|YARN_STORE|PET_CAFE|FARMERS_MARKET
96036021,1,MiMi,1,104514.0,98997.0,5,292,11,3,0,146,11,10,49,12,5,10,12,268,79,0,602,12,37,263,72,180,25,31,25,31,1,1,19,13,0,10,PIZZA_SHOP|FARMERS_MARKET|SMOOTHIE_SHOP|FARMERS_MARKET|SMOOTHIE_SHOP|YARN_STORE|PET_CAFE|FARMERS_MARKET
96038316,0,MiMi,1,55686.0,44163.0,5,289,7,5,0,174,5,9,43,12,5,10,12,174,125,0,523,6,46,225,72,168,31,37,19,19,1,13,7,13,0,0,PET_CAFE|FARMERS_MARKET|PET_CAFE|FARMERS_MARKET|PIZZA_SHOP|BRUNCH_SPOT|BAKERY|YARN_STORE
96038316,1,James Holland,0,44163.0,55686.0,5,278,10,4,0,123,5,0,42,12,6,11,-1,367,268,0,678,10,0,363,160,2750,31,37,19,19,1,13,7,13,0,0,PET_CAFE|FARMERS_MARKET|PET_CAFE|FARMERS_MARKET|PIZZA_SHOP|BRUNCH_SPOT|BAKERY|YARN_STORE
96040559,0,Hello San Francisco,0,88405.0,93677.0,5,277,6,12,0,153,10,0,34,17,6,11,12,284,379,0,2649,4,0,402,147,2804,31,1,7,19,1,25,13,25,0,14,BRUNCH_SPOT|YARN_STORE|YARN_STORE|BAKERY|PIZZA_SHOP|SMOOTHIE_SHOP|BRUNCH_SPOT|BAKERY
96040559,1,Xiaowenhao404,1,93677.0,88405.0,5,277,6,12,0,142,11,0,42,12,6,11,12,189,275,0,1840,8,0,334,80,1622,31,1,7,19,1,25,13,25,0,14,BRUNCH_SPOT|YARN_STORE|YARN_STORE|BAKERY|PIZZA_SHOP|SMOOTHIE_SHOP|BRUNCH_SPOT|BAKERY
96040593,0,MiMi,1,104920.0,100002.0,5,294,9,7,0,164,11,8,31,12,5,10,12,202,151,0,732,15,54,156,72,202,37,7,19,31,1,19,19,13,0,7,YARN_STORE|PIZZA_SHOP|PIZZA_SHOP|FARMERS_MARKET|BRUNCH_SPOT|SMOOTHIE_SHOP|BRUNCH_SPOT|BRUNCH_SPOT
96040593,1,Rayk Kretzschmar,0,100002.0,104920.0,5,277,6,12,0,128,1,0,42,12,6,11,12,255,266,0,1196,2,0,291,72,2701,37,7,19,31,1,19,19,13,0,7,YARN_STORE|PIZZA_SHOP|PIZZA_SHOP|FARMERS_MARKET|BRUNCH_SPOT|SMOOTHIE_SHOP|BRUNCH_SPOT|BRUNCH_SPOT
96042842,0,bplyc15,0,82423.0,83989.0,5,277,6,12,0,150,3,0,34,17,6,11,12,189,270,0,1641,2,0,216,120,2024,31,13,19,1,1,13,19,25,0,5,PIZZA_SHOP|YARN_STORE|PIZZA_SHOP|BAKERY|PET_CAFE|PIZZA_SHOP|YARN_STORE|BAKERY
96042842,1,Hello San Francisco,1,83989.0,82423.0,5,277,6,12,0,153,10,0,34,17,6,11,12,284,379,0,2649,4,0,402,147,2804,31,13,19,1,1,13,19,25,0,5,PIZZA_SHOP|YARN_STORE|PIZZA_SHOP|BAKERY|PET_CAFE|PIZZA_SHOP|YARN_STORE|BAKERY
96042880,0,Xiaowenhao404,0,107265.0,109187.0,5,277,6,12,0,142,10,0,42,12,6,11,12,192,266,0,1809,8,0,352,72,1666,19,13,13,31,1,7,13,37,0,11,YARN_STORE|FARMERS_MARKET|YARN_STORE|FARMERS_MARKET|BRUNCH_SPOT|SMOOTHIE_SHOP|SMOOTHIE_SHOP|YARN_STORE
96042880,1,MiMi,1,109187.0,107265.0,5,292,4,10,0,163,13,8,47,12,5,10,12,96,215,0,535,24,30,235,72,163,19,13,13,31,1,7,13,37,0,11,YARN_STORE|FARMERS_MARKET|YARN_STORE|FARMERS_MARKET|BRUNCH_SPOT|SMOOTHIE_SHOP|SMOOTHIE_SHOP|YARN_STORE
96045133,0,Hello San Francisco,1,100429.0,99399.0,5,277,10,4,0,133,13,0,42,12,6,11,-1,375,181,0,1482,11,0,554,121,3359,37,25,13,37,1,19,13,1,0,3,SMOOTHIE_SHOP|FARMERS_MARKET|ICE_CREAM_SHOP|PET_CAFE|BRUNCH_SPOT|BAKERY|BRUNCH_SPOT|FARMERS_MARKET
96045133,1,James Holland,0,99399.0,100429.0,5,278,10,4,0,123,5,0,42,12,6,11,-1,367,268,0,678,10,0,363,160,2750,37,25,13,37,1,19,13,1,0,3,SMOOTHIE_SHOP|FARMERS_MARKET|ICE_CREAM_SHOP|PET_CAFE|BRUNCH_SPOT|BAKERY|BRUNCH_SPOT|FARMERS_MARKET
96045176,0,MiMi,1,93489.0,82798.0,5,291,12,3,0,168,13,9,42,12,5,10,12,249,79,0,714,22,36,211,72,179,43,13,31,25,1,13,25,1,0,6,PIZZA_SHOP|BAKERY|SMOOTHIE_SHOP|BRUNCH_SPOT|PIZZA_SHOP|FARMERS_MARKET|PIZZA_SHOP|FARMERS_MARKET
96045176,1,peikopon,0,82798.0,93489.0,5,277,10,4,0,127,6,2,32,20,6,11,-1,328,134,0,1151,15,10,260,120,1874,43,13,31,25,1,13,25,1,0,6,PIZZA_SHOP|BAKERY|SMOOTHIE_SHOP|BRUNCH_SPOT|PIZZA_SHOP|FARMERS_MARKET|PIZZA_SHOP|FARMERS_MARKET
96045320,0,James Holland,0,83697.0,94784.0,5,277,10,4,0,127,8,0,34,20,6,11,-1,346,190,0,635,15,0,314,184,242,43,1,13,19,1,19,25,13,0,7,ICE_CREAM_SHOP|BAKERY|PIZZA_SHOP|ICE_CREAM_SHOP|YARN_STORE|BAKERY|BRUNCH_SPOT|PIZZA_SHOP
96045320,1,Seb (allegedly),1,94784.0,83697.0,7,305,11,4,0,87,0,0,30,17,4,8,-1,291,99,0,225,0,0,229,102,269,43,1,13,19,1,19,25,13,0,7,ICE_CREAM_SHOP|BAKERY|PIZZA_SHOP|ICE_CREAM_SHOP|YARN_STORE|BAKERY|BRUNCH_SPOT|PIZZA_SHOP
96045322,0,Crop Dusta,0,91214.0,96316.0,4,296,7,3,0,95,48,0,41,14,5,8,-1,183,78,0,274,122,0,279,84,84,19,31,7,31,1,7,19,13,0,12,BRUNCH_SPOT|SMOOTHIE_SHOP|PET_CAFE|FARMERS_MARKET|ICE_CREAM_SHOP|SMOOTHIE_SHOP|YARN_STORE|PET_CAFE
96045322,1,Izzoudine Mohamed KANTA,1,96316.0,91214.0,5,277,8,6,0,132,6,0,38,12,6,11,-1,279,187,0,871,11,0,296,72,2933,19,31,7,31,1,7,19,13,0,12,BRUNCH_SPOT|SMOOTHIE_SHOP|PET_CAFE|FARMERS_MARKET|ICE_CREAM_SHOP|SMOOTHIE_SHOP|YARN_STORE|PET_CAFE
96047352,0,Kobe BRYANT,0,68794.0,69832.0,5,277,6,8,0,132,6,0,38,12,6,11,-1,279,243,0,879,11,0,292,72,2933,31,13,1,19,1,31,1,25,0,14,PET_CAFE|BRUNCH_SPOT|YARN_STORE|BAKERY|BRUNCH_SPOT|BRUNCH_SPOT|BAKERY|YARN_STORE
96047352,1,SaiKushal185,1,69832.0,68794.0,5,277,6,8,0,129,5,0,42,12,6,11,-1,189,208,0,542,11,0,274,72,234,31,13,1,19,1,31,1,25,0,14,PET_CAFE|BRUNCH_SPOT|YARN_STORE|BAKERY|BRUNCH_SPOT|BRUNCH_SPOT|BAKERY|YARN_STORE
96047429,0,Hello San Francisco,1,83825.0,66039.0,5,277,6,8,0,133,13,0,42,12,6,11,-1,311,233,0,1489,11,0,547,121,3359,31,25,7,7,1,19,13,13,0,0,ICE_CREAM_SHOP|BAKERY|YARN_STORE|BAKERY|PET_CAFE|PET_CAFE|PIZZA_SHOP|BAKERY
96047429,1,Efe Can Celiksoy,0,66039.0,83825.0,5,277,10,4,0,138,16,0,34,20,6,11,-1,278,120,0,998,17,0,251,120,2245,31,25,7,7,1,19,13,13,0,0,ICE_CREAM_SHOP|BAKERY|YARN_STORE|BAKERY|PET_CAFE|PET_CAFE|PIZZA_SHOP|BAKERY
96047466,0,SaiKushal185,0,51882.0,65159.0,5,277,10,4,0,129,5,0,42,12,6,11,-1,279,120,0,542,11,0,274,72,234,19,37,7,7,1,7,13,25,0,12,PET_CAFE|PET_CAFE|ICE_CREAM_SHOP|YARN_STORE|PET_CAFE|YARN_STORE|PIZZA_SHOP|BAKERY
96047466,1,MiMi,1,65159.0,51882.0,5,292,8,6,0,186,5,0,33,12,5,10,12,209,138,0,811,10,0,174,72,222,19,37,7,7,1,7,13,25,0,12,PET_CAFE|PET_CAFE|ICE_CREAM_SHOP|YARN_STORE|PET_CAFE|YARN_STORE|PIZZA_SHOP|BAKERY
96047599,0,peikopon,1,118695.0,113335.0,5,277,6,12,0,132,7,2,32,20,6,11,12,189,271,0,1465,4,10,229,120,1826,25,13,13,13,1,1,25,37,0,2,PIZZA_SHOP|YARN_STORE|YARN_STORE|PIZZA_SHOP|PET_CAFE|ICE_CREAM_SHOP|ICE_CREAM_SHOP|YARN_STORE
96047599,1,Arman Tuganbaev,0,113335.0,118695.0,2,259,11,14,0,150,0,2,29,11,6,11,-1,151,293,0,232,0,8,181,66,335,25,13,13,13,1,1,25,37,0,2,PIZZA_SHOP|YARN_STORE|YARN_STORE|PIZZA_SHOP|PET_CAFE|ICE_CREAM_SHOP|ICE_CREAM_SHOP|YARN_STORE
96047602,0,Subramanya N,1,65266.0,49297.0,6,305,5,2,5,179,54,0,13,20,6,9,-1,132,68,201,526,123,0,95,108,180,25,37,7,13,1,19,13,1,0,0,PET_CAFE|BAKERY|SMOOTHIE_SHOP|PET_CAFE|PIZZA_SHOP|PET_CAFE|BAKERY|BRUNCH_SPOT
96047602,1,tetsuya,0,49297.0,65266.0,6,311,6,6,3,100,72,0,32,8,7,10,-1,191,159,86,212,194,0,191,48,313,25,37,7,13,1,19,13,1,0,0,PET_CAFE|BAKERY|SMOOTHIE_SHOP|PET_CAFE|PIZZA_SHOP|PET_CAFE|BAKERY|BRUNCH_SPOT
96047604,0,tetsuya,0,64092.0,71370.0,6,312,6,6,3,128,0,0,39,12,7,10,-1,186,162,76,282,0,0,254,72,290,43,31,25,31,1,13,13,1,0,4,PET_CAFE|BRUNCH_SPOT|FARMERS_MARKET|FARMERS_MARKET|BAKERY|FARMERS_MARKET|ICE_CREAM_SHOP|PIZZA_SHOP
96047604,1,Subramanya N,1,71370.0,64092.0,6,303,3,2,2,117,64,0,36,16,6,9,-1,102,68,84,396,159,0,229,77,123,43,31,25,31,1,13,13,1,0,4,PET_CAFE|BRUNCH_SPOT|FARMERS_MARKET|FARMERS_MARKET|BAKERY|FARMERS_MARKET|ICE_CREAM_SHOP|PIZZA_SHOP
96047607,0,Ryo Hasegawa,0,98471.0,100734.0,5,290,12,9,0,185,0,0,25,11,5,9,-1,230,211,0,394,0,0,191,66,327,37,7,13,19,1,19,19,13,0,7,SMOOTHIE_SHOP|YARN_STORE|BAKERY|PIZZA_SHOP|ICE_CREAM_SHOP|BAKERY|FARMERS_MARKET|BAKERY
96047607,1,Crop Dusta,1,100734.0,98471.0,4,295,10,10,0,136,0,0,24,20,5,8,-1,223,236,0,452,0,0,162,95,203,37,7,13,19,1,19,19,13,0,7,SMOOTHIE_SHOP|YARN_STORE|BAKERY|PIZZA_SHOP|ICE_CREAM_SHOP|BAKERY|FARMERS_MARKET|BAKERY
96047609,0,Crop Dusta,0,112617.0,121725.0,4,296,11,3,0,123,0,0,42,15,5,8,-1,289,66,0,429,0,0,264,89,123,43,1,19,19,1,13,31,13,0,7,ICE_CREAM_SHOP|BRUNCH_SPOT|ICE_CREAM_SHOP|PIZZA_SHOP|PIZZA_SHOP|PIZZA_SHOP|BAKERY|YARN_STORE
96047609,1,tetsuya,1,121725.0,112617.0,6,313,11,3,1,130,0,0,40,12,7,9,-1,297,99,41,304,0,0,282,72,274,43,1,19,19,1,13,31,13,0,7,ICE_CREAM_SHOP|BRUNCH_SPOT|ICE_CREAM_SHOP|PIZZA_SHOP|PIZZA_SHOP|PIZZA_SHOP|BAKERY|YARN_STORE
96047612,0,Izzoudine Mohamed KANTA,0,104127.0,113939.0,5,277,10,4,0,131,6,0,38,12,6,11,-1,288,140,0,859,11,0,293,72,2933,37,13,13,25,1,19,25,1,0,7,ICE_CREAM_SHOP|PIZZA_SHOP|PIZZA_SHOP|SMOOTHIE_SHOP|BAKERY|BRUNCH_SPOT|BRUNCH_SPOT|PET_CAFE
96047612,1,Arman Tuganbaev,1,113939.0,104127.0,2,277,11,4,0,141,8,0,41,11,6,10,-1,267,136,0,224,21,0,325,66,252,37,13,13,25,1,19,25,1,0,7,ICE_CREAM_SHOP|PIZZA_SHOP|PIZZA_SHOP|SMOOTHIE_SHOP|BAKERY|BRUNCH_SPOT|BRUNCH_SPOT|PET_CAFE
96049624,0,Kobe BRYANT,1,87994.0,86591.0,5,277,6,6,2,132,6,0,38,12,6,11,-1,279,152,56,879,11,0,296,72,2933,31,31,7,37,1,13,19,1,0,1,PET_CAFE|BRUNCH_SPOT|ICE_CREAM_SHOP|BRUNCH_SPOT|SMOOTHIE_SHOP|FARMERS_MARKET|ICE_CREAM_SHOP|PET_CAFE
96049624,1,Efe Can Celiksoy,0,86591.0,87994.0,5,277,10,4,0,126,16,0,42,12,6,11,-1,279,119,0,1020,17,0,286,72,2013,31,31,7,37,1,13,19,1,0,1,PET_CAFE|BRUNCH_SPOT|ICE_CREAM_SHOP|BRUNCH_SPOT|SMOOTHIE_SHOP|FARMERS_MARKET|ICE_CREAM_SHOP|PET_CAFE
96049725,0,Hello San Francisco,1,109297.0,89836.0,5,277,6,12,0,153,10,0,34,17,6,11,12,289,379,0,2651,4,0,409,147,2804,19,13,7,19,1,7,19,37,0,11,PIZZA_SHOP|YARN_STORE|BRUNCH_SPOT|SMOOTHIE_SHOP|YARN_STORE|PET_CAFE|YARN_STORE|ICE_CREAM_SHOP
96049725,1,ReCurSiON,0,89836.0,109297.0,4,262,9,4,0,143,0,0,37,20,6,10,-1,296,200,0,457,0,0,290,114,265,19,13,7,19,1,7,19,37,0,11,PIZZA_SHOP|YARN_STORE|BRUNCH_SPOT|SMOOTHIE_SHOP|YARN_STORE|PET_CAFE|YARN_STORE|ICE_CREAM_SHOP
96049776,0,SaiKushal185,0,137188.0,142314.0,5,277,6,12,0,150,3,0,34,20,6,11,12,187,256,0,1002,4,0,202,120,294,37,19,19,37,1,1,19,25,0,13,ICE_CREAM_SHOP|YARN_STORE|ICE_CREAM_SHOP|YARN_STORE|FARMERS_MARKET|FARMERS_MARKET|FARMERS_MARKET|ICE_CREAM_SHOP
96049776,1,MiMi,1,142314.0,137188.0,5,295,9,9,0,156,11,0,44,12,5,10,12,202,195,0,671,15,0,238,72,222,37,19,19,37,1,1,19,25,0,13,ICE_CREAM_SHOP|YARN_STORE|ICE_CREAM_SHOP|YARN_STORE|FARMERS_MARKET|FARMERS_MARKET|FARMERS_MARKET|ICE_CREAM_SHOP
96051922,0,Kobe BRYANT,1,81134.0,80013.0,5,277,10,4,0,131,6,0,38,12,6,11,-1,279,150,0,858,11,0,291,72,2933,37,13,25,25,1,13,19,13,0,5,BRUNCH_SPOT|PIZZA_SHOP|SMOOTHIE_SHOP|BAKERY|FARMERS_MARKET|FARMERS_MARKET|YARN_STORE|PIZZA_SHOP
96051922,1,Anand,0,80013.0,81134.0,5,277,10,4,0,125,5,0,42,12,6,11,-1,294,179,0,856,11,0,296,72,2932,37,13,25,25,1,13,19,13,0,5,BRUNCH_SPOT|PIZZA_SHOP|SMOOTHIE_SHOP|BAKERY|FARMERS_MARKET|FARMERS_MARKET|YARN_STORE|PIZZA_SHOP
96052000,0,Hello San Francisco,1,110300.0,105682.0,5,277,10,4,0,133,13,0,42,12,6,11,-1,375,181,0,1482,11,0,554,121,3359,37,25,19,37,1,1,31,1,0,6,ICE_CREAM_SHOP|PET_CAFE|FARMERS_MARKET|PIZZA_SHOP|SMOOTHIE_SHOP|FARMERS_MARKET|ICE_CREAM_SHOP|ICE_CREAM_SHOP
96052000,1,Kobe BRYANT,0,105682.0,110300.0,5,277,8,6,0,132,6,0,38,12,6,11,-1,279,153,0,879,11,0,294,72,2933,37,25,19,37,1,1,31,1,0,6,ICE_CREAM_SHOP|PET_CAFE|FARMERS_MARKET|PIZZA_SHOP|SMOOTHIE_SHOP|FARMERS_MARKET|ICE_CREAM_SHOP|ICE_CREAM_SHOP
96052031,0,SaiKushal185,0,115202.0,119945.0,5,277,10,4,0,129,5,0,42,12,6,11,-1,279,120,0,542,11,0,268,72,235,37,7,13,25,1,13,25,13,0,7,ICE_CREAM_SHOP|SMOOTHIE_SHOP|BAKERY|ICE_CREAM_SHOP|BAKERY|PIZZA_SHOP|FARMERS_MARKET|YARN_STORE
96052031,1,MiMi,1,119945.0,115202.0,5,291,11,3,0,161,12,0,52,12,5,10,12,269,75,0,610,12,0,248,72,183,37,7,13,25,1,13,25,13,0,7,ICE_CREAM_SHOP|SMOOTHIE_SHOP|BAKERY|ICE_CREAM_SHOP|BAKERY|PIZZA_SHOP|FARMERS_MARKET|YARN_STORE
96054218,0,Anand,0,107500.0,108742.0,5,277,8,6,0,125,5,0,42,12,6,11,-1,279,193,0,856,11,0,295,72,2932,37,19,7,37,1,7,31,1,0,8,FARMERS_MARKET|BAKERY|ICE_CREAM_SHOP|ICE_CREAM_SHOP|ICE_CREAM_SHOP|ICE_CREAM_SHOP|PET_CAFE|SMOOTHIE_SHOP
96054218,1,Kobe BRYANT,1,108742.0,107500.0,5,277,6,6,2,132,6,0,38,12,6,11,-1,279,164,56,886,11,0,294,72,2933,37,19,7,37,1,7,31,1,0,8,FARMERS_MARKET|BAKERY|ICE_CREAM_SHOP|ICE_CREAM_SHOP|ICE_CREAM_SHOP|ICE_CREAM_SHOP|PET_CAFE|SMOOTHIE_SHOP
96054285,0,Hello San Francisco,1,117922.0,115713.0,5,277,10,4,0,133,13,0,42,12,6,11,-1,375,174,0,1482,11,0,565,121,3359,37,13,25,31,1,7,31,1,0,6,PIZZA_SHOP|SMOOTHIE_SHOP|FARMERS_MARKET|PIZZA_SHOP|ICE_CREAM_SHOP|SMOOTHIE_SHOP|FARMERS_MARKET|BAKERY
96054285,1,ReCurSiON,0,115713.0,117922.0,4,262,9,4,0,143,0,0,37,20,6,10,-1,296,200,0,457,0,0,290,114,265,37,13,25,31,1,7,31,1,0,6,PIZZA_SHOP|SMOOTHIE_SHOP|FARMERS_MARKET|PIZZA_SHOP|ICE_CREAM_SHOP|SMOOTHIE_SHOP|FARMERS_MARKET|BAKERY
96054328,0,MiMi,1,78339.0,77877.0,5,287,8,4,0,159,3,8,59,12,5,10,12,168,102,0,485,6,33,275,72,158,25,37,19,25,1,1,19,13,0,10,ICE_CREAM_SHOP|PET_CAFE|FARMERS_MARKET|FARMERS_MARKET|PET_CAFE|SMOOTHIE_SHOP|PIZZA_SHOP|YARN_STORE
96054328,1,Rayk Kretzschmar,0,77877.0,78339.0,5,277,10,4,0,125,8,0,42,12,6,11,-1,280,175,0,856,11,0,296,72,2932,25,37,19,25,1,1,19,13,0,10,ICE_CREAM_SHOP|PET_CAFE|FARMERS_MARKET|FARMERS_MARKET|PET_CAFE|SMOOTHIE_SHOP|PIZZA_SHOP|YARN_STORE
96056500,0,Seb (allegedly),0,65640.0,66096.0,7,300,6,8,0,134,0,0,21,20,4,8,-1,120,188,0,365,0,0,163,120,271,25,19,7,25,1,19,7,25,0,14,BAKERY|PET_CAFE|YARN_STORE|FARMERS_MARKET|BRUNCH_SPOT|BRUNCH_SPOT|SMOOTHIE_SHOP|YARN_STORE
96056500,1,Kobe BRYANT,1,66096.0,65640.0,5,277,6,8,0,132,6,0,38,12,6,11,-1,279,242,0,879,11,0,294,72,2933,25,19,7,25,1,19,7,25,0,14,BAKERY|PET_CAFE|YARN_STORE|FARMERS_MARKET|BRUNCH_SPOT|BRUNCH_SPOT|SMOOTHIE_SHOP|YARN_STORE
96056575,0,Hello San Francisco,0,67263.0,73431.0,5,277,10,4,0,133,13,0,42,12,6,11,-1,360,167,0,1488,11,0,558,121,3359,19,13,1,25,1,13,19,25,0,11,BAKERY|SMOOTHIE_SHOP|PET_CAFE|YARN_STORE|ICE_CREAM_SHOP|YARN_STORE|SMOOTHIE_SHOP|BRUNCH_SPOT
96056575,1,ReCurSiON,1,73431.0,67263.0,4,262,9,4,0,143,0,0,37,20,6,10,-1,296,200,0,457,0,0,290,114,265,19,13,1,25,1,13,19,25,0,11,BAKERY|SMOOTHIE_SHOP|PET_CAFE|YARN_STORE|ICE_CREAM_SHOP|YARN_STORE|SMOOTHIE_SHOP|BRUNCH_SPOT
96056603,0,Kostiantyn Isaienkov,0,53684.0,63594.0,5,277,10,4,0,131,12,0,42,12,6,11,-1,279,120,0,786,9,0,281,72,2380,31,31,7,25,1,25,7,1,0,0,SMOOTHIE_SHOP|BAKERY|PET_CAFE|BRUNCH_SPOT|PET_CAFE|FARMERS_MARKET|BAKERY|BRUNCH_SPOT
96056603,1,MiMi,1,63594.0,53684.0,5,284,8,4,0,183,13,0,42,12,5,10,12,186,66,0,685,21,0,233,72,151,31,31,7,25,1,25,7,1,0,0,SMOOTHIE_SHOP|BAKERY|PET_CAFE|BRUNCH_SPOT|PET_CAFE|FARMERS_MARKET|BAKERY|BRUNCH_SPOT
96056708,0,Subramanya N,0,71335.0,76019.0,6,300,6,3,2,143,13,0,35,15,6,9,-1,171,93,32,461,24,0,217,83,165,25,13,7,19,1,19,13,25,0,14,PIZZA_SHOP|BRUNCH_SPOT|PET_CAFE|SMOOTHIE_SHOP|BRUNCH_SPOT|BAKERY|YARN_STORE|YARN_STORE
96056708,1,Excluding,1,76019.0,71335.0,5,300,11,3,0,140,0,7,32,17,6,10,-1,349,94,0,584,0,34,233,102,402,25,13,7,19,1,19,13,25,0,14,PIZZA_SHOP|BRUNCH_SPOT|PET_CAFE|SMOOTHIE_SHOP|BRUNCH_SPOT|BAKERY|YARN_STORE|YARN_STORE
96058865,0,SaiKushal185,1,124492.0,122100.0,5,277,10,4,0,129,5,0,42,12,6,11,-1,279,120,0,542,11,0,274,72,234,25,13,1,25,1,13,25,13,0,1,SMOOTHIE_SHOP|SMOOTHIE_SHOP|BAKERY|ICE_CREAM_SHOP|BAKERY|ICE_CREAM_SHOP|PET_CAFE|YARN_STORE
96058865,1,Hello San Francisco,0,122100.0,124492.0,5,277,10,4,0,133,13,0,42,12,6,11,-1,375,181,0,1482,11,0,554,121,3359,25,13,1,25,1,13,25,13,0,1,SMOOTHIE_SHOP|SMOOTHIE_SHOP|BAKERY|ICE_CREAM_SHOP|BAKERY|ICE_CREAM_SHOP|PET_CAFE|YARN_STORE
96058895,0,lucaskna,0,148779.0,159846.0,5,277,10,4,0,127,6,0,34,20,6,11,-1,270,119,0,435,15,0,253,114,242,37,7,13,43,1,1,43,1,0,8,SMOOTHIE_SHOP|SMOOTHIE_SHOP|ICE_CREAM_SHOP|FARMERS_MARKET|ICE_CREAM_SHOP|ICE_CREAM_SHOP|PIZZA_SHOP|ICE_CREAM_SHOP
96058895,1,MiMi,1,159846.0,148779.0,5,289,16,3,0,121,10,0,58,12,5,10,12,272,66,0,488,12,0,319,72,187,37,7,13,43,1,1,43,1,0,8,SMOOTHIE_SHOP|SMOOTHIE_SHOP|ICE_CREAM_SHOP|FARMERS_MARKET|ICE_CREAM_SHOP|ICE_CREAM_SHOP|PIZZA_SHOP|ICE_CREAM_SHOP
96061093,0,Michael Timbs,0,106242.0,111165.0,5,277,10,4,0,125,15,0,42,12,6,11,-1,279,120,0,730,15,0,291,72,283,37,13,19,31,1,13,19,13,0,7,FARMERS_MARKET|YARN_STORE|SMOOTHIE_SHOP|ICE_CREAM_SHOP|BRUNCH_SPOT|PIZZA_SHOP|BAKERY|FARMERS_MARKET
96061093,1,Kobe BRYANT,1,111165.0,106242.0,5,277,6,12,0,152,4,0,34,17,6,11,12,232,270,0,1653,4,0,227,120,2019,37,13,19,31,1,13,19,13,0,7,FARMERS_MARKET|YARN_STORE|SMOOTHIE_SHOP|ICE_CREAM_SHOP|BRUNCH_SPOT|PIZZA_SHOP|BAKERY|FARMERS_MARKET
96061192,0,MiMi,1,91753.0,77235.0,5,289,5,7,0,168,13,8,44,12,5,10,12,114,167,0,646,9,52,247,72,141,43,31,37,31,1,7,7,13,0,4,FARMERS_MARKET|YARN_STORE|FARMERS_MARKET|PIZZA_SHOP|BAKERY|FARMERS_MARKET|FARMERS_MARKET|FARMERS_MARKET
96061192,1,カワシギ,0,77235.0,91753.0,5,277,6,12,0,157,11,0,42,12,6,11,12,153,256,0,1187,6,0,282,72,1704,43,31,37,31,1,7,7,13,0,4,FARMERS_MARKET|YARN_STORE|FARMERS_MARKET|PIZZA_SHOP|BAKERY|FARMERS_MARKET|FARMERS_MARKET|FARMERS_MARKET
96063380,0,SaiKushal185,0,68985.0,70611.0,5,277,10,4,0,129,5,0,42,12,6,11,-1,279,120,0,542,11,0,274,72,234,19,25,7,7,1,13,13,25,0,11,SMOOTHIE_SHOP|BAKERY|PIZZA_SHOP|BAKERY|YARN_STORE|PET_CAFE|YARN_STORE|PET_CAFE
96063380,1,Kobe BRYANT,1,70611.0,68985.0,5,277,10,4,0,132,6,0,38,12,6,11,-1,279,171,0,879,11,0,294,72,2933,19,25,7,7,1,13,13,25,0,11,SMOOTHIE_SHOP|BAKERY|PIZZA_SHOP|BAKERY|YARN_STORE|PET_CAFE|YARN_STORE|PET_CAFE
96063448,0,Seb (allegedly),1,105605.0,98380.0,7,308,5,14,0,130,0,0,30,19,4,8,10,119,300,0,315,0,0,216,114,298,25,31,25,25,1,1,13,25,0,13,YARN_STORE|FARMERS_MARKET|SMOOTHIE_SHOP|PET_CAFE|YARN_STORE|FARMERS_MARKET|FARMERS_MARKET|PIZZA_SHOP
96063448,1,Hello San Francisco,0,98380.0,105605.0,5,277,6,12,0,136,9,0,42,12,6,11,12,300,350,0,1722,2,0,513,116,3257,25,31,25,25,1,1,13,25,0,13,YARN_STORE|FARMERS_MARKET|SMOOTHIE_SHOP|PET_CAFE|YARN_STORE|FARMERS_MARKET|FARMERS_MARKET|PIZZA_SHOP
96063481,0,MiMi,1,137503.0,126761.0,5,292,14,3,0,133,11,8,56,12,5,10,12,291,70,0,485,6,23,285,72,198,25,7,19,25,1,1,31,25,0,2,FARMERS_MARKET|SMOOTHIE_SHOP|SMOOTHIE_SHOP|PIZZA_SHOP|ICE_CREAM_SHOP|YARN_STORE|PIZZA_SHOP|YARN_STORE
96063481,1,Xiaowenhao404,0,126761.0,137503.0,5,277,10,4,0,127,15,0,42,12,6,11,-1,285,119,0,1193,18,0,1280,72,1806,25,7,19,25,1,1,31,25,0,2,FARMERS_MARKET|SMOOTHIE_SHOP|SMOOTHIE_SHOP|PIZZA_SHOP|ICE_CREAM_SHOP|YARN_STORE|PIZZA_SHOP|YARN_STORE
96065670,0,Luan Kunyu,0,71334.0,73337.0,5,277,10,4,0,125,5,0,42,12,6,11,-1,280,154,0,856,11,0,279,72,2932,31,19,13,25,1,13,19,13,0,1,BAKERY|SMOOTHIE_SHOP|PIZZA_SHOP|YARN_STORE|PET_CAFE|BRUNCH_SPOT|FARMERS_MARKET|ICE_CREAM_SHOP
96065670,1,Kobe BRYANT,1,73337.0,71334.0,5,277,10,4,0,132,6,0,38,12,6,11,-1,279,172,0,871,11,0,294,72,2933,31,19,13,25,1,13,19,13,0,1,BAKERY|SMOOTHIE_SHOP|PIZZA_SHOP|YARN_STORE|PET_CAFE|BRUNCH_SPOT|FARMERS_MARKET|ICE_CREAM_SHOP
96065743,0,webmaking,0,54958.0,56647.0,5,277,8,6,0,125,5,0,42,12,6,11,-1,237,136,0,556,11,0,259,72,223,37,25,19,13,1,19,7,13,0,0,BAKERY|FARMERS_MARKET|FARMERS_MARKET|PIZZA_SHOP|YARN_STORE|PET_CAFE|BAKERY|BAKERY
96065743,1,Hello San Francisco,1,56647.0,54958.0,5,277,8,6,0,133,13,0,42,12,6,11,-1,347,199,0,1484,11,0,554,121,3359,37,25,19,13,1,19,7,13,0,0,BAKERY|FARMERS_MARKET|FARMERS_MARKET|PIZZA_SHOP|YARN_STORE|PET_CAFE|BAKERY|BAKERY
96065767,0,lucaskna,0,72147.0,79209.0,5,278,6,8,0,125,5,0,42,12,6,11,-1,185,208,0,549,11,0,276,72,236,37,7,13,25,1,13,25,13,0,7,BAKERY|FARMERS_MARKET|YARN_STORE|SMOOTHIE_SHOP|PIZZA_SHOP|ICE_CREAM_SHOP|BAKERY|ICE_CREAM_SHOP
96065767,1,MiMi,1,79209.0,72147.0,5,292,8,7,0,163,12,8,43,12,5,10,12,189,170,0,677,18,24,205,72,195,37,7,13,25,1,13,25,13,0,7,BAKERY|FARMERS_MARKET|YARN_STORE|SMOOTHIE_SHOP|PIZZA_SHOP|ICE_CREAM_SHOP|BAKERY|ICE_CREAM_SHOP
96067947,0,Efe Can Celiksoy,0,124609.0,126094.0,5,277,10,4,0,126,16,0,42,12,6,11,-1,279,119,0,1020,17,0,286,72,2013,37,7,19,37,1,7,37,1,0,6,BRUNCH_SPOT|PIZZA_SHOP|ICE_CREAM_SHOP|PIZZA_SHOP|SMOOTHIE_SHOP|SMOOTHIE_SHOP|ICE_CREAM_SHOP|FARMERS_MARKET
96067947,1,Kobe BRYANT,1,126094.0,124609.0,5,277,10,4,0,132,6,0,38,12,6,11,-1,280,140,0,877,11,0,296,72,2933,37,7,19,37,1,7,37,1,0,6,BRUNCH_SPOT|PIZZA_SHOP|ICE_CREAM_SHOP|PIZZA_SHOP|SMOOTHIE_SHOP|SMOOTHIE_SHOP|ICE_CREAM_SHOP|FARMERS_MARKET
96068022,0,Hello San Francisco,1,55045.0,53749.0,5,277,10,4,0,133,13,0,42,12,6,11,-1,375,179,0,1480,11,0,554,121,3359,43,31,31,31,1,7,19,1,0,4,PET_CAFE|PIZZA_SHOP|FARMERS_MARKET|PIZZA_SHOP|BRUNCH_SPOT|FARMERS_MARKET|FARMERS_MARKET|ICE_CREAM_SHOP
96068022,1,SaiKushal185,0,53749.0,55045.0,5,277,10,4,0,129,5,0,42,12,6,11,-1,279,120,0,542,11,0,274,72,234,43,31,31,31,1,7,19,1,0,4,PET_CAFE|PIZZA_SHOP|FARMERS_MARKET|PIZZA_SHOP|BRUNCH_SPOT|FARMERS_MARKET|FARMERS_MARKET|ICE_CREAM_SHOP
96068053,0,カワシギ,0,42685.0,50077.0,5,277,10,4,0,129,14,0,42,12,6,11,-1,237,109,0,652,10,0,286,72,2507,13,37,1,19,1,7,19,13,0,12,PET_CAFE|PET_CAFE|SMOOTHIE_SHOP|PET_CAFE|SMOOTHIE_SHOP|BAKERY|YARN_STORE|ICE_CREAM_SHOP
96068053,1,MiMi,1,50077.0,42685.0,5,288,8,4,0,204,5,0,30,12,5,10,12,201,104,0,651,9,0,177,72,224,13,37,1,19,1,7,19,13,0,12,PET_CAFE|PET_CAFE|SMOOTHIE_SHOP|PET_CAFE|SMOOTHIE_SHOP|BAKERY|YARN_STORE|ICE_CREAM_SHOP
96070235,0,Kobe BRYANT,1,75643.0,61875.0,5,277,6,6,2,132,6,0,38,12,6,11,-1,279,220,56,879,11,0,294,72,2933,43,13,25,25,1,19,13,13,0,7,FARMERS_MARKET|BAKERY|PIZZA_SHOP|YARN_STORE|PIZZA_SHOP|BRUNCH_SPOT|FARMERS_MARKET|BRUNCH_SPOT
96070235,1,bplyc15,0,61875.0,75643.0,5,277,10,4,0,129,5,0,42,12,6,11,-1,279,120,0,856,11,0,274,72,2932,43,13,25,25,1,19,13,13,0,7,FARMERS_MARKET|BAKERY|PIZZA_SHOP|YARN_STORE|PIZZA_SHOP|BRUNCH_SPOT|FARMERS_MARKET|BRUNCH_SPOT
96070317,0,Seb (allegedly),1,85992.0,82027.0,7,306,6,11,0,111,0,0,19,19,4,8,-1,182,248,0,273,0,0,142,114,337,31,19,13,19,1,13,13,25,0,13,YARN_STORE|BRUNCH_SPOT|PIZZA_SHOP|BAKERY|ICE_CREAM_SHOP|FARMERS_MARKET|YARN_STORE|PET_CAFE
96070317,1,Hello San Francisco,0,82027.0,85992.0,5,277,6,12,0,136,9,0,42,12,6,11,12,300,350,0,1726,2,0,513,116,3257,31,19,13,19,1,13,13,25,0,13,YARN_STORE|BRUNCH_SPOT|PIZZA_SHOP|BAKERY|ICE_CREAM_SHOP|FARMERS_MARKET|YARN_STORE|PET_CAFE
96070352,0,peikopon,0,107406.0,121549.0,5,277,10,4,0,126,6,4,30,20,6,11,-1,323,139,0,1152,15,20,260,120,1876,25,25,13,13,1,7,25,13,0,1,PIZZA_SHOP|SMOOTHIE_SHOP|PIZZA_SHOP|YARN_STORE|BAKERY|ICE_CREAM_SHOP|PET_CAFE|PET_CAFE
96070352,1,MiMi,1,121549.0,107406.0,5,295,13,6,0,154,12,8,39,12,5,10,12,299,134,0,646,6,34,167,72,256,25,25,13,13,1,7,25,13,0,1,PIZZA_SHOP|SMOOTHIE_SHOP|PIZZA_SHOP|YARN_STORE|BAKERY|ICE_CREAM_SHOP|PET_CAFE|PET_CAFE
96072521,0,peikopon,1,121529.0,120553.0,5,278,12,3,0,93,35,0,38,12,6,11,-1,310,179,0,675,67,0,275,72,2750,25,19,13,31,1,7,25,13,0,1,SMOOTHIE_SHOP|ICE_CREAM_SHOP|PET_CAFE|SMOOTHIE_SHOP|FARMERS_MARKET|BRUNCH_SPOT|YARN_STORE|PIZZA_SHOP
96072521,1,Kobe BRYANT,0,120553.0,121529.0,5,277,10,4,0,132,6,0,38,12,6,11,-1,280,159,0,871,11,0,301,72,2933,25,19,13,31,1,7,25,13,0,1,SMOOTHIE_SHOP|ICE_CREAM_SHOP|PET_CAFE|SMOOTHIE_SHOP|FARMERS_MARKET|BRUNCH_SPOT|YARN_STORE|PIZZA_SHOP
96072606,0,Hello San Francisco,1,81744.0,80619.0,5,277,8,6,0,133,13,0,42,12,6,11,-1,335,198,0,1492,11,0,549,121,3359,43,7,13,37,1,25,19,1,0,9,BRUNCH_SPOT|BRUNCH_SPOT|PIZZA_SHOP|BAKERY|BRUNCH_SPOT|SMOOTHIE_SHOP|FARMERS_MARKET|ICE_CREAM_SHOP
96072606,1,Efe Can Celiksoy,0,80619.0,81744.0,5,277,10,4,0,138,16,0,34,20,6,11,-1,278,120,0,998,17,0,251,120,2245,43,7,13,37,1,25,19,1,0,9,BRUNCH_SPOT|BRUNCH_SPOT|PIZZA_SHOP|BAKERY|BRUNCH_SPOT|SMOOTHIE_SHOP|FARMERS_MARKET|ICE_CREAM_SHOP
96072633,0,MiMi,1,80692.0,80519.0,5,291,8,5,0,143,12,0,55,12,5,10,12,211,113,0,553,18,0,303,72,174,43,7,13,31,1,19,19,13,0,9,BAKERY|BRUNCH_SPOT|ICE_CREAM_SHOP|ICE_CREAM_SHOP|YARN_STORE|PIZZA_SHOP|FARMERS_MARKET|BRUNCH_SPOT
96072633,1,Izzoudine Mohamed KANTA,0,80519.0,80692.0,5,277,6,6,2,132,6,0,38,12,6,11,-1,279,216,56,871,11,0,296,72,2933,43,7,13,31,1,19,19,13,0,9,BAKERY|BRUNCH_SPOT|ICE_CREAM_SHOP|ICE_CREAM_SHOP|YARN_STORE|PIZZA_SHOP|FARMERS_MARKET|BRUNCH_SPOT
96072709,0,ReCurSiON,0,63544.0,66953.0,4,263,9,4,0,140,0,0,37,20,6,10,-1,359,189,0,485,0,0,313,114,279,43,25,13,31,1,19,13,1,0,3,BAKERY|BRUNCH_SPOT|PET_CAFE|ICE_CREAM_SHOP|ICE_CREAM_SHOP|FARMERS_MARKET|BAKERY|FARMERS_MARKET
96072709,1,Excluding,1,66953.0,63544.0,5,301,6,3,0,171,0,2,32,17,6,9,-1,237,94,0,673,0,8,237,102,255,43,25,13,31,1,19,13,1,0,3,BAKERY|BRUNCH_SPOT|PET_CAFE|ICE_CREAM_SHOP|ICE_CREAM_SHOP|FARMERS_MARKET|BAKERY|FARMERS_MARKET
96074796,0,u,1,84247.0,82478.0,5,277,10,4,0,125,5,0,42,12,6,11,-1,281,111,0,856,11,0,279,72,2999,37,25,7,25,1,13,25,1,0,1,BRUNCH_SPOT|ICE_CREAM_SHOP|PIZZA_SHOP|PET_CAFE|ICE_CREAM_SHOP|BAKERY|ICE_CREAM_SHOP|PET_CAFE
96074796,1,Victor @ Tufa Labs,0,82478.0,84247.0,5,277,10,4,0,125,5,0,42,12,6,11,-1,280,194,0,13471,11,0,311,72,2966,37,25,7,25,1,13,25,1,0,1,BRUNCH_SPOT|ICE_CREAM_SHOP|PIZZA_SHOP|PET_CAFE|ICE_CREAM_SHOP|BAKERY|ICE_CREAM_SHOP|PET_CAFE
96074814,0,Kobe BRYANT,1,77712.0,67288.0,5,277,6,6,2,132,6,0,38,12,6,11,-1,279,164,56,890,11,0,294,72,2934,49,13,19,25,1,31,7,1,0,3,FARMERS_MARKET|FARMERS_MARKET|BRUNCH_SPOT|BAKERY|BAKERY|BAKERY|BRUNCH_SPOT|PIZZA_SHOP
96074814,1,Rayk Kretzschmar,0,67288.0,77712.0,5,277,8,6,0,125,5,0,42,12,6,11,-1,279,190,0,856,11,0,274,72,2932,49,13,19,25,1,31,7,1,0,3,FARMERS_MARKET|FARMERS_MARKET|BRUNCH_SPOT|BAKERY|BAKERY|BAKERY|BRUNCH_SPOT|PIZZA_SHOP
96074878,0,Hello San Francisco,1,137899.0,134997.0,5,277,10,4,0,133,13,0,42,12,6,11,-1,375,181,0,1482,11,0,554,121,3359,25,19,19,49,1,1,31,1,0,8,SMOOTHIE_SHOP|SMOOTHIE_SHOP|FARMERS_MARKET|FARMERS_MARKET|SMOOTHIE_SHOP|FARMERS_MARKET|ICE_CREAM_SHOP|SMOOTHIE_SHOP
96074878,1,Kenjo1209,0,134997.0,137899.0,5,277,10,4,0,128,5,0,42,12,6,11,-1,280,135,0,891,11,0,297,72,2939,25,19,19,49,1,1,31,1,0,8,SMOOTHIE_SHOP|SMOOTHIE_SHOP|FARMERS_MARKET|FARMERS_MARKET|SMOOTHIE_SHOP|FARMERS_MARKET|ICE_CREAM_SHOP|SMOOTHIE_SHOP
96074913,0,Crop Dusta,1,88920.0,86494.0,4,296,5,14,1,104,0,0,41,14,5,8,-1,120,191,39,410,0,0,257,84,151,31,19,13,19,1,19,7,25,0,14,BRUNCH_SPOT|BRUNCH_SPOT|PIZZA_SHOP|YARN_STORE|YARN_STORE|PET_CAFE|BAKERY|FARMERS_MARKET
96074913,1,MiMi,0,86494.0,88920.0,5,296,8,9,0,162,11,0,44,22,5,10,12,214,176,0,528,12,0,210,96,273,31,19,13,19,1,19,7,25,0,14,BRUNCH_SPOT|BRUNCH_SPOT|PIZZA_SHOP|YARN_STORE|YARN_STORE|PET_CAFE|BAKERY|FARMERS_MARKET
96077109,0,Ryo Hasegawa,1,84152.0,82518.0,5,290,9,3,0,149,19,0,36,11,6,10,-1,231,99,0,358,48,0,256,66,207,37,25,13,13,1,19,19,1,0,0,ICE_CREAM_SHOP|PIZZA_SHOP|PET_CAFE|PIZZA_SHOP|BAKERY|PET_CAFE|BRUNCH_SPOT|BAKERY
96077109,1,Kobe BRYANT,0,82518.0,84152.0,5,277,10,4,0,132,6,0,38,12,6,11,-1,280,140,0,882,11,0,296,72,2933,37,25,13,13,1,19,19,1,0,0,ICE_CREAM_SHOP|PIZZA_SHOP|PET_CAFE|PIZZA_SHOP|BAKERY|PET_CAFE|BRUNCH_SPOT|BAKERY
96077183,0,Hello San Francisco,0,56371.0,60930.0,5,277,6,8,0,133,13,0,42,12,6,11,-1,323,217,0,1488,11,0,551,121,3359,37,25,13,25,1,19,7,13,0,3,BAKERY|PET_CAFE|YARN_STORE|FARMERS_MARKET|BRUNCH_SPOT|ICE_CREAM_SHOP|BAKERY|FARMERS_MARKET
96077183,1,Xiaowenhao404,1,60930.0,56371.0,5,277,6,8,0,131,14,0,42,12,6,11,-1,1178,208,0,1350,16,0,306,77,1765,37,25,13,25,1,19,7,13,0,3,BAKERY|PET_CAFE|YARN_STORE|FARMERS_MARKET|BRUNCH_SPOT|ICE_CREAM_SHOP|BAKERY|FARMERS_MARKET
96077206,0,カワシギ,0,96293.0,106637.0,5,277,6,12,0,139,14,0,42,12,6,11,12,189,261,0,1675,10,0,275,72,2012,25,13,7,13,1,13,19,25,0,11,YARN_STORE|ICE_CREAM_SHOP|BAKERY|YARN_STORE|PIZZA_SHOP|SMOOTHIE_SHOP|BAKERY|PET_CAFE
96077206,1,MiMi,1,106637.0,96293.0,5,295,8,10,0,166,13,0,39,12,5,10,12,195,222,0,669,15,0,193,72,239,25,13,7,13,1,13,19,25,0,11,YARN_STORE|ICE_CREAM_SHOP|BAKERY|YARN_STORE|PIZZA_SHOP|SMOOTHIE_SHOP|BAKERY|PET_CAFE
96079388,0,Ryo Hasegawa,0,106785.0,109415.0,5,290,9,3,0,154,0,0,36,11,6,10,-1,234,99,0,328,0,0,268,66,210,37,1,13,19,1,13,31,13,0,7,PIZZA_SHOP|ICE_CREAM_SHOP|ICE_CREAM_SHOP|BAKERY|BAKERY|YARN_STORE|SMOOTHIE_SHOP|PIZZA_SHOP
96079388,1,Kobe BRYANT,1,109415.0,106785.0,5,277,10,4,0,132,6,0,38,12,6,11,-1,280,158,0,871,11,0,296,72,2933,37,1,13,19,1,13,31,13,0,7,PIZZA_SHOP|ICE_CREAM_SHOP|ICE_CREAM_SHOP|BAKERY|BAKERY|YARN_STORE|SMOOTHIE_SHOP|PIZZA_SHOP
96079465,0,Rorical,1,123831.0,123578.0,5,277,10,4,0,133,13,0,42,12,6,11,-1,279,116,0,536,11,0,274,72,236,31,19,19,25,1,7,25,13,0,5,SMOOTHIE_SHOP|FARMERS_MARKET|ICE_CREAM_SHOP|YARN_STORE|PIZZA_SHOP|PIZZA_SHOP|PET_CAFE|BRUNCH_SPOT
96079465,1,Hello San Francisco,0,123578.0,123831.0,5,277,10,4,0,133,13,0,42,12,6,11,-1,375,181,0,1482,11,0,554,121,3359,31,19,19,25,1,7,25,13,0,5,SMOOTHIE_SHOP|FARMERS_MARKET|ICE_CREAM_SHOP|YARN_STORE|PIZZA_SHOP|PIZZA_SHOP|PET_CAFE|BRUNCH_SPOT
96081667,0,Crop Dusta,0,94851.0,100573.0,4,296,8,3,0,89,59,0,42,14,5,8,-1,195,64,0,205,132,0,293,84,77,43,25,13,31,1,19,13,1,0,3,FARMERS_MARKET|ICE_CREAM_SHOP|ICE_CREAM_SHOP|PET_CAFE|BRUNCH_SPOT|FARMERS_MARKET|BAKERY|BAKERY
96081667,1,Kobe BRYANT,1,100573.0,94851.0,5,277,10,4,0,132,6,0,38,12,6,11,-1,279,143,0,884,11,0,296,72,2933,43,25,13,31,1,19,13,1,0,3,FARMERS_MARKET|ICE_CREAM_SHOP|ICE_CREAM_SHOP|PET_CAFE|BRUNCH_SPOT|FARMERS_MARKET|BAKERY|BAKERY
96081740,0,SaiKushal185,1,90143.0,88244.0,5,277,10,4,0,129,5,0,42,12,6,11,-1,279,120,0,542,11,0,274,72,234,19,31,13,25,1,7,19,13,0,12,FARMERS_MARKET|SMOOTHIE_SHOP|BRUNCH_SPOT|PET_CAFE|YARN_STORE|PIZZA_SHOP|SMOOTHIE_SHOP|PET_CAFE
96081740,1,Hello San Francisco,0,88244.0,90143.0,5,277,10,4,0,133,13,0,42,12,6,11,-1,375,181,0,1482,11,0,554,121,3359,19,31,13,25,1,7,19,13,0,12,FARMERS_MARKET|SMOOTHIE_SHOP|BRUNCH_SPOT|PET_CAFE|YARN_STORE|PIZZA_SHOP|SMOOTHIE_SHOP|PET_CAFE
96083933,0,u,0,104100.0,109670.0,5,277,6,12,0,128,1,0,38,16,6,11,12,197,266,0,1197,2,0,269,93,2755,31,13,31,19,1,1,25,25,0,5,YARN_STORE|FARMERS_MARKET|YARN_STORE|SMOOTHIE_SHOP|PIZZA_SHOP|FARMERS_MARKET|PIZZA_SHOP|PIZZA_SHOP
96083933,1,Seb (allegedly),1,109670.0,104100.0,7,309,6,16,0,115,0,0,30,19,4,8,10,149,341,0,264,0,0,208,114,327,31,13,31,19,1,1,25,25,0,5,YARN_STORE|FARMERS_MARKET|YARN_STORE|SMOOTHIE_SHOP|PIZZA_SHOP|FARMERS_MARKET|PIZZA_SHOP|PIZZA_SHOP
96083958,0,カワシギ,0,87954.0,91417.0,5,277,10,4,0,122,14,0,42,12,6,11,-1,249,120,0,1172,12,0,300,72,1510,25,19,19,19,1,7,19,25,0,13,SMOOTHIE_SHOP|PIZZA_SHOP|BRUNCH_SPOT|YARN_STORE|PET_CAFE|YARN_STORE|PIZZA_SHOP|FARMERS_MARKET
96083958,1,Kobe BRYANT,1,91417.0,87954.0,5,277,10,4,0,132,6,0,38,12,6,11,-1,280,172,0,871,11,0,294,72,2933,25,19,19,19,1,7,19,25,0,13,SMOOTHIE_SHOP|PIZZA_SHOP|BRUNCH_SPOT|YARN_STORE|PET_CAFE|YARN_STORE|PIZZA_SHOP|FARMERS_MARKET
96086232,0,Kobe BRYANT,1,85316.0,81877.0,5,277,8,6,0,132,6,0,38,12,6,11,-1,279,158,0,886,11,0,294,72,2933,49,1,1,31,1,31,19,1,0,9,ICE_CREAM_SHOP|BRUNCH_SPOT|BAKERY|ICE_CREAM_SHOP|BAKERY|BAKERY|ICE_CREAM_SHOP|BRUNCH_SPOT
96086232,1,u,0,81877.0,85316.0,5,277,10,4,0,125,5,0,42,12,6,11,-1,279,111,0,857,11,0,279,72,2999,49,1,1,31,1,31,19,1,0,9,ICE_CREAM_SHOP|BRUNCH_SPOT|BAKERY|ICE_CREAM_SHOP|BAKERY|BAKERY|ICE_CREAM_SHOP|BRUNCH_SPOT
96086250,0,Luan Kunyu,0,91562.0,97199.0,5,277,8,6,0,125,5,0,42,12,6,11,-1,279,193,0,856,11,0,279,72,2932,37,13,13,37,1,13,19,13,0,9,BRUNCH_SPOT|FARMERS_MARKET|FARMERS_MARKET|ICE_CREAM_SHOP|SMOOTHIE_SHOP|BAKERY|YARN_STORE|ICE_CREAM_SHOP
96086250,1,Kobe BRYANT,1,97199.0,91562.0,5,277,6,6,2,132,6,0,38,12,6,11,-1,279,191,56,871,11,0,294,72,2933,37,13,13,37,1,13,19,13,0,9,BRUNCH_SPOT|FARMERS_MARKET|FARMERS_MARKET|ICE_CREAM_SHOP|SMOOTHIE_SHOP|BAKERY|YARN_STORE|ICE_CREAM_SHOP
96086334,0,カワシギ,1,68373.0,64488.0,5,277,10,4,0,127,15,0,42,12,6,11,-1,217,103,0,1148,14,0,305,72,1836,31,13,1,31,1,25,19,1,0,9,BRUNCH_SPOT|BAKERY|ICE_CREAM_SHOP|BRUNCH_SPOT|PET_CAFE|BAKERY|SMOOTHIE_SHOP|SMOOTHIE_SHOP
96086334,1,Hello San Francisco,0,64488.0,68373.0,5,277,8,6,0,133,13,0,42,12,6,11,-1,347,199,0,1482,11,0,554,121,3359,31,13,1,31,1,25,19,1,0,9,BRUNCH_SPOT|BAKERY|ICE_CREAM_SHOP|BRUNCH_SPOT|PET_CAFE|BAKERY|SMOOTHIE_SHOP|SMOOTHIE_SHOP
96086402,0,Excluding,1,68138.0,67013.0,5,298,6,5,0,158,0,7,31,13,6,10,-1,174,215,0,666,0,42,208,78,313,31,13,13,25,1,19,19,13,0,7,BRUNCH_SPOT|PET_CAFE|PIZZA_SHOP|BRUNCH_SPOT|YARN_STORE|BRUNCH_SPOT|SMOOTHIE_SHOP|PIZZA_SHOP
96086402,1,MiMi,0,67013.0,68138.0,5,289,8,5,0,165,14,0,43,21,5,10,12,211,115,0,578,15,0,233,102,193,31,13,13,25,1,19,19,13,0,7,BRUNCH_SPOT|PET_CAFE|PIZZA_SHOP|BRUNCH_SPOT|YARN_STORE|BRUNCH_SPOT|SMOOTHIE_SHOP|PIZZA_SHOP
96088548,0,Kobe BRYANT,1,91005.0,64034.0,5,277,6,12,0,152,4,0,34,17,6,11,12,212,270,0,1653,4,0,226,120,2025,25,1,7,19,1,13,19,37,0,11,BAKERY|YARN_STORE|PIZZA_SHOP|ICE_CREAM_SHOP|YARN_STORE|YARN_STORE|BRUNCH_SPOT|SMOOTHIE_SHOP
96088548,1,Efe Can Celiksoy,0,64034.0,91005.0,5,277,10,4,0,126,16,0,42,12,6,11,-1,279,119,0,1020,17,0,286,72,2013,25,1,7,19,1,13,19,37,0,11,BAKERY|YARN_STORE|PIZZA_SHOP|ICE_CREAM_SHOP|YARN_STORE|YARN_STORE|BRUNCH_SPOT|SMOOTHIE_SHOP
96090838,0,カワシギ,0,78367.0,89671.0,5,277,8,6,0,125,13,0,42,12,6,11,-1,183,148,0,1184,11,0,306,72,1924,19,55,19,25,1,1,7,13,0,10,FARMERS_MARKET|FARMERS_MARKET|FARMERS_MARKET|PET_CAFE|YARN_STORE|SMOOTHIE_SHOP|PET_CAFE|PET_CAFE
96090838,1,Kobe BRYANT,1,89671.0,78367.0,5,277,6,6,2,78,72,0,38,12,6,11,-1,279,218,30,855,99,0,294,72,2925,19,55,19,25,1,1,7,13,0,10,FARMERS_MARKET|FARMERS_MARKET|FARMERS_MARKET|PET_CAFE|YARN_STORE|SMOOTHIE_SHOP|PET_CAFE|PET_CAFE
96090904,0,bplyc15,0,93663.0,99641.0,5,277,10,4,0,129,5,0,42,12,6,11,-1,279,133,0,856,11,0,274,72,2932,31,1,1,31,1,19,19,25,0,14,BRUNCH_SPOT|SMOOTHIE_SHOP|BAKERY|BRUNCH_SPOT|YARN_STORE|YARN_STORE|ICE_CREAM_SHOP|ICE_CREAM_SHOP
96090904,1,Hello San Francisco,1,99641.0,93663.0,5,277,8,6,0,133,13,0,42,12,6,11,-1,347,199,0,1484,11,0,554,121,3359,31,1,1,31,1,19,19,25,0,14,BRUNCH_SPOT|SMOOTHIE_SHOP|BAKERY|BRUNCH_SPOT|YARN_STORE|YARN_STORE|ICE_CREAM_SHOP|ICE_CREAM_SHOP
96093091,0,u,1,69796.0,67766.0,5,277,10,4,0,125,5,0,38,16,6,11,-1,279,154,0,856,11,0,274,90,2999,25,1,7,19,1,19,25,13,0,2,BAKERY|PIZZA_SHOP|SMOOTHIE_SHOP|YARN_STORE|BAKERY|BAKERY|SMOOTHIE_SHOP|SMOOTHIE_SHOP
96093091,1,James Holland,0,67766.0,69796.0,5,278,10,4,0,123,5,0,42,12,6,11,-1,353,250,0,678,10,0,335,136,2750,25,1,7,19,1,19,25,13,0,2,BAKERY|PIZZA_SHOP|SMOOTHIE_SHOP|YARN_STORE|BAKERY|BAKERY|SMOOTHIE_SHOP|SMOOTHIE_SHOP
96093116,0,Kobe BRYANT,1,140672.0,137743.0,5,277,10,4,0,132,6,0,38,12,6,11,-1,280,141,0,881,11,0,294,72,2933,31,7,13,43,1,7,37,1,0,8,PIZZA_SHOP|ICE_CREAM_SHOP|SMOOTHIE_SHOP|BRUNCH_SPOT|FARMERS_MARKET|ICE_CREAM_SHOP|SMOOTHIE_SHOP|SMOOTHIE_SHOP
96093116,1,Victor @ Tufa Labs,0,137743.0,140672.0,5,277,10,4,0,125,5,0,42,12,6,11,-1,280,194,0,13471,11,0,311,72,2966,31,7,13,43,1,7,37,1,0,8,PIZZA_SHOP|ICE_CREAM_SHOP|SMOOTHIE_SHOP|BRUNCH_SPOT|FARMERS_MARKET|ICE_CREAM_SHOP|SMOOTHIE_SHOP|SMOOTHIE_SHOP
96093255,0,ReCurSiON,0,92097.0,106413.0,4,262,9,4,0,143,0,0,37,20,6,10,-1,296,200,0,457,0,0,290,114,265,13,25,7,25,1,1,31,13,0,12,PIZZA_SHOP|PET_CAFE|SMOOTHIE_SHOP|ICE_CREAM_SHOP|PET_CAFE|SMOOTHIE_SHOP|YARN_STORE|SMOOTHIE_SHOP
96093255,1,Xiaowenhao404,1,106413.0,92097.0,5,277,10,4,0,131,6,0,34,20,6,11,-1,328,144,0,1138,15,0,254,120,1906,13,25,7,25,1,1,31,13,0,12,PIZZA_SHOP|PET_CAFE|SMOOTHIE_SHOP|ICE_CREAM_SHOP|PET_CAFE|SMOOTHIE_SHOP|YARN_STORE|SMOOTHIE_SHOP
96095386,0,SaiKushal185,1,97729.0,97652.0,5,277,10,4,0,129,5,0,42,12,6,11,-1,275,120,0,542,11,0,274,72,234,25,1,1,37,1,25,19,13,0,9,SMOOTHIE_SHOP|BAKERY|BRUNCH_SPOT|SMOOTHIE_SHOP|YARN_STORE|BRUNCH_SPOT|BRUNCH_SPOT|SMOOTHIE_SHOP
96095386,1,u,0,97652.0,97729.0,5,277,10,4,0,125,5,0,42,12,6,11,-1,279,154,0,856,11,0,279,72,2999,25,1,1,37,1,25,19,13,0,9,SMOOTHIE_SHOP|BAKERY|BRUNCH_SPOT|SMOOTHIE_SHOP|YARN_STORE|BRUNCH_SPOT|BRUNCH_SPOT|SMOOTHIE_SHOP
96095405,0,SaiKushal185,0,104924.0,106125.0,5,277,10,4,0,129,5,0,42,12,6,11,-1,279,120,0,542,11,0,274,72,234,31,13,13,25,1,13,31,1,0,1,SMOOTHIE_SHOP|PIZZA_SHOP|BAKERY|ICE_CREAM_SHOP|PIZZA_SHOP|BRUNCH_SPOT|PET_CAFE|SMOOTHIE_SHOP
96095405,1,Kobe BRYANT,1,106125.0,104924.0,5,277,10,4,0,132,6,0,38,12,6,11,-1,280,141,0,881,11,0,294,72,2933,31,13,13,25,1,13,31,1,0,1,SMOOTHIE_SHOP|PIZZA_SHOP|BAKERY|ICE_CREAM_SHOP|PIZZA_SHOP|BRUNCH_SPOT|PET_CAFE|SMOOTHIE_SHOP
96097705,0,Kobe BRYANT,1,82572.0,72318.0,5,277,6,8,0,132,6,0,38,12,6,11,-1,279,251,0,879,11,0,299,72,2933,37,13,1,19,1,31,7,13,0,14,BRUNCH_SPOT|PET_CAFE|YARN_STORE|ICE_CREAM_SHOP|BAKERY|BRUNCH_SPOT|BAKERY|BAKERY
96097705,1,peikopon,0,72318.0,82572.0,5,278,9,5,0,93,35,0,38,12,6,11,-1,287,189,0,675,65,0,275,72,2750,37,13,1,19,1,31,7,13,0,14,BRUNCH_SPOT|PET_CAFE|YARN_STORE|ICE_CREAM_SHOP|BAKERY|BRUNCH_SPOT|BAKERY|BAKERY
96099978,0,Kobe BRYANT,0,128046.0,140155.0,5,277,6,12,0,152,4,0,34,17,6,11,12,232,270,0,1656,4,0,227,120,2025,37,7,7,43,1,7,31,13,0,8,SMOOTHIE_SHOP|YARN_STORE|ICE_CREAM_SHOP|FARMERS_MARKET|ICE_CREAM_SHOP|ICE_CREAM_SHOP|ICE_CREAM_SHOP|BRUNCH_SPOT
96099978,1,カワシギ,1,140155.0,128046.0,5,277,6,12,0,137,15,0,42,12,6,11,12,189,249,0,1582,16,0,287,72,1720,37,7,7,43,1,7,31,13,0,8,SMOOTHIE_SHOP|YARN_STORE|ICE_CREAM_SHOP|FARMERS_MARKET|ICE_CREAM_SHOP|ICE_CREAM_SHOP|ICE_CREAM_SHOP|BRUNCH_SPOT
96100052,0,Subramanya N,0,67092.0,74206.0,6,303,3,8,2,149,61,0,26,20,6,9,-1,98,152,79,440,138,0,160,105,163,19,25,1,31,1,7,25,13,0,12,PET_CAFE|BRUNCH_SPOT|PET_CAFE|YARN_STORE|ICE_CREAM_SHOP|SMOOTHIE_SHOP|SMOOTHIE_SHOP|ICE_CREAM_SHOP
96100052,1,tetsuya,1,74206.0,67092.0,6,310,6,6,3,104,36,0,37,12,7,10,-1,186,162,76,195,80,0,213,72,303,19,25,1,31,1,7,25,13,0,12,PET_CAFE|BRUNCH_SPOT|PET_CAFE|YARN_STORE|ICE_CREAM_SHOP|SMOOTHIE_SHOP|SMOOTHIE_SHOP|ICE_CREAM_SHOP
96100054,0,Subramanya N,1,61114.0,58931.0,6,301,4,6,6,159,57,0,16,21,6,10,-1,124,127,225,368,114,0,59,119,274,13,55,7,7,1,7,1,25,0,12,BAKERY|PET_CAFE|PET_CAFE|PET_CAFE|PET_CAFE|YARN_STORE|FARMERS_MARKET|YARN_STORE
96100054,1,Ryo Hasegawa,0,58931.0,61114.0,5,290,6,6,0,122,132,0,16,23,5,9,-1,165,99,0,320,369,0,117,138,196,13,55,7,7,1,7,1,25,0,12,BAKERY|PET_CAFE|PET_CAFE|PET_CAFE|PET_CAFE|YARN_STORE|FARMERS_MARKET|YARN_STORE
96100056,0,Izzoudine Mohamed KANTA,0,100178.0,100178.0,5,277,8,6,0,132,6,0,38,12,6,11,-1,279,166,0,879,11,0,294,72,2933,37,13,13,31,1,19,13,13,0,9,BRUNCH_SPOT|SMOOTHIE_SHOP|BAKERY|ICE_CREAM_SHOP|FARMERS_MARKET|FARMERS_MARKET|BAKERY|YARN_STORE
96100056,1,Kobe BRYANT,0,100178.0,100178.0,5,277,8,6,0,132,6,0,38,12,6,11,-1,279,166,0,879,11,0,294,72,2933,37,13,13,31,1,19,13,13,0,9,BRUNCH_SPOT|SMOOTHIE_SHOP|BAKERY|ICE_CREAM_SHOP|FARMERS_MARKET|FARMERS_MARKET|BAKERY|YARN_STORE
96100059,0,Excluding,1,125859.0,110138.0,5,298,7,9,0,99,0,9,37,17,6,10,-1,202,337,0,431,0,69,295,102,368,37,25,19,31,1,7,19,13,0,4,YARN_STORE|ICE_CREAM_SHOP|BRUNCH_SPOT|FARMERS_MARKET|FARMERS_MARKET|PET_CAFE|ICE_CREAM_SHOP|PIZZA_SHOP
96100059,1,Arman Tuganbaev,0,110138.0,125859.0,2,256,7,9,0,139,0,0,35,26,7,9,-1,111,219,0,269,0,0,255,144,216,37,25,19,31,1,7,19,13,0,4,YARN_STORE|ICE_CREAM_SHOP|BRUNCH_SPOT|FARMERS_MARKET|FARMERS_MARKET|PET_CAFE|ICE_CREAM_SHOP|PIZZA_SHOP
96102268,0,peikopon,0,127898.0,130665.0,5,278,10,5,0,123,5,0,38,12,6,11,-1,279,180,0,676,10,0,275,72,2750,31,19,19,25,1,7,25,13,0,5,ICE_CREAM_SHOP|BRUNCH_SPOT|YARN_STORE|SMOOTHIE_SHOP|PIZZA_SHOP|PIZZA_SHOP|FARMERS_MARKET|PET_CAFE
96102268,1,Kobe BRYANT,1,130665.0,127898.0,5,277,6,8,0,132,6,0,38,12,6,11,-1,279,243,0,871,11,0,294,72,2933,31,19,19,25,1,7,25,13,0,5,ICE_CREAM_SHOP|BRUNCH_SPOT|YARN_STORE|SMOOTHIE_SHOP|PIZZA_SHOP|PIZZA_SHOP|FARMERS_MARKET|PET_CAFE
96104553,0,Excluding,1,90855.0,85606.0,5,303,13,3,0,150,0,2,32,13,6,10,-1,449,130,0,593,0,12,227,78,248,31,13,7,25,1,13,25,13,0,1,SMOOTHIE_SHOP|PET_CAFE|ICE_CREAM_SHOP|BAKERY|ICE_CREAM_SHOP|PIZZA_SHOP|YARN_STORE|BRUNCH_SPOT
96104553,1,Kobe BRYANT,0,85606.0,90855.0,5,277,10,4,0,132,6,0,38,12,6,11,-1,280,157,0,871,11,0,294,72,2933,31,13,7,25,1,13,25,13,0,1,SMOOTHIE_SHOP|PET_CAFE|ICE_CREAM_SHOP|BAKERY|ICE_CREAM_SHOP|PIZZA_SHOP|YARN_STORE|BRUNCH_SPOT
96106847,0,Kobe BRYANT,0,61764.0,65065.0,5,277,10,4,0,132,6,0,38,12,6,11,-1,280,141,0,881,11,0,294,72,2933,43,19,19,25,1,13,25,1,0,6,PIZZA_SHOP|PIZZA_SHOP|PET_CAFE|BAKERY|FARMERS_MARKET|ICE_CREAM_SHOP|BRUNCH_SPOT|ICE_CREAM_SHOP
96106847,1,peikopon,1,65065.0,61764.0,5,278,10,4,0,102,35,4,34,12,6,11,-1,279,178,0,675,68,21,275,72,2754,43,19,19,25,1,13,25,1,0,6,PIZZA_SHOP|PIZZA_SHOP|PET_CAFE|BAKERY|FARMERS_MARKET|ICE_CREAM_SHOP|BRUNCH_SPOT|ICE_CREAM_SHOP
96109132,0,Kobe BRYANT,0,110641.0,115233.0,5,277,10,4,0,132,6,0,38,12,6,11,-1,280,151,0,878,11,0,296,72,2933,43,7,7,43,1,19,25,1,0,9,SMOOTHIE_SHOP|FARMERS_MARKET|ICE_CREAM_SHOP|BRUNCH_SPOT|BAKERY|ICE_CREAM_SHOP|ICE_CREAM_SHOP|BRUNCH_SPOT
96109132,1,MiMi,1,115233.0,110641.0,5,290,11,3,0,137,10,0,63,12,5,9,12,268,83,0,485,9,0,316,72,180,43,7,7,43,1,19,25,1,0,9,SMOOTHIE_SHOP|FARMERS_MARKET|ICE_CREAM_SHOP|BRUNCH_SPOT|BAKERY|ICE_CREAM_SHOP|ICE_CREAM_SHOP|BRUNCH_SPOT
96109200,0,bplyc15,0,93542.0,101238.0,5,277,8,6,0,129,5,0,42,12,6,11,-1,279,120,0,856,11,0,274,72,2932,37,25,19,25,1,19,7,13,0,4,BRUNCH_SPOT|BRUNCH_SPOT|FARMERS_MARKET|YARN_STORE|FARMERS_MARKET|PET_CAFE|PIZZA_SHOP|BAKERY
96109200,1,Kostiantyn Isaienkov,1,101238.0,93542.0,5,277,6,4,4,131,12,0,42,12,6,11,-1,279,120,98,786,9,0,281,72,2380,37,25,19,25,1,19,7,13,0,4,BRUNCH_SPOT|BRUNCH_SPOT|FARMERS_MARKET|YARN_STORE|FARMERS_MARKET|PET_CAFE|PIZZA_SHOP|BAKERY
96109244,0,Izzoudine Mohamed KANTA,1,120357.0,114599.0,5,277,10,4,0,132,6,0,38,12,6,11,-1,280,175,0,871,11,0,296,72,2933,31,1,7,31,1,19,25,13,0,9,ICE_CREAM_SHOP|SMOOTHIE_SHOP|BRUNCH_SPOT|YARN_STORE|BAKERY|PIZZA_SHOP|BRUNCH_SPOT|SMOOTHIE_SHOP
96109244,1,MiMi,0,114599.0,120357.0,5,295,11,7,0,136,11,0,56,12,5,10,12,270,151,0,556,6,0,228,72,248,31,1,7,31,1,19,25,13,0,9,ICE_CREAM_SHOP|SMOOTHIE_SHOP|BRUNCH_SPOT|YARN_STORE|BAKERY|PIZZA_SHOP|BRUNCH_SPOT|SMOOTHIE_SHOP
96111429,0,Izzoudine Mohamed KANTA,0,74921.0,74921.0,5,277,6,6,2,132,6,0,38,12,6,11,-1,279,217,56,871,11,0,294,72,2933,43,7,13,31,1,19,19,13,0,9,BAKERY|FARMERS_MARKET|ICE_CREAM_SHOP|BRUNCH_SPOT|YARN_STORE|PIZZA_SHOP|ICE_CREAM_SHOP|BRUNCH_SPOT
96111429,1,Kobe BRYANT,0,74921.0,74921.0,5,277,6,6,2,132,6,0,38,12,6,11,-1,279,217,56,871,11,0,294,72,2933,43,7,13,31,1,19,19,13,0,9,BAKERY|FARMERS_MARKET|ICE_CREAM_SHOP|BRUNCH_SPOT|YARN_STORE|PIZZA_SHOP|ICE_CREAM_SHOP|BRUNCH_SPOT
96113579,0,Hello San Francisco,0,52759.0,54101.0,5,277,10,4,0,133,13,0,42,12,6,11,-1,375,180,0,1483,11,0,552,121,3359,43,25,25,19,1,13,19,1,0,4,PIZZA_SHOP|FARMERS_MARKET|BAKERY|PET_CAFE|ICE_CREAM_SHOP|BAKERY|PIZZA_SHOP|FARMERS_MARKET
96113579,1,u,1,54101.0,52759.0,5,277,10,4,0,125,5,0,38,16,6,11,-1,282,110,0,856,11,0,273,90,2999,43,25,25,19,1,13,19,1,0,4,PIZZA_SHOP|FARMERS_MARKET|BAKERY|PET_CAFE|ICE_CREAM_SHOP|BAKERY|PIZZA_SHOP|FARMERS_MARKET
96113599,0,Efe Can Celiksoy,0,33776.0,45284.0,5,277,10,4,0,126,16,0,42,12,6,11,-1,279,119,0,742,17,0,286,72,2015,31,25,7,7,1,25,7,13,0,0,BAKERY|BAKERY|BRUNCH_SPOT|PIZZA_SHOP|PET_CAFE|PET_CAFE|BAKERY|YARN_STORE
96113599,1,Kobe BRYANT,1,45284.0,33776.0,5,277,6,6,2,132,6,0,38,12,6,11,-1,279,167,56,879,11,0,296,72,2933,31,25,7,7,1,25,7,13,0,0,BAKERY|BAKERY|BRUNCH_SPOT|PIZZA_SHOP|PET_CAFE|PET_CAFE|BAKERY|YARN_STORE
96116001,0,Kobe BRYANT,0,82418.0,89181.0,5,277,8,6,0,132,6,0,38,12,6,11,-1,279,124,0,886,11,0,274,72,2933,43,13,25,31,1,13,25,1,0,6,FARMERS_MARKET|SMOOTHIE_SHOP|BAKERY|FARMERS_MARKET|PIZZA_SHOP|BRUNCH_SPOT|PIZZA_SHOP|ICE_CREAM_SHOP
96116001,1,Ryo Hasegawa,1,89181.0,82418.0,5,290,8,3,0,161,0,0,36,11,6,10,-1,214,99,0,391,0,0,276,66,188,43,13,25,31,1,13,25,1,0,6,FARMERS_MARKET|SMOOTHIE_SHOP|BAKERY|FARMERS_MARKET|PIZZA_SHOP|BRUNCH_SPOT|PIZZA_SHOP|ICE_CREAM_SHOP
96118283,0,u,1,78562.0,78007.0,5,277,6,8,0,125,5,0,38,16,6,11,-1,282,246,0,856,11,0,292,90,2999,25,25,7,19,1,13,13,25,0,11,PET_CAFE|YARN_STORE|YARN_STORE|PIZZA_SHOP|BRUNCH_SPOT|BRUNCH_SPOT|ICE_CREAM_SHOP|PET_CAFE
96118283,1,James Holland,0,78007.0,78562.0,5,277,6,12,0,141,7,0,34,12,6,11,12,263,339,0,1469,4,0,320,180,1735,25,25,7,19,1,13,13,25,0,11,PET_CAFE|YARN_STORE|YARN_STORE|PIZZA_SHOP|BRUNCH_SPOT|BRUNCH_SPOT|ICE_CREAM_SHOP|PET_CAFE
96118295,0,Kobe BRYANT,0,50660.0,50660.0,5,277,6,6,2,132,6,0,38,12,6,11,-1,279,163,56,885,11,0,294,72,2933,31,31,13,19,1,13,19,1,0,1,FARMERS_MARKET|BAKERY|PIZZA_SHOP|BAKERY|PET_CAFE|PET_CAFE|ICE_CREAM_SHOP|SMOOTHIE_SHOP
96118295,1,Izzoudine Mohamed KANTA,0,50660.0,50660.0,5,277,6,6,2,132,6,0,38,12,6,11,-1,279,163,56,885,11,0,294,72,2933,31,31,13,19,1,13,19,1,0,1,FARMERS_MARKET|BAKERY|PIZZA_SHOP|BAKERY|PET_CAFE|PET_CAFE|ICE_CREAM_SHOP|SMOOTHIE_SHOP
96118345,0,lucaskna,1,128804.0,125328.0,5,277,6,12,0,153,12,0,42,12,6,11,12,189,253,0,848,4,0,261,72,271,19,25,13,31,1,7,13,25,0,13,SMOOTHIE_SHOP|YARN_STORE|YARN_STORE|SMOOTHIE_SHOP|FARMERS_MARKET|PET_CAFE|BRUNCH_SPOT|FARMERS_MARKET
96118345,1,Rayk Kretzschmar,0,125328.0,128804.0,5,277,6,12,0,145,3,0,34,17,6,11,12,220,270,0,1648,2,0,226,120,2026,19,25,13,31,1,7,13,25,0,13,SMOOTHIE_SHOP|YARN_STORE|YARN_STORE|SMOOTHIE_SHOP|FARMERS_MARKET|PET_CAFE|BRUNCH_SPOT|FARMERS_MARKET
96120579,0,Xiaowenhao404,0,84385.0,86427.0,5,277,6,12,0,142,10,0,42,12,6,11,12,192,266,0,1837,8,0,294,72,1616,25,13,13,13,1,7,19,37,0,11,YARN_STORE|PIZZA_SHOP|PET_CAFE|YARN_STORE|BRUNCH_SPOT|PIZZA_SHOP|YARN_STORE|ICE_CREAM_SHOP
96120579,1,Kobe BRYANT,1,86427.0,84385.0,5,277,6,12,0,135,3,0,42,12,6,11,12,255,266,0,1203,2,0,288,72,2702,25,13,13,13,1,7,19,37,0,11,YARN_STORE|PIZZA_SHOP|PET_CAFE|YARN_STORE|BRUNCH_SPOT|PIZZA_SHOP|YARN_STORE|ICE_CREAM_SHOP
96122861,0,u,1,55445.0,52583.0,5,277,8,6,0,125,5,0,38,16,6,11,-1,283,166,0,857,11,0,273,90,3000,43,31,31,25,1,13,13,1,0,4,PET_CAFE|FARMERS_MARKET|BAKERY|FARMERS_MARKET|BRUNCH_SPOT|FARMERS_MARKET|PIZZA_SHOP|PIZZA_SHOP
96122861,1,bplyc15,0,52583.0,55445.0,5,277,8,6,0,129,5,0,42,12,6,11,-1,279,120,0,856,11,0,274,72,2932,43,31,31,25,1,13,13,1,0,4,PET_CAFE|FARMERS_MARKET|BAKERY|FARMERS_MARKET|BRUNCH_SPOT|FARMERS_MARKET|PIZZA_SHOP|PIZZA_SHOP
96122871,0,Kobe BRYANT,1,78744.0,78661.0,5,277,8,6,0,132,6,0,38,12,6,11,-1,279,156,0,879,11,0,296,72,2933,49,7,19,31,1,19,25,1,0,7,ICE_CREAM_SHOP|BRUNCH_SPOT|BAKERY|PIZZA_SHOP|FARMERS_MARKET|ICE_CREAM_SHOP|BRUNCH_SPOT|PIZZA_SHOP
96122871,1,Seb (allegedly),0,78661.0,78744.0,7,307,11,3,0,102,0,0,41,18,4,8,10,267,56,0,245,0,0,289,108,239,49,7,19,31,1,19,25,1,0,7,ICE_CREAM_SHOP|BRUNCH_SPOT|BAKERY|PIZZA_SHOP|FARMERS_MARKET|ICE_CREAM_SHOP|BRUNCH_SPOT|PIZZA_SHOP
96125138,0,u,0,77115.0,80134.0,5,277,10,4,0,125,5,0,42,12,6,11,-1,279,112,0,856,11,0,285,72,2999,31,37,1,25,1,19,13,1,0,0,ICE_CREAM_SHOP|ICE_CREAM_SHOP|PET_CAFE|BAKERY|PET_CAFE|BRUNCH_SPOT|BRUNCH_SPOT|PET_CAFE
96125138,1,peikopon,1,80134.0,77115.0,5,278,10,4,0,93,35,0,38,12,6,11,-1,279,178,0,675,67,0,275,72,2750,31,37,1,25,1,19,13,1,0,0,ICE_CREAM_SHOP|ICE_CREAM_SHOP|PET_CAFE|BAKERY|PET_CAFE|BRUNCH_SPOT|BRUNCH_SPOT|PET_CAFE
96125146,0,Kobe BRYANT,0,97860.0,99498.0,5,277,6,6,2,132,6,0,38,12,6,11,-1,279,199,36,876,11,0,294,72,2933,31,37,13,31,1,1,19,13,0,10,FARMERS_MARKET|PET_CAFE|ICE_CREAM_SHOP|ICE_CREAM_SHOP|ICE_CREAM_SHOP|YARN_STORE|FARMERS_MARKET|PET_CAFE
96125146,1,Kostiantyn Isaienkov,1,99498.0,97860.0,5,277,8,4,2,131,12,0,42,12,6,11,-1,279,120,58,786,9,0,281,72,2380,31,37,13,31,1,1,19,13,0,10,FARMERS_MARKET|PET_CAFE|ICE_CREAM_SHOP|ICE_CREAM_SHOP|ICE_CREAM_SHOP|YARN_STORE|FARMERS_MARKET|PET_CAFE
96127432,0,ReCurSiON,1,70641.0,66160.0,4,262,6,7,0,143,0,0,37,20,6,10,-1,279,263,0,457,0,0,290,114,265,19,25,7,13,1,7,19,25,0,11,YARN_STORE|BAKERY|PET_CAFE|PET_CAFE|SMOOTHIE_SHOP|ICE_CREAM_SHOP|PIZZA_SHOP|YARN_STORE
96127432,1,u,0,66160.0,70641.0,5,277,6,12,0,128,1,0,38,16,6,11,12,206,266,0,1198,2,0,271,90,2755,19,25,7,13,1,7,19,25,0,11,YARN_STORE|BAKERY|PET_CAFE|PET_CAFE|SMOOTHIE_SHOP|ICE_CREAM_SHOP|PIZZA_SHOP|YARN_STORE
96127441,0,Izzoudine Mohamed KANTA,0,106042.0,106042.0,5,277,6,6,2,132,6,0,38,12,6,11,-1,279,164,56,885,11,0,294,72,2933,49,13,13,37,1,19,19,1,0,9,FARMERS_MARKET|BRUNCH_SPOT|ICE_CREAM_SHOP|ICE_CREAM_SHOP|BAKERY|ICE_CREAM_SHOP|BAKERY|FARMERS_MARKET
96127441,1,Kobe BRYANT,0,106042.0,106042.0,5,277,6,6,2,132,6,0,38,12,6,11,-1,279,164,56,885,11,0,294,72,2933,49,13,13,37,1,19,19,1,0,9,FARMERS_MARKET|BRUNCH_SPOT|ICE_CREAM_SHOP|ICE_CREAM_SHOP|BAKERY|ICE_CREAM_SHOP|BAKERY|FARMERS_MARKET
96127455,0,ReCurSiON,1,54544.0,50756.0,4,262,9,4,0,143,0,0,37,15,6,10,-1,296,200,0,457,0,0,290,114,265,31,25,13,13,1,13,25,1,0,1,SMOOTHIE_SHOP|PET_CAFE|BAKERY|PET_CAFE|BAKERY|PIZZA_SHOP|PIZZA_SHOP|ICE_CREAM_SHOP
96127455,1,Efe Can Celiksoy,0,50756.0,54544.0,5,277,10,4,0,138,16,0,34,20,6,11,-1,278,120,0,1010,17,0,251,120,2245,31,25,13,13,1,13,25,1,0,1,SMOOTHIE_SHOP|PET_CAFE|BAKERY|PET_CAFE|BAKERY|PIZZA_SHOP|PIZZA_SHOP|ICE_CREAM_SHOP
96129717,0,u,1,82585.0,81585.0,5,277,6,12,0,128,1,0,38,16,6,11,12,200,266,0,1196,2,0,271,94,2755,31,25,19,25,1,1,19,25,0,13,YARN_STORE|FARMERS_MARKET|ICE_CREAM_SHOP|PET_CAFE|PIZZA_SHOP|ICE_CREAM_SHOP|FARMERS_MARKET|YARN_STORE
96129717,1,Seb (allegedly),0,81585.0,82585.0,7,311,5,15,0,117,0,0,31,19,4,8,10,161,292,0,276,0,0,236,114,304,31,25,19,25,1,1,19,25,0,13,YARN_STORE|FARMERS_MARKET|ICE_CREAM_SHOP|PET_CAFE|PIZZA_SHOP|ICE_CREAM_SHOP|FARMERS_MARKET|YARN_STORE
96131992,0,u,0,67920.0,68503.0,5,277,10,4,0,125,5,0,42,12,6,11,-1,281,113,0,856,11,0,287,72,2999,37,13,7,31,1,25,19,1,0,9,BRUNCH_SPOT|BRUNCH_SPOT|PIZZA_SHOP|BAKERY|ICE_CREAM_SHOP|PET_CAFE|BRUNCH_SPOT|SMOOTHIE_SHOP
96131992,1,peikopon,1,68503.0,67920.0,5,278,9,5,0,125,5,2,36,12,6,11,-1,297,182,0,678,10,11,275,72,2752,37,13,7,31,1,25,19,1,0,9,BRUNCH_SPOT|BRUNCH_SPOT|PIZZA_SHOP|BAKERY|ICE_CREAM_SHOP|PET_CAFE|BRUNCH_SPOT|SMOOTHIE_SHOP
96132025,0,Xiaowenhao404,0,79974.0,80133.0,5,277,10,4,0,128,15,0,42,12,6,11,-1,269,119,0,1237,18,0,1275,72,1616,43,13,31,25,1,13,25,1,0,6,FARMERS_MARKET|BRUNCH_SPOT|SMOOTHIE_SHOP|BAKERY|PIZZA_SHOP|FARMERS_MARKET|PIZZA_SHOP|PIZZA_SHOP
96132025,1,Pardheev Krishna,1,80133.0,79974.0,5,277,8,6,0,125,5,0,42,12,6,11,-1,293,215,0,856,11,0,296,72,2932,43,13,31,25,1,13,25,1,0,6,FARMERS_MARKET|BRUNCH_SPOT|SMOOTHIE_SHOP|BAKERY|PIZZA_SHOP|FARMERS_MARKET|PIZZA_SHOP|PIZZA_SHOP
96136640,0,Izzoudine Mohamed KANTA,1,75415.0,74179.0,5,277,8,6,0,132,6,0,38,12,6,11,-1,279,153,0,879,11,0,294,72,2933,43,19,25,19,1,7,31,1,0,6,PIZZA_SHOP|PET_CAFE|BAKERY|ICE_CREAM_SHOP|PIZZA_SHOP|ICE_CREAM_SHOP|FARMERS_MARKET|PIZZA_SHOP
96136640,1,Kobe BRYANT,0,74179.0,75415.0,5,277,8,6,0,132,6,0,38,12,6,11,-1,279,153,0,879,11,0,292,72,2933,43,19,25,19,1,7,31,1,0,6,PIZZA_SHOP|PET_CAFE|BAKERY|ICE_CREAM_SHOP|PIZZA_SHOP|ICE_CREAM_SHOP|FARMERS_MARKET|PIZZA_SHOP
96145725,0,peikopon,0,79103.0,87244.0,5,277,10,4,0,100,33,2,32,20,6,11,-1,326,134,0,1143,94,10,260,120,1873,43,31,19,31,1,13,13,1,0,4,FARMERS_MARKET|PET_CAFE|FARMERS_MARKET|ICE_CREAM_SHOP|ICE_CREAM_SHOP|BAKERY|BAKERY|FARMERS_MARKET
96145725,1,MiMi,1,87244.0,79103.0,5,289,8,4,0,135,3,8,58,12,5,10,12,178,108,0,441,3,48,309,72,147,43,31,19,31,1,13,13,1,0,4,FARMERS_MARKET|PET_CAFE|FARMERS_MARKET|ICE_CREAM_SHOP|ICE_CREAM_SHOP|BAKERY|BAKERY|FARMERS_MARKET
96147990,0,Hello San Francisco,1,54909.0,47279.0,5,277,8,6,0,133,13,0,42,12,6,11,-1,356,193,0,1484,11,0,565,121,3359,13,37,1,13,1,13,7,25,0,12,PET_CAFE|PET_CAFE|PET_CAFE|YARN_STORE|SMOOTHIE_SHOP|BRUNCH_SPOT|BAKERY|YARN_STORE
96147990,1,ReCurSiON,0,47279.0,54909.0,4,262,9,4,0,143,0,0,37,18,6,10,-1,296,164,0,457,0,0,290,114,265,13,37,1,13,1,13,7,25,0,12,PET_CAFE|PET_CAFE|PET_CAFE|YARN_STORE|SMOOTHIE_SHOP|BRUNCH_SPOT|BAKERY|YARN_STORE
96148022,0,Seb (allegedly),0,88353.0,98425.0,7,309,8,6,0,100,0,0,39,19,4,8,10,137,144,0,252,0,0,280,114,243,37,19,7,31,1,25,7,13,0,3,BRUNCH_SPOT|FARMERS_MARKET|BRUNCH_SPOT|YARN_STORE|ICE_CREAM_SHOP|BAKERY|BRUNCH_SPOT|PET_CAFE
96148022,1,SaiKushal185,1,98425.0,88353.0,5,277,8,6,0,129,5,0,42,12,6,11,-1,237,160,0,542,11,0,274,72,234,37,19,7,31,1,25,7,13,0,3,BRUNCH_SPOT|FARMERS_MARKET|BRUNCH_SPOT|YARN_STORE|ICE_CREAM_SHOP|BAKERY|BRUNCH_SPOT|PET_CAFE
96150332,0,u,0,109986.0,112217.0,5,277,6,8,0,125,5,0,42,12,6,11,-1,279,222,0,857,11,0,288,72,2999,25,13,1,37,1,25,13,13,0,14,SMOOTHIE_SHOP|BRUNCH_SPOT|YARN_STORE|BRUNCH_SPOT|BRUNCH_SPOT|BRUNCH_SPOT|SMOOTHIE_SHOP|PET_CAFE
96150332,1,Kostiantyn Isaienkov,1,112217.0,109986.0,5,277,6,8,0,131,12,0,42,12,6,11,-1,279,202,0,786,9,0,281,72,2380,25,13,1,37,1,25,13,13,0,14,SMOOTHIE_SHOP|BRUNCH_SPOT|YARN_STORE|BRUNCH_SPOT|BRUNCH_SPOT|BRUNCH_SPOT|SMOOTHIE_SHOP|PET_CAFE
96152550,0,peikopon,1,74783.0,68210.0,5,277,10,4,0,100,33,2,32,20,6,11,-1,299,139,0,1143,91,10,260,120,1874,31,43,19,31,1,7,7,13,0,10,PET_CAFE|PET_CAFE|FARMERS_MARKET|YARN_STORE|BRUNCH_SPOT|FARMERS_MARKET|ICE_CREAM_SHOP|FARMERS_MARKET
96152550,1,カワシギ,0,68210.0,74783.0,5,277,8,6,0,129,15,0,42,12,6,11,-1,183,163,0,1235,15,0,296,72,2012,31,43,19,31,1,7,7,13,0,10,PET_CAFE|PET_CAFE|FARMERS_MARKET|YARN_STORE|BRUNCH_SPOT|FARMERS_MARKET|ICE_CREAM_SHOP|FARMERS_MARKET
96152572,0,Ryo Hasegawa,1,106236.0,100647.0,5,288,10,2,0,134,10,0,42,11,5,10,-1,260,65,0,294,27,0,323,66,184,43,19,7,37,1,19,19,1,0,9,BRUNCH_SPOT|ICE_CREAM_SHOP|ICE_CREAM_SHOP|BRUNCH_SPOT|PET_CAFE|ICE_CREAM_SHOP|FARMERS_MARKET|BAKERY
96152572,1,tetsuya,0,100647.0,106236.0,6,313,12,3,0,130,0,0,40,12,7,9,-1,312,99,0,323,0,0,295,72,244,43,19,7,37,1,19,19,1,0,9,BRUNCH_SPOT|ICE_CREAM_SHOP|ICE_CREAM_SHOP|BRUNCH_SPOT|PET_CAFE|ICE_CREAM_SHOP|FARMERS_MARKET|BAKERY
96152584,0,Arman Tuganbaev,1,136551.0,126429.0,2,277,11,4,0,141,8,0,41,11,6,10,-1,267,136,0,226,21,0,324,66,252,31,1,7,37,1,13,37,1,0,8,SMOOTHIE_SHOP|PIZZA_SHOP|ICE_CREAM_SHOP|SMOOTHIE_SHOP|BAKERY|ICE_CREAM_SHOP|SMOOTHIE_SHOP|BRUNCH_SPOT
96152584,1,Izzoudine Mohamed KANTA,0,126429.0,136551.0,5,277,10,4,0,132,6,0,38,12,6,11,-1,280,140,0,882,11,0,296,72,2933,31,1,7,37,1,13,37,1,0,8,SMOOTHIE_SHOP|PIZZA_SHOP|ICE_CREAM_SHOP|SMOOTHIE_SHOP|BAKERY|ICE_CREAM_SHOP|SMOOTHIE_SHOP|BRUNCH_SPOT
96152588,0,Arman Tuganbaev,0,87637.0,88882.0,2,253,8,4,0,137,0,0,39,26,7,9,-1,182,136,0,271,0,0,256,150,199,25,13,13,25,1,13,25,13,0,1,PIZZA_SHOP|BRUNCH_SPOT|SMOOTHIE_SHOP|PET_CAFE|YARN_STORE|PIZZA_SHOP|BRUNCH_SPOT|SMOOTHIE_SHOP
96152588,1,Subramanya N,1,88882.0,87637.0,6,301,12,7,0,127,11,0,38,12,6,10,-1,302,125,0,317,21,0,191,66,279,25,13,13,25,1,13,25,13,0,1,PIZZA_SHOP|BRUNCH_SPOT|SMOOTHIE_SHOP|PET_CAFE|YARN_STORE|PIZZA_SHOP|BRUNCH_SPOT|SMOOTHIE_SHOP
96152594,0,Izzoudine Mohamed KANTA,0,92610.0,108321.0,5,277,6,8,0,132,6,0,38,12,6,11,-1,279,179,0,878,11,0,282,72,2933,37,7,7,37,1,13,25,13,0,9,BAKERY|SMOOTHIE_SHOP|YARN_STORE|ICE_CREAM_SHOP|ICE_CREAM_SHOP|BRUNCH_SPOT|ICE_CREAM_SHOP|FARMERS_MARKET
96152594,1,Arman Tuganbaev,1,108321.0,92610.0,2,278,9,10,0,127,0,0,39,11,6,11,-1,206,243,0,170,0,0,298,66,294,37,7,7,37,1,13,25,13,0,9,BAKERY|SMOOTHIE_SHOP|YARN_STORE|ICE_CREAM_SHOP|ICE_CREAM_SHOP|BRUNCH_SPOT|ICE_CREAM_SHOP|FARMERS_MARKET
96152595,0,tetsuya,0,81756.0,81952.0,6,307,12,3,0,113,0,0,41,15,7,10,-1,313,98,0,250,0,0,281,90,246,31,31,13,25,1,7,25,1,0,1,ICE_CREAM_SHOP|PET_CAFE|SMOOTHIE_SHOP|PIZZA_SHOP|PET_CAFE|FARMERS_MARKET|ICE_CREAM_SHOP|BAKERY
96152595,1,Izzoudine Mohamed KANTA,1,81952.0,81756.0,5,277,10,4,0,132,6,0,38,12,6,11,-1,280,140,0,882,11,0,296,72,2933,31,31,13,25,1,7,25,1,0,1,ICE_CREAM_SHOP|PET_CAFE|SMOOTHIE_SHOP|PIZZA_SHOP|PET_CAFE|FARMERS_MARKET|ICE_CREAM_SHOP|BAKERY
96154888,0,SaiKushal185,0,72656.0,73084.0,5,277,10,4,0,129,5,0,42,12,6,11,-1,279,120,0,542,11,0,274,72,234,37,19,13,31,1,19,19,1,0,9,ICE_CREAM_SHOP|PET_CAFE|BAKERY|SMOOTHIE_SHOP|PIZZA_SHOP|FARMERS_MARKET|BRUNCH_SPOT|BRUNCH_SPOT
96154888,1,Kobe BRYANT,1,73084.0,72656.0,5,277,8,6,0,132,6,0,38,12,6,11,-1,279,157,0,885,11,0,294,72,2933,37,19,13,31,1,19,19,1,0,9,ICE_CREAM_SHOP|PET_CAFE|BAKERY|SMOOTHIE_SHOP|PIZZA_SHOP|FARMERS_MARKET|BRUNCH_SPOT|BRUNCH_SPOT
96157085,0,Excluding,0,104718.0,109516.0,5,300,9,7,0,115,0,6,37,13,6,10,-1,326,176,0,482,0,43,292,78,226,31,7,7,31,1,19,19,13,0,9,BRUNCH_SPOT|ICE_CREAM_SHOP|YARN_STORE|SMOOTHIE_SHOP|FARMERS_MARKET|BAKERY|BAKERY|SMOOTHIE_SHOP
96157085,1,Izzoudine Mohamed KANTA,1,109516.0,104718.0,5,277,6,8,0,132,6,0,38,12,6,11,-1,279,244,0,871,11,0,296,72,2933,31,7,7,31,1,19,19,13,0,9,BRUNCH_SPOT|ICE_CREAM_SHOP|YARN_STORE|SMOOTHIE_SHOP|FARMERS_MARKET|BAKERY|BAKERY|SMOOTHIE_SHOP
96163979,0,ReCurSiON,1,53471.0,41083.0,4,262,9,4,0,143,0,0,37,20,6,10,-1,296,200,0,457,0,0,290,114,265,43,19,13,13,1,25,13,1,0,7,FARMERS_MARKET|BAKERY|BAKERY|PIZZA_SHOP|ICE_CREAM_SHOP|BAKERY|BAKERY|PET_CAFE
96163979,1,StackKnight,0,41083.0,53471.0,5,277,8,6,0,125,5,0,42,12,6,11,-1,277,177,0,613,11,0,284,72,253,43,19,13,13,1,25,13,1,0,7,FARMERS_MARKET|BAKERY|BAKERY|PIZZA_SHOP|ICE_CREAM_SHOP|BAKERY|BAKERY|PET_CAFE
96166242,0,Rayk Kretzschmar,0,50759.0,60443.0,5,277,10,4,0,125,8,0,42,12,6,11,-1,279,120,0,856,11,0,274,72,2932,31,37,19,25,1,7,19,1,0,10,FARMERS_MARKET|PIZZA_SHOP|BAKERY|PET_CAFE|FARMERS_MARKET|ICE_CREAM_SHOP|PET_CAFE|SMOOTHIE_SHOP
96166242,1,Ryo Hasegawa,1,60443.0,50759.0,5,290,8,3,0,151,15,0,36,11,6,10,-1,214,99,0,356,33,0,276,66,190,31,37,19,25,1,7,19,1,0,10,FARMERS_MARKET|PIZZA_SHOP|BAKERY|PET_CAFE|FARMERS_MARKET|ICE_CREAM_SHOP|PET_CAFE|SMOOTHIE_SHOP
96168352,0,James Holland,0,51988.0,52052.0,5,278,10,4,0,123,5,0,42,12,6,11,-1,367,268,0,678,10,0,363,160,2750,49,1,19,19,1,19,31,1,0,7,BAKERY|PIZZA_SHOP|BAKERY|ICE_CREAM_SHOP|BRUNCH_SPOT|PIZZA_SHOP|ICE_CREAM_SHOP|PIZZA_SHOP
96168352,1,Kaan Dınız,1,52052.0,51988.0,5,277,10,4,0,133,13,0,38,12,6,11,-1,285,228,0,877,11,0,322,72,2933,49,1,19,19,1,19,31,1,0,7,BAKERY|PIZZA_SHOP|BAKERY|ICE_CREAM_SHOP|BRUNCH_SPOT|PIZZA_SHOP|ICE_CREAM_SHOP|PIZZA_SHOP
96168521,0,James Holland,1,110636.0,109875.0,5,278,10,4,0,123,5,0,42,12,6,11,-1,347,250,0,678,10,0,335,136,2750,31,19,13,25,1,7,25,13,0,1,PIZZA_SHOP|SMOOTHIE_SHOP|PET_CAFE|ICE_CREAM_SHOP|ICE_CREAM_SHOP|FARMERS_MARKET|YARN_STORE|BAKERY
96168521,1,Charles Backman on LinkedIn,0,109875.0,110636.0,5,278,10,4,0,123,5,0,42,12,6,11,-1,279,180,0,675,10,0,275,72,2750,31,19,13,25,1,7,25,13,0,1,PIZZA_SHOP|SMOOTHIE_SHOP|PET_CAFE|ICE_CREAM_SHOP|ICE_CREAM_SHOP|FARMERS_MARKET|YARN_STORE|BAKERY
96168532,0,SaiKushal185,1,81742.0,80158.0,5,277,10,4,0,129,5,0,42,12,6,11,-1,279,120,0,542,11,0,274,72,234,7,31,7,31,1,1,25,13,0,12,SMOOTHIE_SHOP|FARMERS_MARKET|PET_CAFE|PET_CAFE|SMOOTHIE_SHOP|YARN_STORE|SMOOTHIE_SHOP|SMOOTHIE_SHOP
96168532,1,lucaskna,0,80158.0,81742.0,5,277,10,4,0,118,15,0,42,12,6,11,-1,219,109,0,613,13,0,312,72,230,7,31,7,31,1,1,25,13,0,12,SMOOTHIE_SHOP|FARMERS_MARKET|PET_CAFE|PET_CAFE|SMOOTHIE_SHOP|YARN_STORE|SMOOTHIE_SHOP|SMOOTHIE_SHOP
96170634,0,Kaan Dınız,1,64983.0,64962.0,5,277,10,4,0,133,13,0,38,12,6,11,-1,280,195,0,880,11,0,294,72,2933,37,13,25,13,1,7,31,13,0,5,PET_CAFE|PIZZA_SHOP|PIZZA_SHOP|BRUNCH_SPOT|PIZZA_SHOP|YARN_STORE|PIZZA_SHOP|ICE_CREAM_SHOP
96170634,1,Michael Timbs,0,64962.0,64983.0,5,277,10,4,0,125,15,0,42,12,6,11,-1,279,120,0,730,15,0,291,72,283,37,13,25,13,1,7,31,13,0,5,PET_CAFE|PIZZA_SHOP|PIZZA_SHOP|BRUNCH_SPOT|PIZZA_SHOP|YARN_STORE|PIZZA_SHOP|ICE_CREAM_SHOP
96170791,0,Xiaowenhao404,1,73745.0,73432.0,5,277,10,4,0,128,15,0,42,12,6,11,-1,271,119,0,1225,18,0,1269,72,1616,31,7,19,19,1,13,19,25,0,13,BAKERY|FARMERS_MARKET|SMOOTHIE_SHOP|YARN_STORE|BRUNCH_SPOT|PIZZA_SHOP|PIZZA_SHOP|YARN_STORE
96170791,1,SaiKushal185,0,73432.0,73745.0,5,277,10,4,0,129,5,0,42,12,6,11,-1,279,120,0,542,11,0,274,72,234,31,7,19,19,1,13,19,25,0,13,BAKERY|FARMERS_MARKET|SMOOTHIE_SHOP|YARN_STORE|BRUNCH_SPOT|PIZZA_SHOP|PIZZA_SHOP|YARN_STORE
96170803,0,peikopon,1,88938.0,85365.0,5,278,10,4,0,125,5,2,36,12,6,11,-1,279,181,0,687,10,11,275,72,2752,49,7,7,43,1,43,1,1,0,3,FARMERS_MARKET|BRUNCH_SPOT|BRUNCH_SPOT|BRUNCH_SPOT|BAKERY|BRUNCH_SPOT|BRUNCH_SPOT|BRUNCH_SPOT
96170803,1,Ozi,0,85365.0,88938.0,5,277,8,6,0,125,5,0,42,12,6,11,-1,279,209,0,856,11,0,296,72,2932,49,7,7,43,1,43,1,1,0,3,FARMERS_MARKET|BRUNCH_SPOT|BRUNCH_SPOT|BRUNCH_SPOT|BAKERY|BRUNCH_SPOT|BRUNCH_SPOT|BRUNCH_SPOT
96172922,0,James Holland,1,26958.0,26555.0,5,278,10,4,0,123,5,0,42,12,6,11,-1,347,263,0,678,10,0,355,136,2767,31,25,7,7,1,25,13,1,0,0,BAKERY|BAKERY|PET_CAFE|PET_CAFE|BAKERY|PIZZA_SHOP|BAKERY|SMOOTHIE_SHOP
96172922,1,Kaan Dınız,0,26555.0,26958.0,5,277,8,6,0,133,13,0,38,12,6,11,-1,273,220,0,877,11,0,294,72,2933,31,25,7,7,1,25,13,1,0,0,BAKERY|BAKERY|PET_CAFE|PET_CAFE|BAKERY|PIZZA_SHOP|BAKERY|SMOOTHIE_SHOP
96175405,0,Kobe BRYANT,1,62123.0,60818.0,5,277,8,6,0,132,6,0,38,12,6,11,-1,279,157,0,885,11,0,294,72,2933,31,25,1,25,1,19,19,1,0,1,PET_CAFE|SMOOTHIE_SHOP|BRUNCH_SPOT|PET_CAFE|ICE_CREAM_SHOP|BAKERY|BAKERY|ICE_CREAM_SHOP
96175405,1,SaiKushal185,0,60818.0,62123.0,5,277,10,4,0,129,5,0,42,12,6,11,-1,279,120,0,542,11,0,274,72,234,31,25,1,25,1,19,19,1,0,1,PET_CAFE|SMOOTHIE_SHOP|BRUNCH_SPOT|PET_CAFE|ICE_CREAM_SHOP|BAKERY|BAKERY|ICE_CREAM_SHOP
96179934,0,Kenjo1209,0,72505.0,74214.0,5,277,6,12,0,137,2,0,34,20,6,11,12,196,262,0,1465,8,0,225,120,1732,25,31,13,25,1,13,13,13,0,0,YARN_STORE|PIZZA_SHOP|PET_CAFE|SMOOTHIE_SHOP|BRUNCH_SPOT|BRUNCH_SPOT|FARMERS_MARKET|PET_CAFE
96179934,1,Xiaowenhao404,1,74214.0,72505.0,5,277,6,12,0,142,10,0,42,12,6,11,12,192,265,0,1841,8,0,334,72,1617,25,31,13,25,1,13,13,13,0,0,YARN_STORE|PIZZA_SHOP|PET_CAFE|SMOOTHIE_SHOP|BRUNCH_SPOT|BRUNCH_SPOT|FARMERS_MARKET|PET_CAFE
96179949,0,MiMi,0,101920.0,112916.0,5,294,5,10,0,173,12,0,32,22,5,10,12,131,233,0,738,18,0,155,120,206,19,13,1,25,1,7,19,37,0,11,YARN_STORE|BRUNCH_SPOT|YARN_STORE|PET_CAFE|ICE_CREAM_SHOP|YARN_STORE|ICE_CREAM_SHOP|SMOOTHIE_SHOP
96179949,1,Excluding,1,112916.0,101920.0,5,294,3,13,0,154,0,2,31,13,6,10,-1,96,517,0,564,0,12,203,78,279,19,13,1,25,1,7,19,37,0,11,YARN_STORE|BRUNCH_SPOT|YARN_STORE|PET_CAFE|ICE_CREAM_SHOP|YARN_STORE|ICE_CREAM_SHOP|SMOOTHIE_SHOP
96179953,0,Victor @ Tufa Labs,0,85628.0,91803.0,5,277,10,4,0,124,5,0,42,12,6,11,-1,1000251,105,0,8451,11,0,1000281,72,260,31,13,7,25,1,7,31,13,0,2,BAKERY|ICE_CREAM_SHOP|SMOOTHIE_SHOP|YARN_STORE|PET_CAFE|ICE_CREAM_SHOP|PIZZA_SHOP|ICE_CREAM_SHOP
96179953,1,Hello San Francisco,1,91803.0,85628.0,5,277,10,4,0,133,13,0,42,12,6,11,-1,375,181,0,1482,11,0,554,121,3359,31,13,7,25,1,7,31,13,0,2,BAKERY|ICE_CREAM_SHOP|SMOOTHIE_SHOP|YARN_STORE|PET_CAFE|ICE_CREAM_SHOP|PIZZA_SHOP|ICE_CREAM_SHOP
96182074,0,Kaan Dınız,1,99806.0,97878.0,5,277,8,6,0,133,13,0,38,12,6,11,-1,273,220,0,877,11,0,300,72,2933,37,7,7,43,1,13,25,13,0,9,BRUNCH_SPOT|FARMERS_MARKET|BRUNCH_SPOT|ICE_CREAM_SHOP|ICE_CREAM_SHOP|ICE_CREAM_SHOP|SMOOTHIE_SHOP|YARN_STORE
96182074,1,SaiKushal185,0,97878.0,99806.0,5,277,8,6,0,129,5,0,42,12,6,11,-1,217,164,0,548,11,0,268,72,228,37,7,7,43,1,13,25,13,0,9,BRUNCH_SPOT|FARMERS_MARKET|BRUNCH_SPOT|ICE_CREAM_SHOP|ICE_CREAM_SHOP|ICE_CREAM_SHOP|SMOOTHIE_SHOP|YARN_STORE
96184487,0,Izzoudine Mohamed KANTA,1,140777.0,135839.0,5,277,10,4,0,132,6,0,38,12,6,11,-1,280,137,0,882,11,0,294,72,2933,37,1,7,31,1,13,37,1,0,8,PIZZA_SHOP|ICE_CREAM_SHOP|SMOOTHIE_SHOP|SMOOTHIE_SHOP|ICE_CREAM_SHOP|ICE_CREAM_SHOP|BAKERY|BAKERY
96184487,1,ReCurSiON,0,135839.0,140777.0,4,262,9,4,0,143,0,0,37,20,6,10,-1,296,200,0,457,0,0,290,114,265,37,1,7,31,1,13,37,1,0,8,PIZZA_SHOP|ICE_CREAM_SHOP|SMOOTHIE_SHOP|SMOOTHIE_SHOP|ICE_CREAM_SHOP|ICE_CREAM_SHOP|BAKERY|BAKERY
96186647,0,Kaan Dınız,0,79684.0,82935.0,5,277,6,12,0,136,9,0,42,12,6,11,12,258,265,0,1203,2,0,291,72,2702,37,19,37,25,1,1,25,13,0,5,YARN_STORE|FARMERS_MARKET|PIZZA_SHOP|PIZZA_SHOP|FARMERS_MARKET|FARMERS_MARKET|SMOOTHIE_SHOP|PIZZA_SHOP
96186647,1,Seb (allegedly),1,82935.0,79684.0,7,306,5,12,0,115,0,0,21,19,4,8,-1,166,265,0,319,0,0,152,114,325,37,19,37,25,1,1,25,13,0,5,YARN_STORE|FARMERS_MARKET|PIZZA_SHOP|PIZZA_SHOP|FARMERS_MARKET|FARMERS_MARKET|SMOOTHIE_SHOP|PIZZA_SHOP
96188943,0,Kaan Dınız,1,98631.0,97288.0,5,277,6,12,0,136,9,0,42,12,6,11,12,258,265,0,1203,2,0,291,72,2702,25,13,7,19,1,19,19,13,0,1,YARN_STORE|SMOOTHIE_SHOP|BAKERY|BRUNCH_SPOT|SMOOTHIE_SHOP|PIZZA_SHOP|BAKERY|PET_CAFE
96188943,1,Ryo Hasegawa,0,97288.0,98631.0,5,290,6,7,0,163,0,0,45,11,6,9,-1,171,190,0,332,0,0,216,66,241,25,13,7,19,1,19,19,13,0,1,YARN_STORE|SMOOTHIE_SHOP|BAKERY|BRUNCH_SPOT|SMOOTHIE_SHOP|PIZZA_SHOP|BAKERY|PET_CAFE
96191238,0,Seb (allegedly),1,95476.0,91287.0,7,300,5,15,0,104,0,0,21,19,4,8,-1,118,309,0,276,0,0,153,114,349,31,19,13,25,1,7,19,25,0,13,PET_CAFE|YARN_STORE|YARN_STORE|FARMERS_MARKET|BRUNCH_SPOT|PIZZA_SHOP|ICE_CREAM_SHOP|ICE_CREAM_SHOP
96191238,1,Kaan Dınız,0,91287.0,95476.0,5,277,6,12,0,152,4,0,34,17,6,11,12,232,278,0,1664,2,0,227,120,2026,31,19,13,25,1,7,19,25,0,13,PET_CAFE|YARN_STORE|YARN_STORE|FARMERS_MARKET|BRUNCH_SPOT|PIZZA_SHOP|ICE_CREAM_SHOP|ICE_CREAM_SHOP
96191412,0,u,1,61499.0,57272.0,5,277,6,8,0,125,5,0,38,16,6,11,-1,279,246,0,856,11,0,286,90,2999,19,49,13,7,1,1,19,13,0,10,PET_CAFE|PET_CAFE|YARN_STORE|PIZZA_SHOP|PET_CAFE|ICE_CREAM_SHOP|PIZZA_SHOP|PET_CAFE
96191412,1,Kostiantyn Isaienkov,0,57272.0,61499.0,5,277,6,6,2,154,12,0,19,12,6,11,-1,279,164,58,786,9,0,281,72,2387,19,49,13,7,1,1,19,13,0,10,PET_CAFE|PET_CAFE|YARN_STORE|PIZZA_SHOP|PET_CAFE|ICE_CREAM_SHOP|PIZZA_SHOP|PET_CAFE
96193677,0,Kostiantyn Isaienkov,0,116014.0,124940.0,5,277,10,4,0,135,14,0,34,20,6,11,-1,279,120,0,1142,15,0,254,120,1906,25,1,7,25,1,19,19,25,0,14,SMOOTHIE_SHOP|PIZZA_SHOP|BRUNCH_SPOT|YARN_STORE|SMOOTHIE_SHOP|BRUNCH_SPOT|BAKERY|YARN_STORE
96193677,1,ReCurSiON,1,124940.0,116014.0,4,262,9,4,0,143,0,0,37,15,6,10,-1,296,164,0,457,0,0,290,114,265,25,1,7,25,1,19,19,25,0,14,SMOOTHIE_SHOP|PIZZA_SHOP|BRUNCH_SPOT|YARN_STORE|SMOOTHIE_SHOP|BRUNCH_SPOT|BAKERY|YARN_STORE
96195799,0,Efe Can Celiksoy,0,87662.0,88120.0,5,277,10,4,0,126,16,0,42,12,6,11,-1,279,119,0,1020,17,0,286,72,2013,19,13,7,25,1,7,25,25,0,2,BRUNCH_SPOT|PET_CAFE|SMOOTHIE_SHOP|SMOOTHIE_SHOP|YARN_STORE|ICE_CREAM_SHOP|YARN_STORE|PIZZA_SHOP
96195799,1,Kaan Dınız,1,88120.0,87662.0,5,277,10,4,0,133,13,0,38,12,6,11,-1,280,172,0,877,11,0,294,72,2933,19,13,7,25,1,7,25,25,0,2,BRUNCH_SPOT|PET_CAFE|SMOOTHIE_SHOP|SMOOTHIE_SHOP|YARN_STORE|ICE_CREAM_SHOP|YARN_STORE|PIZZA_SHOP
96198076,0,Kaan Dınız,1,54410.0,47151.0,5,277,8,6,0,133,13,0,38,12,6,11,-1,273,220,0,877,11,0,294,72,2933,19,13,1,19,1,19,13,25,0,11,BAKERY|BAKERY|PET_CAFE|SMOOTHIE_SHOP|SMOOTHIE_SHOP|YARN_STORE|YARN_STORE|BRUNCH_SPOT
96198076,1,James Holland,0,47151.0,54410.0,5,278,10,4,0,123,5,0,42,12,6,11,-1,347,263,0,684,10,0,355,136,2767,19,13,1,19,1,19,13,25,0,11,BAKERY|BAKERY|PET_CAFE|SMOOTHIE_SHOP|SMOOTHIE_SHOP|YARN_STORE|YARN_STORE|BRUNCH_SPOT
96198235,0,peikopon,0,77155.0,84132.0,5,277,10,4,0,100,34,2,32,20,6,11,-1,323,134,0,1143,94,10,260,120,1874,31,37,19,25,1,1,19,13,0,10,PIZZA_SHOP|ICE_CREAM_SHOP|FARMERS_MARKET|PET_CAFE|PET_CAFE|FARMERS_MARKET|ICE_CREAM_SHOP|YARN_STORE
96198235,1,Excluding,1,84132.0,77155.0,5,300,14,2,0,127,0,11,31,13,6,10,-1,484,68,0,583,0,69,231,78,221,31,37,19,25,1,1,19,13,0,10,PIZZA_SHOP|ICE_CREAM_SHOP|FARMERS_MARKET|PET_CAFE|PET_CAFE|FARMERS_MARKET|ICE_CREAM_SHOP|YARN_STORE
96198237,0,Seb (allegedly),0,100965.0,103051.0,7,303,5,13,0,115,0,0,21,19,4,8,-1,158,288,0,269,0,0,155,114,336,19,13,1,25,1,13,13,37,0,11,PET_CAFE|YARN_STORE|ICE_CREAM_SHOP|YARN_STORE|BRUNCH_SPOT|SMOOTHIE_SHOP|BRUNCH_SPOT|YARN_STORE
96198237,1,カワシギ,1,103051.0,100965.0,5,277,6,12,0,162,12,0,34,20,6,11,12,156,270,0,1607,8,0,223,120,1747,19,13,1,25,1,13,13,37,0,11,PET_CAFE|YARN_STORE|ICE_CREAM_SHOP|YARN_STORE|BRUNCH_SPOT|SMOOTHIE_SHOP|BRUNCH_SPOT|YARN_STORE
96198246,0,tetsuya,1,101340.0,94682.0,6,310,5,10,0,135,26,0,30,15,7,10,-1,156,244,0,344,46,0,181,90,277,7,13,1,13,1,7,13,49,0,11,SMOOTHIE_SHOP|YARN_STORE|BAKERY|YARN_STORE|PET_CAFE|YARN_STORE|YARN_STORE|SMOOTHIE_SHOP
96198246,1,Ryo Hasegawa,0,94682.0,101340.0,5,290,6,10,0,195,0,0,25,11,5,10,-1,169,211,0,451,0,0,181,66,278,7,13,1,13,1,7,13,49,0,11,SMOOTHIE_SHOP|YARN_STORE|BAKERY|YARN_STORE|PET_CAFE|YARN_STORE|YARN_STORE|SMOOTHIE_SHOP
96198249,0,Arman Tuganbaev,0,124311.0,155457.0,2,251,8,4,0,136,0,0,39,26,7,9,-1,189,135,0,272,0,0,249,149,199,31,7,7,49,1,13,31,1,0,8,SMOOTHIE_SHOP|BRUNCH_SPOT|ICE_CREAM_SHOP|FARMERS_MARKET|SMOOTHIE_SHOP|ICE_CREAM_SHOP|SMOOTHIE_SHOP|BRUNCH_SPOT
96198249,1,Excluding,1,155457.0,124311.0,5,299,13,3,0,77,0,7,45,17,6,10,-1,428,94,0,323,0,46,338,102,382,31,7,7,49,1,13,31,1,0,8,SMOOTHIE_SHOP|BRUNCH_SPOT|ICE_CREAM_SHOP|FARMERS_MARKET|SMOOTHIE_SHOP|ICE_CREAM_SHOP|SMOOTHIE_SHOP|BRUNCH_SPOT
96198251,0,Subramanya N,1,75118.0,68833.0,6,303,5,2,7,94,17,0,41,22,6,10,-1,158,68,216,332,41,0,237,80,200,37,25,13,31,1,25,7,1,0,3,SMOOTHIE_SHOP|BRUNCH_SPOT|BAKERY|PET_CAFE|BAKERY|FARMERS_MARKET|FARMERS_MARKET|BRUNCH_SPOT
96198251,1,Izzoudine Mohamed KANTA,0,68833.0,75118.0,5,277,8,6,0,132,6,0,38,12,6,11,-1,279,156,0,881,11,0,296,72,2933,37,25,13,31,1,25,7,1,0,3,SMOOTHIE_SHOP|BRUNCH_SPOT|BAKERY|PET_CAFE|BAKERY|FARMERS_MARKET|FARMERS_MARKET|BRUNCH_SPOT
96200359,0,Kaan Dınız,0,115094.0,115389.0,5,277,10,4,0,133,13,0,38,12,6,11,-1,285,236,0,877,11,0,322,72,2933,19,7,13,31,1,1,31,25,0,2,PIZZA_SHOP|SMOOTHIE_SHOP|FARMERS_MARKET|YARN_STORE|SMOOTHIE_SHOP|YARN_STORE|SMOOTHIE_SHOP|ICE_CREAM_SHOP
96200359,1,Arda Ceylan,1,115389.0,115094.0,5,276,10,4,0,125,8,0,42,12,6,11,-1,314,154,0,856,14,0,316,72,2932,19,7,13,31,1,1,31,25,0,2,PIZZA_SHOP|SMOOTHIE_SHOP|FARMERS_MARKET|YARN_STORE|SMOOTHIE_SHOP|YARN_STORE|SMOOTHIE_SHOP|ICE_CREAM_SHOP
96200487,0,Kobe BRYANT,1,61904.0,60276.0,5,277,10,4,0,132,6,0,38,12,6,11,-1,279,142,0,879,11,0,294,72,2933,31,31,19,19,1,13,13,13,0,0,PIZZA_SHOP|PIZZA_SHOP|PET_CAFE|BRUNCH_SPOT|BRUNCH_SPOT|PET_CAFE|FARMERS_MARKET|YARN_STORE
96200487,1,SaiKushal185,0,60276.0,61904.0,5,277,10,4,0,129,5,0,42,12,6,11,-1,279,120,0,542,11,0,274,72,234,31,31,19,19,1,13,13,13,0,0,PIZZA_SHOP|PIZZA_SHOP|PET_CAFE|BRUNCH_SPOT|BRUNCH_SPOT|PET_CAFE|FARMERS_MARKET|YARN_STORE
96202643,0,peikopon,0,109103.0,109232.0,5,278,10,4,0,115,20,2,36,12,6,11,-1,279,178,0,675,36,11,275,72,2752,37,19,19,43,1,7,25,1,0,6,FARMERS_MARKET|ICE_CREAM_SHOP|SMOOTHIE_SHOP|FARMERS_MARKET|SMOOTHIE_SHOP|BAKERY|FARMERS_MARKET|ICE_CREAM_SHOP
96202643,1,Kaan Dınız,1,109232.0,109103.0,5,277,10,4,0,133,13,0,38,12,6,11,-1,280,185,0,877,11,0,300,72,2933,37,19,19,43,1,7,25,1,0,6,FARMERS_MARKET|ICE_CREAM_SHOP|SMOOTHIE_SHOP|FARMERS_MARKET|SMOOTHIE_SHOP|BAKERY|FARMERS_MARKET|ICE_CREAM_SHOP
96204909,0,Arda Ceylan,0,109678.0,117380.0,5,277,6,12,0,136,9,0,42,12,6,11,12,255,266,0,1196,2,0,291,72,2701,43,1,1,31,1,25,19,13,0,9,YARN_STORE|ICE_CREAM_SHOP|BRUNCH_SPOT|ICE_CREAM_SHOP|ICE_CREAM_SHOP|BAKERY|BAKERY|BRUNCH_SPOT
96204909,1,SaiKushal185,1,117380.0,109678.0,5,277,6,12,0,130,1,0,42,12,6,11,12,189,266,0,795,2,0,271,72,275,43,1,1,31,1,25,19,13,0,9,YARN_STORE|ICE_CREAM_SHOP|BRUNCH_SPOT|ICE_CREAM_SHOP|ICE_CREAM_SHOP|BAKERY|BAKERY|BRUNCH_SPOT
96204935,0,James Holland,0,73476.0,95220.0,5,278,10,4,0,123,5,0,42,12,6,11,-1,347,263,0,678,10,0,355,136,2767,37,13,19,25,1,13,13,25,0,13,FARMERS_MARKET|PIZZA_SHOP|YARN_STORE|FARMERS_MARKET|YARN_STORE|BAKERY|ICE_CREAM_SHOP|BRUNCH_SPOT
96204935,1,Kaan Dınız,1,95220.0,73476.0,5,277,6,8,0,133,13,0,38,12,6,11,-1,267,254,0,877,11,0,294,72,2933,37,13,19,25,1,13,13,25,0,13,FARMERS_MARKET|PIZZA_SHOP|YARN_STORE|FARMERS_MARKET|YARN_STORE|BAKERY|ICE_CREAM_SHOP|BRUNCH_SPOT
96207200,0,Arda Ceylan,0,116128.0,119676.0,5,276,10,4,0,127,8,0,42,12,6,11,-1,324,154,0,861,14,0,319,72,2932,25,19,13,37,1,1,37,1,0,8,PET_CAFE|ICE_CREAM_SHOP|SMOOTHIE_SHOP|FARMERS_MARKET|SMOOTHIE_SHOP|SMOOTHIE_SHOP|PIZZA_SHOP|ICE_CREAM_SHOP
96207200,1,Efe Can Celiksoy,1,119676.0,116128.0,5,277,10,4,0,126,16,0,42,12,6,11,-1,279,119,0,1020,17,0,286,72,2013,25,19,13,37,1,1,37,1,0,8,PET_CAFE|ICE_CREAM_SHOP|SMOOTHIE_SHOP|FARMERS_MARKET|SMOOTHIE_SHOP|SMOOTHIE_SHOP|PIZZA_SHOP|ICE_CREAM_SHOP
96209519,0,Seb (allegedly),1,95312.0,88347.0,7,306,6,15,0,127,0,0,30,19,4,8,10,143,306,0,295,0,0,217,108,317,19,37,19,19,1,1,13,25,0,10,YARN_STORE|SMOOTHIE_SHOP|PET_CAFE|FARMERS_MARKET|YARN_STORE|PET_CAFE|PIZZA_SHOP|FARMERS_MARKET
96209519,1,Kaan Dınız,0,88347.0,95312.0,5,277,6,12,0,136,9,0,42,12,6,11,12,258,265,0,1205,2,0,291,72,2702,19,37,19,19,1,1,13,25,0,10,YARN_STORE|SMOOTHIE_SHOP|PET_CAFE|FARMERS_MARKET|YARN_STORE|PET_CAFE|PIZZA_SHOP|FARMERS_MARKET
96211799,0,Kaan Dınız,1,111226.0,95375.0,5,277,6,12,0,152,4,0,34,17,6,11,12,232,270,0,1664,2,0,227,120,2026,13,13,13,7,1,1,19,49,0,11,SMOOTHIE_SHOP|YARN_STORE|YARN_STORE|PIZZA_SHOP|PET_CAFE|YARN_STORE|YARN_STORE|PIZZA_SHOP
96211799,1,Kostiantyn Isaienkov,0,95375.0,111226.0,5,277,6,8,0,131,12,0,42,12,6,11,-1,279,180,0,790,9,0,281,72,2380,13,13,13,7,1,1,19,49,0,11,SMOOTHIE_SHOP|YARN_STORE|YARN_STORE|PIZZA_SHOP|PET_CAFE|YARN_STORE|YARN_STORE|PIZZA_SHOP
96214077,0,Kaan Dınız,0,91316.0,94890.0,5,277,6,12,0,136,9,0,42,12,6,11,12,317,265,0,1205,2,0,344,72,2702,31,19,13,25,1,7,25,13,0,1,YARN_STORE|ICE_CREAM_SHOP|FARMERS_MARKET|BAKERY|PIZZA_SHOP|ICE_CREAM_SHOP|SMOOTHIE_SHOP|PET_CAFE
96214077,1,SaiKushal185,1,94890.0,91316.0,5,277,6,12,0,130,1,0,42,12,6,11,12,189,266,0,795,2,0,271,72,275,31,19,13,25,1,7,25,13,0,1,YARN_STORE|ICE_CREAM_SHOP|FARMERS_MARKET|BAKERY|PIZZA_SHOP|ICE_CREAM_SHOP|SMOOTHIE_SHOP|PET_CAFE
96214168,0,James Holland,0,77795.0,80701.0,5,277,6,12,0,141,7,0,34,12,6,11,12,277,355,0,1469,4,0,344,208,1735,25,7,13,19,1,13,13,37,0,11,YARN_STORE|YARN_STORE|YARN_STORE|BAKERY|BRUNCH_SPOT|PIZZA_SHOP|FARMERS_MARKET|SMOOTHIE_SHOP
96214168,1,bplyc15,1,80701.0,77795.0,5,277,6,12,0,130,1,0,42,12,6,11,12,189,266,0,1196,2,0,271,72,2701,25,7,13,19,1,13,13,37,0,11,YARN_STORE|YARN_STORE|YARN_STORE|BAKERY|BRUNCH_SPOT|PIZZA_SHOP|FARMERS_MARKET|SMOOTHIE_SHOP
96214189,0,SaiKushal185,0,90798.0,91446.0,5,277,6,12,0,130,1,0,42,12,6,11,12,189,266,0,795,2,0,271,72,275,25,19,25,25,1,1,13,37,0,13,YARN_STORE|FARMERS_MARKET|YARN_STORE|YARN_STORE|FARMERS_MARKET|PIZZA_SHOP|FARMERS_MARKET|SMOOTHIE_SHOP
96214189,1,lucaskna,1,91446.0,90798.0,5,277,6,12,0,128,1,0,42,12,6,11,12,117,266,0,835,2,0,271,72,273,25,19,25,25,1,1,13,37,0,13,YARN_STORE|FARMERS_MARKET|YARN_STORE|YARN_STORE|FARMERS_MARKET|PIZZA_SHOP|FARMERS_MARKET|SMOOTHIE_SHOP
96214210,0,Ryo Hasegawa,1,71486.0,62200.0,5,290,6,7,0,153,0,0,36,11,6,10,-1,168,183,0,321,0,0,270,66,225,37,25,25,19,1,13,13,13,0,4,FARMERS_MARKET|PET_CAFE|YARN_STORE|PIZZA_SHOP|FARMERS_MARKET|BRUNCH_SPOT|BAKERY|PIZZA_SHOP
96214210,1,Hello San Francisco,0,62200.0,71486.0,5,277,6,8,0,133,13,0,42,12,6,11,-1,323,231,0,1480,11,0,554,121,3359,37,25,25,19,1,13,13,13,0,4,FARMERS_MARKET|PET_CAFE|YARN_STORE|PIZZA_SHOP|FARMERS_MARKET|BRUNCH_SPOT|BAKERY|PIZZA_SHOP
96216328,0,Arda Ceylan,1,97766.0,95613.0,5,277,6,8,0,129,8,0,42,12,6,11,-1,281,242,0,851,11,0,296,72,2954,25,13,1,25,1,25,7,25,0,14,SMOOTHIE_SHOP|BRUNCH_SPOT|YARN_STORE|BAKERY|PET_CAFE|BRUNCH_SPOT|YARN_STORE|BRUNCH_SPOT
96216328,1,Xiaowenhao404,0,95613.0,97766.0,5,277,6,8,0,131,13,0,42,12,6,11,-1,1178,208,0,1349,16,0,283,72,1768,25,13,1,25,1,25,7,25,0,14,SMOOTHIE_SHOP|BRUNCH_SPOT|YARN_STORE|BAKERY|PET_CAFE|BRUNCH_SPOT|YARN_STORE|BRUNCH_SPOT
96216355,0,peikopon,0,76692.0,81496.0,5,277,6,13,0,108,27,0,34,20,6,11,12,189,271,0,1465,67,0,247,120,1820,19,13,7,7,1,13,7,49,0,11,PET_CAFE|YARN_STORE|YARN_STORE|YARN_STORE|YARN_STORE|BRUNCH_SPOT|BAKERY|PIZZA_SHOP
96216355,1,Kaan Dınız,1,81496.0,76692.0,5,277,6,12,0,152,4,0,34,17,6,11,12,232,270,0,1664,2,0,227,120,2026,19,13,7,7,1,13,7,49,0,11,PET_CAFE|YARN_STORE|YARN_STORE|YARN_STORE|YARN_STORE|BRUNCH_SPOT|BAKERY|PIZZA_SHOP
96216450,0,Xiaowenhao404,0,94253.0,96837.0,5,277,8,6,0,128,13,0,42,12,6,11,-1,188,162,0,1527,10,0,289,83,2181,49,13,13,49,1,31,7,1,0,3,BRUNCH_SPOT|FARMERS_MARKET|BRUNCH_SPOT|BRUNCH_SPOT|FARMERS_MARKET|BRUNCH_SPOT|ICE_CREAM_SHOP|BRUNCH_SPOT
96216450,1,Excluding,1,96837.0,94253.0,5,299,7,4,0,104,0,10,44,13,6,10,-1,252,123,0,485,0,55,317,78,257,49,13,13,49,1,31,7,1,0,3,BRUNCH_SPOT|FARMERS_MARKET|BRUNCH_SPOT|BRUNCH_SPOT|FARMERS_MARKET|BRUNCH_SPOT|ICE_CREAM_SHOP|BRUNCH_SPOT
96216457,0,Ryo Hasegawa,1,93764.0,76237.0,5,290,7,7,0,147,0,0,37,11,6,10,-1,191,183,0,290,0,0,268,66,243,31,19,19,25,1,13,7,25,0,13,BAKERY|SMOOTHIE_SHOP|YARN_STORE|FARMERS_MARKET|FARMERS_MARKET|BAKERY|FARMERS_MARKET|YARN_STORE
96216457,1,Ozi,0,76237.0,93764.0,5,277,10,4,0,135,14,0,34,20,6,11,-1,279,120,0,1142,15,0,265,120,1906,31,19,19,25,1,13,7,25,0,13,BAKERY|SMOOTHIE_SHOP|YARN_STORE|FARMERS_MARKET|FARMERS_MARKET|BAKERY|FARMERS_MARKET|YARN_STORE
96216471,0,Xiaowenhao404,0,121237.0,127342.0,5,277,6,12,0,142,11,0,42,12,6,11,12,192,266,0,1820,8,0,334,72,1625,31,13,19,31,1,1,25,25,0,2,PIZZA_SHOP|YARN_STORE|SMOOTHIE_SHOP|YARN_STORE|FARMERS_MARKET|ICE_CREAM_SHOP|ICE_CREAM_SHOP|FARMERS_MARKET
96216471,1,MiMi,1,127342.0,121237.0,5,295,9,9,0,161,13,8,30,12,5,10,12,226,188,0,780,18,45,182,72,225,31,13,19,31,1,1,25,25,0,2,PIZZA_SHOP|YARN_STORE|SMOOTHIE_SHOP|YARN_STORE|FARMERS_MARKET|ICE_CREAM_SHOP|ICE_CREAM_SHOP|FARMERS_MARKET
96218644,0,Kaan Dınız,1,53128.0,51942.0,5,277,10,4,0,133,13,0,38,12,6,11,-1,285,236,0,877,11,0,322,72,2933,43,19,31,31,1,13,19,1,0,4,BAKERY|PIZZA_SHOP|FARMERS_MARKET|FARMERS_MARKET|PIZZA_SHOP|BRUNCH_SPOT|FARMERS_MARKET|SMOOTHIE_SHOP
96218644,1,Rorical,0,51942.0,53128.0,5,277,10,4,0,133,13,0,42,12,6,11,-1,279,116,0,536,11,0,274,72,236,43,19,31,31,1,13,19,1,0,4,BAKERY|PIZZA_SHOP|FARMERS_MARKET|FARMERS_MARKET|PIZZA_SHOP|BRUNCH_SPOT|FARMERS_MARKET|SMOOTHIE_SHOP
96218746,0,u,0,85625.0,86944.0,5,277,10,4,0,125,5,0,42,12,6,11,-1,279,135,0,858,11,0,279,72,2999,25,13,1,31,1,13,25,13,0,1,PET_CAFE|ICE_CREAM_SHOP|BRUNCH_SPOT|SMOOTHIE_SHOP|SMOOTHIE_SHOP|BAKERY|YARN_STORE|ICE_CREAM_SHOP
96218746,1,James Holland,1,86944.0,85625.0,5,278,10,4,0,123,5,0,42,12,6,11,-1,347,250,0,678,10,0,335,136,2750,25,13,1,31,1,13,25,13,0,1,PET_CAFE|ICE_CREAM_SHOP|BRUNCH_SPOT|SMOOTHIE_SHOP|SMOOTHIE_SHOP|BAKERY|YARN_STORE|ICE_CREAM_SHOP
96220920,0,Kaan Dınız,1,64235.0,63935.0,5,277,10,4,0,133,13,0,38,12,6,11,-1,280,172,0,877,11,0,294,72,2933,37,7,13,19,1,25,13,13,0,14,BRUNCH_SPOT|BAKERY|SMOOTHIE_SHOP|FARMERS_MARKET|PIZZA_SHOP|YARN_STORE|BAKERY|BAKERY
96220920,1,Seb (allegedly),0,63935.0,64235.0,7,304,7,5,0,93,0,0,32,18,4,8,-1,176,117,0,218,0,0,241,108,221,37,7,13,19,1,25,13,13,0,14,BRUNCH_SPOT|BAKERY|SMOOTHIE_SHOP|FARMERS_MARKET|PIZZA_SHOP|YARN_STORE|BAKERY|BAKERY
96223202,0,Kaan Dınız,1,85192.0,75689.0,5,277,6,12,0,152,4,0,34,17,6,11,12,232,270,0,1664,2,0,227,120,2026,13,25,1,13,1,7,13,37,0,11,PET_CAFE|YARN_STORE|YARN_STORE|ICE_CREAM_SHOP|BAKERY|PET_CAFE|YARN_STORE|SMOOTHIE_SHOP
96223202,1,Kostiantyn Isaienkov,0,75689.0,85192.0,5,277,6,8,0,154,12,0,19,12,6,11,-1,279,202,0,786,9,0,281,72,2387,13,25,1,13,1,7,13,37,0,11,PET_CAFE|YARN_STORE|YARN_STORE|ICE_CREAM_SHOP|BAKERY|PET_CAFE|YARN_STORE|SMOOTHIE_SHOP
96225499,0,lucaskna,1,80818.0,73985.0,5,277,6,12,0,145,3,0,34,17,6,11,12,125,270,0,1060,2,0,215,102,295,37,1,7,7,1,31,7,25,0,14,YARN_STORE|BAKERY|BAKERY|PIZZA_SHOP|YARN_STORE|BRUNCH_SPOT|BAKERY|BAKERY
96225499,1,Kaan Dınız,0,73985.0,80818.0,5,277,6,12,0,136,9,0,42,12,6,11,12,258,265,0,1205,2,0,291,72,2702,37,1,7,7,1,31,7,25,0,14,YARN_STORE|BAKERY|BAKERY|PIZZA_SHOP|YARN_STORE|BRUNCH_SPOT|BAKERY|BAKERY
96225590,0,James Holland,0,70307.0,72976.0,5,277,6,12,0,141,7,0,34,12,6,11,12,263,339,0,1469,4,0,317,180,1735,13,25,1,13,1,13,13,25,0,11,YARN_STORE|PET_CAFE|BAKERY|BAKERY|PET_CAFE|YARN_STORE|SMOOTHIE_SHOP|SMOOTHIE_SHOP
96225590,1,Victor @ Tufa Labs,1,72976.0,70307.0,5,277,6,12,0,133,2,0,34,20,6,11,12,190,271,0,12616,4,0,271,120,1818,13,25,1,13,1,13,13,25,0,11,YARN_STORE|PET_CAFE|BAKERY|BAKERY|PET_CAFE|YARN_STORE|SMOOTHIE_SHOP|SMOOTHIE_SHOP
96225622,0,カワシギ,0,75019.0,79128.0,5,277,8,6,0,128,12,0,42,12,6,11,-1,184,137,0,1202,4,0,313,72,1555,37,19,19,25,1,19,19,1,0,7,BRUNCH_SPOT|FARMERS_MARKET|BAKERY|BRUNCH_SPOT|SMOOTHIE_SHOP|PIZZA_SHOP|PET_CAFE|PIZZA_SHOP
96225622,1,Kobe BRYANT,1,79128.0,75019.0,5,277,6,6,2,132,6,0,38,12,6,11,-1,279,168,56,882,11,0,294,72,2933,37,19,19,25,1,19,19,1,0,7,BRUNCH_SPOT|FARMERS_MARKET|BAKERY|BRUNCH_SPOT|SMOOTHIE_SHOP|PIZZA_SHOP|PET_CAFE|PIZZA_SHOP
96227782,0,Kaan Dınız,0,51394.0,52213.0,5,277,8,6,0,133,13,0,38,12,6,11,-1,276,303,0,877,11,0,322,72,2933,37,31,7,19,1,25,7,1,0,0,FARMERS_MARKET|BRUNCH_SPOT|PET_CAFE|BAKERY|BAKERY|BAKERY|ICE_CREAM_SHOP|PET_CAFE
96227782,1,lucaskna,1,52213.0,51394.0,5,278,8,6,0,125,5,0,42,12,6,11,-1,125,164,0,624,11,0,276,72,237,37,31,7,19,1,25,7,1,0,0,FARMERS_MARKET|BRUNCH_SPOT|PET_CAFE|BAKERY|BAKERY|BAKERY|ICE_CREAM_SHOP|PET_CAFE
96230076,0,u,0,89380.0,94570.0,5,277,6,8,0,125,5,0,42,12,6,11,-1,279,214,0,858,11,0,276,72,2999,19,25,1,25,1,13,19,13,0,12,SMOOTHIE_SHOP|BRUNCH_SPOT|YARN_STORE|PET_CAFE|ICE_CREAM_SHOP|PET_CAFE|BAKERY|SMOOTHIE_SHOP
96230076,1,Kaan Dınız,1,94570.0,89380.0,5,277,6,8,0,133,13,0,38,12,6,11,-1,267,361,0,877,11,0,322,72,2933,19,25,1,25,1,13,19,13,0,12,SMOOTHIE_SHOP|BRUNCH_SPOT|YARN_STORE|PET_CAFE|ICE_CREAM_SHOP|PET_CAFE|BAKERY|SMOOTHIE_SHOP
96230138,0,カワシギ,0,59646.0,68858.0,5,277,10,4,0,124,15,0,42,12,6,11,-1,240,103,0,1294,17,0,302,72,1960,25,43,7,31,1,7,19,1,0,10,PET_CAFE|PET_CAFE|ICE_CREAM_SHOP|BRUNCH_SPOT|ICE_CREAM_SHOP|FARMERS_MARKET|PET_CAFE|SMOOTHIE_SHOP
96230138,1,Izzoudine Mohamed KANTA,1,68858.0,59646.0,5,277,6,6,2,78,73,0,38,12,6,11,-1,279,159,47,856,97,0,294,72,2926,25,43,7,31,1,7,19,1,0,10,PET_CAFE|PET_CAFE|ICE_CREAM_SHOP|BRUNCH_SPOT|ICE_CREAM_SHOP|FARMERS_MARKET|PET_CAFE|SMOOTHIE_SHOP
96230139,0,Hello San Francisco,0,56955.0,63754.0,5,277,8,6,0,133,13,0,42,12,6,11,-1,356,200,0,1484,11,0,565,121,3359,37,37,13,31,1,19,7,1,0,3,BAKERY|BRUNCH_SPOT|FARMERS_MARKET|PET_CAFE|BRUNCH_SPOT|ICE_CREAM_SHOP|FARMERS_MARKET|PET_CAFE
96230139,1,ReCurSiON,1,63754.0,56955.0,4,262,9,4,0,143,0,0,37,20,6,10,-1,296,200,0,457,0,0,290,114,265,37,37,13,31,1,19,7,1,0,3,BAKERY|BRUNCH_SPOT|FARMERS_MARKET|PET_CAFE|BRUNCH_SPOT|ICE_CREAM_SHOP|FARMERS_MARKET|PET_CAFE
96232370,0,Kostiantyn Isaienkov,0,98546.0,101305.0,5,277,6,8,0,131,12,0,42,12,6,11,-1,279,202,0,786,9,0,281,72,2380,37,1,7,25,1,19,19,25,0,14,PIZZA_SHOP|BRUNCH_SPOT|YARN_STORE|BAKERY|ICE_CREAM_SHOP|ICE_CREAM_SHOP|YARN_STORE|BRUNCH_SPOT
96232370,1,Kaan Dınız,1,101305.0,98546.0,5,277,6,8,0,133,13,0,38,12,6,11,-1,267,307,0,877,11,0,313,72,2933,37,1,7,25,1,19,19,25,0,14,PIZZA_SHOP|BRUNCH_SPOT|YARN_STORE|BAKERY|ICE_CREAM_SHOP|ICE_CREAM_SHOP|YARN_STORE|BRUNCH_SPOT
96234620,0,peikopon,1,114964.0,114787.0,5,278,6,12,0,133,6,2,32,20,6,11,12,189,271,0,1465,4,10,242,120,1826,25,1,13,19,1,7,31,25,0,2,YARN_STORE|PIZZA_SHOP|ICE_CREAM_SHOP|BAKERY|YARN_STORE|PIZZA_SHOP|SMOOTHIE_SHOP|SMOOTHIE_SHOP
96234620,1,Thomas Tschinkel,0,114787.0,114964.0,5,277,6,12,0,133,10,0,34,20,6,11,12,188,265,0,864,4,0,221,114,291,25,1,13,19,1,7,31,25,0,2,YARN_STORE|PIZZA_SHOP|ICE_CREAM_SHOP|BAKERY|YARN_STORE|PIZZA_SHOP|SMOOTHIE_SHOP|SMOOTHIE_SHOP
96236894,0,Thomas Tschinkel,1,59177.0,58083.0,5,277,10,4,0,125,13,0,42,12,6,11,-1,218,102,0,619,11,0,268,72,233,43,13,19,25,1,19,13,13,0,7,FARMERS_MARKET|BAKERY|PIZZA_SHOP|FARMERS_MARKET|BAKERY|ICE_CREAM_SHOP|BRUNCH_SPOT|YARN_STORE
96236894,1,Hello San Francisco,0,58083.0,59177.0,5,277,10,4,0,133,13,0,42,12,6,11,-1,375,181,0,1482,11,0,554,121,3359,43,13,19,25,1,19,13,13,0,7,FARMERS_MARKET|BAKERY|PIZZA_SHOP|FARMERS_MARKET|BAKERY|ICE_CREAM_SHOP|BRUNCH_SPOT|YARN_STORE
96236987,0,Pardheev Krishna,1,139979.0,139301.0,5,277,6,12,0,145,3,0,34,17,6,11,12,235,270,0,1648,2,0,248,120,2026,31,1,13,19,1,7,31,25,0,2,SMOOTHIE_SHOP|YARN_STORE|ICE_CREAM_SHOP|YARN_STORE|PIZZA_SHOP|BAKERY|ICE_CREAM_SHOP|PIZZA_SHOP
96236987,1,Kaan Dınız,0,139301.0,139979.0,5,277,6,12,0,152,4,0,34,17,6,11,12,247,282,0,1660,4,0,227,120,2026,31,1,13,19,1,7,31,25,0,2,SMOOTHIE_SHOP|YARN_STORE|ICE_CREAM_SHOP|YARN_STORE|PIZZA_SHOP|BAKERY|ICE_CREAM_SHOP|PIZZA_SHOP
96237017,0,ReCurSiON,0,142037.0,148593.0,4,262,9,4,0,143,0,0,37,15,6,10,-1,296,200,0,457,0,0,290,114,265,31,7,19,37,1,7,37,1,0,8,ICE_CREAM_SHOP|SMOOTHIE_SHOP|SMOOTHIE_SHOP|PIZZA_SHOP|SMOOTHIE_SHOP|BRUNCH_SPOT|PIZZA_SHOP|FARMERS_MARKET
96237017,1,カワシギ,1,148593.0,142037.0,5,276,10,4,0,141,15,0,34,20,6,11,-1,276,100,0,1006,17,0,215,120,1956,31,7,19,37,1,7,37,1,0,8,ICE_CREAM_SHOP|SMOOTHIE_SHOP|SMOOTHIE_SHOP|PIZZA_SHOP|SMOOTHIE_SHOP|BRUNCH_SPOT|PIZZA_SHOP|FARMERS_MARKET
96239174,0,Thomas Tschinkel,1,54954.0,48144.0,5,277,7,7,0,86,50,0,42,12,6,11,-1,163,151,0,511,88,0,268,72,234,31,31,13,19,1,13,13,13,0,0,PET_CAFE|BRUNCH_SPOT|FARMERS_MARKET|PIZZA_SHOP|PET_CAFE|BAKERY|YARN_STORE|ICE_CREAM_SHOP
96239174,1,James Holland,0,48144.0,54954.0,5,278,10,4,0,123,5,0,42,12,6,11,-1,367,268,0,678,10,0,363,160,2750,31,31,13,19,1,13,13,13,0,0,PET_CAFE|BRUNCH_SPOT|FARMERS_MARKET|PIZZA_SHOP|PET_CAFE|BAKERY|YARN_STORE|ICE_CREAM_SHOP
96239297,0,Hello San Francisco,0,84074.0,86887.0,5,277,6,8,0,133,13,0,42,12,6,11,-1,323,231,0,1480,11,0,554,121,3359,37,7,19,25,1,13,25,13,0,7,BAKERY|PIZZA_SHOP|YARN_STORE|SMOOTHIE_SHOP|FARMERS_MARKET|ICE_CREAM_SHOP|PIZZA_SHOP|BRUNCH_SPOT
96239297,1,Kaan Dınız,1,86887.0,84074.0,5,277,6,8,0,133,13,0,38,12,6,11,-1,267,337,0,877,11,0,322,72,2933,37,7,19,25,1,13,25,13,0,7,BAKERY|PIZZA_SHOP|YARN_STORE|SMOOTHIE_SHOP|FARMERS_MARKET|ICE_CREAM_SHOP|PIZZA_SHOP|BRUNCH_SPOT
96241449,0,Thomas Tschinkel,1,100898.0,97068.0,5,277,10,4,0,125,13,0,42,12,6,11,-1,240,99,0,598,11,0,268,72,234,31,31,13,31,1,13,19,1,0,1,SMOOTHIE_SHOP|FARMERS_MARKET|BRUNCH_SPOT|ICE_CREAM_SHOP|PET_CAFE|PIZZA_SHOP|BRUNCH_SPOT|PET_CAFE
96241449,1,Kostiantyn Isaienkov,0,97068.0,100898.0,5,277,10,4,0,131,12,0,42,12,6,11,-1,279,120,0,786,9,0,281,72,2380,31,31,13,31,1,13,19,1,0,1,SMOOTHIE_SHOP|FARMERS_MARKET|BRUNCH_SPOT|ICE_CREAM_SHOP|PET_CAFE|PIZZA_SHOP|BRUNCH_SPOT|PET_CAFE
96241542,0,Izzoudine Mohamed KANTA,1,57491.0,55940.0,5,277,8,6,0,132,6,0,38,12,6,11,-1,279,157,0,885,11,0,294,72,2933,43,13,13,7,1,25,19,1,0,7,ICE_CREAM_SHOP|BAKERY|BAKERY|PIZZA_SHOP|PET_CAFE|PIZZA_SHOP|BAKERY|BAKERY
96241542,1,peikopon,0,55940.0,57491.0,5,277,10,4,0,123,5,0,38,12,6,11,-1,279,178,0,677,10,0,273,72,2750,43,13,13,7,1,25,19,1,0,7,ICE_CREAM_SHOP|BAKERY|BAKERY|PIZZA_SHOP|PET_CAFE|PIZZA_SHOP|BAKERY|BAKERY
96241545,0,tetsuya,0,126435.0,135281.0,6,306,12,3,0,92,0,0,48,14,7,11,-1,321,98,0,193,0,0,295,72,262,25,19,19,31,1,7,31,1,0,6,SMOOTHIE_SHOP|SMOOTHIE_SHOP|PIZZA_SHOP|BRUNCH_SPOT|FARMERS_MARKET|SMOOTHIE_SHOP|PET_CAFE|PIZZA_SHOP
96241545,1,Arman Tuganbaev,1,135281.0,126435.0,2,282,11,4,0,140,8,0,43,11,6,10,-1,272,135,0,222,24,0,322,66,259,25,19,19,31,1,7,31,1,0,6,SMOOTHIE_SHOP|SMOOTHIE_SHOP|PIZZA_SHOP|BRUNCH_SPOT|FARMERS_MARKET|SMOOTHIE_SHOP|PET_CAFE|PIZZA_SHOP
96241546,0,tetsuya,0,101531.0,107357.0,6,309,12,3,0,113,0,0,40,15,7,10,-1,304,98,0,288,0,0,274,90,242,31,13,13,31,1,7,19,25,0,13,SMOOTHIE_SHOP|ICE_CREAM_SHOP|YARN_STORE|FARMERS_MARKET|BAKERY|YARN_STORE|FARMERS_MARKET|ICE_CREAM_SHOP
96241546,1,Ryo Hasegawa,1,107357.0,101531.0,5,290,12,9,0,149,0,0,30,11,5,10,-1,291,145,0,335,0,0,234,66,307,31,13,13,31,1,7,19,25,0,13,SMOOTHIE_SHOP|ICE_CREAM_SHOP|YARN_STORE|FARMERS_MARKET|BAKERY|YARN_STORE|FARMERS_MARKET|ICE_CREAM_SHOP
96241549,0,Excluding,1,104802.0,93015.0,5,294,3,13,0,157,0,6,24,17,6,10,-1,96,468,0,619,0,40,124,102,220,19,13,7,1,1,13,7,49,0,11,YARN_STORE|YARN_STORE|YARN_STORE|PET_CAFE|PIZZA_SHOP|BAKERY|YARN_STORE|BAKERY
96241549,1,Arman Tuganbaev,0,93015.0,104802.0,2,261,7,13,0,138,0,0,20,26,7,10,-1,147,303,0,242,0,0,152,144,336,19,13,7,1,1,13,7,49,0,11,YARN_STORE|YARN_STORE|YARN_STORE|PET_CAFE|PIZZA_SHOP|BAKERY|YARN_STORE|BAKERY
96241550,0,Izzoudine Mohamed KANTA,0,50530.0,52729.0,5,277,8,6,0,132,6,0,38,12,6,11,-1,279,167,0,885,11,0,282,72,2933,31,37,13,13,1,19,1,13,0,0,BAKERY|FARMERS_MARKET|PET_CAFE|FARMERS_MARKET|YARN_STORE|BAKERY|BAKERY|PET_CAFE
96241550,1,Arman Tuganbaev,1,52729.0,50530.0,2,272,9,4,1,161,24,0,39,7,6,10,-1,207,133,36,304,57,0,308,42,218,31,37,13,13,1,19,1,13,0,0,BAKERY|FARMERS_MARKET|PET_CAFE|FARMERS_MARKET|YARN_STORE|BAKERY|BAKERY|PET_CAFE
96241552,0,Subramanya N,1,65614.0,64183.0,6,300,3,2,0,128,52,0,36,19,6,9,-1,99,68,0,459,129,0,203,89,90,25,31,7,31,1,13,19,1,0,1,FARMERS_MARKET|PET_CAFE|BRUNCH_SPOT|PET_CAFE|SMOOTHIE_SHOP|BAKERY|ICE_CREAM_SHOP|SMOOTHIE_SHOP
96241552,1,tetsuya,0,64183.0,65614.0,6,310,6,6,3,78,52,0,40,9,7,10,-1,182,151,71,167,150,0,257,54,284,25,31,7,31,1,13,19,1,0,1,FARMERS_MARKET|PET_CAFE|BRUNCH_SPOT|PET_CAFE|SMOOTHIE_SHOP|BAKERY|ICE_CREAM_SHOP|SMOOTHIE_SHOP
96243730,0,u,1,81432.0,78499.0,5,277,10,4,0,125,5,0,38,16,6,11,-1,279,166,0,856,11,0,274,90,2999,43,7,13,31,1,13,25,13,0,9,PIZZA_SHOP|BAKERY|ICE_CREAM_SHOP|FARMERS_MARKET|YARN_STORE|ICE_CREAM_SHOP|ICE_CREAM_SHOP|BRUNCH_SPOT
96243730,1,Thomas Tschinkel,0,78499.0,81432.0,5,277,11,3,0,125,13,0,42,12,6,11,-1,264,90,0,581,11,0,268,72,234,43,7,13,31,1,13,25,13,0,9,PIZZA_SHOP|BAKERY|ICE_CREAM_SHOP|FARMERS_MARKET|YARN_STORE|ICE_CREAM_SHOP|ICE_CREAM_SHOP|BRUNCH_SPOT
96248384,0,peikopon,0,104729.0,106186.0,5,278,10,4,0,125,5,2,36,12,6,11,-1,279,180,0,676,10,11,275,72,2752,43,7,19,25,1,13,25,13,0,7,ICE_CREAM_SHOP|BRUNCH_SPOT|PIZZA_SHOP|YARN_STORE|FARMERS_MARKET|ICE_CREAM_SHOP|BAKERY|PIZZA_SHOP
96248384,1,Efe Can Celiksoy,1,106186.0,104729.0,5,277,10,4,0,126,16,0,42,12,6,11,-1,279,119,0,1020,17,0,286,72,2013,43,7,19,25,1,13,25,13,0,7,ICE_CREAM_SHOP|BRUNCH_SPOT|PIZZA_SHOP|YARN_STORE|FARMERS_MARKET|ICE_CREAM_SHOP|BAKERY|PIZZA_SHOP
96250600,0,Excluding,0,84314.0,98145.0,5,305,13,3,0,130,0,11,31,13,6,10,-1,483,94,0,568,0,62,223,78,227,31,25,19,19,1,7,13,25,0,13,PIZZA_SHOP|FARMERS_MARKET|ICE_CREAM_SHOP|YARN_STORE|YARN_STORE|FARMERS_MARKET|PET_CAFE|BAKERY
96250600,1,MiMi,1,98145.0,84314.0,5,295,11,9,0,139,11,8,42,14,5,10,12,272,174,0,451,12,38,203,78,266,31,25,19,19,1,7,13,25,0,13,PIZZA_SHOP|FARMERS_MARKET|ICE_CREAM_SHOP|YARN_STORE|YARN_STORE|FARMERS_MARKET|PET_CAFE|BAKERY
96250609,0,Thomas Tschinkel,0,87465.0,90093.0,5,277,11,3,0,125,13,0,42,12,6,11,-1,263,90,0,582,11,0,268,72,234,25,31,13,25,1,7,19,13,0,10,PIZZA_SHOP|SMOOTHIE_SHOP|BRUNCH_SPOT|YARN_STORE|PET_CAFE|FARMERS_MARKET|ICE_CREAM_SHOP|PET_CAFE
96250609,1,James Holland,1,90093.0,87465.0,5,278,10,4,0,123,5,0,42,12,6,11,-1,367,268,0,678,10,0,363,160,2750,25,31,13,25,1,7,19,13,0,10,PIZZA_SHOP|SMOOTHIE_SHOP|BRUNCH_SPOT|YARN_STORE|PET_CAFE|FARMERS_MARKET|ICE_CREAM_SHOP|PET_CAFE
96250690,0,Kobe BRYANT,1,41943.0,35852.0,5,277,6,6,2,132,6,0,38,12,6,11,-1,279,163,56,886,11,0,294,72,2933,19,37,1,19,1,13,19,1,0,12,PET_CAFE|PET_CAFE|BAKERY|ICE_CREAM_SHOP|BAKERY|SMOOTHIE_SHOP|SMOOTHIE_SHOP|PET_CAFE
96250690,1,カワシギ,0,35852.0,41943.0,5,277,8,6,0,128,16,0,42,12,6,11,-1,190,137,0,1350,9,0,292,72,2071,19,37,1,19,1,13,19,1,0,12,PET_CAFE|PET_CAFE|BAKERY|ICE_CREAM_SHOP|BAKERY|SMOOTHIE_SHOP|SMOOTHIE_SHOP|PET_CAFE
96255138,0,SaiKushal185,1,69827.0,69760.0,5,277,10,4,0,129,5,0,42,12,6,11,-1,279,120,0,542,11,0,274,72,234,19,43,7,25,1,7,13,13,0,12,SMOOTHIE_SHOP|PET_CAFE|BRUNCH_SPOT|FARMERS_MARKET|PET_CAFE|PET_CAFE|YARN_STORE|ICE_CREAM_SHOP
96255138,1,Efe Can Celiksoy,0,69760.0,69827.0,5,277,10,4,0,126,16,0,42,12,6,11,-1,279,119,0,1020,17,0,286,72,2013,19,43,7,25,1,7,13,13,0,12,SMOOTHIE_SHOP|PET_CAFE|BRUNCH_SPOT|FARMERS_MARKET|PET_CAFE|PET_CAFE|YARN_STORE|ICE_CREAM_SHOP
96255148,0,bplyc15,0,56388.0,58107.0,5,277,8,6,0,129,5,0,42,12,6,11,-1,279,120,0,856,11,0,274,72,2932,37,25,13,31,1,19,13,1,0,3,FARMERS_MARKET|BAKERY|PET_CAFE|BRUNCH_SPOT|ICE_CREAM_SHOP|FARMERS_MARKET|BAKERY|SMOOTHIE_SHOP
96255148,1,Efe Can Celiksoy,1,58107.0,56388.0,5,277,10,4,0,126,16,0,42,12,6,11,-1,279,119,0,1020,17,0,286,72,2013,37,25,13,31,1,19,13,1,0,3,FARMERS_MARKET|BAKERY|PET_CAFE|BRUNCH_SPOT|ICE_CREAM_SHOP|FARMERS_MARKET|BAKERY|SMOOTHIE_SHOP
96255153,0,SaiKushal185,1,101779.0,100480.0,5,277,10,4,0,129,5,0,42,12,6,11,-1,279,120,0,542,11,0,274,72,234,37,13,19,25,1,13,13,25,0,13,ICE_CREAM_SHOP|FARMERS_MARKET|BRUNCH_SPOT|FARMERS_MARKET|PIZZA_SHOP|YARN_STORE|BAKERY|YARN_STORE
96255153,1,webmaking,0,100480.0,101779.0,5,277,10,4,0,125,5,0,42,12,6,11,-1,279,120,0,539,11,0,274,72,236,37,13,19,25,1,13,13,25,0,13,ICE_CREAM_SHOP|FARMERS_MARKET|BRUNCH_SPOT|FARMERS_MARKET|PIZZA_SHOP|YARN_STORE|BAKERY|YARN_STORE
96255230,0,Kostiantyn Isaienkov,0,54919.0,58983.0,5,277,8,4,2,131,12,0,42,12,6,11,-1,279,120,58,786,9,0,281,72,2380,25,25,19,19,1,7,31,1,0,5,PET_CAFE|PET_CAFE|SMOOTHIE_SHOP|BRUNCH_SPOT|PIZZA_SHOP|SMOOTHIE_SHOP|PIZZA_SHOP|PIZZA_SHOP
96255230,1,Xiaowenhao404,1,58983.0,54919.0,5,277,10,4,0,127,49,0,42,12,6,11,-1,277,119,0,1137,1077,0,1276,72,1612,25,25,19,19,1,7,31,1,0,5,PET_CAFE|PET_CAFE|SMOOTHIE_SHOP|BRUNCH_SPOT|PIZZA_SHOP|SMOOTHIE_SHOP|PIZZA_SHOP|PIZZA_SHOP
96255246,0,Ryo Hasegawa,1,133096.0,126021.0,5,290,7,7,0,159,0,0,39,11,6,9,-1,191,183,0,280,0,0,238,66,245,19,13,1,37,1,7,31,13,0,8,ICE_CREAM_SHOP|YARN_STORE|ICE_CREAM_SHOP|PET_CAFE|SMOOTHIE_SHOP|SMOOTHIE_SHOP|SMOOTHIE_SHOP|BRUNCH_SPOT
96255246,1,Kaan Dınız,0,126021.0,133096.0,5,277,6,12,0,152,4,0,34,17,6,11,12,235,274,0,1664,2,0,227,120,2026,19,13,1,37,1,7,31,13,0,8,ICE_CREAM_SHOP|YARN_STORE|ICE_CREAM_SHOP|PET_CAFE|SMOOTHIE_SHOP|SMOOTHIE_SHOP|SMOOTHIE_SHOP|BRUNCH_SPOT
96255250,0,Xiaowenhao404,0,90626.0,91058.0,5,277,10,4,0,127,15,0,42,12,6,11,-1,269,119,0,1235,18,0,1283,72,1632,37,1,1,37,1,25,25,1,0,9,BRUNCH_SPOT|ICE_CREAM_SHOP|BAKERY|BRUNCH_SPOT|ICE_CREAM_SHOP|SMOOTHIE_SHOP|BAKERY|SMOOTHIE_SHOP
96255250,1,bplyc15,1,91058.0,90626.0,5,277,10,4,0,129,5,0,42,12,6,11,-1,279,137,0,856,11,0,274,72,2932,37,1,1,37,1,25,25,1,0,9,BRUNCH_SPOT|ICE_CREAM_SHOP|BAKERY|BRUNCH_SPOT|ICE_CREAM_SHOP|SMOOTHIE_SHOP|BAKERY|SMOOTHIE_SHOP
96259704,0,Kostiantyn Isaienkov,1,78851.0,76164.0,5,277,10,4,0,131,12,0,42,12,6,11,-1,279,120,0,786,9,0,281,72,2380,43,13,25,25,1,7,25,13,0,5,FARMERS_MARKET|ICE_CREAM_SHOP|FARMERS_MARKET|BAKERY|PIZZA_SHOP|ICE_CREAM_SHOP|YARN_STORE|PIZZA_SHOP
96259704,1,Seb (allegedly),0,76164.0,78851.0,7,308,12,4,0,87,0,0,41,18,4,8,10,296,89,0,223,0,0,284,108,278,43,13,25,25,1,7,25,13,0,5,FARMERS_MARKET|ICE_CREAM_SHOP|FARMERS_MARKET|BAKERY|PIZZA_SHOP|ICE_CREAM_SHOP|YARN_STORE|PIZZA_SHOP
96259798,0,Arda Ceylan,1,92403.0,87983.0,5,276,10,4,0,129,13,0,42,12,6,11,-1,329,159,0,861,14,0,323,74,2910,37,7,19,37,1,19,25,1,0,9,FARMERS_MARKET|BRUNCH_SPOT|SMOOTHIE_SHOP|PIZZA_SHOP|SMOOTHIE_SHOP|PIZZA_SHOP|BRUNCH_SPOT|BRUNCH_SPOT
96259798,1,Seb (allegedly),0,87983.0,92403.0,7,310,8,6,0,93,0,0,42,19,4,8,10,226,86,0,206,0,0,309,114,236,37,7,19,37,1,19,25,1,0,9,FARMERS_MARKET|BRUNCH_SPOT|SMOOTHIE_SHOP|PIZZA_SHOP|SMOOTHIE_SHOP|PIZZA_SHOP|BRUNCH_SPOT|BRUNCH_SPOT
96262095,0,James Holland,0,89153.0,90922.0,5,278,10,4,0,123,5,0,42,12,6,11,-1,343,263,0,678,10,0,335,136,2771,37,43,25,31,1,7,13,1,0,4,FARMERS_MARKET|FARMERS_MARKET|ICE_CREAM_SHOP|BRUNCH_SPOT|FARMERS_MARKET|PET_CAFE|PIZZA_SHOP|PET_CAFE
96262095,1,Xiaowenhao404,1,90922.0,89153.0,5,277,10,4,0,127,49,0,42,12,6,11,-1,268,119,0,1174,1083,0,1277,72,1606,37,43,25,31,1,7,13,1,0,4,FARMERS_MARKET|FARMERS_MARKET|ICE_CREAM_SHOP|BRUNCH_SPOT|FARMERS_MARKET|PET_CAFE|PIZZA_SHOP|PET_CAFE
96264317,0,カワシギ,1,97364.0,85019.0,5,277,6,12,0,153,14,0,42,12,6,11,12,161,255,0,1522,15,0,286,72,1320,37,19,25,31,1,7,13,25,0,13,PIZZA_SHOP|YARN_STORE|FARMERS_MARKET|FARMERS_MARKET|BRUNCH_SPOT|FARMERS_MARKET|ICE_CREAM_SHOP|YARN_STORE
96264317,1,lucaskna,0,85019.0,97364.0,5,277,8,10,0,145,3,0,34,17,6,11,12,184,226,0,1051,2,0,211,102,295,37,19,25,31,1,7,13,25,0,13,PIZZA_SHOP|YARN_STORE|FARMERS_MARKET|FARMERS_MARKET|BRUNCH_SPOT|FARMERS_MARKET|ICE_CREAM_SHOP|YARN_STORE
96266557,0,James Holland,0,72843.0,83398.0,5,277,10,4,0,127,6,0,34,20,6,11,-1,424,238,0,972,15,0,342,208,1906,31,43,19,31,1,7,13,1,0,10,SMOOTHIE_SHOP|BAKERY|PET_CAFE|FARMERS_MARKET|FARMERS_MARKET|FARMERS_MARKET|ICE_CREAM_SHOP|PET_CAFE
96266557,1,ReCurSiON,1,83398.0,72843.0,4,262,9,4,0,143,0,0,37,20,6,10,-1,296,200,0,457,0,0,290,114,265,31,43,19,31,1,7,13,1,0,10,SMOOTHIE_SHOP|BAKERY|PET_CAFE|FARMERS_MARKET|FARMERS_MARKET|FARMERS_MARKET|ICE_CREAM_SHOP|PET_CAFE
96271107,0,Victor @ Tufa Labs,1,104640.0,67730.0,5,277,10,4,0,125,5,0,42,12,6,11,-1,301,198,0,13487,11,0,313,72,2966,43,13,19,37,1,25,13,1,0,3,SMOOTHIE_SHOP|BAKERY|PIZZA_SHOP|BRUNCH_SPOT|FARMERS_MARKET|BRUNCH_SPOT|FARMERS_MARKET|BRUNCH_SPOT
96271107,1,James Holland,0,67730.0,104640.0,5,278,10,4,0,123,5,0,42,12,6,11,-1,347,250,0,678,11,0,335,136,2750,43,13,19,37,1,25,13,1,0,3,SMOOTHIE_SHOP|BAKERY|PIZZA_SHOP|BRUNCH_SPOT|FARMERS_MARKET|BRUNCH_SPOT|FARMERS_MARKET|BRUNCH_SPOT
96271138,0,u,0,41135.0,48467.0,5,277,10,4,0,125,5,0,38,16,6,11,-1,282,112,0,857,11,0,262,90,2999,43,13,13,7,1,31,13,1,0,7,PIZZA_SHOP|BAKERY|BAKERY|BAKERY|BRUNCH_SPOT|PET_CAFE|PIZZA_SHOP|BAKERY
96271138,1,Ryo Hasegawa,1,48467.0,41135.0,5,290,8,3,0,178,0,0,32,11,6,10,-1,214,99,0,457,0,0,242,66,198,43,13,13,7,1,31,13,1,0,7,PIZZA_SHOP|BAKERY|BAKERY|BAKERY|BRUNCH_SPOT|PET_CAFE|PIZZA_SHOP|BAKERY
96271140,0,James Holland,0,114314.0,122296.0,5,277,6,12,0,141,7,0,34,12,6,11,12,277,355,0,1469,4,0,344,208,1735,25,1,13,19,1,13,25,25,0,2,SMOOTHIE_SHOP|YARN_STORE|BRUNCH_SPOT|YARN_STORE|BAKERY|PIZZA_SHOP|SMOOTHIE_SHOP|PIZZA_SHOP
96271140,1,Kaan Dınız,1,122296.0,114314.0,5,277,6,12,0,152,4,0,34,17,6,11,12,232,270,0,1664,2,0,227,120,2026,25,1,13,19,1,13,25,25,0,2,SMOOTHIE_SHOP|YARN_STORE|BRUNCH_SPOT|YARN_STORE|BAKERY|PIZZA_SHOP|SMOOTHIE_SHOP|PIZZA_SHOP
96273384,0,ReCurSiON,0,78214.0,95932.0,4,262,9,4,0,143,0,0,37,15,6,10,-1,296,176,0,457,0,0,290,114,265,31,1,1,25,1,31,1,37,0,14,BRUNCH_SPOT|BAKERY|YARN_STORE|BRUNCH_SPOT|BRUNCH_SPOT|YARN_STORE|BRUNCH_SPOT|YARN_STORE
96273384,1,Kobe BRYANT,1,95932.0,78214.0,5,277,6,8,0,132,6,0,38,12,6,11,-1,279,231,0,885,11,0,294,72,2933,31,1,1,25,1,31,1,37,0,14,BRUNCH_SPOT|BAKERY|YARN_STORE|BRUNCH_SPOT|BRUNCH_SPOT|YARN_STORE|BRUNCH_SPOT|YARN_STORE
96273410,0,Kobe BRYANT,0,126764.0,129765.0,5,277,6,8,0,132,6,0,38,12,6,11,-1,279,244,0,871,11,0,296,72,2933,31,7,13,37,1,19,19,13,0,9,SMOOTHIE_SHOP|FARMERS_MARKET|YARN_STORE|SMOOTHIE_SHOP|BRUNCH_SPOT|PIZZA_SHOP|BRUNCH_SPOT|BRUNCH_SPOT
96273410,1,MiMi,1,129765.0,126764.0,5,288,8,7,0,115,11,0,60,12,5,9,12,196,169,0,399,15,0,354,72,196,31,7,13,37,1,19,19,13,0,9,SMOOTHIE_SHOP|FARMERS_MARKET|YARN_STORE|SMOOTHIE_SHOP|BRUNCH_SPOT|PIZZA_SHOP|BRUNCH_SPOT|BRUNCH_SPOT
96275732,0,Kobe BRYANT,0,111686.0,111811.0,5,277,10,4,0,132,6,0,38,12,6,11,-1,280,142,0,871,11,0,294,72,2933,31,13,7,25,1,13,25,13,0,1,PIZZA_SHOP|SMOOTHIE_SHOP|ICE_CREAM_SHOP|BRUNCH_SPOT|PET_CAFE|BAKERY|ICE_CREAM_SHOP|YARN_STORE
96275732,1,peikopon,1,111811.0,111686.0,5,278,10,4,0,125,5,2,36,12,6,11,-1,279,178,0,676,10,11,275,72,2752,31,13,7,25,1,13,25,13,0,1,PIZZA_SHOP|SMOOTHIE_SHOP|ICE_CREAM_SHOP|BRUNCH_SPOT|PET_CAFE|BAKERY|ICE_CREAM_SHOP|YARN_STORE
96275733,0,lucaskna,0,102960.0,108315.0,5,277,10,4,0,118,15,0,42,12,6,11,-1,279,109,0,583,13,0,310,72,230,43,7,19,31,1,13,31,1,0,6,SMOOTHIE_SHOP|PIZZA_SHOP|PIZZA_SHOP|BAKERY|BRUNCH_SPOT|ICE_CREAM_SHOP|ICE_CREAM_SHOP|FARMERS_MARKET
96275733,1,Izzoudine Mohamed KANTA,1,108315.0,102960.0,5,277,10,4,0,132,6,0,38,12,6,11,-1,280,141,0,881,11,0,294,72,2933,43,7,19,31,1,13,31,1,0,6,SMOOTHIE_SHOP|PIZZA_SHOP|PIZZA_SHOP|BAKERY|BRUNCH_SPOT|ICE_CREAM_SHOP|ICE_CREAM_SHOP|FARMERS_MARKET
96275736,0,tetsuya,0,91443.0,95518.0,6,311,4,10,1,123,0,0,40,15,7,9,-1,134,244,39,303,0,0,273,90,241,31,19,7,31,1,19,13,13,0,14,YARN_STORE|BRUNCH_SPOT|SMOOTHIE_SHOP|BAKERY|ICE_CREAM_SHOP|PET_CAFE|FARMERS_MARKET|BRUNCH_SPOT
96275736,1,Ryo Hasegawa,1,95518.0,91443.0,5,289,6,9,0,156,12,0,30,11,6,10,-1,171,223,0,344,36,0,230,66,268,31,19,7,31,1,19,13,13,0,14,YARN_STORE|BRUNCH_SPOT|SMOOTHIE_SHOP|BAKERY|ICE_CREAM_SHOP|PET_CAFE|FARMERS_MARKET|BRUNCH_SPOT
96275737,0,Izzoudine Mohamed KANTA,0,78405.0,80106.0,5,277,10,4,0,132,6,0,38,12,6,11,-1,280,171,0,871,11,0,294,72,2933,43,7,19,19,1,13,25,13,0,7,PIZZA_SHOP|ICE_CREAM_SHOP|BAKERY|FARMERS_MARKET|YARN_STORE|BAKERY|ICE_CREAM_SHOP|PIZZA_SHOP
96275737,1,peikopon,1,80106.0,78405.0,5,278,10,4,0,125,5,2,36,12,6,11,-1,279,180,0,676,10,11,275,72,2752,43,7,19,19,1,13,25,13,0,7,PIZZA_SHOP|ICE_CREAM_SHOP|BAKERY|FARMERS_MARKET|YARN_STORE|BAKERY|ICE_CREAM_SHOP|PIZZA_SHOP
96275738,0,Excluding,1,107162.0,101029.0,5,297,9,7,0,138,0,2,32,17,6,10,-1,352,223,0,525,0,10,237,102,250,19,19,7,31,1,13,13,25,0,11,SMOOTHIE_SHOP|BRUNCH_SPOT|YARN_STORE|BRUNCH_SPOT|PET_CAFE|FARMERS_MARKET|SMOOTHIE_SHOP|YARN_STORE
96275738,1,Arman Tuganbaev,0,101029.0,107162.0,2,277,7,9,0,129,0,0,35,26,7,10,-1,168,219,0,271,0,0,272,156,257,19,19,7,31,1,13,13,25,0,11,SMOOTHIE_SHOP|BRUNCH_SPOT|YARN_STORE|BRUNCH_SPOT|PET_CAFE|FARMERS_MARKET|SMOOTHIE_SHOP|YARN_STORE
96275739,0,Arman Tuganbaev,0,141310.0,170964.0,2,258,8,4,0,138,0,0,39,26,7,9,-1,189,134,0,272,0,0,257,152,198,31,7,7,49,1,1,43,1,0,8,SMOOTHIE_SHOP|SMOOTHIE_SHOP|ICE_CREAM_SHOP|SMOOTHIE_SHOP|ICE_CREAM_SHOP|FARMERS_MARKET|ICE_CREAM_SHOP|ICE_CREAM_SHOP
96275739,1,Subramanya N,1,170964.0,141310.0,6,299,18,2,0,45,11,0,50,9,6,10,-1,372,68,0,134,21,0,320,54,270,31,7,7,49,1,1,43,1,0,8,SMOOTHIE_SHOP|SMOOTHIE_SHOP|ICE_CREAM_SHOP|SMOOTHIE_SHOP|ICE_CREAM_SHOP|FARMERS_MARKET|ICE_CREAM_SHOP|ICE_CREAM_SHOP
96275740,0,tetsuya,0,79891.0,83012.0,6,302,5,11,0,66,68,0,37,17,7,10,-1,157,249,0,136,182,0,158,90,335,19,55,7,13,1,7,7,13,0,12,FARMERS_MARKET|YARN_STORE|PET_CAFE|PET_CAFE|PET_CAFE|PET_CAFE|BAKERY|ICE_CREAM_SHOP
96275740,1,Subramanya N,1,83012.0,79891.0,6,300,2,9,0,141,51,0,28,15,6,10,-1,72,232,0,374,120,0,187,66,166,19,55,7,13,1,7,7,13,0,12,FARMERS_MARKET|YARN_STORE|PET_CAFE|PET_CAFE|PET_CAFE|PET_CAFE|BAKERY|ICE_CREAM_SHOP
96280219,0,Pardheev Krishna,0,94555.0,96633.0,5,277,10,4,0,125,5,0,42,12,6,11,-1,281,165,0,856,11,0,295,72,2932,25,13,13,43,1,13,25,1,0,8,BRUNCH_SPOT|SMOOTHIE_SHOP|FARMERS_MARKET|BAKERY|SMOOTHIE_SHOP|SMOOTHIE_SHOP|FARMERS_MARKET|SMOOTHIE_SHOP
96280219,1,lucaskna,1,96633.0,94555.0,5,277,10,4,0,125,5,0,42,12,6,11,-1,215,120,0,594,11,0,276,72,236,25,13,13,43,1,13,25,1,0,8,BRUNCH_SPOT|SMOOTHIE_SHOP|FARMERS_MARKET|BAKERY|SMOOTHIE_SHOP|SMOOTHIE_SHOP|FARMERS_MARKET|SMOOTHIE_SHOP
96282463,0,SaiKushal185,0,62926.0,63931.0,5,277,8,6,0,129,5,0,42,12,6,11,-1,237,164,0,542,11,0,268,72,235,25,31,7,19,1,13,7,25,0,0,FARMERS_MARKET|BAKERY|PET_CAFE|ICE_CREAM_SHOP|BRUNCH_SPOT|PET_CAFE|YARN_STORE|YARN_STORE
96282463,1,peikopon,1,63931.0,62926.0,5,278,10,4,0,95,35,2,36,12,6,11,-1,279,181,0,675,64,11,275,72,2752,25,31,7,19,1,13,7,25,0,0,FARMERS_MARKET|BAKERY|PET_CAFE|ICE_CREAM_SHOP|BRUNCH_SPOT|PET_CAFE|YARN_STORE|YARN_STORE
96287059,0,SaiKushal185,0,65440.0,65461.0,5,277,10,4,0,129,5,0,42,12,6,11,-1,279,120,0,542,11,0,274,72,234,31,25,7,19,1,19,13,13,0,0,ICE_CREAM_SHOP|BRUNCH_SPOT|PET_CAFE|PET_CAFE|BAKERY|BRUNCH_SPOT|PIZZA_SHOP|YARN_STORE
96287059,1,カワシギ,1,65461.0,65440.0,5,277,10,4,0,125,16,0,42,12,6,11,-1,227,104,0,1376,14,0,304,72,1809,31,25,7,19,1,19,13,13,0,0,ICE_CREAM_SHOP|BRUNCH_SPOT|PET_CAFE|PET_CAFE|BAKERY|BRUNCH_SPOT|PIZZA_SHOP|YARN_STORE
96287070,0,StackKnight,1,122228.0,121780.0,5,277,10,4,0,125,5,0,42,12,6,11,-1,279,120,0,613,11,0,274,72,253,19,1,13,19,1,7,31,25,0,2,SMOOTHIE_SHOP|PIZZA_SHOP|PIZZA_SHOP|YARN_STORE|SMOOTHIE_SHOP|YARN_STORE|SMOOTHIE_SHOP|BAKERY
96287070,1,Efe Can Celiksoy,0,121780.0,122228.0,5,277,10,4,0,126,16,0,42,12,6,11,-1,279,119,0,1027,17,0,286,72,2013,19,1,13,19,1,7,31,25,0,2,SMOOTHIE_SHOP|PIZZA_SHOP|PIZZA_SHOP|YARN_STORE|SMOOTHIE_SHOP|YARN_STORE|SMOOTHIE_SHOP|BAKERY
96287098,0,MiMi,1,76053.0,66797.0,5,290,11,3,0,175,12,0,44,12,5,10,12,252,87,0,694,15,0,237,72,188,31,1,7,25,1,19,25,13,0,9,BAKERY|SMOOTHIE_SHOP|BAKERY|SMOOTHIE_SHOP|PIZZA_SHOP|BRUNCH_SPOT|ICE_CREAM_SHOP|YARN_STORE
96287098,1,Xiaowenhao404,0,66797.0,76053.0,5,277,10,4,0,127,15,0,42,12,6,11,-1,274,119,0,1201,18,0,1281,72,1841,31,1,7,25,1,19,25,13,0,9,BAKERY|SMOOTHIE_SHOP|BAKERY|SMOOTHIE_SHOP|PIZZA_SHOP|BRUNCH_SPOT|ICE_CREAM_SHOP|YARN_STORE
96287099,0,Kaan Dınız,0,68784.0,70016.0,5,277,10,4,0,133,13,0,38,12,6,11,-1,285,202,0,877,11,0,320,72,2933,37,31,25,37,1,7,19,1,0,4,PIZZA_SHOP|PET_CAFE|BRUNCH_SPOT|SMOOTHIE_SHOP|FARMERS_MARKET|FARMERS_MARKET|FARMERS_MARKET|ICE_CREAM_SHOP
96287099,1,SaiKushal185,1,70016.0,68784.0,5,277,10,4,0,129,5,0,42,12,6,11,-1,275,120,0,542,11,0,274,72,234,37,31,25,37,1,7,19,1,0,4,PIZZA_SHOP|PET_CAFE|BRUNCH_SPOT|SMOOTHIE_SHOP|FARMERS_MARKET|FARMERS_MARKET|FARMERS_MARKET|ICE_CREAM_SHOP
96289428,0,Victor @ Tufa Labs,0,115717.0,119626.0,5,277,8,6,0,125,5,0,42,12,6,11,-1,279,257,0,13466,11,0,316,72,2948,37,7,25,25,1,7,31,13,0,5,FARMERS_MARKET|SMOOTHIE_SHOP|ICE_CREAM_SHOP|PIZZA_SHOP|BRUNCH_SPOT|YARN_STORE|PIZZA_SHOP|PIZZA_SHOP
96289428,1,Kostiantyn Isaienkov,1,119626.0,115717.0,5,277,10,4,0,131,12,0,42,12,6,11,-1,279,120,0,786,9,0,281,72,2380,37,7,25,25,1,7,31,13,0,5,FARMERS_MARKET|SMOOTHIE_SHOP|ICE_CREAM_SHOP|PIZZA_SHOP|BRUNCH_SPOT|YARN_STORE|PIZZA_SHOP|PIZZA_SHOP
96291575,0,Seb (allegedly),1,116352.0,94997.0,7,307,14,5,0,79,0,0,38,18,4,8,10,357,92,0,196,0,0,278,108,309,19,19,19,19,1,1,25,25,0,2,SMOOTHIE_SHOP|SMOOTHIE_SHOP|PIZZA_SHOP|PET_CAFE|FARMERS_MARKET|PIZZA_SHOP|YARN_STORE|YARN_STORE
96291575,1,Hello San Francisco,0,94997.0,116352.0,5,277,10,4,0,133,13,0,42,12,6,11,-1,360,172,0,1466,11,0,546,121,3359,19,19,19,19,1,1,25,25,0,2,SMOOTHIE_SHOP|SMOOTHIE_SHOP|PIZZA_SHOP|PET_CAFE|FARMERS_MARKET|PIZZA_SHOP|YARN_STORE|YARN_STORE
96296204,0,Kostiantyn Isaienkov,0,107488.0,112235.0,5,277,6,12,0,141,10,0,34,20,6,11,12,189,271,0,1449,4,0,221,120,1735,25,25,13,25,1,7,13,25,0,13,YARN_STORE|FARMERS_MARKET|ICE_CREAM_SHOP|SMOOTHIE_SHOP|BAKERY|FARMERS_MARKET|PET_CAFE|YARN_STORE
96296204,1,ReCurSiON,1,112235.0,107488.0,4,262,6,7,0,143,0,0,37,20,6,10,-1,279,256,0,457,0,0,290,114,265,25,25,13,25,1,7,13,25,0,13,YARN_STORE|FARMERS_MARKET|ICE_CREAM_SHOP|SMOOTHIE_SHOP|BAKERY|FARMERS_MARKET|PET_CAFE|YARN_STORE
96300677,0,peikopon,0,128281.0,132865.0,5,277,10,4,0,126,6,2,32,20,6,11,-1,328,130,0,1153,15,10,260,120,1874,43,7,19,31,1,19,25,1,0,7,PIZZA_SHOP|ICE_CREAM_SHOP|SMOOTHIE_SHOP|FARMERS_MARKET|BRUNCH_SPOT|PIZZA_SHOP|BRUNCH_SPOT|BAKERY
96300677,1,Ryo Hasegawa,1,132865.0,128281.0,5,290,9,3,0,150,0,0,36,11,6,10,-1,234,99,0,332,0,0,286,66,202,43,7,19,31,1,19,25,1,0,7,PIZZA_SHOP|ICE_CREAM_SHOP|SMOOTHIE_SHOP|FARMERS_MARKET|BRUNCH_SPOT|PIZZA_SHOP|BRUNCH_SPOT|BAKERY
96300775,0,peikopon,1,85494.0,79920.0,5,277,10,4,0,100,33,2,32,20,6,11,-1,326,131,0,1143,94,10,260,120,1874,19,43,13,19,1,1,19,13,0,10,FARMERS_MARKET|ICE_CREAM_SHOP|PET_CAFE|YARN_STORE|PIZZA_SHOP|PET_CAFE|SMOOTHIE_SHOP|PET_CAFE
96300775,1,ReCurSiON,0,79920.0,85494.0,4,262,9,4,0,143,0,0,37,15,6,10,-1,296,164,0,457,0,0,290,114,265,19,43,13,19,1,1,19,13,0,10,FARMERS_MARKET|ICE_CREAM_SHOP|PET_CAFE|YARN_STORE|PIZZA_SHOP|PET_CAFE|SMOOTHIE_SHOP|PET_CAFE
96303007,0,Kaan Dınız,0,43091.0,49800.0,5,277,10,4,0,133,13,0,38,12,6,11,-1,280,209,0,877,11,0,294,72,2933,19,37,1,19,1,7,19,13,0,12,BAKERY|PET_CAFE|SMOOTHIE_SHOP|PET_CAFE|PET_CAFE|ICE_CREAM_SHOP|ICE_CREAM_SHOP|YARN_STORE
96303007,1,Thomas Tschinkel,1,49800.0,43091.0,5,277,10,4,0,86,50,0,42,12,6,11,-1,210,101,0,515,88,0,268,72,234,19,37,1,19,1,7,19,13,0,12,BAKERY|PET_CAFE|SMOOTHIE_SHOP|PET_CAFE|PET_CAFE|ICE_CREAM_SHOP|ICE_CREAM_SHOP|YARN_STORE
96303028,0,webmaking,1,88664.0,87091.0,5,277,6,12,0,124,6,0,42,12,6,11,12,183,254,0,767,2,0,261,72,271,7,25,7,7,1,1,13,49,0,11,YARN_STORE|PIZZA_SHOP|PET_CAFE|SMOOTHIE_SHOP|YARN_STORE|YARN_STORE|YARN_STORE|PET_CAFE
96303028,1,Kostiantyn Isaienkov,0,87091.0,88664.0,5,277,6,8,0,154,12,0,19,12,6,11,-1,279,202,0,786,9,0,281,72,2387,7,25,7,7,1,1,13,49,0,11,YARN_STORE|PIZZA_SHOP|PET_CAFE|SMOOTHIE_SHOP|YARN_STORE|YARN_STORE|YARN_STORE|PET_CAFE
96303074,0,Kobe BRYANT,0,94179.0,100935.0,5,277,10,4,0,132,6,0,38,12,6,11,-1,280,158,0,871,11,0,296,72,2933,37,1,7,25,1,13,31,13,0,9,ICE_CREAM_SHOP|BAKERY|SMOOTHIE_SHOP|PIZZA_SHOP|BAKERY|YARN_STORE|ICE_CREAM_SHOP|ICE_CREAM_SHOP
96303074,1,Arman Tuganbaev,1,100935.0,94179.0,2,278,11,4,0,142,8,0,41,11,6,10,-1,269,135,0,220,21,0,324,66,252,37,1,7,25,1,13,31,13,0,9,ICE_CREAM_SHOP|BAKERY|SMOOTHIE_SHOP|PIZZA_SHOP|BAKERY|YARN_STORE|ICE_CREAM_SHOP|ICE_CREAM_SHOP
96303075,0,Izzoudine Mohamed KANTA,1,75608.0,63109.0,5,277,8,6,0,132,6,0,38,12,6,11,-1,279,211,0,880,11,0,294,72,2933,19,43,13,13,1,7,7,25,0,12,PIZZA_SHOP|BRUNCH_SPOT|PET_CAFE|YARN_STORE|PET_CAFE|YARN_STORE|PET_CAFE|FARMERS_MARKET
96303075,1,SaiKushal185,0,63109.0,75608.0,5,277,10,4,0,129,5,0,42,12,6,11,-1,279,120,0,542,11,0,274,72,234,19,43,13,13,1,7,7,25,0,12,PIZZA_SHOP|BRUNCH_SPOT|PET_CAFE|YARN_STORE|PET_CAFE|YARN_STORE|PET_CAFE|FARMERS_MARKET
96303076,0,Ryo Hasegawa,0,82750.0,84061.0,5,290,5,10,0,207,0,0,25,11,5,9,-1,148,216,0,473,0,0,180,66,258,31,13,7,13,1,19,13,25,0,14,BAKERY|YARN_STORE|BRUNCH_SPOT|PET_CAFE|PIZZA_SHOP|YARN_STORE|ICE_CREAM_SHOP|BAKERY
96303076,1,tetsuya,1,84061.0,82750.0,6,308,5,11,0,162,0,0,30,15,7,10,-1,157,243,0,449,0,0,178,90,260,31,13,7,13,1,19,13,25,0,14,BAKERY|YARN_STORE|BRUNCH_SPOT|PET_CAFE|PIZZA_SHOP|YARN_STORE|ICE_CREAM_SHOP|BAKERY
96303079,0,Izzoudine Mohamed KANTA,1,122105.0,118342.0,5,277,6,12,0,152,4,0,34,17,6,11,12,193,270,0,1653,4,0,216,120,2019,25,19,7,31,1,7,19,25,0,2,SMOOTHIE_SHOP|YARN_STORE|YARN_STORE|PET_CAFE|ICE_CREAM_SHOP|FARMERS_MARKET|BRUNCH_SPOT|ICE_CREAM_SHOP
96303079,1,Arman Tuganbaev,0,118342.0,122105.0,2,284,8,15,0,141,0,2,39,11,6,11,-1,191,274,0,186,0,7,251,66,336,25,19,7,31,1,7,19,25,0,2,SMOOTHIE_SHOP|YARN_STORE|YARN_STORE|PET_CAFE|ICE_CREAM_SHOP|FARMERS_MARKET|BRUNCH_SPOT|ICE_CREAM_SHOP
96303080,0,peikopon,1,109580.0,107821.0,5,277,10,4,0,100,33,2,32,20,6,11,-1,328,134,0,1143,95,10,260,120,1874,37,25,19,31,1,7,25,1,0,6,ICE_CREAM_SHOP|PET_CAFE|FARMERS_MARKET|ICE_CREAM_SHOP|PIZZA_SHOP|FARMERS_MARKET|BAKERY|SMOOTHIE_SHOP
96303080,1,MiMi,0,107821.0,109580.0,5,292,11,3,0,140,2,10,59,12,5,10,12,210,87,0,472,3,51,283,72,161,37,25,19,31,1,7,25,1,0,6,ICE_CREAM_SHOP|PET_CAFE|FARMERS_MARKET|ICE_CREAM_SHOP|PIZZA_SHOP|FARMERS_MARKET|BAKERY|SMOOTHIE_SHOP
96303081,0,Excluding,1,51443.0,43124.0,5,298,8,3,0,190,0,10,24,13,6,9,-1,308,98,0,789,0,73,111,78,218,37,25,19,7,1,13,25,1,0,5,BAKERY|PIZZA_SHOP|BAKERY|PET_CAFE|PIZZA_SHOP|PET_CAFE|ICE_CREAM_SHOP|PIZZA_SHOP
96303081,1,peikopon,0,43124.0,51443.0,5,277,10,4,0,100,34,2,32,20,6,11,-1,279,120,0,1143,95,10,260,120,1874,37,25,19,7,1,13,25,1,0,5,BAKERY|PIZZA_SHOP|BAKERY|PET_CAFE|PIZZA_SHOP|PET_CAFE|ICE_CREAM_SHOP|PIZZA_SHOP
96303082,0,Subramanya N,1,73419.0,64040.0,6,304,11,2,0,156,51,0,21,18,6,10,-1,275,68,0,465,118,0,114,95,217,25,43,13,19,1,7,19,1,0,10,PIZZA_SHOP|PET_CAFE|PET_CAFE|ICE_CREAM_SHOP|PET_CAFE|BAKERY|SMOOTHIE_SHOP|FARMERS_MARKET
96303082,1,Arman Tuganbaev,0,64040.0,73419.0,2,230,7,4,0,142,24,0,20,26,7,9,-1,186,135,0,301,45,0,148,138,231,25,43,13,19,1,7,19,1,0,10,PIZZA_SHOP|PET_CAFE|PET_CAFE|ICE_CREAM_SHOP|PET_CAFE|BAKERY|SMOOTHIE_SHOP|FARMERS_MARKET
96303083,0,Subramanya N,1,72128.0,71114.0,6,303,4,13,0,152,58,0,16,15,6,10,-1,114,329,0,381,131,0,86,70,275,13,37,1,13,1,13,13,13,0,12,YARN_STORE|PET_CAFE|SMOOTHIE_SHOP|PET_CAFE|BAKERY|PET_CAFE|SMOOTHIE_SHOP|BAKERY
96303083,1,tetsuya,0,71114.0,72128.0,6,315,4,10,1,103,65,0,30,15,7,9,-1,135,251,39,242,168,0,185,90,293,13,37,1,13,1,13,13,13,0,12,YARN_STORE|PET_CAFE|SMOOTHIE_SHOP|PET_CAFE|BAKERY|PET_CAFE|SMOOTHIE_SHOP|BAKERY
96303084,0,tetsuya,0,97928.0,105958.0,6,309,11,4,0,143,0,18,27,10,7,10,-1,298,115,0,375,0,72,162,60,257,43,7,25,25,1,7,37,1,0,6,PIZZA_SHOP|FARMERS_MARKET|PIZZA_SHOP|BAKERY|PIZZA_SHOP|ICE_CREAM_SHOP|SMOOTHIE_SHOP|ICE_CREAM_SHOP
96303084,1,Subramanya N,1,105958.0,97928.0,6,301,14,2,0,105,11,26,25,18,6,8,-1,280,68,0,248,21,148,143,107,213,43,7,25,25,1,7,37,1,0,6,PIZZA_SHOP|FARMERS_MARKET|PIZZA_SHOP|BAKERY|PIZZA_SHOP|ICE_CREAM_SHOP|SMOOTHIE_SHOP|ICE_CREAM_SHOP
96307584,0,lucaskna,0,93850.0,98627.0,5,277,10,4,0,127,6,0,34,20,6,11,-1,199,119,0,474,15,0,254,120,242,37,13,13,31,1,19,13,13,0,9,SMOOTHIE_SHOP|FARMERS_MARKET|BAKERY|FARMERS_MARKET|YARN_STORE|ICE_CREAM_SHOP|BAKERY|BRUNCH_SPOT
96307584,1,Ryo Hasegawa,1,98627.0,93850.0,5,289,8,4,0,158,0,0,36,11,6,10,-1,214,112,0,357,0,0,270,66,204,37,13,13,31,1,19,13,13,0,9,SMOOTHIE_SHOP|FARMERS_MARKET|BAKERY|FARMERS_MARKET|YARN_STORE|ICE_CREAM_SHOP|BAKERY|BRUNCH_SPOT
96309836,0,SaiKushal185,1,65073.0,63515.0,5,277,6,8,0,129,5,0,42,12,6,11,-1,189,208,0,542,11,0,274,72,234,37,19,7,25,1,31,1,13,0,3,BAKERY|FARMERS_MARKET|YARN_STORE|PET_CAFE|BRUNCH_SPOT|BRUNCH_SPOT|BRUNCH_SPOT|BAKERY
96309836,1,Thomas Tschinkel,0,63515.0,65073.0,5,277,7,7,0,125,13,0,42,12,6,11,-1,165,175,0,594,11,0,268,72,233,37,19,7,25,1,31,1,13,0,3,BAKERY|FARMERS_MARKET|YARN_STORE|PET_CAFE|BRUNCH_SPOT|BRUNCH_SPOT|BRUNCH_SPOT|BAKERY
96314388,0,カワシギ,1,78346.0,77440.0,5,276,10,4,0,148,13,0,34,20,6,11,-1,256,106,0,1208,12,0,213,120,2190,37,13,19,19,1,19,13,13,0,7,PIZZA_SHOP|SMOOTHIE_SHOP|FARMERS_MARKET|BAKERY|BAKERY|BAKERY|YARN_STORE|FARMERS_MARKET
96314388,1,ReCurSiON,0,77440.0,78346.0,4,262,9,4,0,143,0,0,37,20,6,10,-1,296,200,0,457,0,0,290,114,265,37,13,19,19,1,19,13,13,0,7,PIZZA_SHOP|SMOOTHIE_SHOP|FARMERS_MARKET|BAKERY|BAKERY|BAKERY|YARN_STORE|FARMERS_MARKET
96314393,0,Efe Can Celiksoy,1,80533.0,76248.0,5,277,10,4,0,126,16,0,42,12,6,11,-1,279,119,0,1020,17,0,286,72,2013,37,19,19,37,1,19,13,1,0,4,BAKERY|FARMERS_MARKET|BRUNCH_SPOT|SMOOTHIE_SHOP|FARMERS_MARKET|FARMERS_MARKET|SMOOTHIE_SHOP|BAKERY
96314393,1,bplyc15,0,76248.0,80533.0,5,277,8,6,0,129,5,0,42,12,6,11,-1,279,120,0,856,11,0,274,72,2932,37,19,19,37,1,19,13,1,0,4,BAKERY|FARMERS_MARKET|BRUNCH_SPOT|SMOOTHIE_SHOP|FARMERS_MARKET|FARMERS_MARKET|SMOOTHIE_SHOP|BAKERY
96314410,0,SaiKushal185,0,68733.0,69371.0,5,277,10,4,0,129,5,0,42,12,6,11,-1,279,120,0,542,11,0,274,72,234,25,25,13,25,1,7,13,25,0,13,FARMERS_MARKET|PET_CAFE|ICE_CREAM_SHOP|BAKERY|FARMERS_MARKET|YARN_STORE|YARN_STORE|SMOOTHIE_SHOP
96314410,1,Xiaowenhao404,1,69371.0,68733.0,5,277,10,4,0,127,49,0,42,12,6,11,-1,267,119,0,1160,1083,0,1277,72,1631,25,25,13,25,1,7,13,25,0,13,FARMERS_MARKET|PET_CAFE|ICE_CREAM_SHOP|BAKERY|FARMERS_MARKET|YARN_STORE|YARN_STORE|SMOOTHIE_SHOP
96316676,0,Victor @ Tufa Labs,0,69658.0,76980.0,5,277,6,12,0,133,2,0,33,20,6,11,12,190,271,0,12744,4,0,271,120,1820,37,1,1,25,1,31,13,13,0,14,YARN_STORE|BAKERY|BRUNCH_SPOT|SMOOTHIE_SHOP|ICE_CREAM_SHOP|BAKERY|BRUNCH_SPOT|BAKERY
96316676,1,StackKnight,1,76980.0,69658.0,5,277,6,12,0,128,1,0,42,12,6,11,12,193,266,0,988,2,0,273,72,308,37,1,1,25,1,31,13,13,0,14,YARN_STORE|BAKERY|BRUNCH_SPOT|SMOOTHIE_SHOP|ICE_CREAM_SHOP|BAKERY|BRUNCH_SPOT|BAKERY
96316770,0,James Holland,0,97798.0,97811.0,5,278,10,4,0,123,5,0,42,12,6,11,-1,367,268,0,678,10,0,363,160,2750,43,7,13,43,1,25,19,1,0,9,BRUNCH_SPOT|PIZZA_SHOP|BRUNCH_SPOT|ICE_CREAM_SHOP|SMOOTHIE_SHOP|BRUNCH_SPOT|FARMERS_MARKET|BRUNCH_SPOT
96316770,1,Hello San Francisco,1,97811.0,97798.0,5,277,8,6,0,133,13,0,42,12,6,11,-1,347,199,0,1484,11,0,554,121,3359,43,7,13,43,1,25,19,1,0,9,BRUNCH_SPOT|PIZZA_SHOP|BRUNCH_SPOT|ICE_CREAM_SHOP|SMOOTHIE_SHOP|BRUNCH_SPOT|FARMERS_MARKET|BRUNCH_SPOT
96316772,0,Seb (allegedly),0,78006.0,78238.0,7,309,5,14,0,130,0,0,30,19,4,8,10,148,272,0,318,0,0,216,114,304,43,13,13,31,1,13,19,13,0,9,YARN_STORE|FARMERS_MARKET|ICE_CREAM_SHOP|BAKERY|BAKERY|ICE_CREAM_SHOP|ICE_CREAM_SHOP|FARMERS_MARKET
96316772,1,Xiaowenhao404,1,78238.0,78006.0,5,277,6,12,0,142,10,0,42,12,6,11,12,192,271,0,1841,8,0,348,83,1588,43,13,13,31,1,13,19,13,0,9,YARN_STORE|FARMERS_MARKET|ICE_CREAM_SHOP|BAKERY|BAKERY|ICE_CREAM_SHOP|ICE_CREAM_SHOP|FARMERS_MARKET
96318949,0,Xiaowenhao404,1,88772.0,86262.0,5,277,10,4,0,127,49,0,42,12,6,11,-1,269,119,0,1157,1083,0,1282,72,1597,31,31,7,37,1,19,13,1,0,3,PET_CAFE|ICE_CREAM_SHOP|SMOOTHIE_SHOP|FARMERS_MARKET|BRUNCH_SPOT|PET_CAFE|BRUNCH_SPOT|BRUNCH_SPOT
96318949,1,Victor @ Tufa Labs,0,86262.0,88772.0,5,277,10,4,0,125,5,0,42,12,6,11,-1,280,194,0,13471,11,0,311,72,2966,31,31,7,37,1,19,13,1,0,3,PET_CAFE|ICE_CREAM_SHOP|SMOOTHIE_SHOP|FARMERS_MARKET|BRUNCH_SPOT|PET_CAFE|BRUNCH_SPOT|BRUNCH_SPOT
96321206,0,u,0,93681.0,100692.0,5,277,10,4,0,125,5,0,42,12,6,11,-1,279,113,0,858,11,0,274,72,2999,37,19,7,25,1,19,19,1,0,1,ICE_CREAM_SHOP|ICE_CREAM_SHOP|FARMERS_MARKET|BAKERY|BAKERY|BAKERY|SMOOTHIE_SHOP|PET_CAFE
96321206,1,Ryo Hasegawa,1,100692.0,93681.0,5,290,8,3,0,163,0,0,36,11,6,10,-1,214,99,0,413,0,0,276,66,192,37,19,7,25,1,19,19,1,0,1,ICE_CREAM_SHOP|ICE_CREAM_SHOP|FARMERS_MARKET|BAKERY|BAKERY|BAKERY|SMOOTHIE_SHOP|PET_CAFE
96325761,0,James Holland,1,92923.0,91876.0,5,278,10,4,0,123,5,0,42,12,6,11,-1,347,250,0,678,10,0,335,136,2750,19,37,1,25,1,13,19,1,0,12,ICE_CREAM_SHOP|SMOOTHIE_SHOP|PET_CAFE|PET_CAFE|SMOOTHIE_SHOP|BRUNCH_SPOT|PET_CAFE|BAKERY
96325761,1,SaiKushal185,0,91876.0,92923.0,5,277,10,4,0,129,5,0,42,12,6,11,-1,279,120,0,542,11,0,274,72,234,19,37,1,25,1,13,19,1,0,12,ICE_CREAM_SHOP|SMOOTHIE_SHOP|PET_CAFE|PET_CAFE|SMOOTHIE_SHOP|BRUNCH_SPOT|PET_CAFE|BAKERY
96325794,0,u,1,108087.0,108033.0,5,277,6,8,0,125,5,0,42,12,6,11,-1,279,242,0,856,11,0,296,72,2999,25,13,25,25,1,1,25,25,0,5,FARMERS_MARKET|YARN_STORE|PIZZA_SHOP|FARMERS_MARKET|SMOOTHIE_SHOP|YARN_STORE|PIZZA_SHOP|SMOOTHIE_SHOP
96325794,1,Kaan Dınız,0,108033.0,108087.0,5,277,6,12,0,152,4,0,34,17,6,11,12,232,270,0,1664,2,0,227,120,2026,25,13,25,25,1,1,25,25,0,5,FARMERS_MARKET|YARN_STORE|PIZZA_SHOP|FARMERS_MARKET|SMOOTHIE_SHOP|YARN_STORE|PIZZA_SHOP|SMOOTHIE_SHOP
96325894,0,Kobe BRYANT,1,73288.0,71796.0,5,277,6,6,2,132,6,0,38,12,6,11,-1,279,155,56,898,11,0,294,72,2933,43,37,25,31,1,19,1,1,0,4,FARMERS_MARKET|BRUNCH_SPOT|BAKERY|BAKERY|FARMERS_MARKET|FARMERS_MARKET|FARMERS_MARKET|PET_CAFE
96325894,1,ReCurSiON,0,71796.0,73288.0,4,262,9,4,0,143,0,0,37,15,6,10,-1,296,200,0,457,0,0,290,114,265,43,37,25,31,1,19,1,1,0,4,FARMERS_MARKET|BRUNCH_SPOT|BAKERY|BAKERY|FARMERS_MARKET|FARMERS_MARKET|FARMERS_MARKET|PET_CAFE
96325895,0,peikopon,1,123888.0,121569.0,5,278,12,3,0,126,5,4,34,12,6,11,-1,312,180,0,677,10,21,275,72,2754,37,1,19,25,1,13,31,13,0,7,SMOOTHIE_SHOP|PIZZA_SHOP|PIZZA_SHOP|YARN_STORE|BRUNCH_SPOT|ICE_CREAM_SHOP|PIZZA_SHOP|BRUNCH_SPOT
96325895,1,Rayk Kretzschmar,0,121569.0,123888.0,5,277,10,4,0,125,5,0,42,12,6,11,-1,280,175,0,856,11,0,296,72,2932,37,1,19,25,1,13,31,13,0,7,SMOOTHIE_SHOP|PIZZA_SHOP|PIZZA_SHOP|YARN_STORE|BRUNCH_SPOT|ICE_CREAM_SHOP|PIZZA_SHOP|BRUNCH_SPOT
96328144,0,Kostiantyn Isaienkov,1,103090.0,101311.0,5,277,8,4,2,131,12,0,42,12,6,11,-1,279,120,58,786,9,0,281,72,2380,37,7,13,25,1,19,19,13,0,7,BRUNCH_SPOT|FARMERS_MARKET|ICE_CREAM_SHOP|YARN_STORE|SMOOTHIE_SHOP|PIZZA_SHOP|BAKERY|BAKERY
96328144,1,James Holland,0,101311.0,103090.0,5,278,10,4,0,123,5,0,42,12,6,11,-1,353,250,0,678,10,0,335,136,2750,37,7,13,25,1,19,19,13,0,7,BRUNCH_SPOT|FARMERS_MARKET|ICE_CREAM_SHOP|YARN_STORE|SMOOTHIE_SHOP|PIZZA_SHOP|BAKERY|BAKERY
96328180,0,MiMi,0,103516.0,106154.0,5,290,4,8,0,139,12,8,56,12,5,10,12,119,179,0,511,12,53,270,72,152,31,13,19,31,1,7,19,25,0,13,YARN_STORE|BRUNCH_SPOT|FARMERS_MARKET|FARMERS_MARKET|YARN_STORE|PIZZA_SHOP|ICE_CREAM_SHOP|SMOOTHIE_SHOP
96328180,1,Izzoudine Mohamed KANTA,1,106154.0,103516.0,5,277,6,12,0,135,3,0,42,12,6,11,12,189,266,0,1209,2,0,271,72,2702,31,13,19,31,1,7,19,25,0,13,YARN_STORE|BRUNCH_SPOT|FARMERS_MARKET|FARMERS_MARKET|YARN_STORE|PIZZA_SHOP|ICE_CREAM_SHOP|SMOOTHIE_SHOP
96330264,0,SaiKushal185,1,65625.0,64431.0,5,277,10,4,0,129,5,0,42,12,6,11,-1,279,120,0,542,11,0,268,72,235,25,13,7,13,1,19,13,25,0,11,PIZZA_SHOP|BRUNCH_SPOT|PET_CAFE|YARN_STORE|BAKERY|SMOOTHIE_SHOP|YARN_STORE|BAKERY
96330264,1,qr Z1201,0,64431.0,65625.0,5,277,10,4,0,133,13,0,42,12,6,11,-1,280,154,0,856,11,0,279,72,2935,25,13,7,13,1,19,13,25,0,11,PIZZA_SHOP|BRUNCH_SPOT|PET_CAFE|YARN_STORE|BAKERY|SMOOTHIE_SHOP|YARN_STORE|BAKERY
96330308,0,Ryo Hasegawa,1,163990.0,144311.0,5,289,13,9,0,137,0,0,30,11,6,10,-1,279,215,0,218,0,0,235,66,362,13,1,7,31,1,1,37,25,0,2,YARN_STORE|ICE_CREAM_SHOP|SMOOTHIE_SHOP|SMOOTHIE_SHOP|SMOOTHIE_SHOP|SMOOTHIE_SHOP|YARN_STORE|PIZZA_SHOP
96330308,1,tetsuya,0,144311.0,163990.0,6,312,4,10,1,126,0,0,40,15,7,9,-1,135,252,39,297,0,0,273,84,238,13,1,7,31,1,1,37,25,0,2,YARN_STORE|ICE_CREAM_SHOP|SMOOTHIE_SHOP|SMOOTHIE_SHOP|SMOOTHIE_SHOP|SMOOTHIE_SHOP|YARN_STORE|PIZZA_SHOP
96330309,0,Izzoudine Mohamed KANTA,0,88779.0,88790.0,5,277,6,12,0,152,4,0,34,17,6,11,12,189,270,0,1653,4,0,216,120,2019,7,25,1,19,1,1,19,37,0,11,PET_CAFE|YARN_STORE|YARN_STORE|SMOOTHIE_SHOP|YARN_STORE|PET_CAFE|ICE_CREAM_SHOP|SMOOTHIE_SHOP
96330309,1,tetsuya,1,88790.0,88779.0,6,318,5,9,1,148,62,0,24,8,7,10,-1,165,242,41,388,130,0,157,48,291,7,25,1,19,1,1,19,37,0,11,PET_CAFE|YARN_STORE|YARN_STORE|SMOOTHIE_SHOP|YARN_STORE|PET_CAFE|ICE_CREAM_SHOP|SMOOTHIE_SHOP
96330310,0,peikopon,1,152117.0,151249.0,5,278,10,4,0,123,5,0,38,12,6,11,-1,279,178,0,677,10,0,275,72,2750,37,1,7,37,1,13,37,1,0,8,ICE_CREAM_SHOP|ICE_CREAM_SHOP|SMOOTHIE_SHOP|ICE_CREAM_SHOP|BRUNCH_SPOT|BAKERY|SMOOTHIE_SHOP|PIZZA_SHOP
96330310,1,Izzoudine Mohamed KANTA,0,151249.0,152117.0,5,277,10,4,0,132,6,0,38,12,6,11,-1,280,141,0,877,11,0,292,72,2934,37,1,7,37,1,13,37,1,0,8,ICE_CREAM_SHOP|ICE_CREAM_SHOP|SMOOTHIE_SHOP|ICE_CREAM_SHOP|BRUNCH_SPOT|BAKERY|SMOOTHIE_SHOP|PIZZA_SHOP
96330311,0,Arman Tuganbaev,1,84892.0,80814.0,2,265,6,11,0,130,0,0,39,11,6,11,-1,160,264,0,205,0,0,310,66,281,31,7,7,19,1,25,13,13,0,14,YARN_STORE|FARMERS_MARKET|SMOOTHIE_SHOP|BAKERY|BAKERY|BAKERY|SMOOTHIE_SHOP|BAKERY
96330311,1,MiMi,0,80814.0,84892.0,5,293,7,7,0,164,12,0,43,22,5,10,12,179,177,0,742,24,0,174,114,205,31,7,7,19,1,25,13,13,0,14,YARN_STORE|FARMERS_MARKET|SMOOTHIE_SHOP|BAKERY|BAKERY|BAKERY|SMOOTHIE_SHOP|BAKERY
96330312,0,Excluding,1,73027.0,67650.0,5,301,13,3,0,146,0,7,30,13,6,10,-1,411,94,0,588,0,50,201,78,251,25,13,13,19,1,7,31,13,0,2,PIZZA_SHOP|BAKERY|SMOOTHIE_SHOP|PET_CAFE|SMOOTHIE_SHOP|YARN_STORE|PIZZA_SHOP|ICE_CREAM_SHOP
96330312,1,Izzoudine Mohamed KANTA,0,67650.0,73027.0,5,277,10,4,0,132,6,0,38,12,6,11,-1,280,161,0,871,11,0,296,72,2933,25,13,13,19,1,7,31,13,0,2,PIZZA_SHOP|BAKERY|SMOOTHIE_SHOP|PET_CAFE|SMOOTHIE_SHOP|YARN_STORE|PIZZA_SHOP|ICE_CREAM_SHOP
96330314,0,Izzoudine Mohamed KANTA,0,98913.0,108113.0,5,277,10,4,0,132,6,0,38,12,6,11,-1,280,149,0,877,11,0,296,72,2933,37,13,13,19,1,13,31,1,0,7,PIZZA_SHOP|ICE_CREAM_SHOP|SMOOTHIE_SHOP|BAKERY|ICE_CREAM_SHOP|PET_CAFE|PIZZA_SHOP|BAKERY
96330314,1,Subramanya N,1,108113.0,98913.0,6,305,18,2,0,110,11,0,38,12,6,11,-1,393,68,0,258,21,0,226,70,265,37,13,13,19,1,13,31,1,0,7,PIZZA_SHOP|ICE_CREAM_SHOP|SMOOTHIE_SHOP|BAKERY|ICE_CREAM_SHOP|PET_CAFE|PIZZA_SHOP|BAKERY
96330315,0,tetsuya,0,55990.0,57307.0,6,311,6,6,3,123,0,0,40,11,7,10,-1,183,138,84,356,0,0,265,66,240,31,31,7,19,1,19,7,13,0,0,BAKERY|BRUNCH_SPOT|ICE_CREAM_SHOP|PET_CAFE|PET_CAFE|FARMERS_MARKET|BAKERY|YARN_STORE
96330315,1,Izzoudine Mohamed KANTA,1,57307.0,55990.0,5,277,6,6,2,132,6,0,38,12,6,11,-1,279,146,56,879,11,0,274,72,2933,31,31,7,19,1,19,7,13,0,0,BAKERY|BRUNCH_SPOT|ICE_CREAM_SHOP|PET_CAFE|PET_CAFE|FARMERS_MARKET|BAKERY|YARN_STORE
96332668,0,StackKnight,0,87987.0,88237.0,5,277,10,4,0,125,5,0,42,12,6,11,-1,279,120,0,606,11,0,274,72,253,31,19,13,31,1,13,19,13,0,1,PET_CAFE|ICE_CREAM_SHOP|SMOOTHIE_SHOP|YARN_STORE|BRUNCH_SPOT|PIZZA_SHOP|FARMERS_MARKET|BRUNCH_SPOT
96332668,1,lucaskna,1,88237.0,87987.0,5,277,10,4,0,125,5,0,42,12,6,11,-1,229,120,0,567,11,0,276,72,236,31,19,13,31,1,13,19,13,0,1,PET_CAFE|ICE_CREAM_SHOP|SMOOTHIE_SHOP|YARN_STORE|BRUNCH_SPOT|PIZZA_SHOP|FARMERS_MARKET|BRUNCH_SPOT
96334824,0,qr Z1201,0,53545.0,54980.0,5,277,10,4,0,133,13,0,42,12,6,11,-1,279,147,0,856,11,0,276,72,2935,37,19,19,25,1,13,25,1,0,6,PET_CAFE|BRUNCH_SPOT|PIZZA_SHOP|SMOOTHIE_SHOP|BAKERY|FARMERS_MARKET|PIZZA_SHOP|ICE_CREAM_SHOP
96334824,1,Kaan Dınız,1,54980.0,53545.0,5,277,10,4,0,133,13,0,38,12,6,11,-1,285,236,0,877,11,0,322,72,2933,37,19,19,25,1,13,25,1,0,6,PET_CAFE|BRUNCH_SPOT|PIZZA_SHOP|SMOOTHIE_SHOP|BAKERY|FARMERS_MARKET|PIZZA_SHOP|ICE_CREAM_SHOP
96339472,0,カワシギ,0,125963.0,141855.0,5,277,10,4,0,129,15,0,42,12,6,11,-1,279,103,0,1032,15,0,283,72,1739,43,7,19,25,1,13,31,1,0,6,PIZZA_SHOP|SMOOTHIE_SHOP|ICE_CREAM_SHOP|ICE_CREAM_SHOP|FARMERS_MARKET|PIZZA_SHOP|BAKERY|BAKERY
96339472,1,MiMi,1,141855.0,125963.0,5,294,14,3,0,142,10,8,48,12,5,10,12,326,83,0,582,3,39,230,72,228,43,7,19,25,1,13,31,1,0,6,PIZZA_SHOP|SMOOTHIE_SHOP|ICE_CREAM_SHOP|ICE_CREAM_SHOP|FARMERS_MARKET|PIZZA_SHOP|BAKERY|BAKERY
96339474,0,Kostiantyn Isaienkov,1,56147.0,55267.0,5,277,6,4,4,135,14,0,34,20,6,11,-1,279,120,78,1144,15,0,252,120,1906,31,37,7,19,1,19,13,1,0,0,BRUNCH_SPOT|PET_CAFE|BRUNCH_SPOT|BAKERY|PET_CAFE|PET_CAFE|ICE_CREAM_SHOP|PIZZA_SHOP
96339474,1,ReCurSiON,0,55267.0,56147.0,4,262,9,4,0,143,0,0,37,20,6,10,-1,296,200,0,457,0,0,290,114,265,31,37,7,19,1,19,13,1,0,0,BRUNCH_SPOT|PET_CAFE|BRUNCH_SPOT|BAKERY|PET_CAFE|PET_CAFE|ICE_CREAM_SHOP|PIZZA_SHOP
96339479,0,Efe Can Celiksoy,1,90546.0,86831.0,5,277,10,4,0,126,16,0,42,12,6,11,-1,279,119,0,914,17,0,286,72,2013,37,37,13,31,1,13,13,1,0,4,ICE_CREAM_SHOP|BAKERY|ICE_CREAM_SHOP|FARMERS_MARKET|FARMERS_MARKET|PET_CAFE|PET_CAFE|BRUNCH_SPOT
96339479,1,Kostiantyn Isaienkov,0,86831.0,90546.0,5,277,10,4,0,131,12,0,42,12,6,11,-1,279,120,0,786,9,0,281,72,2380,37,37,13,31,1,13,13,1,0,4,ICE_CREAM_SHOP|BAKERY|ICE_CREAM_SHOP|FARMERS_MARKET|FARMERS_MARKET|PET_CAFE|PET_CAFE|BRUNCH_SPOT
96339492,0,ReCurSiON,0,68368.0,71995.0,4,262,9,4,0,143,0,0,37,15,6,10,-1,296,176,0,457,0,0,290,114,265,19,43,19,13,1,1,19,13,0,10,PIZZA_SHOP|FARMERS_MARKET|YARN_STORE|PET_CAFE|PET_CAFE|PET_CAFE|SMOOTHIE_SHOP|PIZZA_SHOP
96339492,1,SaiKushal185,1,71995.0,68368.0,5,277,6,8,0,129,5,0,42,12,6,11,-1,189,208,0,542,11,0,274,72,234,19,43,19,13,1,1,19,13,0,10,PIZZA_SHOP|FARMERS_MARKET|YARN_STORE|PET_CAFE|PET_CAFE|PET_CAFE|SMOOTHIE_SHOP|PIZZA_SHOP
96341796,0,Seb (allegedly),1,58245.0,53060.0,7,298,12,3,0,99,0,0,25,20,4,8,-1,293,55,0,266,0,0,193,120,286,37,19,19,25,1,19,19,1,0,7,PIZZA_SHOP|PET_CAFE|PIZZA_SHOP|BRUNCH_SPOT|FARMERS_MARKET|BRUNCH_SPOT|SMOOTHIE_SHOP|BAKERY
96341796,1,lucaskna,0,53060.0,58245.0,5,277,10,4,0,123,7,0,34,20,6,11,-1,220,119,0,622,14,0,245,114,241,37,19,19,25,1,19,19,1,0,7,PIZZA_SHOP|PET_CAFE|PIZZA_SHOP|BRUNCH_SPOT|FARMERS_MARKET|BRUNCH_SPOT|SMOOTHIE_SHOP|BAKERY
96341797,0,Xiaowenhao404,1,139328.0,129191.0,5,277,6,12,0,142,10,0,42,12,6,11,12,192,266,0,1811,8,0,355,83,1662,19,1,1,37,1,7,31,25,0,2,YARN_STORE|SMOOTHIE_SHOP|BRUNCH_SPOT|YARN_STORE|SMOOTHIE_SHOP|ICE_CREAM_SHOP|ICE_CREAM_SHOP|SMOOTHIE_SHOP
96341797,1,Ryo Hasegawa,0,129191.0,139328.0,5,290,6,7,0,154,0,0,47,11,6,9,-1,171,191,0,272,0,0,256,66,230,19,1,1,37,1,7,31,25,0,2,YARN_STORE|SMOOTHIE_SHOP|BRUNCH_SPOT|YARN_STORE|SMOOTHIE_SHOP|ICE_CREAM_SHOP|ICE_CREAM_SHOP|SMOOTHIE_SHOP
96344009,0,Kenjo1209,1,82843.0,82419.0,5,277,10,4,0,128,5,0,42,12,6,11,-1,256,182,0,886,11,0,298,72,2939,25,25,13,25,1,13,7,25,0,13,SMOOTHIE_SHOP|FARMERS_MARKET|PET_CAFE|YARN_STORE|YARN_STORE|BRUNCH_SPOT|BAKERY|FARMERS_MARKET
96344009,1,SaiKushal185,0,82419.0,82843.0,5,277,10,4,0,129,5,0,42,12,6,11,-1,274,120,0,542,11,0,274,72,234,25,25,13,25,1,13,7,25,0,13,SMOOTHIE_SHOP|FARMERS_MARKET|PET_CAFE|YARN_STORE|YARN_STORE|BRUNCH_SPOT|BAKERY|FARMERS_MARKET
96344038,0,Victor @ Tufa Labs,0,39909.0,55015.0,5,277,10,4,0,125,5,0,42,12,6,11,-1,280,194,0,13471,11,0,311,72,2966,31,43,19,13,1,7,19,1,0,10,PET_CAFE|PET_CAFE|ICE_CREAM_SHOP|BAKERY|PIZZA_SHOP|PET_CAFE|FARMERS_MARKET|PIZZA_SHOP
96344038,1,Thomas Tschinkel,1,55015.0,39909.0,5,277,10,4,0,86,50,0,42,12,6,11,-1,213,99,0,517,88,0,268,72,234,31,43,19,13,1,7,19,1,0,10,PET_CAFE|PET_CAFE|ICE_CREAM_SHOP|BAKERY|PIZZA_SHOP|PET_CAFE|FARMERS_MARKET|PIZZA_SHOP
96344047,0,Xiaowenhao404,1,80512.0,76907.0,5,277,10,4,0,131,6,0,34,20,6,11,-1,317,140,0,1138,15,0,254,120,1906,31,25,13,25,1,13,7,25,0,13,PET_CAFE|FARMERS_MARKET|ICE_CREAM_SHOP|YARN_STORE|FARMERS_MARKET|YARN_STORE|BRUNCH_SPOT|BAKERY
96344047,1,ReCurSiON,0,76907.0,80512.0,4,262,9,4,0,143,0,0,37,18,6,10,-1,296,164,0,457,0,0,290,114,265,31,25,13,25,1,13,7,25,0,13,PET_CAFE|FARMERS_MARKET|ICE_CREAM_SHOP|YARN_STORE|FARMERS_MARKET|YARN_STORE|BRUNCH_SPOT|BAKERY
96350778,0,peikopon,0,128779.0,131578.0,5,278,10,4,0,125,5,2,34,12,6,11,-1,279,180,0,676,10,11,275,72,2754,31,19,19,25,1,1,31,13,0,5,FARMERS_MARKET|ICE_CREAM_SHOP|SMOOTHIE_SHOP|PIZZA_SHOP|ICE_CREAM_SHOP|YARN_STORE|PET_CAFE|PIZZA_SHOP
96350778,1,Thomas Tschinkel,1,131578.0,128779.0,5,277,10,4,0,125,13,0,42,12,6,11,-1,279,104,0,555,11,0,268,72,234,31,19,19,25,1,1,31,13,0,5,FARMERS_MARKET|ICE_CREAM_SHOP|SMOOTHIE_SHOP|PIZZA_SHOP|ICE_CREAM_SHOP|YARN_STORE|PET_CAFE|PIZZA_SHOP
96350866,0,u,1,113057.0,111031.0,5,277,10,4,0,125,5,0,42,12,6,11,-1,280,131,0,858,11,0,279,72,2999,37,31,25,37,1,1,25,1,0,6,SMOOTHIE_SHOP|PIZZA_SHOP|FARMERS_MARKET|FARMERS_MARKET|ICE_CREAM_SHOP|PET_CAFE|ICE_CREAM_SHOP|FARMERS_MARKET
96350866,1,Anand,0,111031.0,113057.0,5,277,10,4,0,125,5,0,42,12,6,11,-1,281,165,0,856,11,0,295,72,2932,37,31,25,37,1,1,25,1,0,6,SMOOTHIE_SHOP|PIZZA_SHOP|FARMERS_MARKET|FARMERS_MARKET|ICE_CREAM_SHOP|PET_CAFE|ICE_CREAM_SHOP|FARMERS_MARKET
96350934,0,Excluding,1,50874.0,42813.0,5,298,9,3,0,157,0,6,31,13,6,10,-1,326,98,0,629,0,41,192,78,222,31,25,13,7,1,19,19,1,0,0,BAKERY|SMOOTHIE_SHOP|PET_CAFE|BAKERY|PIZZA_SHOP|PET_CAFE|PIZZA_SHOP|BAKERY
96350934,1,Kobe BRYANT,0,42813.0,50874.0,5,277,8,6,0,131,6,0,38,12,6,11,-1,281,145,0,862,11,0,293,72,2933,31,25,13,7,1,19,19,1,0,0,BAKERY|SMOOTHIE_SHOP|PET_CAFE|BAKERY|PIZZA_SHOP|PET_CAFE|PIZZA_SHOP|BAKERY
96355382,0,Subramanya N,0,105174.0,115263.0,6,301,5,3,0,53,31,1,50,16,6,10,-1,156,98,0,180,78,8,321,82,137,25,31,19,37,1,1,19,13,0,10,FARMERS_MARKET|SMOOTHIE_SHOP|FARMERS_MARKET|ICE_CREAM_SHOP|FARMERS_MARKET|PET_CAFE|SMOOTHIE_SHOP|YARN_STORE
96355382,1,Ryo Hasegawa,1,115263.0,105174.0,5,288,10,2,0,80,28,16,42,11,5,9,-1,247,66,0,189,80,79,307,66,166,25,31,19,37,1,1,19,13,0,10,FARMERS_MARKET|SMOOTHIE_SHOP|FARMERS_MARKET|ICE_CREAM_SHOP|FARMERS_MARKET|PET_CAFE|SMOOTHIE_SHOP|YARN_STORE
96355383,0,tetsuya,0,78206.0,85025.0,6,306,12,3,0,120,0,0,41,15,7,11,-1,309,98,0,291,0,0,229,90,259,19,13,1,31,1,13,25,13,0,1,ICE_CREAM_SHOP|PET_CAFE|BAKERY|SMOOTHIE_SHOP|SMOOTHIE_SHOP|YARN_STORE|SMOOTHIE_SHOP|BRUNCH_SPOT
96355383,1,Arman Tuganbaev,1,85025.0,78206.0,2,271,11,4,0,148,12,0,42,7,6,10,-1,261,134,0,253,36,0,312,42,257,19,13,1,31,1,13,25,13,0,1,ICE_CREAM_SHOP|PET_CAFE|BAKERY|SMOOTHIE_SHOP|SMOOTHIE_SHOP|YARN_STORE|SMOOTHIE_SHOP|BRUNCH_SPOT
96355385,0,Excluding,1,114015.0,98319.0,5,294,3,13,0,141,0,7,30,13,6,10,-1,133,541,0,497,0,45,209,78,223,25,7,13,25,1,7,19,37,0,2,YARN_STORE|YARN_STORE|BRUNCH_SPOT|FARMERS_MARKET|YARN_STORE|PIZZA_SHOP|ICE_CREAM_SHOP|SMOOTHIE_SHOP
96355385,1,Izzoudine Mohamed KANTA,0,98319.0,114015.0,5,277,6,12,0,135,3,0,42,12,6,11,12,207,266,0,1209,2,0,287,72,2702,25,7,13,25,1,7,19,37,0,2,YARN_STORE|YARN_STORE|BRUNCH_SPOT|FARMERS_MARKET|YARN_STORE|PIZZA_SHOP|ICE_CREAM_SHOP|SMOOTHIE_SHOP
96355386,0,Subramanya N,0,70692.0,78345.0,6,303,3,7,8,123,11,0,38,14,6,10,-1,102,161,246,299,21,0,206,66,272,31,19,7,25,1,19,7,25,0,14,BAKERY|BRUNCH_SPOT|YARN_STORE|FARMERS_MARKET|ICE_CREAM_SHOP|PET_CAFE|BRUNCH_SPOT|YARN_STORE
96355386,1,Arman Tuganbaev,1,78345.0,70692.0,2,281,7,9,0,130,0,0,35,26,7,10,-1,170,224,0,253,0,0,266,146,268,31,19,7,25,1,19,7,25,0,14,BAKERY|BRUNCH_SPOT|YARN_STORE|FARMERS_MARKET|ICE_CREAM_SHOP|PET_CAFE|BRUNCH_SPOT|YARN_STORE
96355387,0,peikopon,0,65846.0,66545.0,5,277,10,4,0,100,33,2,32,20,6,11,-1,279,120,0,1143,94,10,260,120,1874,31,49,13,19,1,13,7,1,0,0,FARMERS_MARKET|PET_CAFE|FARMERS_MARKET|BAKERY|ICE_CREAM_SHOP|BAKERY|PET_CAFE|PET_CAFE
96355387,1,tetsuya,1,66545.0,65846.0,6,307,7,6,3,94,28,0,40,9,7,11,-1,183,158,89,219,67,0,286,54,250,31,49,13,19,1,13,7,1,0,0,FARMERS_MARKET|PET_CAFE|FARMERS_MARKET|BAKERY|ICE_CREAM_SHOP|BAKERY|PET_CAFE|PET_CAFE
96355388,0,Arman Tuganbaev,1,125113.0,114308.0,2,285,9,10,0,134,8,0,41,9,6,10,-1,224,218,0,184,24,0,318,54,289,19,13,1,25,1,13,19,25,0,11,ICE_CREAM_SHOP|SMOOTHIE_SHOP|YARN_STORE|PET_CAFE|SMOOTHIE_SHOP|BAKERY|BRUNCH_SPOT|YARN_STORE
96355388,1,peikopon,0,114308.0,125113.0,5,277,10,4,0,127,7,0,34,20,6,11,-1,328,139,0,1144,15,0,259,120,1872,19,13,1,25,1,13,19,25,0,11,ICE_CREAM_SHOP|SMOOTHIE_SHOP|YARN_STORE|PET_CAFE|SMOOTHIE_SHOP|BAKERY|BRUNCH_SPOT|YARN_STORE
96355390,0,Izzoudine Mohamed KANTA,0,124710.0,130652.0,5,277,10,4,0,132,6,0,38,12,6,11,-1,280,140,0,882,11,0,296,72,2933,37,19,25,43,1,7,25,1,0,6,SMOOTHIE_SHOP|ICE_CREAM_SHOP|FARMERS_MARKET|BRUNCH_SPOT|SMOOTHIE_SHOP|FARMERS_MARKET|FARMERS_MARKET|PIZZA_SHOP
96355390,1,Arman Tuganbaev,1,130652.0,124710.0,2,279,11,4,0,140,8,0,41,11,6,10,-1,268,136,0,226,21,0,318,66,253,37,19,25,43,1,7,25,1,0,6,SMOOTHIE_SHOP|ICE_CREAM_SHOP|FARMERS_MARKET|BRUNCH_SPOT|SMOOTHIE_SHOP|FARMERS_MARKET|FARMERS_MARKET|PIZZA_SHOP
96357791,0,Anand,0,126462.0,127313.0,5,277,6,12,0,145,3,0,34,17,6,11,12,235,270,0,1648,2,0,245,120,2026,19,1,13,19,1,7,31,25,0,2,SMOOTHIE_SHOP|YARN_STORE|PIZZA_SHOP|YARN_STORE|BAKERY|SMOOTHIE_SHOP|PIZZA_SHOP|SMOOTHIE_SHOP
96357791,1,Kaan Dınız,1,127313.0,126462.0,5,277,6,12,0,152,4,0,34,17,6,11,12,264,278,0,1664,2,0,277,120,2026,19,1,13,19,1,7,31,25,0,2,SMOOTHIE_SHOP|YARN_STORE|PIZZA_SHOP|YARN_STORE|BAKERY|SMOOTHIE_SHOP|PIZZA_SHOP|SMOOTHIE_SHOP
96362343,0,ReCurSiON,0,65999.0,85442.0,4,262,6,7,0,143,0,0,37,20,6,10,-1,279,263,0,457,0,0,290,114,265,25,37,13,13,1,13,1,25,0,0,YARN_STORE|PET_CAFE|FARMERS_MARKET|PET_CAFE|BAKERY|BAKERY|YARN_STORE|FARMERS_MARKET
96362343,1,Thomas Tschinkel,1,85442.0,65999.0,5,277,5,13,0,103,39,0,34,20,6,11,12,130,284,0,797,65,0,217,120,291,25,37,13,13,1,13,1,25,0,0,YARN_STORE|PET_CAFE|FARMERS_MARKET|PET_CAFE|BAKERY|BAKERY|YARN_STORE|FARMERS_MARKET
96362345,0,Kobe BRYANT,0,78942.0,80763.0,5,277,6,6,2,132,6,0,38,12,6,11,-1,279,220,56,879,11,0,296,72,2933,31,31,7,25,1,19,7,13,0,0,BRUNCH_SPOT|BAKERY|FARMERS_MARKET|YARN_STORE|ICE_CREAM_SHOP|BRUNCH_SPOT|PET_CAFE|PET_CAFE
96362345,1,MiMi,1,80763.0,78942.0,5,290,6,7,0,168,12,0,43,12,5,10,12,165,159,0,671,15,0,242,72,174,31,31,7,25,1,19,7,13,0,0,BRUNCH_SPOT|BAKERY|FARMERS_MARKET|YARN_STORE|ICE_CREAM_SHOP|BRUNCH_SPOT|PET_CAFE|PET_CAFE
96362348,0,カワシギ,0,88633.0,98180.0,5,277,10,4,0,131,15,0,42,12,6,11,-1,251,119,0,1021,17,0,272,72,1063,31,19,13,25,1,7,19,25,0,13,ICE_CREAM_SHOP|PIZZA_SHOP|BRUNCH_SPOT|PET_CAFE|YARN_STORE|ICE_CREAM_SHOP|YARN_STORE|FARMERS_MARKET
96362348,1,MiMi,1,98180.0,88633.0,5,295,11,5,0,179,11,0,43,12,5,10,12,268,105,0,693,12,0,206,72,205,31,19,13,25,1,7,19,25,0,13,ICE_CREAM_SHOP|PIZZA_SHOP|BRUNCH_SPOT|PET_CAFE|YARN_STORE|ICE_CREAM_SHOP|YARN_STORE|FARMERS_MARKET
96362350,0,Anand,1,84479.0,83038.0,5,277,10,4,0,125,5,0,42,12,6,11,-1,287,191,0,856,11,0,288,72,2932,37,13,19,19,1,13,13,25,0,13,ICE_CREAM_SHOP|FARMERS_MARKET|FARMERS_MARKET|BAKERY|YARN_STORE|BAKERY|PIZZA_SHOP|YARN_STORE
96362350,1,Kostiantyn Isaienkov,0,83038.0,84479.0,5,277,10,4,0,131,12,0,42,12,6,11,-1,279,120,0,786,9,0,281,72,2380,37,13,19,19,1,13,13,25,0,13,ICE_CREAM_SHOP|FARMERS_MARKET|FARMERS_MARKET|BAKERY|YARN_STORE|BAKERY|PIZZA_SHOP|YARN_STORE
96364464,0,ReCurSiON,1,124882.0,123128.0,4,262,6,7,0,143,0,0,37,20,6,10,-1,279,263,0,457,0,0,290,114,265,25,25,13,37,1,7,19,13,0,1,YARN_STORE|FARMERS_MARKET|FARMERS_MARKET|SMOOTHIE_SHOP|ICE_CREAM_SHOP|SMOOTHIE_SHOP|BRUNCH_SPOT|PET_CAFE
96364464,1,Efe Can Celiksoy,0,123128.0,124882.0,5,277,6,8,0,146,16,0,34,20,6,11,-1,189,207,0,840,19,0,225,120,1794,25,25,13,37,1,7,19,13,0,1,YARN_STORE|FARMERS_MARKET|FARMERS_MARKET|SMOOTHIE_SHOP|ICE_CREAM_SHOP|SMOOTHIE_SHOP|BRUNCH_SPOT|PET_CAFE
96364470,0,SaiKushal185,0,93168.0,93261.0,5,277,6,12,0,150,3,0,34,20,6,11,12,189,270,0,1035,2,0,216,120,297,13,25,7,19,1,1,25,25,0,12,PET_CAFE|YARN_STORE|SMOOTHIE_SHOP|PIZZA_SHOP|ICE_CREAM_SHOP|YARN_STORE|PET_CAFE|SMOOTHIE_SHOP
96364470,1,Izzoudine Mohamed KANTA,1,93261.0,93168.0,5,277,6,12,0,152,4,0,34,17,6,11,12,232,270,0,1653,4,0,227,120,2019,13,25,7,19,1,1,25,25,0,12,PET_CAFE|YARN_STORE|SMOOTHIE_SHOP|PIZZA_SHOP|ICE_CREAM_SHOP|YARN_STORE|PET_CAFE|SMOOTHIE_SHOP
96364616,0,lucaskna,1,98515.0,94173.0,5,278,10,4,0,125,5,0,42,12,6,11,-1,279,120,0,559,11,0,276,72,234,25,13,13,31,1,1,43,1,0,8,PET_CAFE|PIZZA_SHOP|PIZZA_SHOP|ICE_CREAM_SHOP|SMOOTHIE_SHOP|SMOOTHIE_SHOP|ICE_CREAM_SHOP|SMOOTHIE_SHOP
96364616,1,Kostiantyn Isaienkov,0,94173.0,98515.0,5,277,10,4,0,154,12,0,19,12,6,11,-1,279,120,0,786,9,0,281,72,2387,25,13,13,31,1,1,43,1,0,8,PET_CAFE|PIZZA_SHOP|PIZZA_SHOP|ICE_CREAM_SHOP|SMOOTHIE_SHOP|SMOOTHIE_SHOP|ICE_CREAM_SHOP|SMOOTHIE_SHOP
96364618,0,Ryo Hasegawa,1,95948.0,86008.0,5,290,7,7,0,158,0,0,39,11,6,9,-1,182,187,0,312,0,0,245,66,241,37,13,25,31,1,13,19,13,0,4,PIZZA_SHOP|YARN_STORE|BRUNCH_SPOT|PIZZA_SHOP|FARMERS_MARKET|BRUNCH_SPOT|FARMERS_MARKET|SMOOTHIE_SHOP
96364618,1,SaiKushal185,0,86008.0,95948.0,5,277,6,12,0,150,3,0,34,20,6,11,12,189,270,0,1035,2,0,216,120,297,37,13,25,31,1,13,19,13,0,4,PIZZA_SHOP|YARN_STORE|BRUNCH_SPOT|PIZZA_SHOP|FARMERS_MARKET|BRUNCH_SPOT|FARMERS_MARKET|SMOOTHIE_SHOP
96364620,0,Xiaowenhao404,0,106891.0,112002.0,5,277,10,4,0,127,14,0,42,12,6,11,-1,288,119,0,1227,18,0,1281,72,1624,37,7,31,25,1,1,43,1,0,6,SMOOTHIE_SHOP|PIZZA_SHOP|PIZZA_SHOP|PIZZA_SHOP|FARMERS_MARKET|SMOOTHIE_SHOP|PIZZA_SHOP|ICE_CREAM_SHOP
96364620,1,カワシギ,1,112002.0,106891.0,5,277,10,4,0,124,14,0,42,12,6,11,-1,279,103,0,1195,15,0,279,72,1573,37,7,31,25,1,1,43,1,0,6,SMOOTHIE_SHOP|PIZZA_SHOP|PIZZA_SHOP|PIZZA_SHOP|FARMERS_MARKET|SMOOTHIE_SHOP|PIZZA_SHOP|ICE_CREAM_SHOP
96364621,0,Seb (allegedly),1,53766.0,45936.0,7,293,14,3,0,90,0,0,25,19,4,8,-1,324,60,0,236,0,0,190,114,329,25,25,13,19,1,13,25,1,0,1,PIZZA_SHOP|PIZZA_SHOP|PET_CAFE|PET_CAFE|BRUNCH_SPOT|SMOOTHIE_SHOP|BAKERY|SMOOTHIE_SHOP
96364621,1,Kaan Dınız,0,45936.0,53766.0,5,277,10,4,0,133,13,0,38,12,6,11,-1,280,172,0,877,11,0,294,72,2933,25,25,13,19,1,13,25,1,0,1,PIZZA_SHOP|PIZZA_SHOP|PET_CAFE|PET_CAFE|BRUNCH_SPOT|SMOOTHIE_SHOP|BAKERY|SMOOTHIE_SHOP
